<?xml version="1.0" encoding="UTF-8"?>
<gpx version="1.1" 
    creator="MotoPlanner Route Planner"
    xmlns="http://www.topografix.com/GPX/1/1"
    xmlns:xsi="http://www.w3.org/2001/XMLSchema-instance" 
    xmlns:gpxtpx="http://www.garmin.com/xmlschemas/TrackPointExtension/v1"
    xsi:schemaLocation="http://www.topografix.com/GPX/1/1 http://www.topografix.com/GPX/1/1/gpx.xsd
    http://www.garmin.com/xmlschemas/TrackPointExtension/v1 http://www.garmin.com/xmlschemas/TrackPointExtensionv1.xsd">
    <metadata>
    <name>milano_turchino_faiallo</name>
        <desc>Route created with MotoPlanner</desc>
        <time>2026-04-09T19:40:03.616Z</time>
    </metadata>
    <trk>
    <name>milano_turchino_faiallo</name>
        <type>Motorcycle Route</type>
        <trkseg>
            <trkpt lat="45.497043" lon="9.180702">
                <ele>0</ele>
            </trkpt>
            <trkpt lat="45.497099" lon="9.181627">
                <ele>0</ele>
            </trkpt>
            <trkpt lat="45.497103" lon="9.181683">
                <ele>0</ele>
            </trkpt>
            <trkpt lat="45.497113" lon="9.181855">
                <ele>0</ele>
            </trkpt>
            <trkpt lat="45.497054" lon="9.181835">
                <ele>0</ele>
            </trkpt>
            <trkpt lat="45.496585" lon="9.181656">
                <ele>0</ele>
            </trkpt>
            <trkpt lat="45.495848" lon="9.181328">
                <ele>0</ele>
            </trkpt>
            <trkpt lat="45.495819" lon="9.181315">
                <ele>0</ele>
            </trkpt>
            <trkpt lat="45.495736" lon="9.181282">
                <ele>0</ele>
            </trkpt>
            <trkpt lat="45.495747" lon="9.181228">
                <ele>0</ele>
            </trkpt>
            <trkpt lat="45.495752" lon="9.181171">
                <ele>0</ele>
            </trkpt>
            <trkpt lat="45.495753" lon="9.181087">
                <ele>0</ele>
            </trkpt>
            <trkpt lat="45.49575" lon="9.181012">
                <ele>0</ele>
            </trkpt>
            <trkpt lat="45.495708" lon="9.180526">
                <ele>0</ele>
            </trkpt>
            <trkpt lat="45.49562" lon="9.179423">
                <ele>0</ele>
            </trkpt>
            <trkpt lat="45.495599" lon="9.179181">
                <ele>0</ele>
            </trkpt>
            <trkpt lat="45.495474" lon="9.177765">
                <ele>0</ele>
            </trkpt>
            <trkpt lat="45.495464" lon="9.177653">
                <ele>0</ele>
            </trkpt>
            <trkpt lat="45.495455" lon="9.17756">
                <ele>0</ele>
            </trkpt>
            <trkpt lat="45.495445" lon="9.177471">
                <ele>0</ele>
            </trkpt>
            <trkpt lat="45.495435" lon="9.177389">
                <ele>0</ele>
            </trkpt>
            <trkpt lat="45.495394" lon="9.176956">
                <ele>0</ele>
            </trkpt>
            <trkpt lat="45.495338" lon="9.176239">
                <ele>0</ele>
            </trkpt>
            <trkpt lat="45.495318" lon="9.176028">
                <ele>0</ele>
            </trkpt>
            <trkpt lat="45.495118" lon="9.173666">
                <ele>0</ele>
            </trkpt>
            <trkpt lat="45.495107" lon="9.173546">
                <ele>0</ele>
            </trkpt>
            <trkpt lat="45.495106" lon="9.173517">
                <ele>0</ele>
            </trkpt>
            <trkpt lat="45.495106" lon="9.173498">
                <ele>0</ele>
            </trkpt>
            <trkpt lat="45.495108" lon="9.173473">
                <ele>0</ele>
            </trkpt>
            <trkpt lat="45.49511" lon="9.173448">
                <ele>0</ele>
            </trkpt>
            <trkpt lat="45.495213" lon="9.172713">
                <ele>0</ele>
            </trkpt>
            <trkpt lat="45.49526" lon="9.172397">
                <ele>0</ele>
            </trkpt>
            <trkpt lat="45.495267" lon="9.172362">
                <ele>0</ele>
            </trkpt>
            <trkpt lat="45.495282" lon="9.17231">
                <ele>0</ele>
            </trkpt>
            <trkpt lat="45.495291" lon="9.172284">
                <ele>0</ele>
            </trkpt>
            <trkpt lat="45.4953" lon="9.172261">
                <ele>0</ele>
            </trkpt>
            <trkpt lat="45.495312" lon="9.172236">
                <ele>0</ele>
            </trkpt>
            <trkpt lat="45.495325" lon="9.172215">
                <ele>0</ele>
            </trkpt>
            <trkpt lat="45.495336" lon="9.172197">
                <ele>0</ele>
            </trkpt>
            <trkpt lat="45.495348" lon="9.172183">
                <ele>0</ele>
            </trkpt>
            <trkpt lat="45.495411" lon="9.172126">
                <ele>0</ele>
            </trkpt>
            <trkpt lat="45.495678" lon="9.17193">
                <ele>0</ele>
            </trkpt>
            <trkpt lat="45.49572" lon="9.171899">
                <ele>0</ele>
            </trkpt>
            <trkpt lat="45.496266" lon="9.171499">
                <ele>0</ele>
            </trkpt>
            <trkpt lat="45.496362" lon="9.171424">
                <ele>0</ele>
            </trkpt>
            <trkpt lat="45.496393" lon="9.171401">
                <ele>0</ele>
            </trkpt>
            <trkpt lat="45.496465" lon="9.171345">
                <ele>0</ele>
            </trkpt>
            <trkpt lat="45.496513" lon="9.171307">
                <ele>0</ele>
            </trkpt>
            <trkpt lat="45.49656" lon="9.17127">
                <ele>0</ele>
            </trkpt>
            <trkpt lat="45.496568" lon="9.171264">
                <ele>0</ele>
            </trkpt>
            <trkpt lat="45.496673" lon="9.171183">
                <ele>0</ele>
            </trkpt>
            <trkpt lat="45.49667" lon="9.171117">
                <ele>0</ele>
            </trkpt>
            <trkpt lat="45.496668" lon="9.171079">
                <ele>0</ele>
            </trkpt>
            <trkpt lat="45.496666" lon="9.171037">
                <ele>0</ele>
            </trkpt>
            <trkpt lat="45.496664" lon="9.17098">
                <ele>0</ele>
            </trkpt>
            <trkpt lat="45.496662" lon="9.170923">
                <ele>0</ele>
            </trkpt>
            <trkpt lat="45.496668" lon="9.17081">
                <ele>0</ele>
            </trkpt>
            <trkpt lat="45.49669" lon="9.170594">
                <ele>0</ele>
            </trkpt>
            <trkpt lat="45.496717" lon="9.170511">
                <ele>0</ele>
            </trkpt>
            <trkpt lat="45.49717" lon="9.169412">
                <ele>0</ele>
            </trkpt>
            <trkpt lat="45.497357" lon="9.168996">
                <ele>0</ele>
            </trkpt>
            <trkpt lat="45.49798" lon="9.167529">
                <ele>0</ele>
            </trkpt>
            <trkpt lat="45.498134" lon="9.167178">
                <ele>0</ele>
            </trkpt>
            <trkpt lat="45.498163" lon="9.167115">
                <ele>0</ele>
            </trkpt>
            <trkpt lat="45.49821" lon="9.167013">
                <ele>0</ele>
            </trkpt>
            <trkpt lat="45.498235" lon="9.16696">
                <ele>0</ele>
            </trkpt>
            <trkpt lat="45.498298" lon="9.166824">
                <ele>0</ele>
            </trkpt>
            <trkpt lat="45.498367" lon="9.166672">
                <ele>0</ele>
            </trkpt>
            <trkpt lat="45.49841" lon="9.16657">
                <ele>0</ele>
            </trkpt>
            <trkpt lat="45.498448" lon="9.166464">
                <ele>0</ele>
            </trkpt>
            <trkpt lat="45.498484" lon="9.166354">
                <ele>0</ele>
            </trkpt>
            <trkpt lat="45.498515" lon="9.166239">
                <ele>0</ele>
            </trkpt>
            <trkpt lat="45.498537" lon="9.16614">
                <ele>0</ele>
            </trkpt>
            <trkpt lat="45.498554" lon="9.166051">
                <ele>0</ele>
            </trkpt>
            <trkpt lat="45.498569" lon="9.165955">
                <ele>0</ele>
            </trkpt>
            <trkpt lat="45.498577" lon="9.165892">
                <ele>0</ele>
            </trkpt>
            <trkpt lat="45.498583" lon="9.165827">
                <ele>0</ele>
            </trkpt>
            <trkpt lat="45.498589" lon="9.165763">
                <ele>0</ele>
            </trkpt>
            <trkpt lat="45.498594" lon="9.165697">
                <ele>0</ele>
            </trkpt>
            <trkpt lat="45.498597" lon="9.165641">
                <ele>0</ele>
            </trkpt>
            <trkpt lat="45.498599" lon="9.165587">
                <ele>0</ele>
            </trkpt>
            <trkpt lat="45.498599" lon="9.16553">
                <ele>0</ele>
            </trkpt>
            <trkpt lat="45.498599" lon="9.165474">
                <ele>0</ele>
            </trkpt>
            <trkpt lat="45.498594" lon="9.165364">
                <ele>0</ele>
            </trkpt>
            <trkpt lat="45.49859" lon="9.165301">
                <ele>0</ele>
            </trkpt>
            <trkpt lat="45.498584" lon="9.165243">
                <ele>0</ele>
            </trkpt>
            <trkpt lat="45.498579" lon="9.165195">
                <ele>0</ele>
            </trkpt>
            <trkpt lat="45.49857" lon="9.165129">
                <ele>0</ele>
            </trkpt>
            <trkpt lat="45.498558" lon="9.165066">
                <ele>0</ele>
            </trkpt>
            <trkpt lat="45.498546" lon="9.165009">
                <ele>0</ele>
            </trkpt>
            <trkpt lat="45.498525" lon="9.164924">
                <ele>0</ele>
            </trkpt>
            <trkpt lat="45.498503" lon="9.164841">
                <ele>0</ele>
            </trkpt>
            <trkpt lat="45.498478" lon="9.164759">
                <ele>0</ele>
            </trkpt>
            <trkpt lat="45.498461" lon="9.164709">
                <ele>0</ele>
            </trkpt>
            <trkpt lat="45.498433" lon="9.164639">
                <ele>0</ele>
            </trkpt>
            <trkpt lat="45.498395" lon="9.164554">
                <ele>0</ele>
            </trkpt>
            <trkpt lat="45.498347" lon="9.164448">
                <ele>0</ele>
            </trkpt>
            <trkpt lat="45.49825" lon="9.164273">
                <ele>0</ele>
            </trkpt>
            <trkpt lat="45.498064" lon="9.163935">
                <ele>0</ele>
            </trkpt>
            <trkpt lat="45.497801" lon="9.163413">
                <ele>0</ele>
            </trkpt>
            <trkpt lat="45.497766" lon="9.163342">
                <ele>0</ele>
            </trkpt>
            <trkpt lat="45.497729" lon="9.163274">
                <ele>0</ele>
            </trkpt>
            <trkpt lat="45.497494" lon="9.162838">
                <ele>0</ele>
            </trkpt>
            <trkpt lat="45.497191" lon="9.162345">
                <ele>0</ele>
            </trkpt>
            <trkpt lat="45.496949" lon="9.161957">
                <ele>0</ele>
            </trkpt>
            <trkpt lat="45.496662" lon="9.161538">
                <ele>0</ele>
            </trkpt>
            <trkpt lat="45.496361" lon="9.161091">
                <ele>0</ele>
            </trkpt>
            <trkpt lat="45.496021" lon="9.160571">
                <ele>0</ele>
            </trkpt>
            <trkpt lat="45.495691" lon="9.160064">
                <ele>0</ele>
            </trkpt>
            <trkpt lat="45.494906" lon="9.158864">
                <ele>0</ele>
            </trkpt>
            <trkpt lat="45.494583" lon="9.158382">
                <ele>0</ele>
            </trkpt>
            <trkpt lat="45.492846" lon="9.15571">
                <ele>0</ele>
            </trkpt>
            <trkpt lat="45.489959" lon="9.151292">
                <ele>0</ele>
            </trkpt>
            <trkpt lat="45.48927" lon="9.150235">
                <ele>0</ele>
            </trkpt>
            <trkpt lat="45.487418" lon="9.147393">
                <ele>0</ele>
            </trkpt>
            <trkpt lat="45.487338" lon="9.147234">
                <ele>0</ele>
            </trkpt>
            <trkpt lat="45.487118" lon="9.146798">
                <ele>0</ele>
            </trkpt>
            <trkpt lat="45.486645" lon="9.146067">
                <ele>0</ele>
            </trkpt>
            <trkpt lat="45.486027" lon="9.145114">
                <ele>0</ele>
            </trkpt>
            <trkpt lat="45.485959" lon="9.145009">
                <ele>0</ele>
            </trkpt>
            <trkpt lat="45.485924" lon="9.144954">
                <ele>0</ele>
            </trkpt>
            <trkpt lat="45.485836" lon="9.144819">
                <ele>0</ele>
            </trkpt>
            <trkpt lat="45.485896" lon="9.144742">
                <ele>0</ele>
            </trkpt>
            <trkpt lat="45.485971" lon="9.144648">
                <ele>0</ele>
            </trkpt>
            <trkpt lat="45.486119" lon="9.144446">
                <ele>0</ele>
            </trkpt>
            <trkpt lat="45.486337" lon="9.144149">
                <ele>0</ele>
            </trkpt>
            <trkpt lat="45.486662" lon="9.143715">
                <ele>0</ele>
            </trkpt>
            <trkpt lat="45.486845" lon="9.143306">
                <ele>0</ele>
            </trkpt>
            <trkpt lat="45.48731" lon="9.142707">
                <ele>0</ele>
            </trkpt>
            <trkpt lat="45.488203" lon="9.14155">
                <ele>0</ele>
            </trkpt>
            <trkpt lat="45.489291" lon="9.140118">
                <ele>0</ele>
            </trkpt>
            <trkpt lat="45.489733" lon="9.139553">
                <ele>0</ele>
            </trkpt>
            <trkpt lat="45.489818" lon="9.139462">
                <ele>0</ele>
            </trkpt>
            <trkpt lat="45.490003" lon="9.139245">
                <ele>0</ele>
            </trkpt>
            <trkpt lat="45.490257" lon="9.139061">
                <ele>0</ele>
            </trkpt>
            <trkpt lat="45.490541" lon="9.138905">
                <ele>0</ele>
            </trkpt>
            <trkpt lat="45.491452" lon="9.138437">
                <ele>0</ele>
            </trkpt>
            <trkpt lat="45.4915" lon="9.138416">
                <ele>0</ele>
            </trkpt>
            <trkpt lat="45.491761" lon="9.138208">
                <ele>0</ele>
            </trkpt>
            <trkpt lat="45.491992" lon="9.137937">
                <ele>0</ele>
            </trkpt>
            <trkpt lat="45.492249" lon="9.137475">
                <ele>0</ele>
            </trkpt>
            <trkpt lat="45.492686" lon="9.136349">
                <ele>0</ele>
            </trkpt>
            <trkpt lat="45.49285" lon="9.135925">
                <ele>0</ele>
            </trkpt>
            <trkpt lat="45.493175" lon="9.135077">
                <ele>0</ele>
            </trkpt>
            <trkpt lat="45.493735" lon="9.133719">
                <ele>0</ele>
            </trkpt>
            <trkpt lat="45.49428" lon="9.132288">
                <ele>0</ele>
            </trkpt>
            <trkpt lat="45.494617" lon="9.131517">
                <ele>0</ele>
            </trkpt>
            <trkpt lat="45.494717" lon="9.131294">
                <ele>0</ele>
            </trkpt>
            <trkpt lat="45.49479" lon="9.131151">
                <ele>0</ele>
            </trkpt>
            <trkpt lat="45.494865" lon="9.131024">
                <ele>0</ele>
            </trkpt>
            <trkpt lat="45.494918" lon="9.130942">
                <ele>0</ele>
            </trkpt>
            <trkpt lat="45.495006" lon="9.130835">
                <ele>0</ele>
            </trkpt>
            <trkpt lat="45.495078" lon="9.130755">
                <ele>0</ele>
            </trkpt>
            <trkpt lat="45.49515" lon="9.130685">
                <ele>0</ele>
            </trkpt>
            <trkpt lat="45.495243" lon="9.130611">
                <ele>0</ele>
            </trkpt>
            <trkpt lat="45.495328" lon="9.130553">
                <ele>0</ele>
            </trkpt>
            <trkpt lat="45.495416" lon="9.130503">
                <ele>0</ele>
            </trkpt>
            <trkpt lat="45.495494" lon="9.130464">
                <ele>0</ele>
            </trkpt>
            <trkpt lat="45.495583" lon="9.130431">
                <ele>0</ele>
            </trkpt>
            <trkpt lat="45.495681" lon="9.130408">
                <ele>0</ele>
            </trkpt>
            <trkpt lat="45.495797" lon="9.130389">
                <ele>0</ele>
            </trkpt>
            <trkpt lat="45.495885" lon="9.130382">
                <ele>0</ele>
            </trkpt>
            <trkpt lat="45.496285" lon="9.130382">
                <ele>0</ele>
            </trkpt>
            <trkpt lat="45.497304" lon="9.130464">
                <ele>0</ele>
            </trkpt>
            <trkpt lat="45.498062" lon="9.130514">
                <ele>0</ele>
            </trkpt>
            <trkpt lat="45.498359" lon="9.130543">
                <ele>0</ele>
            </trkpt>
            <trkpt lat="45.498816" lon="9.130549">
                <ele>0</ele>
            </trkpt>
            <trkpt lat="45.499039" lon="9.130548">
                <ele>0</ele>
            </trkpt>
            <trkpt lat="45.499925" lon="9.130523">
                <ele>0</ele>
            </trkpt>
            <trkpt lat="45.500753" lon="9.130499">
                <ele>0</ele>
            </trkpt>
            <trkpt lat="45.501414" lon="9.130477">
                <ele>0</ele>
            </trkpt>
            <trkpt lat="45.502827" lon="9.130657">
                <ele>0</ele>
            </trkpt>
            <trkpt lat="45.503818" lon="9.130763">
                <ele>0</ele>
            </trkpt>
            <trkpt lat="45.504575" lon="9.130768">
                <ele>0</ele>
            </trkpt>
            <trkpt lat="45.504751" lon="9.130763">
                <ele>0</ele>
            </trkpt>
            <trkpt lat="45.504924" lon="9.130754">
                <ele>0</ele>
            </trkpt>
            <trkpt lat="45.505066" lon="9.130749">
                <ele>0</ele>
            </trkpt>
            <trkpt lat="45.505216" lon="9.130738">
                <ele>0</ele>
            </trkpt>
            <trkpt lat="45.505458" lon="9.130719">
                <ele>0</ele>
            </trkpt>
            <trkpt lat="45.505605" lon="9.130704">
                <ele>0</ele>
            </trkpt>
            <trkpt lat="45.505732" lon="9.130694">
                <ele>0</ele>
            </trkpt>
            <trkpt lat="45.505896" lon="9.130675">
                <ele>0</ele>
            </trkpt>
            <trkpt lat="45.506715" lon="9.130562">
                <ele>0</ele>
            </trkpt>
            <trkpt lat="45.506858" lon="9.130529">
                <ele>0</ele>
            </trkpt>
            <trkpt lat="45.506934" lon="9.130512">
                <ele>0</ele>
            </trkpt>
            <trkpt lat="45.507115" lon="9.130467">
                <ele>0</ele>
            </trkpt>
            <trkpt lat="45.508357" lon="9.130187">
                <ele>0</ele>
            </trkpt>
            <trkpt lat="45.508591" lon="9.130134">
                <ele>0</ele>
            </trkpt>
            <trkpt lat="45.508593" lon="9.130133">
                <ele>0</ele>
            </trkpt>
            <trkpt lat="45.508907" lon="9.130052">
                <ele>0</ele>
            </trkpt>
            <trkpt lat="45.509063" lon="9.130004">
                <ele>0</ele>
            </trkpt>
            <trkpt lat="45.509252" lon="9.129924">
                <ele>0</ele>
            </trkpt>
            <trkpt lat="45.509405" lon="9.12985">
                <ele>0</ele>
            </trkpt>
            <trkpt lat="45.509605" lon="9.129737">
                <ele>0</ele>
            </trkpt>
            <trkpt lat="45.509771" lon="9.129627">
                <ele>0</ele>
            </trkpt>
            <trkpt lat="45.509919" lon="9.129518">
                <ele>0</ele>
            </trkpt>
            <trkpt lat="45.510048" lon="9.129407">
                <ele>0</ele>
            </trkpt>
            <trkpt lat="45.510159" lon="9.129308">
                <ele>0</ele>
            </trkpt>
            <trkpt lat="45.510265" lon="9.129199">
                <ele>0</ele>
            </trkpt>
            <trkpt lat="45.510387" lon="9.129068">
                <ele>0</ele>
            </trkpt>
            <trkpt lat="45.510501" lon="9.128941">
                <ele>0</ele>
            </trkpt>
            <trkpt lat="45.510508" lon="9.128932">
                <ele>0</ele>
            </trkpt>
            <trkpt lat="45.510697" lon="9.128687">
                <ele>0</ele>
            </trkpt>
            <trkpt lat="45.511161" lon="9.127989">
                <ele>0</ele>
            </trkpt>
            <trkpt lat="45.511975" lon="9.126761">
                <ele>0</ele>
            </trkpt>
            <trkpt lat="45.512067" lon="9.126624">
                <ele>0</ele>
            </trkpt>
            <trkpt lat="45.512187" lon="9.126445">
                <ele>0</ele>
            </trkpt>
            <trkpt lat="45.51279" lon="9.125522">
                <ele>0</ele>
            </trkpt>
            <trkpt lat="45.513152" lon="9.124994">
                <ele>0</ele>
            </trkpt>
            <trkpt lat="45.513821" lon="9.124015">
                <ele>0</ele>
            </trkpt>
            <trkpt lat="45.514106" lon="9.1236">
                <ele>0</ele>
            </trkpt>
            <trkpt lat="45.514317" lon="9.123289">
                <ele>0</ele>
            </trkpt>
            <trkpt lat="45.51471" lon="9.122705">
                <ele>0</ele>
            </trkpt>
            <trkpt lat="45.514874" lon="9.122441">
                <ele>0</ele>
            </trkpt>
            <trkpt lat="45.51501" lon="9.122217">
                <ele>0</ele>
            </trkpt>
            <trkpt lat="45.515121" lon="9.122032">
                <ele>0</ele>
            </trkpt>
            <trkpt lat="45.515275" lon="9.121753">
                <ele>0</ele>
            </trkpt>
            <trkpt lat="45.515449" lon="9.121438">
                <ele>0</ele>
            </trkpt>
            <trkpt lat="45.515625" lon="9.120985">
                <ele>0</ele>
            </trkpt>
            <trkpt lat="45.515731" lon="9.120768">
                <ele>0</ele>
            </trkpt>
            <trkpt lat="45.515766" lon="9.120696">
                <ele>0</ele>
            </trkpt>
            <trkpt lat="45.51586" lon="9.120497">
                <ele>0</ele>
            </trkpt>
            <trkpt lat="45.515936" lon="9.120299">
                <ele>0</ele>
            </trkpt>
            <trkpt lat="45.515997" lon="9.12011">
                <ele>0</ele>
            </trkpt>
            <trkpt lat="45.516027" lon="9.119998">
                <ele>0</ele>
            </trkpt>
            <trkpt lat="45.516037" lon="9.119959">
                <ele>0</ele>
            </trkpt>
            <trkpt lat="45.516067" lon="9.119813">
                <ele>0</ele>
            </trkpt>
            <trkpt lat="45.5161" lon="9.119625">
                <ele>0</ele>
            </trkpt>
            <trkpt lat="45.516123" lon="9.119449">
                <ele>0</ele>
            </trkpt>
            <trkpt lat="45.516138" lon="9.119278">
                <ele>0</ele>
            </trkpt>
            <trkpt lat="45.516147" lon="9.119111">
                <ele>0</ele>
            </trkpt>
            <trkpt lat="45.516143" lon="9.11888">
                <ele>0</ele>
            </trkpt>
            <trkpt lat="45.516132" lon="9.118701">
                <ele>0</ele>
            </trkpt>
            <trkpt lat="45.51611" lon="9.118479">
                <ele>0</ele>
            </trkpt>
            <trkpt lat="45.516082" lon="9.118295">
                <ele>0</ele>
            </trkpt>
            <trkpt lat="45.51575" lon="9.116724">
                <ele>0</ele>
            </trkpt>
            <trkpt lat="45.515668" lon="9.11634">
                <ele>0</ele>
            </trkpt>
            <trkpt lat="45.515617" lon="9.116069">
                <ele>0</ele>
            </trkpt>
            <trkpt lat="45.515569" lon="9.115767">
                <ele>0</ele>
            </trkpt>
            <trkpt lat="45.515537" lon="9.115502">
                <ele>0</ele>
            </trkpt>
            <trkpt lat="45.515516" lon="9.11526">
                <ele>0</ele>
            </trkpt>
            <trkpt lat="45.515468" lon="9.114403">
                <ele>0</ele>
            </trkpt>
            <trkpt lat="45.515348" lon="9.11271">
                <ele>0</ele>
            </trkpt>
            <trkpt lat="45.51529" lon="9.111263">
                <ele>0</ele>
            </trkpt>
            <trkpt lat="45.515255" lon="9.110479">
                <ele>0</ele>
            </trkpt>
            <trkpt lat="45.515254" lon="9.110462">
                <ele>0</ele>
            </trkpt>
            <trkpt lat="45.515146" lon="9.108038">
                <ele>0</ele>
            </trkpt>
            <trkpt lat="45.51514" lon="9.107896">
                <ele>0</ele>
            </trkpt>
            <trkpt lat="45.515115" lon="9.107345">
                <ele>0</ele>
            </trkpt>
            <trkpt lat="45.515062" lon="9.10626">
                <ele>0</ele>
            </trkpt>
            <trkpt lat="45.51506" lon="9.106215">
                <ele>0</ele>
            </trkpt>
            <trkpt lat="45.514997" lon="9.104615">
                <ele>0</ele>
            </trkpt>
            <trkpt lat="45.514954" lon="9.103642">
                <ele>0</ele>
            </trkpt>
            <trkpt lat="45.514904" lon="9.102563">
                <ele>0</ele>
            </trkpt>
            <trkpt lat="45.514744" lon="9.098951">
                <ele>0</ele>
            </trkpt>
            <trkpt lat="45.514714" lon="9.098267">
                <ele>0</ele>
            </trkpt>
            <trkpt lat="45.514579" lon="9.095012">
                <ele>0</ele>
            </trkpt>
            <trkpt lat="45.514468" lon="9.092573">
                <ele>0</ele>
            </trkpt>
            <trkpt lat="45.514358" lon="9.090112">
                <ele>0</ele>
            </trkpt>
            <trkpt lat="45.514271" lon="9.088071">
                <ele>0</ele>
            </trkpt>
            <trkpt lat="45.514144" lon="9.085346">
                <ele>0</ele>
            </trkpt>
            <trkpt lat="45.514052" lon="9.083559">
                <ele>0</ele>
            </trkpt>
            <trkpt lat="45.51397" lon="9.081976">
                <ele>0</ele>
            </trkpt>
            <trkpt lat="45.513873" lon="9.080088">
                <ele>0</ele>
            </trkpt>
            <trkpt lat="45.513707" lon="9.07707">
                <ele>0</ele>
            </trkpt>
            <trkpt lat="45.513615" lon="9.075177">
                <ele>0</ele>
            </trkpt>
            <trkpt lat="45.51355" lon="9.073991">
                <ele>0</ele>
            </trkpt>
            <trkpt lat="45.513475" lon="9.072839">
                <ele>0</ele>
            </trkpt>
            <trkpt lat="45.513366" lon="9.071445">
                <ele>0</ele>
            </trkpt>
            <trkpt lat="45.513236" lon="9.069818">
                <ele>0</ele>
            </trkpt>
            <trkpt lat="45.512991" lon="9.067189">
                <ele>0</ele>
            </trkpt>
            <trkpt lat="45.512918" lon="9.066447">
                <ele>0</ele>
            </trkpt>
            <trkpt lat="45.512837" lon="9.065662">
                <ele>0</ele>
            </trkpt>
            <trkpt lat="45.51272" lon="9.064529">
                <ele>0</ele>
            </trkpt>
            <trkpt lat="45.51271" lon="9.063526">
                <ele>0</ele>
            </trkpt>
            <trkpt lat="45.512727" lon="9.063355">
                <ele>0</ele>
            </trkpt>
            <trkpt lat="45.512763" lon="9.063194">
                <ele>0</ele>
            </trkpt>
            <trkpt lat="45.5128" lon="9.063081">
                <ele>0</ele>
            </trkpt>
            <trkpt lat="45.512965" lon="9.062691">
                <ele>0</ele>
            </trkpt>
            <trkpt lat="45.513136" lon="9.062295">
                <ele>0</ele>
            </trkpt>
            <trkpt lat="45.513271" lon="9.06197">
                <ele>0</ele>
            </trkpt>
            <trkpt lat="45.513364" lon="9.06181">
                <ele>0</ele>
            </trkpt>
            <trkpt lat="45.513462" lon="9.061725">
                <ele>0</ele>
            </trkpt>
            <trkpt lat="45.513543" lon="9.061681">
                <ele>0</ele>
            </trkpt>
            <trkpt lat="45.513639" lon="9.061713">
                <ele>0</ele>
            </trkpt>
            <trkpt lat="45.513705" lon="9.061738">
                <ele>0</ele>
            </trkpt>
            <trkpt lat="45.513776" lon="9.061777">
                <ele>0</ele>
            </trkpt>
            <trkpt lat="45.513833" lon="9.061825">
                <ele>0</ele>
            </trkpt>
            <trkpt lat="45.513879" lon="9.061887">
                <ele>0</ele>
            </trkpt>
            <trkpt lat="45.513927" lon="9.061964">
                <ele>0</ele>
            </trkpt>
            <trkpt lat="45.513966" lon="9.062055">
                <ele>0</ele>
            </trkpt>
            <trkpt lat="45.513989" lon="9.062153">
                <ele>0</ele>
            </trkpt>
            <trkpt lat="45.514002" lon="9.062272">
                <ele>0</ele>
            </trkpt>
            <trkpt lat="45.514001" lon="9.062392">
                <ele>0</ele>
            </trkpt>
            <trkpt lat="45.513985" lon="9.062502">
                <ele>0</ele>
            </trkpt>
            <trkpt lat="45.513955" lon="9.062628">
                <ele>0</ele>
            </trkpt>
            <trkpt lat="45.513903" lon="9.062761">
                <ele>0</ele>
            </trkpt>
            <trkpt lat="45.513854" lon="9.062867">
                <ele>0</ele>
            </trkpt>
            <trkpt lat="45.513796" lon="9.062977">
                <ele>0</ele>
            </trkpt>
            <trkpt lat="45.513721" lon="9.063081">
                <ele>0</ele>
            </trkpt>
            <trkpt lat="45.513563" lon="9.063205">
                <ele>0</ele>
            </trkpt>
            <trkpt lat="45.513291" lon="9.063399">
                <ele>0</ele>
            </trkpt>
            <trkpt lat="45.513128" lon="9.063498">
                <ele>0</ele>
            </trkpt>
            <trkpt lat="45.512958" lon="9.063586">
                <ele>0</ele>
            </trkpt>
            <trkpt lat="45.512807" lon="9.063651">
                <ele>0</ele>
            </trkpt>
            <trkpt lat="45.512561" lon="9.063755">
                <ele>0</ele>
            </trkpt>
            <trkpt lat="45.512316" lon="9.063836">
                <ele>0</ele>
            </trkpt>
            <trkpt lat="45.512314" lon="9.063837">
                <ele>0</ele>
            </trkpt>
            <trkpt lat="45.512155" lon="9.063886">
                <ele>0</ele>
            </trkpt>
            <trkpt lat="45.512039" lon="9.063901">
                <ele>0</ele>
            </trkpt>
            <trkpt lat="45.511895" lon="9.063916">
                <ele>0</ele>
            </trkpt>
            <trkpt lat="45.511854" lon="9.063919">
                <ele>0</ele>
            </trkpt>
            <trkpt lat="45.511843" lon="9.06392">
                <ele>0</ele>
            </trkpt>
            <trkpt lat="45.511752" lon="9.063928">
                <ele>0</ele>
            </trkpt>
            <trkpt lat="45.511534" lon="9.063929">
                <ele>0</ele>
            </trkpt>
            <trkpt lat="45.511424" lon="9.063942">
                <ele>0</ele>
            </trkpt>
            <trkpt lat="45.511236" lon="9.063951">
                <ele>0</ele>
            </trkpt>
            <trkpt lat="45.511047" lon="9.063931">
                <ele>0</ele>
            </trkpt>
            <trkpt lat="45.510872" lon="9.063899">
                <ele>0</ele>
            </trkpt>
            <trkpt lat="45.510744" lon="9.063874">
                <ele>0</ele>
            </trkpt>
            <trkpt lat="45.51015" lon="9.063695">
                <ele>0</ele>
            </trkpt>
            <trkpt lat="45.509905" lon="9.063621">
                <ele>0</ele>
            </trkpt>
            <trkpt lat="45.509444" lon="9.0635">
                <ele>0</ele>
            </trkpt>
            <trkpt lat="45.509296" lon="9.063459">
                <ele>0</ele>
            </trkpt>
            <trkpt lat="45.509119" lon="9.063429">
                <ele>0</ele>
            </trkpt>
            <trkpt lat="45.508985" lon="9.063411">
                <ele>0</ele>
            </trkpt>
            <trkpt lat="45.508798" lon="9.063399">
                <ele>0</ele>
            </trkpt>
            <trkpt lat="45.508531" lon="9.063386">
                <ele>0</ele>
            </trkpt>
            <trkpt lat="45.508299" lon="9.063421">
                <ele>0</ele>
            </trkpt>
            <trkpt lat="45.508241" lon="9.063434">
                <ele>0</ele>
            </trkpt>
            <trkpt lat="45.507767" lon="9.063542">
                <ele>0</ele>
            </trkpt>
            <trkpt lat="45.507435" lon="9.063625">
                <ele>0</ele>
            </trkpt>
            <trkpt lat="45.50741" lon="9.063631">
                <ele>0</ele>
            </trkpt>
            <trkpt lat="45.507278" lon="9.063672">
                <ele>0</ele>
            </trkpt>
            <trkpt lat="45.507108" lon="9.063724">
                <ele>0</ele>
            </trkpt>
            <trkpt lat="45.506775" lon="9.063846">
                <ele>0</ele>
            </trkpt>
            <trkpt lat="45.506475" lon="9.063982">
                <ele>0</ele>
            </trkpt>
            <trkpt lat="45.505619" lon="9.064456">
                <ele>0</ele>
            </trkpt>
            <trkpt lat="45.505606" lon="9.064463">
                <ele>0</ele>
            </trkpt>
            <trkpt lat="45.505275" lon="9.064669">
                <ele>0</ele>
            </trkpt>
            <trkpt lat="45.504988" lon="9.06489">
                <ele>0</ele>
            </trkpt>
            <trkpt lat="45.504708" lon="9.065037">
                <ele>0</ele>
            </trkpt>
            <trkpt lat="45.504367" lon="9.065217">
                <ele>0</ele>
            </trkpt>
            <trkpt lat="45.503758" lon="9.065486">
                <ele>0</ele>
            </trkpt>
            <trkpt lat="45.503544" lon="9.06558">
                <ele>0</ele>
            </trkpt>
            <trkpt lat="45.503196" lon="9.065728">
                <ele>0</ele>
            </trkpt>
            <trkpt lat="45.502767" lon="9.065911">
                <ele>0</ele>
            </trkpt>
            <trkpt lat="45.50226" lon="9.066118">
                <ele>0</ele>
            </trkpt>
            <trkpt lat="45.501973" lon="9.066226">
                <ele>0</ele>
            </trkpt>
            <trkpt lat="45.501831" lon="9.066279">
                <ele>0</ele>
            </trkpt>
            <trkpt lat="45.50117" lon="9.066466">
                <ele>0</ele>
            </trkpt>
            <trkpt lat="45.500828" lon="9.066555">
                <ele>0</ele>
            </trkpt>
            <trkpt lat="45.500533" lon="9.066616">
                <ele>0</ele>
            </trkpt>
            <trkpt lat="45.500043" lon="9.066684">
                <ele>0</ele>
            </trkpt>
            <trkpt lat="45.499548" lon="9.066717">
                <ele>0</ele>
            </trkpt>
            <trkpt lat="45.499126" lon="9.066714">
                <ele>0</ele>
            </trkpt>
            <trkpt lat="45.498597" lon="9.066699">
                <ele>0</ele>
            </trkpt>
            <trkpt lat="45.497342" lon="9.066657">
                <ele>0</ele>
            </trkpt>
            <trkpt lat="45.496016" lon="9.066608">
                <ele>0</ele>
            </trkpt>
            <trkpt lat="45.495363" lon="9.066584">
                <ele>0</ele>
            </trkpt>
            <trkpt lat="45.494598" lon="9.06656">
                <ele>0</ele>
            </trkpt>
            <trkpt lat="45.493949" lon="9.06654">
                <ele>0</ele>
            </trkpt>
            <trkpt lat="45.493317" lon="9.066522">
                <ele>0</ele>
            </trkpt>
            <trkpt lat="45.49273" lon="9.066503">
                <ele>0</ele>
            </trkpt>
            <trkpt lat="45.491253" lon="9.066455">
                <ele>0</ele>
            </trkpt>
            <trkpt lat="45.49092" lon="9.066458">
                <ele>0</ele>
            </trkpt>
            <trkpt lat="45.490596" lon="9.066471">
                <ele>0</ele>
            </trkpt>
            <trkpt lat="45.490178" lon="9.066515">
                <ele>0</ele>
            </trkpt>
            <trkpt lat="45.489757" lon="9.066586">
                <ele>0</ele>
            </trkpt>
            <trkpt lat="45.488941" lon="9.066748">
                <ele>0</ele>
            </trkpt>
            <trkpt lat="45.488315" lon="9.066973">
                <ele>0</ele>
            </trkpt>
            <trkpt lat="45.487729" lon="9.067242">
                <ele>0</ele>
            </trkpt>
            <trkpt lat="45.487337" lon="9.067435">
                <ele>0</ele>
            </trkpt>
            <trkpt lat="45.487004" lon="9.067629">
                <ele>0</ele>
            </trkpt>
            <trkpt lat="45.486692" lon="9.067813">
                <ele>0</ele>
            </trkpt>
            <trkpt lat="45.486438" lon="9.06798">
                <ele>0</ele>
            </trkpt>
            <trkpt lat="45.486381" lon="9.068018">
                <ele>0</ele>
            </trkpt>
            <trkpt lat="45.486336" lon="9.068049">
                <ele>0</ele>
            </trkpt>
            <trkpt lat="45.486318" lon="9.068062">
                <ele>0</ele>
            </trkpt>
            <trkpt lat="45.485909" lon="9.068369">
                <ele>0</ele>
            </trkpt>
            <trkpt lat="45.485593" lon="9.068629">
                <ele>0</ele>
            </trkpt>
            <trkpt lat="45.48355" lon="9.070582">
                <ele>0</ele>
            </trkpt>
            <trkpt lat="45.483534" lon="9.070597">
                <ele>0</ele>
            </trkpt>
            <trkpt lat="45.475539" lon="9.078237">
                <ele>0</ele>
            </trkpt>
            <trkpt lat="45.474549" lon="9.079038">
                <ele>0</ele>
            </trkpt>
            <trkpt lat="45.473811" lon="9.079406">
                <ele>0</ele>
            </trkpt>
            <trkpt lat="45.473184" lon="9.079577">
                <ele>0</ele>
            </trkpt>
            <trkpt lat="45.472867" lon="9.079633">
                <ele>0</ele>
            </trkpt>
            <trkpt lat="45.472628" lon="9.079658">
                <ele>0</ele>
            </trkpt>
            <trkpt lat="45.472383" lon="9.079663">
                <ele>0</ele>
            </trkpt>
            <trkpt lat="45.472012" lon="9.07964">
                <ele>0</ele>
            </trkpt>
            <trkpt lat="45.471735" lon="9.079599">
                <ele>0</ele>
            </trkpt>
            <trkpt lat="45.47077" lon="9.079272">
                <ele>0</ele>
            </trkpt>
            <trkpt lat="45.470091" lon="9.078906">
                <ele>0</ele>
            </trkpt>
            <trkpt lat="45.468686" lon="9.078085">
                <ele>0</ele>
            </trkpt>
            <trkpt lat="45.466463" lon="9.076786">
                <ele>0</ele>
            </trkpt>
            <trkpt lat="45.465604" lon="9.076373">
                <ele>0</ele>
            </trkpt>
            <trkpt lat="45.464639" lon="9.076094">
                <ele>0</ele>
            </trkpt>
            <trkpt lat="45.46391" lon="9.076022">
                <ele>0</ele>
            </trkpt>
            <trkpt lat="45.463553" lon="9.076058">
                <ele>0</ele>
            </trkpt>
            <trkpt lat="45.463419" lon="9.076069">
                <ele>0</ele>
            </trkpt>
            <trkpt lat="45.463214" lon="9.076081">
                <ele>0</ele>
            </trkpt>
            <trkpt lat="45.462969" lon="9.076116">
                <ele>0</ele>
            </trkpt>
            <trkpt lat="45.462674" lon="9.076166">
                <ele>0</ele>
            </trkpt>
            <trkpt lat="45.462371" lon="9.076233">
                <ele>0</ele>
            </trkpt>
            <trkpt lat="45.461995" lon="9.076332">
                <ele>0</ele>
            </trkpt>
            <trkpt lat="45.461085" lon="9.076581">
                <ele>0</ele>
            </trkpt>
            <trkpt lat="45.460987" lon="9.076607">
                <ele>0</ele>
            </trkpt>
            <trkpt lat="45.460924" lon="9.07662">
                <ele>0</ele>
            </trkpt>
            <trkpt lat="45.460585" lon="9.076689">
                <ele>0</ele>
            </trkpt>
            <trkpt lat="45.460213" lon="9.076789">
                <ele>0</ele>
            </trkpt>
            <trkpt lat="45.459735" lon="9.076918">
                <ele>0</ele>
            </trkpt>
            <trkpt lat="45.459573" lon="9.076957">
                <ele>0</ele>
            </trkpt>
            <trkpt lat="45.459237" lon="9.077048">
                <ele>0</ele>
            </trkpt>
            <trkpt lat="45.458901" lon="9.077142">
                <ele>0</ele>
            </trkpt>
            <trkpt lat="45.458612" lon="9.07721">
                <ele>0</ele>
            </trkpt>
            <trkpt lat="45.458417" lon="9.077257">
                <ele>0</ele>
            </trkpt>
            <trkpt lat="45.458182" lon="9.077303">
                <ele>0</ele>
            </trkpt>
            <trkpt lat="45.457895" lon="9.077344">
                <ele>0</ele>
            </trkpt>
            <trkpt lat="45.457622" lon="9.077368">
                <ele>0</ele>
            </trkpt>
            <trkpt lat="45.45739" lon="9.077384">
                <ele>0</ele>
            </trkpt>
            <trkpt lat="45.457084" lon="9.077391">
                <ele>0</ele>
            </trkpt>
            <trkpt lat="45.456738" lon="9.077386">
                <ele>0</ele>
            </trkpt>
            <trkpt lat="45.456461" lon="9.077366">
                <ele>0</ele>
            </trkpt>
            <trkpt lat="45.456221" lon="9.07734">
                <ele>0</ele>
            </trkpt>
            <trkpt lat="45.456077" lon="9.077319">
                <ele>0</ele>
            </trkpt>
            <trkpt lat="45.455912" lon="9.077288">
                <ele>0</ele>
            </trkpt>
            <trkpt lat="45.455702" lon="9.077239">
                <ele>0</ele>
            </trkpt>
            <trkpt lat="45.455417" lon="9.07717">
                <ele>0</ele>
            </trkpt>
            <trkpt lat="45.454842" lon="9.077007">
                <ele>0</ele>
            </trkpt>
            <trkpt lat="45.45428" lon="9.076825">
                <ele>0</ele>
            </trkpt>
            <trkpt lat="45.453701" lon="9.076652">
                <ele>0</ele>
            </trkpt>
            <trkpt lat="45.451893" lon="9.076099">
                <ele>0</ele>
            </trkpt>
            <trkpt lat="45.450538" lon="9.075689">
                <ele>0</ele>
            </trkpt>
            <trkpt lat="45.449876" lon="9.075489">
                <ele>0</ele>
            </trkpt>
            <trkpt lat="45.448874" lon="9.075174">
                <ele>0</ele>
            </trkpt>
            <trkpt lat="45.446888" lon="9.074582">
                <ele>0</ele>
            </trkpt>
            <trkpt lat="45.445845" lon="9.074268">
                <ele>0</ele>
            </trkpt>
            <trkpt lat="45.445392" lon="9.074132">
                <ele>0</ele>
            </trkpt>
            <trkpt lat="45.444917" lon="9.074001">
                <ele>0</ele>
            </trkpt>
            <trkpt lat="45.444517" lon="9.073904">
                <ele>0</ele>
            </trkpt>
            <trkpt lat="45.444063" lon="9.073817">
                <ele>0</ele>
            </trkpt>
            <trkpt lat="45.443584" lon="9.073737">
                <ele>0</ele>
            </trkpt>
            <trkpt lat="45.443074" lon="9.073679">
                <ele>0</ele>
            </trkpt>
            <trkpt lat="45.442841" lon="9.073668">
                <ele>0</ele>
            </trkpt>
            <trkpt lat="45.442609" lon="9.073654">
                <ele>0</ele>
            </trkpt>
            <trkpt lat="45.442132" lon="9.07364">
                <ele>0</ele>
            </trkpt>
            <trkpt lat="45.441859" lon="9.073631">
                <ele>0</ele>
            </trkpt>
            <trkpt lat="45.441391" lon="9.073642">
                <ele>0</ele>
            </trkpt>
            <trkpt lat="45.441306" lon="9.073645">
                <ele>0</ele>
            </trkpt>
            <trkpt lat="45.441135" lon="9.073652">
                <ele>0</ele>
            </trkpt>
            <trkpt lat="45.440627" lon="9.07369">
                <ele>0</ele>
            </trkpt>
            <trkpt lat="45.440174" lon="9.073735">
                <ele>0</ele>
            </trkpt>
            <trkpt lat="45.437792" lon="9.073997">
                <ele>0</ele>
            </trkpt>
            <trkpt lat="45.436466" lon="9.07414">
                <ele>0</ele>
            </trkpt>
            <trkpt lat="45.435206" lon="9.074278">
                <ele>0</ele>
            </trkpt>
            <trkpt lat="45.43504" lon="9.074297">
                <ele>0</ele>
            </trkpt>
            <trkpt lat="45.434834" lon="9.074325">
                <ele>0</ele>
            </trkpt>
            <trkpt lat="45.43408" lon="9.074413">
                <ele>0</ele>
            </trkpt>
            <trkpt lat="45.433705" lon="9.07446">
                <ele>0</ele>
            </trkpt>
            <trkpt lat="45.432881" lon="9.074574">
                <ele>0</ele>
            </trkpt>
            <trkpt lat="45.432389" lon="9.07466">
                <ele>0</ele>
            </trkpt>
            <trkpt lat="45.431939" lon="9.074762">
                <ele>0</ele>
            </trkpt>
            <trkpt lat="45.431646" lon="9.074845">
                <ele>0</ele>
            </trkpt>
            <trkpt lat="45.431619" lon="9.074853">
                <ele>0</ele>
            </trkpt>
            <trkpt lat="45.431325" lon="9.074944">
                <ele>0</ele>
            </trkpt>
            <trkpt lat="45.430922" lon="9.07507">
                <ele>0</ele>
            </trkpt>
            <trkpt lat="45.430437" lon="9.075265">
                <ele>0</ele>
            </trkpt>
            <trkpt lat="45.430079" lon="9.075428">
                <ele>0</ele>
            </trkpt>
            <trkpt lat="45.42969" lon="9.075604">
                <ele>0</ele>
            </trkpt>
            <trkpt lat="45.429353" lon="9.075774">
                <ele>0</ele>
            </trkpt>
            <trkpt lat="45.428943" lon="9.076005">
                <ele>0</ele>
            </trkpt>
            <trkpt lat="45.428346" lon="9.076363">
                <ele>0</ele>
            </trkpt>
            <trkpt lat="45.428336" lon="9.076369">
                <ele>0</ele>
            </trkpt>
            <trkpt lat="45.428335" lon="9.07637">
                <ele>0</ele>
            </trkpt>
            <trkpt lat="45.42779" lon="9.076709">
                <ele>0</ele>
            </trkpt>
            <trkpt lat="45.42576" lon="9.077952">
                <ele>0</ele>
            </trkpt>
            <trkpt lat="45.424959" lon="9.078456">
                <ele>0</ele>
            </trkpt>
            <trkpt lat="45.424382" lon="9.078842">
                <ele>0</ele>
            </trkpt>
            <trkpt lat="45.423565" lon="9.079313">
                <ele>0</ele>
            </trkpt>
            <trkpt lat="45.42341" lon="9.079402">
                <ele>0</ele>
            </trkpt>
            <trkpt lat="45.423405" lon="9.079405">
                <ele>0</ele>
            </trkpt>
            <trkpt lat="45.422689" lon="9.079848">
                <ele>0</ele>
            </trkpt>
            <trkpt lat="45.422685" lon="9.07985">
                <ele>0</ele>
            </trkpt>
            <trkpt lat="45.421936" lon="9.080307">
                <ele>0</ele>
            </trkpt>
            <trkpt lat="45.421553" lon="9.08054">
                <ele>0</ele>
            </trkpt>
            <trkpt lat="45.420975" lon="9.080924">
                <ele>0</ele>
            </trkpt>
            <trkpt lat="45.420545" lon="9.081238">
                <ele>0</ele>
            </trkpt>
            <trkpt lat="45.420107" lon="9.081596">
                <ele>0</ele>
            </trkpt>
            <trkpt lat="45.41966" lon="9.082012">
                <ele>0</ele>
            </trkpt>
            <trkpt lat="45.419212" lon="9.082464">
                <ele>0</ele>
            </trkpt>
            <trkpt lat="45.418949" lon="9.08276">
                <ele>0</ele>
            </trkpt>
            <trkpt lat="45.418579" lon="9.083199">
                <ele>0</ele>
            </trkpt>
            <trkpt lat="45.418358" lon="9.083493">
                <ele>0</ele>
            </trkpt>
            <trkpt lat="45.418011" lon="9.083979">
                <ele>0</ele>
            </trkpt>
            <trkpt lat="45.417835" lon="9.084226">
                <ele>0</ele>
            </trkpt>
            <trkpt lat="45.417155" lon="9.0853">
                <ele>0</ele>
            </trkpt>
            <trkpt lat="45.416345" lon="9.086967">
                <ele>0</ele>
            </trkpt>
            <trkpt lat="45.415861" lon="9.088295">
                <ele>0</ele>
            </trkpt>
            <trkpt lat="45.412842" lon="9.098975">
                <ele>0</ele>
            </trkpt>
            <trkpt lat="45.411918" lon="9.10226">
                <ele>0</ele>
            </trkpt>
            <trkpt lat="45.411627" lon="9.103265">
                <ele>0</ele>
            </trkpt>
            <trkpt lat="45.411375" lon="9.104063">
                <ele>0</ele>
            </trkpt>
            <trkpt lat="45.411101" lon="9.104859">
                <ele>0</ele>
            </trkpt>
            <trkpt lat="45.410844" lon="9.105502">
                <ele>0</ele>
            </trkpt>
            <trkpt lat="45.410576" lon="9.106147">
                <ele>0</ele>
            </trkpt>
            <trkpt lat="45.410309" lon="9.106744">
                <ele>0</ele>
            </trkpt>
            <trkpt lat="45.409962" lon="9.107451">
                <ele>0</ele>
            </trkpt>
            <trkpt lat="45.409516" lon="9.108285">
                <ele>0</ele>
            </trkpt>
            <trkpt lat="45.408917" lon="9.109331">
                <ele>0</ele>
            </trkpt>
            <trkpt lat="45.408568" lon="9.109938">
                <ele>0</ele>
            </trkpt>
            <trkpt lat="45.407859" lon="9.111175">
                <ele>0</ele>
            </trkpt>
            <trkpt lat="45.406147" lon="9.114163">
                <ele>0</ele>
            </trkpt>
            <trkpt lat="45.405276" lon="9.115685">
                <ele>0</ele>
            </trkpt>
            <trkpt lat="45.404748" lon="9.116606">
                <ele>0</ele>
            </trkpt>
            <trkpt lat="45.403887" lon="9.118111">
                <ele>0</ele>
            </trkpt>
            <trkpt lat="45.403089" lon="9.119495">
                <ele>0</ele>
            </trkpt>
            <trkpt lat="45.402139" lon="9.121158">
                <ele>0</ele>
            </trkpt>
            <trkpt lat="45.401321" lon="9.122606">
                <ele>0</ele>
            </trkpt>
            <trkpt lat="45.40097" lon="9.123267">
                <ele>0</ele>
            </trkpt>
            <trkpt lat="45.400642" lon="9.123916">
                <ele>0</ele>
            </trkpt>
            <trkpt lat="45.400312" lon="9.124618">
                <ele>0</ele>
            </trkpt>
            <trkpt lat="45.400099" lon="9.125116">
                <ele>0</ele>
            </trkpt>
            <trkpt lat="45.399848" lon="9.12571">
                <ele>0</ele>
            </trkpt>
            <trkpt lat="45.399613" lon="9.126319">
                <ele>0</ele>
            </trkpt>
            <trkpt lat="45.399436" lon="9.126804">
                <ele>0</ele>
            </trkpt>
            <trkpt lat="45.399259" lon="9.127326">
                <ele>0</ele>
            </trkpt>
            <trkpt lat="45.399038" lon="9.128003">
                <ele>0</ele>
            </trkpt>
            <trkpt lat="45.398869" lon="9.128553">
                <ele>0</ele>
            </trkpt>
            <trkpt lat="45.398719" lon="9.129086">
                <ele>0</ele>
            </trkpt>
            <trkpt lat="45.39859" lon="9.129559">
                <ele>0</ele>
            </trkpt>
            <trkpt lat="45.398485" lon="9.129976">
                <ele>0</ele>
            </trkpt>
            <trkpt lat="45.398305" lon="9.13078">
                <ele>0</ele>
            </trkpt>
            <trkpt lat="45.39822" lon="9.131156">
                <ele>0</ele>
            </trkpt>
            <trkpt lat="45.398022" lon="9.132081">
                <ele>0</ele>
            </trkpt>
            <trkpt lat="45.39786" lon="9.132857">
                <ele>0</ele>
            </trkpt>
            <trkpt lat="45.397795" lon="9.133165">
                <ele>0</ele>
            </trkpt>
            <trkpt lat="45.397734" lon="9.133453">
                <ele>0</ele>
            </trkpt>
            <trkpt lat="45.397623" lon="9.133975">
                <ele>0</ele>
            </trkpt>
            <trkpt lat="45.397471" lon="9.134666">
                <ele>0</ele>
            </trkpt>
            <trkpt lat="45.39732" lon="9.135334">
                <ele>0</ele>
            </trkpt>
            <trkpt lat="45.397187" lon="9.135843">
                <ele>0</ele>
            </trkpt>
            <trkpt lat="45.397049" lon="9.136338">
                <ele>0</ele>
            </trkpt>
            <trkpt lat="45.396817" lon="9.137082">
                <ele>0</ele>
            </trkpt>
            <trkpt lat="45.396544" lon="9.137624">
                <ele>0</ele>
            </trkpt>
            <trkpt lat="45.396263" lon="9.138111">
                <ele>0</ele>
            </trkpt>
            <trkpt lat="45.396071" lon="9.138373">
                <ele>0</ele>
            </trkpt>
            <trkpt lat="45.395842" lon="9.138625">
                <ele>0</ele>
            </trkpt>
            <trkpt lat="45.395713" lon="9.138734">
                <ele>0</ele>
            </trkpt>
            <trkpt lat="45.395567" lon="9.138843">
                <ele>0</ele>
            </trkpt>
            <trkpt lat="45.395286" lon="9.139001">
                <ele>0</ele>
            </trkpt>
            <trkpt lat="45.394268" lon="9.139624">
                <ele>0</ele>
            </trkpt>
            <trkpt lat="45.394088" lon="9.139735">
                <ele>0</ele>
            </trkpt>
            <trkpt lat="45.39391" lon="9.139828">
                <ele>0</ele>
            </trkpt>
            <trkpt lat="45.393739" lon="9.139902">
                <ele>0</ele>
            </trkpt>
            <trkpt lat="45.39355" lon="9.139956">
                <ele>0</ele>
            </trkpt>
            <trkpt lat="45.39332" lon="9.139988">
                <ele>0</ele>
            </trkpt>
            <trkpt lat="45.393193" lon="9.13999">
                <ele>0</ele>
            </trkpt>
            <trkpt lat="45.393016" lon="9.139977">
                <ele>0</ele>
            </trkpt>
            <trkpt lat="45.392843" lon="9.139945">
                <ele>0</ele>
            </trkpt>
            <trkpt lat="45.392699" lon="9.13991">
                <ele>0</ele>
            </trkpt>
            <trkpt lat="45.392173" lon="9.139748">
                <ele>0</ele>
            </trkpt>
            <trkpt lat="45.391783" lon="9.139666">
                <ele>0</ele>
            </trkpt>
            <trkpt lat="45.391711" lon="9.139633">
                <ele>0</ele>
            </trkpt>
            <trkpt lat="45.391015" lon="9.139318">
                <ele>0</ele>
            </trkpt>
            <trkpt lat="45.390438" lon="9.139024">
                <ele>0</ele>
            </trkpt>
            <trkpt lat="45.390272" lon="9.138916">
                <ele>0</ele>
            </trkpt>
            <trkpt lat="45.390068" lon="9.138782">
                <ele>0</ele>
            </trkpt>
            <trkpt lat="45.389844" lon="9.138638">
                <ele>0</ele>
            </trkpt>
            <trkpt lat="45.389597" lon="9.138507">
                <ele>0</ele>
            </trkpt>
            <trkpt lat="45.389269" lon="9.138338">
                <ele>0</ele>
            </trkpt>
            <trkpt lat="45.389082" lon="9.138244">
                <ele>0</ele>
            </trkpt>
            <trkpt lat="45.38881" lon="9.138134">
                <ele>0</ele>
            </trkpt>
            <trkpt lat="45.388639" lon="9.138066">
                <ele>0</ele>
            </trkpt>
            <trkpt lat="45.388092" lon="9.137855">
                <ele>0</ele>
            </trkpt>
            <trkpt lat="45.38796" lon="9.137812">
                <ele>0</ele>
            </trkpt>
            <trkpt lat="45.387771" lon="9.137733">
                <ele>0</ele>
            </trkpt>
            <trkpt lat="45.387604" lon="9.137658">
                <ele>0</ele>
            </trkpt>
            <trkpt lat="45.387376" lon="9.137525">
                <ele>0</ele>
            </trkpt>
            <trkpt lat="45.386971" lon="9.137292">
                <ele>0</ele>
            </trkpt>
            <trkpt lat="45.385962" lon="9.136695">
                <ele>0</ele>
            </trkpt>
            <trkpt lat="45.382628" lon="9.134722">
                <ele>0</ele>
            </trkpt>
            <trkpt lat="45.379707" lon="9.132986">
                <ele>0</ele>
            </trkpt>
            <trkpt lat="45.37745" lon="9.131628">
                <ele>0</ele>
            </trkpt>
            <trkpt lat="45.376428" lon="9.131028">
                <ele>0</ele>
            </trkpt>
            <trkpt lat="45.375347" lon="9.130306">
                <ele>0</ele>
            </trkpt>
            <trkpt lat="45.374572" lon="9.129724">
                <ele>0</ele>
            </trkpt>
            <trkpt lat="45.373896" lon="9.129131">
                <ele>0</ele>
            </trkpt>
            <trkpt lat="45.371815" lon="9.127231">
                <ele>0</ele>
            </trkpt>
            <trkpt lat="45.370988" lon="9.126421">
                <ele>0</ele>
            </trkpt>
            <trkpt lat="45.367877" lon="9.123536">
                <ele>0</ele>
            </trkpt>
            <trkpt lat="45.366893" lon="9.122637">
                <ele>0</ele>
            </trkpt>
            <trkpt lat="45.365416" lon="9.121155">
                <ele>0</ele>
            </trkpt>
            <trkpt lat="45.364733" lon="9.12053">
                <ele>0</ele>
            </trkpt>
            <trkpt lat="45.363431" lon="9.119291">
                <ele>0</ele>
            </trkpt>
            <trkpt lat="45.362145" lon="9.118059">
                <ele>0</ele>
            </trkpt>
            <trkpt lat="45.361181" lon="9.117179">
                <ele>0</ele>
            </trkpt>
            <trkpt lat="45.359816" lon="9.116025">
                <ele>0</ele>
            </trkpt>
            <trkpt lat="45.356746" lon="9.113411">
                <ele>0</ele>
            </trkpt>
            <trkpt lat="45.355385" lon="9.11222">
                <ele>0</ele>
            </trkpt>
            <trkpt lat="45.354042" lon="9.111126">
                <ele>0</ele>
            </trkpt>
            <trkpt lat="45.352464" lon="9.109743">
                <ele>0</ele>
            </trkpt>
            <trkpt lat="45.350627" lon="9.108107">
                <ele>0</ele>
            </trkpt>
            <trkpt lat="45.348492" lon="9.106399">
                <ele>0</ele>
            </trkpt>
            <trkpt lat="45.347641" lon="9.105706">
                <ele>0</ele>
            </trkpt>
            <trkpt lat="45.346733" lon="9.104878">
                <ele>0</ele>
            </trkpt>
            <trkpt lat="45.344818" lon="9.10317">
                <ele>0</ele>
            </trkpt>
            <trkpt lat="45.342861" lon="9.101347">
                <ele>0</ele>
            </trkpt>
            <trkpt lat="45.342214" lon="9.100753">
                <ele>0</ele>
            </trkpt>
            <trkpt lat="45.342084" lon="9.100634">
                <ele>0</ele>
            </trkpt>
            <trkpt lat="45.340996" lon="9.099633">
                <ele>0</ele>
            </trkpt>
            <trkpt lat="45.340963" lon="9.099602">
                <ele>0</ele>
            </trkpt>
            <trkpt lat="45.340218" lon="9.098894">
                <ele>0</ele>
            </trkpt>
            <trkpt lat="45.340107" lon="9.098788">
                <ele>0</ele>
            </trkpt>
            <trkpt lat="45.339082" lon="9.097817">
                <ele>0</ele>
            </trkpt>
            <trkpt lat="45.337675" lon="9.096483">
                <ele>0</ele>
            </trkpt>
            <trkpt lat="45.336092" lon="9.095297">
                <ele>0</ele>
            </trkpt>
            <trkpt lat="45.334658" lon="9.094398">
                <ele>0</ele>
            </trkpt>
            <trkpt lat="45.333627" lon="9.093793">
                <ele>0</ele>
            </trkpt>
            <trkpt lat="45.333212" lon="9.093551">
                <ele>0</ele>
            </trkpt>
            <trkpt lat="45.332946" lon="9.093403">
                <ele>0</ele>
            </trkpt>
            <trkpt lat="45.331513" lon="9.092608">
                <ele>0</ele>
            </trkpt>
            <trkpt lat="45.330118" lon="9.091789">
                <ele>0</ele>
            </trkpt>
            <trkpt lat="45.3274" lon="9.090258">
                <ele>0</ele>
            </trkpt>
            <trkpt lat="45.325045" lon="9.088909">
                <ele>0</ele>
            </trkpt>
            <trkpt lat="45.323366" lon="9.087973">
                <ele>0</ele>
            </trkpt>
            <trkpt lat="45.322552" lon="9.087524">
                <ele>0</ele>
            </trkpt>
            <trkpt lat="45.321751" lon="9.086951">
                <ele>0</ele>
            </trkpt>
            <trkpt lat="45.321051" lon="9.086326">
                <ele>0</ele>
            </trkpt>
            <trkpt lat="45.320165" lon="9.085479">
                <ele>0</ele>
            </trkpt>
            <trkpt lat="45.318803" lon="9.084175">
                <ele>0</ele>
            </trkpt>
            <trkpt lat="45.317578" lon="9.08299">
                <ele>0</ele>
            </trkpt>
            <trkpt lat="45.315851" lon="9.081327">
                <ele>0</ele>
            </trkpt>
            <trkpt lat="45.314585" lon="9.0802">
                <ele>0</ele>
            </trkpt>
            <trkpt lat="45.313541" lon="9.079189">
                <ele>0</ele>
            </trkpt>
            <trkpt lat="45.312034" lon="9.077724">
                <ele>0</ele>
            </trkpt>
            <trkpt lat="45.311023" lon="9.076718">
                <ele>0</ele>
            </trkpt>
            <trkpt lat="45.309745" lon="9.075533">
                <ele>0</ele>
            </trkpt>
            <trkpt lat="45.308836" lon="9.074822">
                <ele>0</ele>
            </trkpt>
            <trkpt lat="45.307742" lon="9.074023">
                <ele>0</ele>
            </trkpt>
            <trkpt lat="45.306973" lon="9.073539">
                <ele>0</ele>
            </trkpt>
            <trkpt lat="45.30617" lon="9.072996">
                <ele>0</ele>
            </trkpt>
            <trkpt lat="45.305274" lon="9.072406">
                <ele>0</ele>
            </trkpt>
            <trkpt lat="45.303251" lon="9.071008">
                <ele>0</ele>
            </trkpt>
            <trkpt lat="45.29995" lon="9.06878">
                <ele>0</ele>
            </trkpt>
            <trkpt lat="45.298606" lon="9.067899">
                <ele>0</ele>
            </trkpt>
            <trkpt lat="45.297647" lon="9.06728">
                <ele>0</ele>
            </trkpt>
            <trkpt lat="45.295875" lon="9.066055">
                <ele>0</ele>
            </trkpt>
            <trkpt lat="45.294667" lon="9.065201">
                <ele>0</ele>
            </trkpt>
            <trkpt lat="45.293468" lon="9.064408">
                <ele>0</ele>
            </trkpt>
            <trkpt lat="45.292875" lon="9.064101">
                <ele>0</ele>
            </trkpt>
            <trkpt lat="45.291889" lon="9.063743">
                <ele>0</ele>
            </trkpt>
            <trkpt lat="45.289849" lon="9.062992">
                <ele>0</ele>
            </trkpt>
            <trkpt lat="45.288456" lon="9.062467">
                <ele>0</ele>
            </trkpt>
            <trkpt lat="45.286406" lon="9.061732">
                <ele>0</ele>
            </trkpt>
            <trkpt lat="45.285795" lon="9.061509">
                <ele>0</ele>
            </trkpt>
            <trkpt lat="45.284389" lon="9.06098">
                <ele>0</ele>
            </trkpt>
            <trkpt lat="45.282872" lon="9.060437">
                <ele>0</ele>
            </trkpt>
            <trkpt lat="45.281316" lon="9.059864">
                <ele>0</ele>
            </trkpt>
            <trkpt lat="45.279885" lon="9.059343">
                <ele>0</ele>
            </trkpt>
            <trkpt lat="45.277184" lon="9.05833">
                <ele>0</ele>
            </trkpt>
            <trkpt lat="45.274481" lon="9.057342">
                <ele>0</ele>
            </trkpt>
            <trkpt lat="45.272212" lon="9.056512">
                <ele>0</ele>
            </trkpt>
            <trkpt lat="45.270657" lon="9.055904">
                <ele>0</ele>
            </trkpt>
            <trkpt lat="45.268607" lon="9.055186">
                <ele>0</ele>
            </trkpt>
            <trkpt lat="45.267446" lon="9.054768">
                <ele>0</ele>
            </trkpt>
            <trkpt lat="45.266013" lon="9.054227">
                <ele>0</ele>
            </trkpt>
            <trkpt lat="45.265376" lon="9.053981">
                <ele>0</ele>
            </trkpt>
            <trkpt lat="45.264713" lon="9.053707">
                <ele>0</ele>
            </trkpt>
            <trkpt lat="45.263457" lon="9.053212">
                <ele>0</ele>
            </trkpt>
            <trkpt lat="45.262155" lon="9.052474">
                <ele>0</ele>
            </trkpt>
            <trkpt lat="45.260275" lon="9.051255">
                <ele>0</ele>
            </trkpt>
            <trkpt lat="45.258759" lon="9.050282">
                <ele>0</ele>
            </trkpt>
            <trkpt lat="45.258524" lon="9.05013">
                <ele>0</ele>
            </trkpt>
            <trkpt lat="45.257548" lon="9.049499">
                <ele>0</ele>
            </trkpt>
            <trkpt lat="45.257231" lon="9.049294">
                <ele>0</ele>
            </trkpt>
            <trkpt lat="45.253059" lon="9.046632">
                <ele>0</ele>
            </trkpt>
            <trkpt lat="45.251891" lon="9.045896">
                <ele>0</ele>
            </trkpt>
            <trkpt lat="45.251593" lon="9.045703">
                <ele>0</ele>
            </trkpt>
            <trkpt lat="45.250996" lon="9.045316">
                <ele>0</ele>
            </trkpt>
            <trkpt lat="45.250336" lon="9.044892">
                <ele>0</ele>
            </trkpt>
            <trkpt lat="45.249445" lon="9.044327">
                <ele>0</ele>
            </trkpt>
            <trkpt lat="45.248655" lon="9.043803">
                <ele>0</ele>
            </trkpt>
            <trkpt lat="45.244878" lon="9.041381">
                <ele>0</ele>
            </trkpt>
            <trkpt lat="45.244391" lon="9.041038">
                <ele>0</ele>
            </trkpt>
            <trkpt lat="45.243877" lon="9.040637">
                <ele>0</ele>
            </trkpt>
            <trkpt lat="45.242635" lon="9.039546">
                <ele>0</ele>
            </trkpt>
            <trkpt lat="45.241404" lon="9.038477">
                <ele>0</ele>
            </trkpt>
            <trkpt lat="45.239515" lon="9.036852">
                <ele>0</ele>
            </trkpt>
            <trkpt lat="45.2386" lon="9.036036">
                <ele>0</ele>
            </trkpt>
            <trkpt lat="45.237603" lon="9.035163">
                <ele>0</ele>
            </trkpt>
            <trkpt lat="45.235786" lon="9.03358">
                <ele>0</ele>
            </trkpt>
            <trkpt lat="45.233915" lon="9.03193">
                <ele>0</ele>
            </trkpt>
            <trkpt lat="45.231314" lon="9.029676">
                <ele>0</ele>
            </trkpt>
            <trkpt lat="45.228881" lon="9.027564">
                <ele>0</ele>
            </trkpt>
            <trkpt lat="45.227715" lon="9.026534">
                <ele>0</ele>
            </trkpt>
            <trkpt lat="45.227672" lon="9.026496">
                <ele>0</ele>
            </trkpt>
            <trkpt lat="45.22685" lon="9.02577">
                <ele>0</ele>
            </trkpt>
            <trkpt lat="45.223314" lon="9.022687">
                <ele>0</ele>
            </trkpt>
            <trkpt lat="45.223272" lon="9.022651">
                <ele>0</ele>
            </trkpt>
            <trkpt lat="45.223113" lon="9.022512">
                <ele>0</ele>
            </trkpt>
            <trkpt lat="45.221988" lon="9.021535">
                <ele>0</ele>
            </trkpt>
            <trkpt lat="45.221913" lon="9.02147">
                <ele>0</ele>
            </trkpt>
            <trkpt lat="45.221093" lon="9.020757">
                <ele>0</ele>
            </trkpt>
            <trkpt lat="45.220985" lon="9.020663">
                <ele>0</ele>
            </trkpt>
            <trkpt lat="45.220718" lon="9.02043">
                <ele>0</ele>
            </trkpt>
            <trkpt lat="45.220676" lon="9.020393">
                <ele>0</ele>
            </trkpt>
            <trkpt lat="45.219559" lon="9.019419">
                <ele>0</ele>
            </trkpt>
            <trkpt lat="45.219471" lon="9.019353">
                <ele>0</ele>
            </trkpt>
            <trkpt lat="45.219427" lon="9.01932">
                <ele>0</ele>
            </trkpt>
            <trkpt lat="45.218742" lon="9.018801">
                <ele>0</ele>
            </trkpt>
            <trkpt lat="45.217943" lon="9.018328">
                <ele>0</ele>
            </trkpt>
            <trkpt lat="45.217896" lon="9.018304">
                <ele>0</ele>
            </trkpt>
            <trkpt lat="45.217717" lon="9.01821">
                <ele>0</ele>
            </trkpt>
            <trkpt lat="45.21699" lon="9.017868">
                <ele>0</ele>
            </trkpt>
            <trkpt lat="45.216184" lon="9.017598">
                <ele>0</ele>
            </trkpt>
            <trkpt lat="45.215583" lon="9.017457">
                <ele>0</ele>
            </trkpt>
            <trkpt lat="45.214724" lon="9.017255">
                <ele>0</ele>
            </trkpt>
            <trkpt lat="45.214722" lon="9.017255">
                <ele>0</ele>
            </trkpt>
            <trkpt lat="45.21467" lon="9.017243">
                <ele>0</ele>
            </trkpt>
            <trkpt lat="45.214668" lon="9.017243">
                <ele>0</ele>
            </trkpt>
            <trkpt lat="45.213904" lon="9.017095">
                <ele>0</ele>
            </trkpt>
            <trkpt lat="45.213257" lon="9.016955">
                <ele>0</ele>
            </trkpt>
            <trkpt lat="45.213206" lon="9.016947">
                <ele>0</ele>
            </trkpt>
            <trkpt lat="45.213127" lon="9.016934">
                <ele>0</ele>
            </trkpt>
            <trkpt lat="45.211935" lon="9.016672">
                <ele>0</ele>
            </trkpt>
            <trkpt lat="45.211703" lon="9.016629">
                <ele>0</ele>
            </trkpt>
            <trkpt lat="45.211654" lon="9.01662">
                <ele>0</ele>
            </trkpt>
            <trkpt lat="45.211274" lon="9.016549">
                <ele>0</ele>
            </trkpt>
            <trkpt lat="45.21115" lon="9.016531">
                <ele>0</ele>
            </trkpt>
            <trkpt lat="45.210535" lon="9.016478">
                <ele>0</ele>
            </trkpt>
            <trkpt lat="45.209895" lon="9.01646">
                <ele>0</ele>
            </trkpt>
            <trkpt lat="45.209199" lon="9.016503">
                <ele>0</ele>
            </trkpt>
            <trkpt lat="45.208789" lon="9.01656">
                <ele>0</ele>
            </trkpt>
            <trkpt lat="45.208107" lon="9.016704">
                <ele>0</ele>
            </trkpt>
            <trkpt lat="45.207712" lon="9.016787">
                <ele>0</ele>
            </trkpt>
            <trkpt lat="45.206232" lon="9.017094">
                <ele>0</ele>
            </trkpt>
            <trkpt lat="45.204888" lon="9.01738">
                <ele>0</ele>
            </trkpt>
            <trkpt lat="45.201847" lon="9.018016">
                <ele>0</ele>
            </trkpt>
            <trkpt lat="45.201752" lon="9.018035">
                <ele>0</ele>
            </trkpt>
            <trkpt lat="45.201316" lon="9.018122">
                <ele>0</ele>
            </trkpt>
            <trkpt lat="45.200759" lon="9.018212">
                <ele>0</ele>
            </trkpt>
            <trkpt lat="45.200645" lon="9.018228">
                <ele>0</ele>
            </trkpt>
            <trkpt lat="45.200596" lon="9.018231">
                <ele>0</ele>
            </trkpt>
            <trkpt lat="45.200072" lon="9.018261">
                <ele>0</ele>
            </trkpt>
            <trkpt lat="45.199408" lon="9.018235">
                <ele>0</ele>
            </trkpt>
            <trkpt lat="45.199036" lon="9.018174">
                <ele>0</ele>
            </trkpt>
            <trkpt lat="45.198986" lon="9.018166">
                <ele>0</ele>
            </trkpt>
            <trkpt lat="45.198975" lon="9.018164">
                <ele>0</ele>
            </trkpt>
            <trkpt lat="45.198736" lon="9.018125">
                <ele>0</ele>
            </trkpt>
            <trkpt lat="45.19839" lon="9.018044">
                <ele>0</ele>
            </trkpt>
            <trkpt lat="45.197961" lon="9.017919">
                <ele>0</ele>
            </trkpt>
            <trkpt lat="45.197537" lon="9.017752">
                <ele>0</ele>
            </trkpt>
            <trkpt lat="45.197047" lon="9.017532">
                <ele>0</ele>
            </trkpt>
            <trkpt lat="45.196567" lon="9.017264">
                <ele>0</ele>
            </trkpt>
            <trkpt lat="45.195678" lon="9.016735">
                <ele>0</ele>
            </trkpt>
            <trkpt lat="45.195666" lon="9.016728">
                <ele>0</ele>
            </trkpt>
            <trkpt lat="45.19562" lon="9.016701">
                <ele>0</ele>
            </trkpt>
            <trkpt lat="45.191975" lon="9.01453">
                <ele>0</ele>
            </trkpt>
            <trkpt lat="45.189537" lon="9.013082">
                <ele>0</ele>
            </trkpt>
            <trkpt lat="45.189359" lon="9.012976">
                <ele>0</ele>
            </trkpt>
            <trkpt lat="45.188927" lon="9.012718">
                <ele>0</ele>
            </trkpt>
            <trkpt lat="45.188331" lon="9.012355">
                <ele>0</ele>
            </trkpt>
            <trkpt lat="45.188153" lon="9.012247">
                <ele>0</ele>
            </trkpt>
            <trkpt lat="45.187865" lon="9.012081">
                <ele>0</ele>
            </trkpt>
            <trkpt lat="45.187497" lon="9.011857">
                <ele>0</ele>
            </trkpt>
            <trkpt lat="45.187346" lon="9.011765">
                <ele>0</ele>
            </trkpt>
            <trkpt lat="45.186109" lon="9.011014">
                <ele>0</ele>
            </trkpt>
            <trkpt lat="45.18347" lon="9.009447">
                <ele>0</ele>
            </trkpt>
            <trkpt lat="45.179718" lon="9.00723">
                <ele>0</ele>
            </trkpt>
            <trkpt lat="45.179084" lon="9.006855">
                <ele>0</ele>
            </trkpt>
            <trkpt lat="45.177188" lon="9.005749">
                <ele>0</ele>
            </trkpt>
            <trkpt lat="45.177134" lon="9.005717">
                <ele>0</ele>
            </trkpt>
            <trkpt lat="45.176863" lon="9.005559">
                <ele>0</ele>
            </trkpt>
            <trkpt lat="45.175562" lon="9.004889">
                <ele>0</ele>
            </trkpt>
            <trkpt lat="45.175198" lon="9.004705">
                <ele>0</ele>
            </trkpt>
            <trkpt lat="45.174864" lon="9.004536">
                <ele>0</ele>
            </trkpt>
            <trkpt lat="45.174179" lon="9.004205">
                <ele>0</ele>
            </trkpt>
            <trkpt lat="45.173058" lon="9.003686">
                <ele>0</ele>
            </trkpt>
            <trkpt lat="45.172745" lon="9.003518">
                <ele>0</ele>
            </trkpt>
            <trkpt lat="45.172529" lon="9.003402">
                <ele>0</ele>
            </trkpt>
            <trkpt lat="45.17186" lon="9.003094">
                <ele>0</ele>
            </trkpt>
            <trkpt lat="45.171469" lon="9.00291">
                <ele>0</ele>
            </trkpt>
            <trkpt lat="45.169672" lon="9.002052">
                <ele>0</ele>
            </trkpt>
            <trkpt lat="45.1696" lon="9.002018">
                <ele>0</ele>
            </trkpt>
            <trkpt lat="45.169301" lon="9.001866">
                <ele>0</ele>
            </trkpt>
            <trkpt lat="45.168531" lon="9.001496">
                <ele>0</ele>
            </trkpt>
            <trkpt lat="45.167831" lon="9.001157">
                <ele>0</ele>
            </trkpt>
            <trkpt lat="45.167097" lon="9.000808">
                <ele>0</ele>
            </trkpt>
            <trkpt lat="45.166169" lon="9.000362">
                <ele>0</ele>
            </trkpt>
            <trkpt lat="45.166082" lon="9.00032">
                <ele>0</ele>
            </trkpt>
            <trkpt lat="45.163665" lon="8.999159">
                <ele>0</ele>
            </trkpt>
            <trkpt lat="45.162412" lon="8.998557">
                <ele>0</ele>
            </trkpt>
            <trkpt lat="45.162358" lon="8.998529">
                <ele>0</ele>
            </trkpt>
            <trkpt lat="45.162004" lon="8.998348">
                <ele>0</ele>
            </trkpt>
            <trkpt lat="45.159902" lon="8.997345">
                <ele>0</ele>
            </trkpt>
            <trkpt lat="45.159747" lon="8.997267">
                <ele>0</ele>
            </trkpt>
            <trkpt lat="45.158742" lon="8.996769">
                <ele>0</ele>
            </trkpt>
            <trkpt lat="45.157969" lon="8.996405">
                <ele>0</ele>
            </trkpt>
            <trkpt lat="45.156853" lon="8.995862">
                <ele>0</ele>
            </trkpt>
            <trkpt lat="45.155741" lon="8.995327">
                <ele>0</ele>
            </trkpt>
            <trkpt lat="45.154683" lon="8.994812">
                <ele>0</ele>
            </trkpt>
            <trkpt lat="45.153754" lon="8.994366">
                <ele>0</ele>
            </trkpt>
            <trkpt lat="45.152494" lon="8.993755">
                <ele>0</ele>
            </trkpt>
            <trkpt lat="45.151003" lon="8.993026">
                <ele>0</ele>
            </trkpt>
            <trkpt lat="45.150465" lon="8.992763">
                <ele>0</ele>
            </trkpt>
            <trkpt lat="45.150215" lon="8.992629">
                <ele>0</ele>
            </trkpt>
            <trkpt lat="45.149915" lon="8.992468">
                <ele>0</ele>
            </trkpt>
            <trkpt lat="45.149423" lon="8.992175">
                <ele>0</ele>
            </trkpt>
            <trkpt lat="45.148116" lon="8.99137">
                <ele>0</ele>
            </trkpt>
            <trkpt lat="45.148098" lon="8.991359">
                <ele>0</ele>
            </trkpt>
            <trkpt lat="45.147962" lon="8.991277">
                <ele>0</ele>
            </trkpt>
            <trkpt lat="45.147953" lon="8.991271">
                <ele>0</ele>
            </trkpt>
            <trkpt lat="45.147419" lon="8.990938">
                <ele>0</ele>
            </trkpt>
            <trkpt lat="45.146316" lon="8.990257">
                <ele>0</ele>
            </trkpt>
            <trkpt lat="45.146224" lon="8.9902">
                <ele>0</ele>
            </trkpt>
            <trkpt lat="45.145767" lon="8.989918">
                <ele>0</ele>
            </trkpt>
            <trkpt lat="45.142394" lon="8.987833">
                <ele>0</ele>
            </trkpt>
            <trkpt lat="45.140453" lon="8.986642">
                <ele>0</ele>
            </trkpt>
            <trkpt lat="45.139349" lon="8.985947">
                <ele>0</ele>
            </trkpt>
            <trkpt lat="45.138555" lon="8.985459">
                <ele>0</ele>
            </trkpt>
            <trkpt lat="45.137134" lon="8.984587">
                <ele>0</ele>
            </trkpt>
            <trkpt lat="45.136958" lon="8.984478">
                <ele>0</ele>
            </trkpt>
            <trkpt lat="45.135272" lon="8.983436">
                <ele>0</ele>
            </trkpt>
            <trkpt lat="45.134273" lon="8.982817">
                <ele>0</ele>
            </trkpt>
            <trkpt lat="45.134095" lon="8.982706">
                <ele>0</ele>
            </trkpt>
            <trkpt lat="45.133091" lon="8.982084">
                <ele>0</ele>
            </trkpt>
            <trkpt lat="45.131985" lon="8.981396">
                <ele>0</ele>
            </trkpt>
            <trkpt lat="45.131356" lon="8.981027">
                <ele>0</ele>
            </trkpt>
            <trkpt lat="45.131266" lon="8.98097">
                <ele>0</ele>
            </trkpt>
            <trkpt lat="45.131138" lon="8.980892">
                <ele>0</ele>
            </trkpt>
            <trkpt lat="45.128435" lon="8.97921">
                <ele>0</ele>
            </trkpt>
            <trkpt lat="45.127918" lon="8.978905">
                <ele>0</ele>
            </trkpt>
            <trkpt lat="45.127273" lon="8.978579">
                <ele>0</ele>
            </trkpt>
            <trkpt lat="45.126621" lon="8.978301">
                <ele>0</ele>
            </trkpt>
            <trkpt lat="45.125897" lon="8.978049">
                <ele>0</ele>
            </trkpt>
            <trkpt lat="45.125029" lon="8.977827">
                <ele>0</ele>
            </trkpt>
            <trkpt lat="45.124353" lon="8.977696">
                <ele>0</ele>
            </trkpt>
            <trkpt lat="45.122662" lon="8.977387">
                <ele>0</ele>
            </trkpt>
            <trkpt lat="45.122607" lon="8.977377">
                <ele>0</ele>
            </trkpt>
            <trkpt lat="45.122558" lon="8.977368">
                <ele>0</ele>
            </trkpt>
            <trkpt lat="45.121015" lon="8.977087">
                <ele>0</ele>
            </trkpt>
            <trkpt lat="45.120488" lon="8.976988">
                <ele>0</ele>
            </trkpt>
            <trkpt lat="45.119901" lon="8.976882">
                <ele>0</ele>
            </trkpt>
            <trkpt lat="45.119023" lon="8.976723">
                <ele>0</ele>
            </trkpt>
            <trkpt lat="45.118744" lon="8.976673">
                <ele>0</ele>
            </trkpt>
            <trkpt lat="45.117022" lon="8.976354">
                <ele>0</ele>
            </trkpt>
            <trkpt lat="45.116553" lon="8.976267">
                <ele>0</ele>
            </trkpt>
            <trkpt lat="45.114636" lon="8.975876">
                <ele>0</ele>
            </trkpt>
            <trkpt lat="45.112986" lon="8.97557">
                <ele>0</ele>
            </trkpt>
            <trkpt lat="45.111765" lon="8.9753">
                <ele>0</ele>
            </trkpt>
            <trkpt lat="45.111675" lon="8.97528">
                <ele>0</ele>
            </trkpt>
            <trkpt lat="45.110223" lon="8.974687">
                <ele>0</ele>
            </trkpt>
            <trkpt lat="45.103855" lon="8.971897">
                <ele>0</ele>
            </trkpt>
            <trkpt lat="45.098744" lon="8.96968">
                <ele>0</ele>
            </trkpt>
            <trkpt lat="45.097484" lon="8.969125">
                <ele>0</ele>
            </trkpt>
            <trkpt lat="45.096886" lon="8.968892">
                <ele>0</ele>
            </trkpt>
            <trkpt lat="45.096326" lon="8.968711">
                <ele>0</ele>
            </trkpt>
            <trkpt lat="45.096073" lon="8.968642">
                <ele>0</ele>
            </trkpt>
            <trkpt lat="45.095785" lon="8.968564">
                <ele>0</ele>
            </trkpt>
            <trkpt lat="45.095436" lon="8.96849">
                <ele>0</ele>
            </trkpt>
            <trkpt lat="45.095016" lon="8.968411">
                <ele>0</ele>
            </trkpt>
            <trkpt lat="45.094402" lon="8.968335">
                <ele>0</ele>
            </trkpt>
            <trkpt lat="45.093823" lon="8.968298">
                <ele>0</ele>
            </trkpt>
            <trkpt lat="45.093018" lon="8.968314">
                <ele>0</ele>
            </trkpt>
            <trkpt lat="45.092497" lon="8.968365">
                <ele>0</ele>
            </trkpt>
            <trkpt lat="45.091959" lon="8.968444">
                <ele>0</ele>
            </trkpt>
            <trkpt lat="45.09142" lon="8.96855">
                <ele>0</ele>
            </trkpt>
            <trkpt lat="45.090829" lon="8.968702">
                <ele>0</ele>
            </trkpt>
            <trkpt lat="45.090223" lon="8.968904">
                <ele>0</ele>
            </trkpt>
            <trkpt lat="45.089628" lon="8.969123">
                <ele>0</ele>
            </trkpt>
            <trkpt lat="45.089026" lon="8.96937">
                <ele>0</ele>
            </trkpt>
            <trkpt lat="45.086948" lon="8.970231">
                <ele>0</ele>
            </trkpt>
            <trkpt lat="45.086939" lon="8.970235">
                <ele>0</ele>
            </trkpt>
            <trkpt lat="45.079864" lon="8.973187">
                <ele>0</ele>
            </trkpt>
            <trkpt lat="45.079739" lon="8.973239">
                <ele>0</ele>
            </trkpt>
            <trkpt lat="45.079384" lon="8.973385">
                <ele>0</ele>
            </trkpt>
            <trkpt lat="45.079036" lon="8.97351">
                <ele>0</ele>
            </trkpt>
            <trkpt lat="45.078635" lon="8.97362">
                <ele>0</ele>
            </trkpt>
            <trkpt lat="45.078231" lon="8.973702">
                <ele>0</ele>
            </trkpt>
            <trkpt lat="45.077873" lon="8.97375">
                <ele>0</ele>
            </trkpt>
            <trkpt lat="45.077429" lon="8.973777">
                <ele>0</ele>
            </trkpt>
            <trkpt lat="45.07704" lon="8.973768">
                <ele>0</ele>
            </trkpt>
            <trkpt lat="45.076695" lon="8.973729">
                <ele>0</ele>
            </trkpt>
            <trkpt lat="45.076234" lon="8.973645">
                <ele>0</ele>
            </trkpt>
            <trkpt lat="45.075786" lon="8.973526">
                <ele>0</ele>
            </trkpt>
            <trkpt lat="45.075464" lon="8.973415">
                <ele>0</ele>
            </trkpt>
            <trkpt lat="45.075118" lon="8.973268">
                <ele>0</ele>
            </trkpt>
            <trkpt lat="45.07476" lon="8.973086">
                <ele>0</ele>
            </trkpt>
            <trkpt lat="45.074297" lon="8.972797">
                <ele>0</ele>
            </trkpt>
            <trkpt lat="45.073968" lon="8.972564">
                <ele>0</ele>
            </trkpt>
            <trkpt lat="45.073456" lon="8.972141">
                <ele>0</ele>
            </trkpt>
            <trkpt lat="45.073045" lon="8.971744">
                <ele>0</ele>
            </trkpt>
            <trkpt lat="45.070632" lon="8.969152">
                <ele>0</ele>
            </trkpt>
            <trkpt lat="45.067106" lon="8.965237">
                <ele>0</ele>
            </trkpt>
            <trkpt lat="45.066226" lon="8.964308">
                <ele>0</ele>
            </trkpt>
            <trkpt lat="45.06489" lon="8.962845">
                <ele>0</ele>
            </trkpt>
            <trkpt lat="45.063826" lon="8.961679">
                <ele>0</ele>
            </trkpt>
            <trkpt lat="45.0622" lon="8.95991">
                <ele>0</ele>
            </trkpt>
            <trkpt lat="45.06026" lon="8.957767">
                <ele>0</ele>
            </trkpt>
            <trkpt lat="45.059349" lon="8.956786">
                <ele>0</ele>
            </trkpt>
            <trkpt lat="45.056907" lon="8.954108">
                <ele>0</ele>
            </trkpt>
            <trkpt lat="45.056282" lon="8.953493">
                <ele>0</ele>
            </trkpt>
            <trkpt lat="45.055949" lon="8.953211">
                <ele>0</ele>
            </trkpt>
            <trkpt lat="45.055584" lon="8.952933">
                <ele>0</ele>
            </trkpt>
            <trkpt lat="45.054411" lon="8.952086">
                <ele>0</ele>
            </trkpt>
            <trkpt lat="45.052273" lon="8.950561">
                <ele>0</ele>
            </trkpt>
            <trkpt lat="45.048373" lon="8.947787">
                <ele>0</ele>
            </trkpt>
            <trkpt lat="45.044258" lon="8.944826">
                <ele>0</ele>
            </trkpt>
            <trkpt lat="45.040549" lon="8.942195">
                <ele>0</ele>
            </trkpt>
            <trkpt lat="45.034507" lon="8.937945">
                <ele>0</ele>
            </trkpt>
            <trkpt lat="45.028457" lon="8.933741">
                <ele>0</ele>
            </trkpt>
            <trkpt lat="45.02075" lon="8.928339">
                <ele>0</ele>
            </trkpt>
            <trkpt lat="45.01787" lon="8.926315">
                <ele>0</ele>
            </trkpt>
            <trkpt lat="45.016507" lon="8.925334">
                <ele>0</ele>
            </trkpt>
            <trkpt lat="45.016385" lon="8.925246">
                <ele>0</ele>
            </trkpt>
            <trkpt lat="45.015004" lon="8.924257">
                <ele>0</ele>
            </trkpt>
            <trkpt lat="45.014605" lon="8.923971">
                <ele>0</ele>
            </trkpt>
            <trkpt lat="45.01319" lon="8.922952">
                <ele>0</ele>
            </trkpt>
            <trkpt lat="45.010347" lon="8.920911">
                <ele>0</ele>
            </trkpt>
            <trkpt lat="45.008848" lon="8.919847">
                <ele>0</ele>
            </trkpt>
            <trkpt lat="45.004297" lon="8.916577">
                <ele>0</ele>
            </trkpt>
            <trkpt lat="45.001354" lon="8.91448">
                <ele>0</ele>
            </trkpt>
            <trkpt lat="45.000812" lon="8.914097">
                <ele>0</ele>
            </trkpt>
            <trkpt lat="44.996283" lon="8.910839">
                <ele>0</ele>
            </trkpt>
            <trkpt lat="44.994789" lon="8.909765">
                <ele>0</ele>
            </trkpt>
            <trkpt lat="44.990662" lon="8.9068">
                <ele>0</ele>
            </trkpt>
            <trkpt lat="44.986731" lon="8.903989">
                <ele>0</ele>
            </trkpt>
            <trkpt lat="44.982327" lon="8.900851">
                <ele>0</ele>
            </trkpt>
            <trkpt lat="44.982322" lon="8.900847">
                <ele>0</ele>
            </trkpt>
            <trkpt lat="44.981257" lon="8.900079">
                <ele>0</ele>
            </trkpt>
            <trkpt lat="44.980782" lon="8.899736">
                <ele>0</ele>
            </trkpt>
            <trkpt lat="44.978006" lon="8.897769">
                <ele>0</ele>
            </trkpt>
            <trkpt lat="44.976788" lon="8.896879">
                <ele>0</ele>
            </trkpt>
            <trkpt lat="44.976378" lon="8.896567">
                <ele>0</ele>
            </trkpt>
            <trkpt lat="44.975942" lon="8.896175">
                <ele>0</ele>
            </trkpt>
            <trkpt lat="44.975409" lon="8.895631">
                <ele>0</ele>
            </trkpt>
            <trkpt lat="44.974875" lon="8.89505">
                <ele>0</ele>
            </trkpt>
            <trkpt lat="44.973797" lon="8.893916">
                <ele>0</ele>
            </trkpt>
            <trkpt lat="44.972444" lon="8.892463">
                <ele>0</ele>
            </trkpt>
            <trkpt lat="44.971552" lon="8.891521">
                <ele>0</ele>
            </trkpt>
            <trkpt lat="44.970255" lon="8.890141">
                <ele>0</ele>
            </trkpt>
            <trkpt lat="44.968747" lon="8.888546">
                <ele>0</ele>
            </trkpt>
            <trkpt lat="44.965362" lon="8.884951">
                <ele>0</ele>
            </trkpt>
            <trkpt lat="44.961777" lon="8.881136">
                <ele>0</ele>
            </trkpt>
            <trkpt lat="44.961075" lon="8.880397">
                <ele>0</ele>
            </trkpt>
            <trkpt lat="44.959445" lon="8.878664">
                <ele>0</ele>
            </trkpt>
            <trkpt lat="44.95784" lon="8.876959">
                <ele>0</ele>
            </trkpt>
            <trkpt lat="44.956402" lon="8.875424">
                <ele>0</ele>
            </trkpt>
            <trkpt lat="44.955934" lon="8.874909">
                <ele>0</ele>
            </trkpt>
            <trkpt lat="44.95555" lon="8.874423">
                <ele>0</ele>
            </trkpt>
            <trkpt lat="44.955197" lon="8.873932">
                <ele>0</ele>
            </trkpt>
            <trkpt lat="44.954877" lon="8.87344">
                <ele>0</ele>
            </trkpt>
            <trkpt lat="44.954593" lon="8.872951">
                <ele>0</ele>
            </trkpt>
            <trkpt lat="44.954361" lon="8.872498">
                <ele>0</ele>
            </trkpt>
            <trkpt lat="44.954133" lon="8.872028">
                <ele>0</ele>
            </trkpt>
            <trkpt lat="44.953961" lon="8.87161">
                <ele>0</ele>
            </trkpt>
            <trkpt lat="44.953765" lon="8.871124">
                <ele>0</ele>
            </trkpt>
            <trkpt lat="44.95254" lon="8.867962">
                <ele>0</ele>
            </trkpt>
            <trkpt lat="44.951932" lon="8.866436">
                <ele>0</ele>
            </trkpt>
            <trkpt lat="44.951645" lon="8.865802">
                <ele>0</ele>
            </trkpt>
            <trkpt lat="44.951284" lon="8.865107">
                <ele>0</ele>
            </trkpt>
            <trkpt lat="44.950937" lon="8.864522">
                <ele>0</ele>
            </trkpt>
            <trkpt lat="44.950596" lon="8.863992">
                <ele>0</ele>
            </trkpt>
            <trkpt lat="44.950265" lon="8.863562">
                <ele>0</ele>
            </trkpt>
            <trkpt lat="44.949974" lon="8.863203">
                <ele>0</ele>
            </trkpt>
            <trkpt lat="44.949499" lon="8.862679">
                <ele>0</ele>
            </trkpt>
            <trkpt lat="44.949201" lon="8.862384">
                <ele>0</ele>
            </trkpt>
            <trkpt lat="44.948955" lon="8.862169">
                <ele>0</ele>
            </trkpt>
            <trkpt lat="44.948589" lon="8.861869">
                <ele>0</ele>
            </trkpt>
            <trkpt lat="44.948264" lon="8.861624">
                <ele>0</ele>
            </trkpt>
            <trkpt lat="44.947939" lon="8.861406">
                <ele>0</ele>
            </trkpt>
            <trkpt lat="44.946964" lon="8.860796">
                <ele>0</ele>
            </trkpt>
            <trkpt lat="44.944506" lon="8.859248">
                <ele>0</ele>
            </trkpt>
            <trkpt lat="44.941239" lon="8.857202">
                <ele>0</ele>
            </trkpt>
            <trkpt lat="44.93822" lon="8.855288">
                <ele>0</ele>
            </trkpt>
            <trkpt lat="44.935925" lon="8.853862">
                <ele>0</ele>
            </trkpt>
            <trkpt lat="44.934703" lon="8.853071">
                <ele>0</ele>
            </trkpt>
            <trkpt lat="44.932497" lon="8.851689">
                <ele>0</ele>
            </trkpt>
            <trkpt lat="44.931284" lon="8.850927">
                <ele>0</ele>
            </trkpt>
            <trkpt lat="44.930293" lon="8.850298">
                <ele>0</ele>
            </trkpt>
            <trkpt lat="44.928446" lon="8.849134">
                <ele>0</ele>
            </trkpt>
            <trkpt lat="44.926846" lon="8.848125">
                <ele>0</ele>
            </trkpt>
            <trkpt lat="44.926364" lon="8.847824">
                <ele>0</ele>
            </trkpt>
            <trkpt lat="44.925271" lon="8.847137">
                <ele>0</ele>
            </trkpt>
            <trkpt lat="44.924768" lon="8.846824">
                <ele>0</ele>
            </trkpt>
            <trkpt lat="44.924201" lon="8.846471">
                <ele>0</ele>
            </trkpt>
            <trkpt lat="44.923971" lon="8.846337">
                <ele>0</ele>
            </trkpt>
            <trkpt lat="44.923636" lon="8.846141">
                <ele>0</ele>
            </trkpt>
            <trkpt lat="44.922977" lon="8.845812">
                <ele>0</ele>
            </trkpt>
            <trkpt lat="44.92254" lon="8.845612">
                <ele>0</ele>
            </trkpt>
            <trkpt lat="44.922044" lon="8.845401">
                <ele>0</ele>
            </trkpt>
            <trkpt lat="44.921247" lon="8.845113">
                <ele>0</ele>
            </trkpt>
            <trkpt lat="44.920387" lon="8.844854">
                <ele>0</ele>
            </trkpt>
            <trkpt lat="44.9197" lon="8.844708">
                <ele>0</ele>
            </trkpt>
            <trkpt lat="44.918754" lon="8.844564">
                <ele>0</ele>
            </trkpt>
            <trkpt lat="44.917478" lon="8.844438">
                <ele>0</ele>
            </trkpt>
            <trkpt lat="44.916803" lon="8.844371">
                <ele>0</ele>
            </trkpt>
            <trkpt lat="44.913166" lon="8.844006">
                <ele>0</ele>
            </trkpt>
            <trkpt lat="44.912382" lon="8.843942">
                <ele>0</ele>
            </trkpt>
            <trkpt lat="44.911717" lon="8.843888">
                <ele>0</ele>
            </trkpt>
            <trkpt lat="44.910863" lon="8.84382">
                <ele>0</ele>
            </trkpt>
            <trkpt lat="44.909766" lon="8.843705">
                <ele>0</ele>
            </trkpt>
            <trkpt lat="44.908598" lon="8.843606">
                <ele>0</ele>
            </trkpt>
            <trkpt lat="44.907203" lon="8.843467">
                <ele>0</ele>
            </trkpt>
            <trkpt lat="44.906193" lon="8.843379">
                <ele>0</ele>
            </trkpt>
            <trkpt lat="44.904518" lon="8.843224">
                <ele>0</ele>
            </trkpt>
            <trkpt lat="44.903182" lon="8.843103">
                <ele>0</ele>
            </trkpt>
            <trkpt lat="44.901752" lon="8.842959">
                <ele>0</ele>
            </trkpt>
            <trkpt lat="44.901021" lon="8.842871">
                <ele>0</ele>
            </trkpt>
            <trkpt lat="44.900294" lon="8.842768">
                <ele>0</ele>
            </trkpt>
            <trkpt lat="44.899306" lon="8.84261">
                <ele>0</ele>
            </trkpt>
            <trkpt lat="44.898574" lon="8.842496">
                <ele>0</ele>
            </trkpt>
            <trkpt lat="44.897636" lon="8.842337">
                <ele>0</ele>
            </trkpt>
            <trkpt lat="44.896358" lon="8.842125">
                <ele>0</ele>
            </trkpt>
            <trkpt lat="44.894379" lon="8.841804">
                <ele>0</ele>
            </trkpt>
            <trkpt lat="44.893583" lon="8.841673">
                <ele>0</ele>
            </trkpt>
            <trkpt lat="44.893006" lon="8.841567">
                <ele>0</ele>
            </trkpt>
            <trkpt lat="44.892523" lon="8.841474">
                <ele>0</ele>
            </trkpt>
            <trkpt lat="44.892239" lon="8.841415">
                <ele>0</ele>
            </trkpt>
            <trkpt lat="44.891877" lon="8.841326">
                <ele>0</ele>
            </trkpt>
            <trkpt lat="44.891303" lon="8.841182">
                <ele>0</ele>
            </trkpt>
            <trkpt lat="44.891026" lon="8.841094">
                <ele>0</ele>
            </trkpt>
            <trkpt lat="44.890588" lon="8.840968">
                <ele>0</ele>
            </trkpt>
            <trkpt lat="44.890255" lon="8.840859">
                <ele>0</ele>
            </trkpt>
            <trkpt lat="44.890091" lon="8.840807">
                <ele>0</ele>
            </trkpt>
            <trkpt lat="44.889512" lon="8.840605">
                <ele>0</ele>
            </trkpt>
            <trkpt lat="44.888921" lon="8.840375">
                <ele>0</ele>
            </trkpt>
            <trkpt lat="44.888673" lon="8.84027">
                <ele>0</ele>
            </trkpt>
            <trkpt lat="44.888296" lon="8.84011">
                <ele>0</ele>
            </trkpt>
            <trkpt lat="44.886907" lon="8.839465">
                <ele>0</ele>
            </trkpt>
            <trkpt lat="44.883531" lon="8.837866">
                <ele>0</ele>
            </trkpt>
            <trkpt lat="44.878337" lon="8.835419">
                <ele>0</ele>
            </trkpt>
            <trkpt lat="44.876952" lon="8.834775">
                <ele>0</ele>
            </trkpt>
            <trkpt lat="44.873197" lon="8.833152">
                <ele>0</ele>
            </trkpt>
            <trkpt lat="44.872165" lon="8.832705">
                <ele>0</ele>
            </trkpt>
            <trkpt lat="44.868591" lon="8.831149">
                <ele>0</ele>
            </trkpt>
            <trkpt lat="44.868136" lon="8.830947">
                <ele>0</ele>
            </trkpt>
            <trkpt lat="44.867617" lon="8.830758">
                <ele>0</ele>
            </trkpt>
            <trkpt lat="44.867314" lon="8.830646">
                <ele>0</ele>
            </trkpt>
            <trkpt lat="44.866888" lon="8.830514">
                <ele>0</ele>
            </trkpt>
            <trkpt lat="44.866218" lon="8.830336">
                <ele>0</ele>
            </trkpt>
            <trkpt lat="44.865595" lon="8.830213">
                <ele>0</ele>
            </trkpt>
            <trkpt lat="44.865037" lon="8.830111">
                <ele>0</ele>
            </trkpt>
            <trkpt lat="44.864435" lon="8.830037">
                <ele>0</ele>
            </trkpt>
            <trkpt lat="44.863111" lon="8.829965">
                <ele>0</ele>
            </trkpt>
            <trkpt lat="44.86153" lon="8.829874">
                <ele>0</ele>
            </trkpt>
            <trkpt lat="44.857217" lon="8.829637">
                <ele>0</ele>
            </trkpt>
            <trkpt lat="44.854198" lon="8.829481">
                <ele>0</ele>
            </trkpt>
            <trkpt lat="44.852905" lon="8.829409">
                <ele>0</ele>
            </trkpt>
            <trkpt lat="44.852274" lon="8.829377">
                <ele>0</ele>
            </trkpt>
            <trkpt lat="44.846311" lon="8.82904">
                <ele>0</ele>
            </trkpt>
            <trkpt lat="44.844709" lon="8.828958">
                <ele>0</ele>
            </trkpt>
            <trkpt lat="44.843718" lon="8.828907">
                <ele>0</ele>
            </trkpt>
            <trkpt lat="44.841625" lon="8.828796">
                <ele>0</ele>
            </trkpt>
            <trkpt lat="44.841288" lon="8.828778">
                <ele>0</ele>
            </trkpt>
            <trkpt lat="44.840894" lon="8.828672">
                <ele>0</ele>
            </trkpt>
            <trkpt lat="44.840585" lon="8.82862">
                <ele>0</ele>
            </trkpt>
            <trkpt lat="44.839985" lon="8.82854">
                <ele>0</ele>
            </trkpt>
            <trkpt lat="44.839539" lon="8.828474">
                <ele>0</ele>
            </trkpt>
            <trkpt lat="44.838601" lon="8.828328">
                <ele>0</ele>
            </trkpt>
            <trkpt lat="44.838051" lon="8.828239">
                <ele>0</ele>
            </trkpt>
            <trkpt lat="44.837074" lon="8.828085">
                <ele>0</ele>
            </trkpt>
            <trkpt lat="44.83665" lon="8.828021">
                <ele>0</ele>
            </trkpt>
            <trkpt lat="44.836137" lon="8.827941">
                <ele>0</ele>
            </trkpt>
            <trkpt lat="44.835764" lon="8.827871">
                <ele>0</ele>
            </trkpt>
            <trkpt lat="44.835484" lon="8.827793">
                <ele>0</ele>
            </trkpt>
            <trkpt lat="44.835164" lon="8.827659">
                <ele>0</ele>
            </trkpt>
            <trkpt lat="44.834906" lon="8.82753">
                <ele>0</ele>
            </trkpt>
            <trkpt lat="44.834701" lon="8.827381">
                <ele>0</ele>
            </trkpt>
            <trkpt lat="44.834472" lon="8.827201">
                <ele>0</ele>
            </trkpt>
            <trkpt lat="44.83422" lon="8.826969">
                <ele>0</ele>
            </trkpt>
            <trkpt lat="44.833992" lon="8.826717">
                <ele>0</ele>
            </trkpt>
            <trkpt lat="44.833832" lon="8.826518">
                <ele>0</ele>
            </trkpt>
            <trkpt lat="44.833666" lon="8.826282">
                <ele>0</ele>
            </trkpt>
            <trkpt lat="44.833472" lon="8.825976">
                <ele>0</ele>
            </trkpt>
            <trkpt lat="44.833268" lon="8.825608">
                <ele>0</ele>
            </trkpt>
            <trkpt lat="44.833067" lon="8.825188">
                <ele>0</ele>
            </trkpt>
            <trkpt lat="44.832891" lon="8.824791">
                <ele>0</ele>
            </trkpt>
            <trkpt lat="44.832651" lon="8.824133">
                <ele>0</ele>
            </trkpt>
            <trkpt lat="44.832367" lon="8.823286">
                <ele>0</ele>
            </trkpt>
            <trkpt lat="44.832269" lon="8.822916">
                <ele>0</ele>
            </trkpt>
            <trkpt lat="44.8321" lon="8.822229">
                <ele>0</ele>
            </trkpt>
            <trkpt lat="44.831727" lon="8.820674">
                <ele>0</ele>
            </trkpt>
            <trkpt lat="44.831079" lon="8.8179">
                <ele>0</ele>
            </trkpt>
            <trkpt lat="44.828256" lon="8.806008">
                <ele>0</ele>
            </trkpt>
            <trkpt lat="44.827696" lon="8.803658">
                <ele>0</ele>
            </trkpt>
            <trkpt lat="44.827619" lon="8.803338">
                <ele>0</ele>
            </trkpt>
            <trkpt lat="44.827535" lon="8.802994">
                <ele>0</ele>
            </trkpt>
            <trkpt lat="44.827351" lon="8.802204">
                <ele>0</ele>
            </trkpt>
            <trkpt lat="44.826912" lon="8.800358">
                <ele>0</ele>
            </trkpt>
            <trkpt lat="44.826498" lon="8.798589">
                <ele>0</ele>
            </trkpt>
            <trkpt lat="44.825989" lon="8.796468">
                <ele>0</ele>
            </trkpt>
            <trkpt lat="44.825755" lon="8.795597">
                <ele>0</ele>
            </trkpt>
            <trkpt lat="44.825539" lon="8.794823">
                <ele>0</ele>
            </trkpt>
            <trkpt lat="44.825281" lon="8.793949">
                <ele>0</ele>
            </trkpt>
            <trkpt lat="44.825041" lon="8.793222">
                <ele>0</ele>
            </trkpt>
            <trkpt lat="44.824518" lon="8.791713">
                <ele>0</ele>
            </trkpt>
            <trkpt lat="44.824153" lon="8.790773">
                <ele>0</ele>
            </trkpt>
            <trkpt lat="44.823796" lon="8.789892">
                <ele>0</ele>
            </trkpt>
            <trkpt lat="44.823254" lon="8.788666">
                <ele>0</ele>
            </trkpt>
            <trkpt lat="44.822866" lon="8.787846">
                <ele>0</ele>
            </trkpt>
            <trkpt lat="44.822508" lon="8.787124">
                <ele>0</ele>
            </trkpt>
            <trkpt lat="44.82233" lon="8.786771">
                <ele>0</ele>
            </trkpt>
            <trkpt lat="44.821886" lon="8.785942">
                <ele>0</ele>
            </trkpt>
            <trkpt lat="44.821381" lon="8.785069">
                <ele>0</ele>
            </trkpt>
            <trkpt lat="44.82068" lon="8.78391">
                <ele>0</ele>
            </trkpt>
            <trkpt lat="44.819048" lon="8.781226">
                <ele>0</ele>
            </trkpt>
            <trkpt lat="44.817042" lon="8.777937">
                <ele>0</ele>
            </trkpt>
            <trkpt lat="44.815978" lon="8.776201">
                <ele>0</ele>
            </trkpt>
            <trkpt lat="44.813947" lon="8.772854">
                <ele>0</ele>
            </trkpt>
            <trkpt lat="44.812935" lon="8.771197">
                <ele>0</ele>
            </trkpt>
            <trkpt lat="44.81175" lon="8.769261">
                <ele>0</ele>
            </trkpt>
            <trkpt lat="44.810817" lon="8.767698">
                <ele>0</ele>
            </trkpt>
            <trkpt lat="44.809821" lon="8.765946">
                <ele>0</ele>
            </trkpt>
            <trkpt lat="44.809652" lon="8.765651">
                <ele>0</ele>
            </trkpt>
            <trkpt lat="44.809513" lon="8.7654">
                <ele>0</ele>
            </trkpt>
            <trkpt lat="44.805815" lon="8.758821">
                <ele>0</ele>
            </trkpt>
            <trkpt lat="44.803936" lon="8.755461">
                <ele>0</ele>
            </trkpt>
            <trkpt lat="44.802544" lon="8.753003">
                <ele>0</ele>
            </trkpt>
            <trkpt lat="44.801125" lon="8.750458">
                <ele>0</ele>
            </trkpt>
            <trkpt lat="44.800542" lon="8.749433">
                <ele>0</ele>
            </trkpt>
            <trkpt lat="44.799086" lon="8.746852">
                <ele>0</ele>
            </trkpt>
            <trkpt lat="44.797659" lon="8.744313">
                <ele>0</ele>
            </trkpt>
            <trkpt lat="44.797474" lon="8.743991">
                <ele>0</ele>
            </trkpt>
            <trkpt lat="44.796724" lon="8.742645">
                <ele>0</ele>
            </trkpt>
            <trkpt lat="44.796534" lon="8.742307">
                <ele>0</ele>
            </trkpt>
            <trkpt lat="44.796326" lon="8.741941">
                <ele>0</ele>
            </trkpt>
            <trkpt lat="44.793265" lon="8.736454">
                <ele>0</ele>
            </trkpt>
            <trkpt lat="44.792563" lon="8.735197">
                <ele>0</ele>
            </trkpt>
            <trkpt lat="44.791337" lon="8.733015">
                <ele>0</ele>
            </trkpt>
            <trkpt lat="44.790303" lon="8.731162">
                <ele>0</ele>
            </trkpt>
            <trkpt lat="44.788805" lon="8.728515">
                <ele>0</ele>
            </trkpt>
            <trkpt lat="44.788731" lon="8.728379">
                <ele>0</ele>
            </trkpt>
            <trkpt lat="44.7879" lon="8.726901">
                <ele>0</ele>
            </trkpt>
            <trkpt lat="44.787299" lon="8.725806">
                <ele>0</ele>
            </trkpt>
            <trkpt lat="44.786901" lon="8.725007">
                <ele>0</ele>
            </trkpt>
            <trkpt lat="44.78656" lon="8.72427">
                <ele>0</ele>
            </trkpt>
            <trkpt lat="44.786181" lon="8.723374">
                <ele>0</ele>
            </trkpt>
            <trkpt lat="44.785892" lon="8.722626">
                <ele>0</ele>
            </trkpt>
            <trkpt lat="44.785672" lon="8.722011">
                <ele>0</ele>
            </trkpt>
            <trkpt lat="44.785502" lon="8.721517">
                <ele>0</ele>
            </trkpt>
            <trkpt lat="44.785187" lon="8.720492">
                <ele>0</ele>
            </trkpt>
            <trkpt lat="44.78471" lon="8.71882">
                <ele>0</ele>
            </trkpt>
            <trkpt lat="44.781733" lon="8.708334">
                <ele>0</ele>
            </trkpt>
            <trkpt lat="44.781078" lon="8.706023">
                <ele>0</ele>
            </trkpt>
            <trkpt lat="44.779857" lon="8.701711">
                <ele>0</ele>
            </trkpt>
            <trkpt lat="44.779412" lon="8.700163">
                <ele>0</ele>
            </trkpt>
            <trkpt lat="44.779072" lon="8.698892">
                <ele>0</ele>
            </trkpt>
            <trkpt lat="44.778692" lon="8.697394">
                <ele>0</ele>
            </trkpt>
            <trkpt lat="44.778394" lon="8.696106">
                <ele>0</ele>
            </trkpt>
            <trkpt lat="44.77809" lon="8.694695">
                <ele>0</ele>
            </trkpt>
            <trkpt lat="44.777849" lon="8.693506">
                <ele>0</ele>
            </trkpt>
            <trkpt lat="44.777652" lon="8.692424">
                <ele>0</ele>
            </trkpt>
            <trkpt lat="44.777431" lon="8.69115">
                <ele>0</ele>
            </trkpt>
            <trkpt lat="44.77724" lon="8.68994">
                <ele>0</ele>
            </trkpt>
            <trkpt lat="44.777064" lon="8.688683">
                <ele>0</ele>
            </trkpt>
            <trkpt lat="44.776837" lon="8.686843">
                <ele>0</ele>
            </trkpt>
            <trkpt lat="44.776141" lon="8.680705">
                <ele>0</ele>
            </trkpt>
            <trkpt lat="44.775987" lon="8.679418">
                <ele>0</ele>
            </trkpt>
            <trkpt lat="44.775775" lon="8.678128">
                <ele>0</ele>
            </trkpt>
            <trkpt lat="44.775512" lon="8.676815">
                <ele>0</ele>
            </trkpt>
            <trkpt lat="44.775333" lon="8.676055">
                <ele>0</ele>
            </trkpt>
            <trkpt lat="44.775054" lon="8.675007">
                <ele>0</ele>
            </trkpt>
            <trkpt lat="44.774752" lon="8.674005">
                <ele>0</ele>
            </trkpt>
            <trkpt lat="44.774427" lon="8.673034">
                <ele>0</ele>
            </trkpt>
            <trkpt lat="44.774032" lon="8.671998">
                <ele>0</ele>
            </trkpt>
            <trkpt lat="44.773467" lon="8.67066">
                <ele>0</ele>
            </trkpt>
            <trkpt lat="44.772511" lon="8.668465">
                <ele>0</ele>
            </trkpt>
            <trkpt lat="44.769567" lon="8.661672">
                <ele>0</ele>
            </trkpt>
            <trkpt lat="44.767613" lon="8.657168">
                <ele>0</ele>
            </trkpt>
            <trkpt lat="44.767372" lon="8.656608">
                <ele>0</ele>
            </trkpt>
            <trkpt lat="44.767086" lon="8.655949">
                <ele>0</ele>
            </trkpt>
            <trkpt lat="44.765283" lon="8.651793">
                <ele>0</ele>
            </trkpt>
            <trkpt lat="44.7649" lon="8.65091">
                <ele>0</ele>
            </trkpt>
            <trkpt lat="44.764148" lon="8.649189">
                <ele>0</ele>
            </trkpt>
            <trkpt lat="44.763413" lon="8.647494">
                <ele>0</ele>
            </trkpt>
            <trkpt lat="44.762944" lon="8.646412">
                <ele>0</ele>
            </trkpt>
            <trkpt lat="44.762762" lon="8.645993">
                <ele>0</ele>
            </trkpt>
            <trkpt lat="44.76268" lon="8.645812">
                <ele>0</ele>
            </trkpt>
            <trkpt lat="44.76259" lon="8.645622">
                <ele>0</ele>
            </trkpt>
            <trkpt lat="44.762476" lon="8.645413">
                <ele>0</ele>
            </trkpt>
            <trkpt lat="44.762264" lon="8.645061">
                <ele>0</ele>
            </trkpt>
            <trkpt lat="44.762084" lon="8.644776">
                <ele>0</ele>
            </trkpt>
            <trkpt lat="44.761849" lon="8.644422">
                <ele>0</ele>
            </trkpt>
            <trkpt lat="44.761521" lon="8.644007">
                <ele>0</ele>
            </trkpt>
            <trkpt lat="44.7613" lon="8.643773">
                <ele>0</ele>
            </trkpt>
            <trkpt lat="44.76101" lon="8.643508">
                <ele>0</ele>
            </trkpt>
            <trkpt lat="44.760783" lon="8.643328">
                <ele>0</ele>
            </trkpt>
            <trkpt lat="44.760643" lon="8.643225">
                <ele>0</ele>
            </trkpt>
            <trkpt lat="44.760478" lon="8.643121">
                <ele>0</ele>
            </trkpt>
            <trkpt lat="44.760276" lon="8.643022">
                <ele>0</ele>
            </trkpt>
            <trkpt lat="44.760122" lon="8.642961">
                <ele>0</ele>
            </trkpt>
            <trkpt lat="44.759995" lon="8.642926">
                <ele>0</ele>
            </trkpt>
            <trkpt lat="44.759862" lon="8.642893">
                <ele>0</ele>
            </trkpt>
            <trkpt lat="44.759639" lon="8.642859">
                <ele>0</ele>
            </trkpt>
            <trkpt lat="44.759404" lon="8.642826">
                <ele>0</ele>
            </trkpt>
            <trkpt lat="44.759181" lon="8.642816">
                <ele>0</ele>
            </trkpt>
            <trkpt lat="44.758907" lon="8.642821">
                <ele>0</ele>
            </trkpt>
            <trkpt lat="44.758636" lon="8.642845">
                <ele>0</ele>
            </trkpt>
            <trkpt lat="44.758391" lon="8.642891">
                <ele>0</ele>
            </trkpt>
            <trkpt lat="44.758126" lon="8.64296">
                <ele>0</ele>
            </trkpt>
            <trkpt lat="44.757863" lon="8.643048">
                <ele>0</ele>
            </trkpt>
            <trkpt lat="44.757629" lon="8.643144">
                <ele>0</ele>
            </trkpt>
            <trkpt lat="44.757386" lon="8.643289">
                <ele>0</ele>
            </trkpt>
            <trkpt lat="44.757149" lon="8.643468">
                <ele>0</ele>
            </trkpt>
            <trkpt lat="44.756953" lon="8.643642">
                <ele>0</ele>
            </trkpt>
            <trkpt lat="44.756759" lon="8.643859">
                <ele>0</ele>
            </trkpt>
            <trkpt lat="44.75649" lon="8.644192">
                <ele>0</ele>
            </trkpt>
            <trkpt lat="44.756209" lon="8.644527">
                <ele>0</ele>
            </trkpt>
            <trkpt lat="44.756073" lon="8.644683">
                <ele>0</ele>
            </trkpt>
            <trkpt lat="44.755942" lon="8.644818">
                <ele>0</ele>
            </trkpt>
            <trkpt lat="44.755823" lon="8.644921">
                <ele>0</ele>
            </trkpt>
            <trkpt lat="44.755642" lon="8.64508">
                <ele>0</ele>
            </trkpt>
            <trkpt lat="44.755467" lon="8.645211">
                <ele>0</ele>
            </trkpt>
            <trkpt lat="44.75525" lon="8.64536">
                <ele>0</ele>
            </trkpt>
            <trkpt lat="44.755059" lon="8.64547">
                <ele>0</ele>
            </trkpt>
            <trkpt lat="44.754837" lon="8.645583">
                <ele>0</ele>
            </trkpt>
            <trkpt lat="44.754607" lon="8.645687">
                <ele>0</ele>
            </trkpt>
            <trkpt lat="44.754236" lon="8.645829">
                <ele>0</ele>
            </trkpt>
            <trkpt lat="44.753954" lon="8.645931">
                <ele>0</ele>
            </trkpt>
            <trkpt lat="44.753709" lon="8.645998">
                <ele>0</ele>
            </trkpt>
            <trkpt lat="44.752984" lon="8.646179">
                <ele>0</ele>
            </trkpt>
            <trkpt lat="44.752825" lon="8.646205">
                <ele>0</ele>
            </trkpt>
            <trkpt lat="44.7526" lon="8.64624">
                <ele>0</ele>
            </trkpt>
            <trkpt lat="44.751573" lon="8.646406">
                <ele>0</ele>
            </trkpt>
            <trkpt lat="44.750899" lon="8.646538">
                <ele>0</ele>
            </trkpt>
            <trkpt lat="44.749957" lon="8.646746">
                <ele>0</ele>
            </trkpt>
            <trkpt lat="44.749676" lon="8.646823">
                <ele>0</ele>
            </trkpt>
            <trkpt lat="44.749239" lon="8.64695">
                <ele>0</ele>
            </trkpt>
            <trkpt lat="44.748881" lon="8.647052">
                <ele>0</ele>
            </trkpt>
            <trkpt lat="44.748099" lon="8.647316">
                <ele>0</ele>
            </trkpt>
            <trkpt lat="44.747292" lon="8.647608">
                <ele>0</ele>
            </trkpt>
            <trkpt lat="44.746711" lon="8.647862">
                <ele>0</ele>
            </trkpt>
            <trkpt lat="44.743421" lon="8.64938">
                <ele>0</ele>
            </trkpt>
            <trkpt lat="44.742982" lon="8.649607">
                <ele>0</ele>
            </trkpt>
            <trkpt lat="44.742504" lon="8.649905">
                <ele>0</ele>
            </trkpt>
            <trkpt lat="44.741987" lon="8.650258">
                <ele>0</ele>
            </trkpt>
            <trkpt lat="44.741487" lon="8.650655">
                <ele>0</ele>
            </trkpt>
            <trkpt lat="44.741039" lon="8.651035">
                <ele>0</ele>
            </trkpt>
            <trkpt lat="44.740478" lon="8.65159">
                <ele>0</ele>
            </trkpt>
            <trkpt lat="44.740033" lon="8.652085">
                <ele>0</ele>
            </trkpt>
            <trkpt lat="44.739655" lon="8.652549">
                <ele>0</ele>
            </trkpt>
            <trkpt lat="44.739294" lon="8.653032">
                <ele>0</ele>
            </trkpt>
            <trkpt lat="44.739001" lon="8.653464">
                <ele>0</ele>
            </trkpt>
            <trkpt lat="44.738652" lon="8.65401">
                <ele>0</ele>
            </trkpt>
            <trkpt lat="44.738378" lon="8.654495">
                <ele>0</ele>
            </trkpt>
            <trkpt lat="44.737877" lon="8.655445">
                <ele>0</ele>
            </trkpt>
            <trkpt lat="44.737382" lon="8.656414">
                <ele>0</ele>
            </trkpt>
            <trkpt lat="44.737085" lon="8.656959">
                <ele>0</ele>
            </trkpt>
            <trkpt lat="44.737077" lon="8.656974">
                <ele>0</ele>
            </trkpt>
            <trkpt lat="44.73677" lon="8.657504">
                <ele>0</ele>
            </trkpt>
            <trkpt lat="44.736463" lon="8.657981">
                <ele>0</ele>
            </trkpt>
            <trkpt lat="44.736109" lon="8.658521">
                <ele>0</ele>
            </trkpt>
            <trkpt lat="44.735734" lon="8.659039">
                <ele>0</ele>
            </trkpt>
            <trkpt lat="44.735337" lon="8.659543">
                <ele>0</ele>
            </trkpt>
            <trkpt lat="44.734905" lon="8.660044">
                <ele>0</ele>
            </trkpt>
            <trkpt lat="44.734372" lon="8.660611">
                <ele>0</ele>
            </trkpt>
            <trkpt lat="44.733932" lon="8.661034">
                <ele>0</ele>
            </trkpt>
            <trkpt lat="44.733571" lon="8.661359">
                <ele>0</ele>
            </trkpt>
            <trkpt lat="44.733167" lon="8.661692">
                <ele>0</ele>
            </trkpt>
            <trkpt lat="44.732781" lon="8.661994">
                <ele>0</ele>
            </trkpt>
            <trkpt lat="44.73234" lon="8.6623">
                <ele>0</ele>
            </trkpt>
            <trkpt lat="44.731921" lon="8.66257">
                <ele>0</ele>
            </trkpt>
            <trkpt lat="44.7314" lon="8.662886">
                <ele>0</ele>
            </trkpt>
            <trkpt lat="44.727577" lon="8.66509">
                <ele>0</ele>
            </trkpt>
            <trkpt lat="44.726663" lon="8.665617">
                <ele>0</ele>
            </trkpt>
            <trkpt lat="44.726657" lon="8.66562">
                <ele>0</ele>
            </trkpt>
            <trkpt lat="44.726396" lon="8.665769">
                <ele>0</ele>
            </trkpt>
            <trkpt lat="44.726045" lon="8.665958">
                <ele>0</ele>
            </trkpt>
            <trkpt lat="44.725911" lon="8.666029">
                <ele>0</ele>
            </trkpt>
            <trkpt lat="44.725742" lon="8.666118">
                <ele>0</ele>
            </trkpt>
            <trkpt lat="44.725571" lon="8.666204">
                <ele>0</ele>
            </trkpt>
            <trkpt lat="44.725088" lon="8.666415">
                <ele>0</ele>
            </trkpt>
            <trkpt lat="44.724611" lon="8.666605">
                <ele>0</ele>
            </trkpt>
            <trkpt lat="44.724116" lon="8.666775">
                <ele>0</ele>
            </trkpt>
            <trkpt lat="44.723605" lon="8.666912">
                <ele>0</ele>
            </trkpt>
            <trkpt lat="44.72319" lon="8.667006">
                <ele>0</ele>
            </trkpt>
            <trkpt lat="44.722579" lon="8.667112">
                <ele>0</ele>
            </trkpt>
            <trkpt lat="44.722226" lon="8.667149">
                <ele>0</ele>
            </trkpt>
            <trkpt lat="44.721776" lon="8.667184">
                <ele>0</ele>
            </trkpt>
            <trkpt lat="44.721199" lon="8.667193">
                <ele>0</ele>
            </trkpt>
            <trkpt lat="44.720538" lon="8.667172">
                <ele>0</ele>
            </trkpt>
            <trkpt lat="44.719802" lon="8.667091">
                <ele>0</ele>
            </trkpt>
            <trkpt lat="44.717954" lon="8.666819">
                <ele>0</ele>
            </trkpt>
            <trkpt lat="44.717222" lon="8.666716">
                <ele>0</ele>
            </trkpt>
            <trkpt lat="44.716373" lon="8.666635">
                <ele>0</ele>
            </trkpt>
            <trkpt lat="44.715714" lon="8.666594">
                <ele>0</ele>
            </trkpt>
            <trkpt lat="44.715071" lon="8.666575">
                <ele>0</ele>
            </trkpt>
            <trkpt lat="44.714487" lon="8.666583">
                <ele>0</ele>
            </trkpt>
            <trkpt lat="44.713858" lon="8.666599">
                <ele>0</ele>
            </trkpt>
            <trkpt lat="44.713296" lon="8.666633">
                <ele>0</ele>
            </trkpt>
            <trkpt lat="44.712701" lon="8.666691">
                <ele>0</ele>
            </trkpt>
            <trkpt lat="44.712121" lon="8.666763">
                <ele>0</ele>
            </trkpt>
            <trkpt lat="44.71046" lon="8.667008">
                <ele>0</ele>
            </trkpt>
            <trkpt lat="44.709213" lon="8.667204">
                <ele>0</ele>
            </trkpt>
            <trkpt lat="44.708391" lon="8.667325">
                <ele>0</ele>
            </trkpt>
            <trkpt lat="44.707749" lon="8.667403">
                <ele>0</ele>
            </trkpt>
            <trkpt lat="44.706953" lon="8.667475">
                <ele>0</ele>
            </trkpt>
            <trkpt lat="44.706311" lon="8.667516">
                <ele>0</ele>
            </trkpt>
            <trkpt lat="44.705504" lon="8.667525">
                <ele>0</ele>
            </trkpt>
            <trkpt lat="44.704857" lon="8.667509">
                <ele>0</ele>
            </trkpt>
            <trkpt lat="44.704169" lon="8.667468">
                <ele>0</ele>
            </trkpt>
            <trkpt lat="44.703596" lon="8.667419">
                <ele>0</ele>
            </trkpt>
            <trkpt lat="44.703017" lon="8.667344">
                <ele>0</ele>
            </trkpt>
            <trkpt lat="44.702147" lon="8.667218">
                <ele>0</ele>
            </trkpt>
            <trkpt lat="44.699354" lon="8.666731">
                <ele>0</ele>
            </trkpt>
            <trkpt lat="44.699229" lon="8.666709">
                <ele>0</ele>
            </trkpt>
            <trkpt lat="44.697539" lon="8.666415">
                <ele>0</ele>
            </trkpt>
            <trkpt lat="44.691651" lon="8.665419">
                <ele>0</ele>
            </trkpt>
            <trkpt lat="44.690946" lon="8.665264">
                <ele>0</ele>
            </trkpt>
            <trkpt lat="44.690477" lon="8.665127">
                <ele>0</ele>
            </trkpt>
            <trkpt lat="44.68995" lon="8.664945">
                <ele>0</ele>
            </trkpt>
            <trkpt lat="44.689264" lon="8.664663">
                <ele>0</ele>
            </trkpt>
            <trkpt lat="44.688759" lon="8.664412">
                <ele>0</ele>
            </trkpt>
            <trkpt lat="44.6839" lon="8.661718">
                <ele>0</ele>
            </trkpt>
            <trkpt lat="44.678613" lon="8.658778">
                <ele>0</ele>
            </trkpt>
            <trkpt lat="44.678311" lon="8.65863">
                <ele>0</ele>
            </trkpt>
            <trkpt lat="44.678006" lon="8.658499">
                <ele>0</ele>
            </trkpt>
            <trkpt lat="44.677596" lon="8.658353">
                <ele>0</ele>
            </trkpt>
            <trkpt lat="44.677153" lon="8.658238">
                <ele>0</ele>
            </trkpt>
            <trkpt lat="44.676723" lon="8.658156">
                <ele>0</ele>
            </trkpt>
            <trkpt lat="44.676262" lon="8.65812">
                <ele>0</ele>
            </trkpt>
            <trkpt lat="44.675995" lon="8.658117">
                <ele>0</ele>
            </trkpt>
            <trkpt lat="44.675638" lon="8.658132">
                <ele>0</ele>
            </trkpt>
            <trkpt lat="44.675276" lon="8.658172">
                <ele>0</ele>
            </trkpt>
            <trkpt lat="44.674927" lon="8.658231">
                <ele>0</ele>
            </trkpt>
            <trkpt lat="44.67458" lon="8.658318">
                <ele>0</ele>
            </trkpt>
            <trkpt lat="44.674079" lon="8.658474">
                <ele>0</ele>
            </trkpt>
            <trkpt lat="44.673744" lon="8.658591">
                <ele>0</ele>
            </trkpt>
            <trkpt lat="44.67339" lon="8.658719">
                <ele>0</ele>
            </trkpt>
            <trkpt lat="44.671282" lon="8.65947">
                <ele>0</ele>
            </trkpt>
            <trkpt lat="44.670937" lon="8.659581">
                <ele>0</ele>
            </trkpt>
            <trkpt lat="44.670595" lon="8.659686">
                <ele>0</ele>
            </trkpt>
            <trkpt lat="44.670238" lon="8.659769">
                <ele>0</ele>
            </trkpt>
            <trkpt lat="44.669891" lon="8.659835">
                <ele>0</ele>
            </trkpt>
            <trkpt lat="44.669429" lon="8.659897">
                <ele>0</ele>
            </trkpt>
            <trkpt lat="44.668964" lon="8.659936">
                <ele>0</ele>
            </trkpt>
            <trkpt lat="44.668638" lon="8.659942">
                <ele>0</ele>
            </trkpt>
            <trkpt lat="44.668297" lon="8.659939">
                <ele>0</ele>
            </trkpt>
            <trkpt lat="44.668285" lon="8.659939">
                <ele>0</ele>
            </trkpt>
            <trkpt lat="44.667933" lon="8.659911">
                <ele>0</ele>
            </trkpt>
            <trkpt lat="44.667519" lon="8.659863">
                <ele>0</ele>
            </trkpt>
            <trkpt lat="44.667038" lon="8.659787">
                <ele>0</ele>
            </trkpt>
            <trkpt lat="44.662833" lon="8.658943">
                <ele>0</ele>
            </trkpt>
            <trkpt lat="44.662396" lon="8.658889">
                <ele>0</ele>
            </trkpt>
            <trkpt lat="44.661957" lon="8.658847">
                <ele>0</ele>
            </trkpt>
            <trkpt lat="44.661519" lon="8.658824">
                <ele>0</ele>
            </trkpt>
            <trkpt lat="44.660883" lon="8.658808">
                <ele>0</ele>
            </trkpt>
            <trkpt lat="44.660383" lon="8.658854">
                <ele>0</ele>
            </trkpt>
            <trkpt lat="44.659454" lon="8.658952">
                <ele>0</ele>
            </trkpt>
            <trkpt lat="44.65869" lon="8.659045">
                <ele>0</ele>
            </trkpt>
            <trkpt lat="44.658057" lon="8.659118">
                <ele>0</ele>
            </trkpt>
            <trkpt lat="44.656093" lon="8.659344">
                <ele>0</ele>
            </trkpt>
            <trkpt lat="44.656078" lon="8.659346">
                <ele>0</ele>
            </trkpt>
            <trkpt lat="44.655311" lon="8.659426">
                <ele>0</ele>
            </trkpt>
            <trkpt lat="44.655273" lon="8.659432">
                <ele>0</ele>
            </trkpt>
            <trkpt lat="44.654833" lon="8.6595">
                <ele>0</ele>
            </trkpt>
            <trkpt lat="44.654441" lon="8.659584">
                <ele>0</ele>
            </trkpt>
            <trkpt lat="44.653929" lon="8.659713">
                <ele>0</ele>
            </trkpt>
            <trkpt lat="44.653393" lon="8.659887">
                <ele>0</ele>
            </trkpt>
            <trkpt lat="44.652943" lon="8.660088">
                <ele>0</ele>
            </trkpt>
            <trkpt lat="44.652608" lon="8.660253">
                <ele>0</ele>
            </trkpt>
            <trkpt lat="44.652359" lon="8.660391">
                <ele>0</ele>
            </trkpt>
            <trkpt lat="44.651761" lon="8.660746">
                <ele>0</ele>
            </trkpt>
            <trkpt lat="44.651226" lon="8.661055">
                <ele>0</ele>
            </trkpt>
            <trkpt lat="44.650822" lon="8.661259">
                <ele>0</ele>
            </trkpt>
            <trkpt lat="44.650567" lon="8.661372">
                <ele>0</ele>
            </trkpt>
            <trkpt lat="44.650377" lon="8.661442">
                <ele>0</ele>
            </trkpt>
            <trkpt lat="44.650142" lon="8.661514">
                <ele>0</ele>
            </trkpt>
            <trkpt lat="44.649869" lon="8.66158">
                <ele>0</ele>
            </trkpt>
            <trkpt lat="44.649597" lon="8.661628">
                <ele>0</ele>
            </trkpt>
            <trkpt lat="44.649309" lon="8.661652">
                <ele>0</ele>
            </trkpt>
            <trkpt lat="44.649036" lon="8.661654">
                <ele>0</ele>
            </trkpt>
            <trkpt lat="44.64867" lon="8.661626">
                <ele>0</ele>
            </trkpt>
            <trkpt lat="44.648341" lon="8.661578">
                <ele>0</ele>
            </trkpt>
            <trkpt lat="44.648054" lon="8.661512">
                <ele>0</ele>
            </trkpt>
            <trkpt lat="44.646296" lon="8.661019">
                <ele>0</ele>
            </trkpt>
            <trkpt lat="44.645112" lon="8.660699">
                <ele>0</ele>
            </trkpt>
            <trkpt lat="44.644436" lon="8.660499">
                <ele>0</ele>
            </trkpt>
            <trkpt lat="44.644419" lon="8.660495">
                <ele>0</ele>
            </trkpt>
            <trkpt lat="44.644037" lon="8.660403">
                <ele>0</ele>
            </trkpt>
            <trkpt lat="44.643628" lon="8.660313">
                <ele>0</ele>
            </trkpt>
            <trkpt lat="44.643308" lon="8.66028">
                <ele>0</ele>
            </trkpt>
            <trkpt lat="44.642921" lon="8.660273">
                <ele>0</ele>
            </trkpt>
            <trkpt lat="44.642639" lon="8.660295">
                <ele>0</ele>
            </trkpt>
            <trkpt lat="44.642404" lon="8.660328">
                <ele>0</ele>
            </trkpt>
            <trkpt lat="44.642158" lon="8.660376">
                <ele>0</ele>
            </trkpt>
            <trkpt lat="44.641952" lon="8.660426">
                <ele>0</ele>
            </trkpt>
            <trkpt lat="44.64161" lon="8.660531">
                <ele>0</ele>
            </trkpt>
            <trkpt lat="44.64077" lon="8.660829">
                <ele>0</ele>
            </trkpt>
            <trkpt lat="44.639264" lon="8.661375">
                <ele>0</ele>
            </trkpt>
            <trkpt lat="44.63722" lon="8.66214">
                <ele>0</ele>
            </trkpt>
            <trkpt lat="44.636622" lon="8.662354">
                <ele>0</ele>
            </trkpt>
            <trkpt lat="44.636228" lon="8.662493">
                <ele>0</ele>
            </trkpt>
            <trkpt lat="44.635735" lon="8.662657">
                <ele>0</ele>
            </trkpt>
            <trkpt lat="44.635403" lon="8.662755">
                <ele>0</ele>
            </trkpt>
            <trkpt lat="44.63539" lon="8.662759">
                <ele>0</ele>
            </trkpt>
            <trkpt lat="44.635203" lon="8.662807">
                <ele>0</ele>
            </trkpt>
            <trkpt lat="44.634971" lon="8.662851">
                <ele>0</ele>
            </trkpt>
            <trkpt lat="44.634875" lon="8.662866">
                <ele>0</ele>
            </trkpt>
            <trkpt lat="44.634799" lon="8.662877">
                <ele>0</ele>
            </trkpt>
            <trkpt lat="44.634532" lon="8.662884">
                <ele>0</ele>
            </trkpt>
            <trkpt lat="44.634244" lon="8.662887">
                <ele>0</ele>
            </trkpt>
            <trkpt lat="44.633978" lon="8.662865">
                <ele>0</ele>
            </trkpt>
            <trkpt lat="44.633675" lon="8.662822">
                <ele>0</ele>
            </trkpt>
            <trkpt lat="44.633408" lon="8.662757">
                <ele>0</ele>
            </trkpt>
            <trkpt lat="44.633152" lon="8.662676">
                <ele>0</ele>
            </trkpt>
            <trkpt lat="44.632926" lon="8.662588">
                <ele>0</ele>
            </trkpt>
            <trkpt lat="44.632721" lon="8.662498">
                <ele>0</ele>
            </trkpt>
            <trkpt lat="44.632509" lon="8.662388">
                <ele>0</ele>
            </trkpt>
            <trkpt lat="44.632475" lon="8.662367">
                <ele>0</ele>
            </trkpt>
            <trkpt lat="44.632221" lon="8.662212">
                <ele>0</ele>
            </trkpt>
            <trkpt lat="44.631868" lon="8.661956">
                <ele>0</ele>
            </trkpt>
            <trkpt lat="44.631546" lon="8.661676">
                <ele>0</ele>
            </trkpt>
            <trkpt lat="44.63081" lon="8.661009">
                <ele>0</ele>
            </trkpt>
            <trkpt lat="44.63042" lon="8.66054">
                <ele>0</ele>
            </trkpt>
            <trkpt lat="44.630174" lon="8.660083">
                <ele>0</ele>
            </trkpt>
            <trkpt lat="44.630041" lon="8.659642">
                <ele>0</ele>
            </trkpt>
            <trkpt lat="44.630011" lon="8.659516">
                <ele>0</ele>
            </trkpt>
            <trkpt lat="44.629992" lon="8.659386">
                <ele>0</ele>
            </trkpt>
            <trkpt lat="44.629972" lon="8.659097">
                <ele>0</ele>
            </trkpt>
            <trkpt lat="44.629967" lon="8.658926">
                <ele>0</ele>
            </trkpt>
            <trkpt lat="44.629946" lon="8.657876">
                <ele>0</ele>
            </trkpt>
            <trkpt lat="44.629922" lon="8.657603">
                <ele>0</ele>
            </trkpt>
            <trkpt lat="44.629888" lon="8.657413">
                <ele>0</ele>
            </trkpt>
            <trkpt lat="44.629855" lon="8.657245">
                <ele>0</ele>
            </trkpt>
            <trkpt lat="44.629798" lon="8.65707">
                <ele>0</ele>
            </trkpt>
            <trkpt lat="44.629744" lon="8.656923">
                <ele>0</ele>
            </trkpt>
            <trkpt lat="44.629658" lon="8.656745">
                <ele>0</ele>
            </trkpt>
            <trkpt lat="44.629572" lon="8.65661">
                <ele>0</ele>
            </trkpt>
            <trkpt lat="44.629491" lon="8.65651">
                <ele>0</ele>
            </trkpt>
            <trkpt lat="44.629423" lon="8.656423">
                <ele>0</ele>
            </trkpt>
            <trkpt lat="44.629247" lon="8.656298">
                <ele>0</ele>
            </trkpt>
            <trkpt lat="44.629142" lon="8.656183">
                <ele>0</ele>
            </trkpt>
            <trkpt lat="44.628825" lon="8.655866">
                <ele>0</ele>
            </trkpt>
            <trkpt lat="44.62862" lon="8.655693">
                <ele>0</ele>
            </trkpt>
            <trkpt lat="44.628339" lon="8.655454">
                <ele>0</ele>
            </trkpt>
            <trkpt lat="44.628082" lon="8.655239">
                <ele>0</ele>
            </trkpt>
            <trkpt lat="44.62781" lon="8.655012">
                <ele>0</ele>
            </trkpt>
            <trkpt lat="44.627697" lon="8.654904">
                <ele>0</ele>
            </trkpt>
            <trkpt lat="44.627246" lon="8.654471">
                <ele>0</ele>
            </trkpt>
            <trkpt lat="44.62701" lon="8.654255">
                <ele>0</ele>
            </trkpt>
            <trkpt lat="44.626838" lon="8.654128">
                <ele>0</ele>
            </trkpt>
            <trkpt lat="44.626624" lon="8.654002">
                <ele>0</ele>
            </trkpt>
            <trkpt lat="44.626496" lon="8.653944">
                <ele>0</ele>
            </trkpt>
            <trkpt lat="44.626347" lon="8.653894">
                <ele>0</ele>
            </trkpt>
            <trkpt lat="44.626215" lon="8.653857">
                <ele>0</ele>
            </trkpt>
            <trkpt lat="44.626055" lon="8.653832">
                <ele>0</ele>
            </trkpt>
            <trkpt lat="44.625845" lon="8.653813">
                <ele>0</ele>
            </trkpt>
            <trkpt lat="44.625781" lon="8.653798">
                <ele>0</ele>
            </trkpt>
            <trkpt lat="44.625732" lon="8.653783">
                <ele>0</ele>
            </trkpt>
            <trkpt lat="44.625697" lon="8.653764">
                <ele>0</ele>
            </trkpt>
            <trkpt lat="44.625684" lon="8.653754">
                <ele>0</ele>
            </trkpt>
            <trkpt lat="44.625671" lon="8.653744">
                <ele>0</ele>
            </trkpt>
            <trkpt lat="44.625626" lon="8.653718">
                <ele>0</ele>
            </trkpt>
            <trkpt lat="44.625617" lon="8.653682">
                <ele>0</ele>
            </trkpt>
            <trkpt lat="44.625608" lon="8.653651">
                <ele>0</ele>
            </trkpt>
            <trkpt lat="44.625587" lon="8.653613">
                <ele>0</ele>
            </trkpt>
            <trkpt lat="44.625564" lon="8.65358">
                <ele>0</ele>
            </trkpt>
            <trkpt lat="44.625534" lon="8.65355">
                <ele>0</ele>
            </trkpt>
            <trkpt lat="44.625497" lon="8.653519">
                <ele>0</ele>
            </trkpt>
            <trkpt lat="44.625458" lon="8.653494">
                <ele>0</ele>
            </trkpt>
            <trkpt lat="44.625421" lon="8.65348">
                <ele>0</ele>
            </trkpt>
            <trkpt lat="44.625381" lon="8.65347">
                <ele>0</ele>
            </trkpt>
            <trkpt lat="44.625342" lon="8.653467">
                <ele>0</ele>
            </trkpt>
            <trkpt lat="44.625302" lon="8.653465">
                <ele>0</ele>
            </trkpt>
            <trkpt lat="44.625264" lon="8.653469">
                <ele>0</ele>
            </trkpt>
            <trkpt lat="44.625089" lon="8.653444">
                <ele>0</ele>
            </trkpt>
            <trkpt lat="44.62492" lon="8.653338">
                <ele>0</ele>
            </trkpt>
            <trkpt lat="44.624823" lon="8.653181">
                <ele>0</ele>
            </trkpt>
            <trkpt lat="44.624797" lon="8.653137">
                <ele>0</ele>
            </trkpt>
            <trkpt lat="44.624338" lon="8.652325">
                <ele>0</ele>
            </trkpt>
            <trkpt lat="44.624326" lon="8.652288">
                <ele>0</ele>
            </trkpt>
            <trkpt lat="44.624312" lon="8.65225">
                <ele>0</ele>
            </trkpt>
            <trkpt lat="44.624304" lon="8.65222">
                <ele>0</ele>
            </trkpt>
            <trkpt lat="44.624298" lon="8.652186">
                <ele>0</ele>
            </trkpt>
            <trkpt lat="44.624296" lon="8.652165">
                <ele>0</ele>
            </trkpt>
            <trkpt lat="44.624294" lon="8.652153">
                <ele>0</ele>
            </trkpt>
            <trkpt lat="44.624293" lon="8.652117">
                <ele>0</ele>
            </trkpt>
            <trkpt lat="44.624291" lon="8.652081">
                <ele>0</ele>
            </trkpt>
            <trkpt lat="44.624294" lon="8.652032">
                <ele>0</ele>
            </trkpt>
            <trkpt lat="44.624299" lon="8.652011">
                <ele>0</ele>
            </trkpt>
            <trkpt lat="44.624302" lon="8.65199">
                <ele>0</ele>
            </trkpt>
            <trkpt lat="44.624303" lon="8.651968">
                <ele>0</ele>
            </trkpt>
            <trkpt lat="44.624304" lon="8.651947">
                <ele>0</ele>
            </trkpt>
            <trkpt lat="44.624303" lon="8.651925">
                <ele>0</ele>
            </trkpt>
            <trkpt lat="44.6243" lon="8.651904">
                <ele>0</ele>
            </trkpt>
            <trkpt lat="44.624297" lon="8.651883">
                <ele>0</ele>
            </trkpt>
            <trkpt lat="44.624292" lon="8.651862">
                <ele>0</ele>
            </trkpt>
            <trkpt lat="44.624285" lon="8.651843">
                <ele>0</ele>
            </trkpt>
            <trkpt lat="44.624278" lon="8.651824">
                <ele>0</ele>
            </trkpt>
            <trkpt lat="44.624269" lon="8.651806">
                <ele>0</ele>
            </trkpt>
            <trkpt lat="44.624259" lon="8.651789">
                <ele>0</ele>
            </trkpt>
            <trkpt lat="44.624249" lon="8.651774">
                <ele>0</ele>
            </trkpt>
            <trkpt lat="44.624237" lon="8.65176">
                <ele>0</ele>
            </trkpt>
            <trkpt lat="44.624224" lon="8.651747">
                <ele>0</ele>
            </trkpt>
            <trkpt lat="44.624211" lon="8.651736">
                <ele>0</ele>
            </trkpt>
            <trkpt lat="44.624197" lon="8.651727">
                <ele>0</ele>
            </trkpt>
            <trkpt lat="44.624183" lon="8.651719">
                <ele>0</ele>
            </trkpt>
            <trkpt lat="44.624168" lon="8.651714">
                <ele>0</ele>
            </trkpt>
            <trkpt lat="44.624153" lon="8.65171">
                <ele>0</ele>
            </trkpt>
            <trkpt lat="44.624138" lon="8.651708">
                <ele>0</ele>
            </trkpt>
            <trkpt lat="44.624122" lon="8.651708">
                <ele>0</ele>
            </trkpt>
            <trkpt lat="44.624107" lon="8.65171">
                <ele>0</ele>
            </trkpt>
            <trkpt lat="44.624092" lon="8.651713">
                <ele>0</ele>
            </trkpt>
            <trkpt lat="44.624077" lon="8.651719">
                <ele>0</ele>
            </trkpt>
            <trkpt lat="44.624062" lon="8.651727">
                <ele>0</ele>
            </trkpt>
            <trkpt lat="44.624048" lon="8.651736">
                <ele>0</ele>
            </trkpt>
            <trkpt lat="44.624035" lon="8.651747">
                <ele>0</ele>
            </trkpt>
            <trkpt lat="44.624022" lon="8.651759">
                <ele>0</ele>
            </trkpt>
            <trkpt lat="44.624011" lon="8.651773">
                <ele>0</ele>
            </trkpt>
            <trkpt lat="44.624" lon="8.651789">
                <ele>0</ele>
            </trkpt>
            <trkpt lat="44.62399" lon="8.651806">
                <ele>0</ele>
            </trkpt>
            <trkpt lat="44.623981" lon="8.651824">
                <ele>0</ele>
            </trkpt>
            <trkpt lat="44.623974" lon="8.651842">
                <ele>0</ele>
            </trkpt>
            <trkpt lat="44.623968" lon="8.651862">
                <ele>0</ele>
            </trkpt>
            <trkpt lat="44.623963" lon="8.651883">
                <ele>0</ele>
            </trkpt>
            <trkpt lat="44.623959" lon="8.651904">
                <ele>0</ele>
            </trkpt>
            <trkpt lat="44.623957" lon="8.651925">
                <ele>0</ele>
            </trkpt>
            <trkpt lat="44.623956" lon="8.651947">
                <ele>0</ele>
            </trkpt>
            <trkpt lat="44.623956" lon="8.651968">
                <ele>0</ele>
            </trkpt>
            <trkpt lat="44.623958" lon="8.65199">
                <ele>0</ele>
            </trkpt>
            <trkpt lat="44.623965" lon="8.652086">
                <ele>0</ele>
            </trkpt>
            <trkpt lat="44.623969" lon="8.652131">
                <ele>0</ele>
            </trkpt>
            <trkpt lat="44.623971" lon="8.65217">
                <ele>0</ele>
            </trkpt>
            <trkpt lat="44.623969" lon="8.652213">
                <ele>0</ele>
            </trkpt>
            <trkpt lat="44.623965" lon="8.652265">
                <ele>0</ele>
            </trkpt>
            <trkpt lat="44.623956" lon="8.652322">
                <ele>0</ele>
            </trkpt>
            <trkpt lat="44.623947" lon="8.652361">
                <ele>0</ele>
            </trkpt>
            <trkpt lat="44.623934" lon="8.652403">
                <ele>0</ele>
            </trkpt>
            <trkpt lat="44.623925" lon="8.652433">
                <ele>0</ele>
            </trkpt>
            <trkpt lat="44.623861" lon="8.652542">
                <ele>0</ele>
            </trkpt>
            <trkpt lat="44.623805" lon="8.652625">
                <ele>0</ele>
            </trkpt>
            <trkpt lat="44.623747" lon="8.652703">
                <ele>0</ele>
            </trkpt>
            <trkpt lat="44.623691" lon="8.652768">
                <ele>0</ele>
            </trkpt>
            <trkpt lat="44.62366" lon="8.652805">
                <ele>0</ele>
            </trkpt>
            <trkpt lat="44.623634" lon="8.652835">
                <ele>0</ele>
            </trkpt>
            <trkpt lat="44.623564" lon="8.652898">
                <ele>0</ele>
            </trkpt>
            <trkpt lat="44.623499" lon="8.652942">
                <ele>0</ele>
            </trkpt>
            <trkpt lat="44.623418" lon="8.652995">
                <ele>0</ele>
            </trkpt>
            <trkpt lat="44.623343" lon="8.653047">
                <ele>0</ele>
            </trkpt>
            <trkpt lat="44.623245" lon="8.65311">
                <ele>0</ele>
            </trkpt>
            <trkpt lat="44.623145" lon="8.653175">
                <ele>0</ele>
            </trkpt>
            <trkpt lat="44.622961" lon="8.653282">
                <ele>0</ele>
            </trkpt>
            <trkpt lat="44.622862" lon="8.65333">
                <ele>0</ele>
            </trkpt>
            <trkpt lat="44.622752" lon="8.653383">
                <ele>0</ele>
            </trkpt>
            <trkpt lat="44.622713" lon="8.653402">
                <ele>0</ele>
            </trkpt>
            <trkpt lat="44.622575" lon="8.653467">
                <ele>0</ele>
            </trkpt>
            <trkpt lat="44.622371" lon="8.653556">
                <ele>0</ele>
            </trkpt>
            <trkpt lat="44.622252" lon="8.653608">
                <ele>0</ele>
            </trkpt>
            <trkpt lat="44.622181" lon="8.65364">
                <ele>0</ele>
            </trkpt>
            <trkpt lat="44.62216" lon="8.65365">
                <ele>0</ele>
            </trkpt>
            <trkpt lat="44.622088" lon="8.653688">
                <ele>0</ele>
            </trkpt>
            <trkpt lat="44.622031" lon="8.653724">
                <ele>0</ele>
            </trkpt>
            <trkpt lat="44.621973" lon="8.653783">
                <ele>0</ele>
            </trkpt>
            <trkpt lat="44.621961" lon="8.653797">
                <ele>0</ele>
            </trkpt>
            <trkpt lat="44.621882" lon="8.653885">
                <ele>0</ele>
            </trkpt>
            <trkpt lat="44.621794" lon="8.653998">
                <ele>0</ele>
            </trkpt>
            <trkpt lat="44.621709" lon="8.654124">
                <ele>0</ele>
            </trkpt>
            <trkpt lat="44.621654" lon="8.654211">
                <ele>0</ele>
            </trkpt>
            <trkpt lat="44.62161" lon="8.654283">
                <ele>0</ele>
            </trkpt>
            <trkpt lat="44.621584" lon="8.654344">
                <ele>0</ele>
            </trkpt>
            <trkpt lat="44.62155" lon="8.654437">
                <ele>0</ele>
            </trkpt>
            <trkpt lat="44.621518" lon="8.654548">
                <ele>0</ele>
            </trkpt>
            <trkpt lat="44.621466" lon="8.654688">
                <ele>0</ele>
            </trkpt>
            <trkpt lat="44.621414" lon="8.654812">
                <ele>0</ele>
            </trkpt>
            <trkpt lat="44.621353" lon="8.654928">
                <ele>0</ele>
            </trkpt>
            <trkpt lat="44.621295" lon="8.655027">
                <ele>0</ele>
            </trkpt>
            <trkpt lat="44.621238" lon="8.655115">
                <ele>0</ele>
            </trkpt>
            <trkpt lat="44.621179" lon="8.655198">
                <ele>0</ele>
            </trkpt>
            <trkpt lat="44.621131" lon="8.655262">
                <ele>0</ele>
            </trkpt>
            <trkpt lat="44.62109" lon="8.655304">
                <ele>0</ele>
            </trkpt>
            <trkpt lat="44.621049" lon="8.655344">
                <ele>0</ele>
            </trkpt>
            <trkpt lat="44.621003" lon="8.655386">
                <ele>0</ele>
            </trkpt>
            <trkpt lat="44.620959" lon="8.655409">
                <ele>0</ele>
            </trkpt>
            <trkpt lat="44.620906" lon="8.655426">
                <ele>0</ele>
            </trkpt>
            <trkpt lat="44.620853" lon="8.655434">
                <ele>0</ele>
            </trkpt>
            <trkpt lat="44.620787" lon="8.655435">
                <ele>0</ele>
            </trkpt>
            <trkpt lat="44.620741" lon="8.655428">
                <ele>0</ele>
            </trkpt>
            <trkpt lat="44.620687" lon="8.655412">
                <ele>0</ele>
            </trkpt>
            <trkpt lat="44.620597" lon="8.655368">
                <ele>0</ele>
            </trkpt>
            <trkpt lat="44.620473" lon="8.655301">
                <ele>0</ele>
            </trkpt>
            <trkpt lat="44.620354" lon="8.655229">
                <ele>0</ele>
            </trkpt>
            <trkpt lat="44.620303" lon="8.655196">
                <ele>0</ele>
            </trkpt>
            <trkpt lat="44.620191" lon="8.655123">
                <ele>0</ele>
            </trkpt>
            <trkpt lat="44.620028" lon="8.655003">
                <ele>0</ele>
            </trkpt>
            <trkpt lat="44.619935" lon="8.654931">
                <ele>0</ele>
            </trkpt>
            <trkpt lat="44.619836" lon="8.654861">
                <ele>0</ele>
            </trkpt>
            <trkpt lat="44.619782" lon="8.654825">
                <ele>0</ele>
            </trkpt>
            <trkpt lat="44.619742" lon="8.654798">
                <ele>0</ele>
            </trkpt>
            <trkpt lat="44.619704" lon="8.654779">
                <ele>0</ele>
            </trkpt>
            <trkpt lat="44.619601" lon="8.654739">
                <ele>0</ele>
            </trkpt>
            <trkpt lat="44.619535" lon="8.65472">
                <ele>0</ele>
            </trkpt>
            <trkpt lat="44.61946" lon="8.654698">
                <ele>0</ele>
            </trkpt>
            <trkpt lat="44.619373" lon="8.654672">
                <ele>0</ele>
            </trkpt>
            <trkpt lat="44.619304" lon="8.654636">
                <ele>0</ele>
            </trkpt>
            <trkpt lat="44.619216" lon="8.654584">
                <ele>0</ele>
            </trkpt>
            <trkpt lat="44.619114" lon="8.654503">
                <ele>0</ele>
            </trkpt>
            <trkpt lat="44.619015" lon="8.654408">
                <ele>0</ele>
            </trkpt>
            <trkpt lat="44.618874" lon="8.654253">
                <ele>0</ele>
            </trkpt>
            <trkpt lat="44.61872" lon="8.65406">
                <ele>0</ele>
            </trkpt>
            <trkpt lat="44.618469" lon="8.653745">
                <ele>0</ele>
            </trkpt>
            <trkpt lat="44.618402" lon="8.653657">
                <ele>0</ele>
            </trkpt>
            <trkpt lat="44.618352" lon="8.653577">
                <ele>0</ele>
            </trkpt>
            <trkpt lat="44.618305" lon="8.653492">
                <ele>0</ele>
            </trkpt>
            <trkpt lat="44.618185" lon="8.653236">
                <ele>0</ele>
            </trkpt>
            <trkpt lat="44.618145" lon="8.653162">
                <ele>0</ele>
            </trkpt>
            <trkpt lat="44.618093" lon="8.653077">
                <ele>0</ele>
            </trkpt>
            <trkpt lat="44.618043" lon="8.653007">
                <ele>0</ele>
            </trkpt>
            <trkpt lat="44.617996" lon="8.652946">
                <ele>0</ele>
            </trkpt>
            <trkpt lat="44.617913" lon="8.652843">
                <ele>0</ele>
            </trkpt>
            <trkpt lat="44.617874" lon="8.652808">
                <ele>0</ele>
            </trkpt>
            <trkpt lat="44.617839" lon="8.652787">
                <ele>0</ele>
            </trkpt>
            <trkpt lat="44.617811" lon="8.652774">
                <ele>0</ele>
            </trkpt>
            <trkpt lat="44.617778" lon="8.652766">
                <ele>0</ele>
            </trkpt>
            <trkpt lat="44.617724" lon="8.65276">
                <ele>0</ele>
            </trkpt>
            <trkpt lat="44.617675" lon="8.652763">
                <ele>0</ele>
            </trkpt>
            <trkpt lat="44.617638" lon="8.652769">
                <ele>0</ele>
            </trkpt>
            <trkpt lat="44.617572" lon="8.652789">
                <ele>0</ele>
            </trkpt>
            <trkpt lat="44.617464" lon="8.652838">
                <ele>0</ele>
            </trkpt>
            <trkpt lat="44.617375" lon="8.652887">
                <ele>0</ele>
            </trkpt>
            <trkpt lat="44.617221" lon="8.652972">
                <ele>0</ele>
            </trkpt>
            <trkpt lat="44.617125" lon="8.653025">
                <ele>0</ele>
            </trkpt>
            <trkpt lat="44.617023" lon="8.653092">
                <ele>0</ele>
            </trkpt>
            <trkpt lat="44.61693" lon="8.653157">
                <ele>0</ele>
            </trkpt>
            <trkpt lat="44.61687" lon="8.653223">
                <ele>0</ele>
            </trkpt>
            <trkpt lat="44.616813" lon="8.653297">
                <ele>0</ele>
            </trkpt>
            <trkpt lat="44.616738" lon="8.653442">
                <ele>0</ele>
            </trkpt>
            <trkpt lat="44.616356" lon="8.654183">
                <ele>0</ele>
            </trkpt>
            <trkpt lat="44.616179" lon="8.654528">
                <ele>0</ele>
            </trkpt>
            <trkpt lat="44.616087" lon="8.654709">
                <ele>0</ele>
            </trkpt>
            <trkpt lat="44.616031" lon="8.654837">
                <ele>0</ele>
            </trkpt>
            <trkpt lat="44.615977" lon="8.65496">
                <ele>0</ele>
            </trkpt>
            <trkpt lat="44.615847" lon="8.655267">
                <ele>0</ele>
            </trkpt>
            <trkpt lat="44.6158" lon="8.655378">
                <ele>0</ele>
            </trkpt>
            <trkpt lat="44.615745" lon="8.655519">
                <ele>0</ele>
            </trkpt>
            <trkpt lat="44.61559" lon="8.655912">
                <ele>0</ele>
            </trkpt>
            <trkpt lat="44.615563" lon="8.655981">
                <ele>0</ele>
            </trkpt>
            <trkpt lat="44.615342" lon="8.656559">
                <ele>0</ele>
            </trkpt>
            <trkpt lat="44.615119" lon="8.657136">
                <ele>0</ele>
            </trkpt>
            <trkpt lat="44.615058" lon="8.657316">
                <ele>0</ele>
            </trkpt>
            <trkpt lat="44.615021" lon="8.657477">
                <ele>0</ele>
            </trkpt>
            <trkpt lat="44.615007" lon="8.657629">
                <ele>0</ele>
            </trkpt>
            <trkpt lat="44.615005" lon="8.657802">
                <ele>0</ele>
            </trkpt>
            <trkpt lat="44.61501" lon="8.657921">
                <ele>0</ele>
            </trkpt>
            <trkpt lat="44.615023" lon="8.658041">
                <ele>0</ele>
            </trkpt>
            <trkpt lat="44.615062" lon="8.658229">
                <ele>0</ele>
            </trkpt>
            <trkpt lat="44.615088" lon="8.658313">
                <ele>0</ele>
            </trkpt>
            <trkpt lat="44.615261" lon="8.658846">
                <ele>0</ele>
            </trkpt>
            <trkpt lat="44.615286" lon="8.658933">
                <ele>0</ele>
            </trkpt>
            <trkpt lat="44.615316" lon="8.659043">
                <ele>0</ele>
            </trkpt>
            <trkpt lat="44.615343" lon="8.659167">
                <ele>0</ele>
            </trkpt>
            <trkpt lat="44.615364" lon="8.659291">
                <ele>0</ele>
            </trkpt>
            <trkpt lat="44.615379" lon="8.659392">
                <ele>0</ele>
            </trkpt>
            <trkpt lat="44.615389" lon="8.659502">
                <ele>0</ele>
            </trkpt>
            <trkpt lat="44.615401" lon="8.659626">
                <ele>0</ele>
            </trkpt>
            <trkpt lat="44.615409" lon="8.659749">
                <ele>0</ele>
            </trkpt>
            <trkpt lat="44.615414" lon="8.659968">
                <ele>0</ele>
            </trkpt>
            <trkpt lat="44.615416" lon="8.660134">
                <ele>0</ele>
            </trkpt>
            <trkpt lat="44.615415" lon="8.660203">
                <ele>0</ele>
            </trkpt>
            <trkpt lat="44.615414" lon="8.660266">
                <ele>0</ele>
            </trkpt>
            <trkpt lat="44.615411" lon="8.660358">
                <ele>0</ele>
            </trkpt>
            <trkpt lat="44.615402" lon="8.660461">
                <ele>0</ele>
            </trkpt>
            <trkpt lat="44.615397" lon="8.660503">
                <ele>0</ele>
            </trkpt>
            <trkpt lat="44.61539" lon="8.660544">
                <ele>0</ele>
            </trkpt>
            <trkpt lat="44.615375" lon="8.660627">
                <ele>0</ele>
            </trkpt>
            <trkpt lat="44.615355" lon="8.660727">
                <ele>0</ele>
            </trkpt>
            <trkpt lat="44.615328" lon="8.660832">
                <ele>0</ele>
            </trkpt>
            <trkpt lat="44.615151" lon="8.661424">
                <ele>0</ele>
            </trkpt>
            <trkpt lat="44.615002" lon="8.661928">
                <ele>0</ele>
            </trkpt>
            <trkpt lat="44.614986" lon="8.66197">
                <ele>0</ele>
            </trkpt>
            <trkpt lat="44.614951" lon="8.662065">
                <ele>0</ele>
            </trkpt>
            <trkpt lat="44.614884" lon="8.662209">
                <ele>0</ele>
            </trkpt>
            <trkpt lat="44.614803" lon="8.662341">
                <ele>0</ele>
            </trkpt>
            <trkpt lat="44.614732" lon="8.662429">
                <ele>0</ele>
            </trkpt>
            <trkpt lat="44.614651" lon="8.662503">
                <ele>0</ele>
            </trkpt>
            <trkpt lat="44.614576" lon="8.662553">
                <ele>0</ele>
            </trkpt>
            <trkpt lat="44.614505" lon="8.662595">
                <ele>0</ele>
            </trkpt>
            <trkpt lat="44.614433" lon="8.662635">
                <ele>0</ele>
            </trkpt>
            <trkpt lat="44.614361" lon="8.662686">
                <ele>0</ele>
            </trkpt>
            <trkpt lat="44.614271" lon="8.66276">
                <ele>0</ele>
            </trkpt>
            <trkpt lat="44.614177" lon="8.662844">
                <ele>0</ele>
            </trkpt>
            <trkpt lat="44.614098" lon="8.662923">
                <ele>0</ele>
            </trkpt>
            <trkpt lat="44.614031" lon="8.663006">
                <ele>0</ele>
            </trkpt>
            <trkpt lat="44.613965" lon="8.663123">
                <ele>0</ele>
            </trkpt>
            <trkpt lat="44.61385" lon="8.663326">
                <ele>0</ele>
            </trkpt>
            <trkpt lat="44.613764" lon="8.663461">
                <ele>0</ele>
            </trkpt>
            <trkpt lat="44.613667" lon="8.663608">
                <ele>0</ele>
            </trkpt>
            <trkpt lat="44.613505" lon="8.663827">
                <ele>0</ele>
            </trkpt>
            <trkpt lat="44.613334" lon="8.664051">
                <ele>0</ele>
            </trkpt>
            <trkpt lat="44.613237" lon="8.664173">
                <ele>0</ele>
            </trkpt>
            <trkpt lat="44.613161" lon="8.664279">
                <ele>0</ele>
            </trkpt>
            <trkpt lat="44.613087" lon="8.664407">
                <ele>0</ele>
            </trkpt>
            <trkpt lat="44.613037" lon="8.664514">
                <ele>0</ele>
            </trkpt>
            <trkpt lat="44.613001" lon="8.664629">
                <ele>0</ele>
            </trkpt>
            <trkpt lat="44.612969" lon="8.664751">
                <ele>0</ele>
            </trkpt>
            <trkpt lat="44.612943" lon="8.664885">
                <ele>0</ele>
            </trkpt>
            <trkpt lat="44.612925" lon="8.665004">
                <ele>0</ele>
            </trkpt>
            <trkpt lat="44.612911" lon="8.665138">
                <ele>0</ele>
            </trkpt>
            <trkpt lat="44.612906" lon="8.665289">
                <ele>0</ele>
            </trkpt>
            <trkpt lat="44.612909" lon="8.665505">
                <ele>0</ele>
            </trkpt>
            <trkpt lat="44.612924" lon="8.665717">
                <ele>0</ele>
            </trkpt>
            <trkpt lat="44.612941" lon="8.665903">
                <ele>0</ele>
            </trkpt>
            <trkpt lat="44.612978" lon="8.666133">
                <ele>0</ele>
            </trkpt>
            <trkpt lat="44.613026" lon="8.666361">
                <ele>0</ele>
            </trkpt>
            <trkpt lat="44.613095" lon="8.666611">
                <ele>0</ele>
            </trkpt>
            <trkpt lat="44.613246" lon="8.667132">
                <ele>0</ele>
            </trkpt>
            <trkpt lat="44.613347" lon="8.667478">
                <ele>0</ele>
            </trkpt>
            <trkpt lat="44.613508" lon="8.668053">
                <ele>0</ele>
            </trkpt>
            <trkpt lat="44.613521" lon="8.668098">
                <ele>0</ele>
            </trkpt>
            <trkpt lat="44.613621" lon="8.66845">
                <ele>0</ele>
            </trkpt>
            <trkpt lat="44.613749" lon="8.668892">
                <ele>0</ele>
            </trkpt>
            <trkpt lat="44.613791" lon="8.669034">
                <ele>0</ele>
            </trkpt>
            <trkpt lat="44.613813" lon="8.669137">
                <ele>0</ele>
            </trkpt>
            <trkpt lat="44.613822" lon="8.669196">
                <ele>0</ele>
            </trkpt>
            <trkpt lat="44.61383" lon="8.669264">
                <ele>0</ele>
            </trkpt>
            <trkpt lat="44.61383" lon="8.669355">
                <ele>0</ele>
            </trkpt>
            <trkpt lat="44.613827" lon="8.669448">
                <ele>0</ele>
            </trkpt>
            <trkpt lat="44.613814" lon="8.669527">
                <ele>0</ele>
            </trkpt>
            <trkpt lat="44.613783" lon="8.669614">
                <ele>0</ele>
            </trkpt>
            <trkpt lat="44.613737" lon="8.6697">
                <ele>0</ele>
            </trkpt>
            <trkpt lat="44.613672" lon="8.669787">
                <ele>0</ele>
            </trkpt>
            <trkpt lat="44.6136" lon="8.669854">
                <ele>0</ele>
            </trkpt>
            <trkpt lat="44.613512" lon="8.669932">
                <ele>0</ele>
            </trkpt>
            <trkpt lat="44.613178" lon="8.670206">
                <ele>0</ele>
            </trkpt>
            <trkpt lat="44.613156" lon="8.670223">
                <ele>0</ele>
            </trkpt>
            <trkpt lat="44.612852" lon="8.670459">
                <ele>0</ele>
            </trkpt>
            <trkpt lat="44.612737" lon="8.67055">
                <ele>0</ele>
            </trkpt>
            <trkpt lat="44.612605" lon="8.670632">
                <ele>0</ele>
            </trkpt>
            <trkpt lat="44.612391" lon="8.670775">
                <ele>0</ele>
            </trkpt>
            <trkpt lat="44.612012" lon="8.671014">
                <ele>0</ele>
            </trkpt>
            <trkpt lat="44.611634" lon="8.671267">
                <ele>0</ele>
            </trkpt>
            <trkpt lat="44.611541" lon="8.671327">
                <ele>0</ele>
            </trkpt>
            <trkpt lat="44.611478" lon="8.671361">
                <ele>0</ele>
            </trkpt>
            <trkpt lat="44.611424" lon="8.67138">
                <ele>0</ele>
            </trkpt>
            <trkpt lat="44.611369" lon="8.671391">
                <ele>0</ele>
            </trkpt>
            <trkpt lat="44.611293" lon="8.671394">
                <ele>0</ele>
            </trkpt>
            <trkpt lat="44.611221" lon="8.671392">
                <ele>0</ele>
            </trkpt>
            <trkpt lat="44.611137" lon="8.671384">
                <ele>0</ele>
            </trkpt>
            <trkpt lat="44.611064" lon="8.67137">
                <ele>0</ele>
            </trkpt>
            <trkpt lat="44.610988" lon="8.671352">
                <ele>0</ele>
            </trkpt>
            <trkpt lat="44.61092" lon="8.671326">
                <ele>0</ele>
            </trkpt>
            <trkpt lat="44.610848" lon="8.671296">
                <ele>0</ele>
            </trkpt>
            <trkpt lat="44.610781" lon="8.67126">
                <ele>0</ele>
            </trkpt>
            <trkpt lat="44.610713" lon="8.67122">
                <ele>0</ele>
            </trkpt>
            <trkpt lat="44.61063" lon="8.671163">
                <ele>0</ele>
            </trkpt>
            <trkpt lat="44.610563" lon="8.671108">
                <ele>0</ele>
            </trkpt>
            <trkpt lat="44.61051" lon="8.671055">
                <ele>0</ele>
            </trkpt>
            <trkpt lat="44.610458" lon="8.670995">
                <ele>0</ele>
            </trkpt>
            <trkpt lat="44.610418" lon="8.67094">
                <ele>0</ele>
            </trkpt>
            <trkpt lat="44.610347" lon="8.670836">
                <ele>0</ele>
            </trkpt>
            <trkpt lat="44.610176" lon="8.670579">
                <ele>0</ele>
            </trkpt>
            <trkpt lat="44.610064" lon="8.670415">
                <ele>0</ele>
            </trkpt>
            <trkpt lat="44.609873" lon="8.670139">
                <ele>0</ele>
            </trkpt>
            <trkpt lat="44.60948" lon="8.669573">
                <ele>0</ele>
            </trkpt>
            <trkpt lat="44.609359" lon="8.669391">
                <ele>0</ele>
            </trkpt>
            <trkpt lat="44.60931" lon="8.669309">
                <ele>0</ele>
            </trkpt>
            <trkpt lat="44.609259" lon="8.669211">
                <ele>0</ele>
            </trkpt>
            <trkpt lat="44.609201" lon="8.669083">
                <ele>0</ele>
            </trkpt>
            <trkpt lat="44.609164" lon="8.668994">
                <ele>0</ele>
            </trkpt>
            <trkpt lat="44.608735" lon="8.667895">
                <ele>0</ele>
            </trkpt>
            <trkpt lat="44.608553" lon="8.667428">
                <ele>0</ele>
            </trkpt>
            <trkpt lat="44.608388" lon="8.667014">
                <ele>0</ele>
            </trkpt>
            <trkpt lat="44.608335" lon="8.666871">
                <ele>0</ele>
            </trkpt>
            <trkpt lat="44.608302" lon="8.66677">
                <ele>0</ele>
            </trkpt>
            <trkpt lat="44.608272" lon="8.666661">
                <ele>0</ele>
            </trkpt>
            <trkpt lat="44.608249" lon="8.666564">
                <ele>0</ele>
            </trkpt>
            <trkpt lat="44.608239" lon="8.666494">
                <ele>0</ele>
            </trkpt>
            <trkpt lat="44.608228" lon="8.666372">
                <ele>0</ele>
            </trkpt>
            <trkpt lat="44.608225" lon="8.666269">
                <ele>0</ele>
            </trkpt>
            <trkpt lat="44.608225" lon="8.666147">
                <ele>0</ele>
            </trkpt>
            <trkpt lat="44.608231" lon="8.666046">
                <ele>0</ele>
            </trkpt>
            <trkpt lat="44.60824" lon="8.665948">
                <ele>0</ele>
            </trkpt>
            <trkpt lat="44.608255" lon="8.665827">
                <ele>0</ele>
            </trkpt>
            <trkpt lat="44.608269" lon="8.66572">
                <ele>0</ele>
            </trkpt>
            <trkpt lat="44.608293" lon="8.665597">
                <ele>0</ele>
            </trkpt>
            <trkpt lat="44.608348" lon="8.665383">
                <ele>0</ele>
            </trkpt>
            <trkpt lat="44.608366" lon="8.665307">
                <ele>0</ele>
            </trkpt>
            <trkpt lat="44.608387" lon="8.665179">
                <ele>0</ele>
            </trkpt>
            <trkpt lat="44.608395" lon="8.665093">
                <ele>0</ele>
            </trkpt>
            <trkpt lat="44.608399" lon="8.664991">
                <ele>0</ele>
            </trkpt>
            <trkpt lat="44.608393" lon="8.664877">
                <ele>0</ele>
            </trkpt>
            <trkpt lat="44.608383" lon="8.664796">
                <ele>0</ele>
            </trkpt>
            <trkpt lat="44.608377" lon="8.664721">
                <ele>0</ele>
            </trkpt>
            <trkpt lat="44.60838" lon="8.664571">
                <ele>0</ele>
            </trkpt>
            <trkpt lat="44.60838" lon="8.664342">
                <ele>0</ele>
            </trkpt>
            <trkpt lat="44.608381" lon="8.664262">
                <ele>0</ele>
            </trkpt>
            <trkpt lat="44.608394" lon="8.664138">
                <ele>0</ele>
            </trkpt>
            <trkpt lat="44.608411" lon="8.664037">
                <ele>0</ele>
            </trkpt>
            <trkpt lat="44.608429" lon="8.663958">
                <ele>0</ele>
            </trkpt>
            <trkpt lat="44.608443" lon="8.663875">
                <ele>0</ele>
            </trkpt>
            <trkpt lat="44.608448" lon="8.663821">
                <ele>0</ele>
            </trkpt>
            <trkpt lat="44.608453" lon="8.663727">
                <ele>0</ele>
            </trkpt>
            <trkpt lat="44.608449" lon="8.663633">
                <ele>0</ele>
            </trkpt>
            <trkpt lat="44.608436" lon="8.663559">
                <ele>0</ele>
            </trkpt>
            <trkpt lat="44.608415" lon="8.663486">
                <ele>0</ele>
            </trkpt>
            <trkpt lat="44.608389" lon="8.663415">
                <ele>0</ele>
            </trkpt>
            <trkpt lat="44.608354" lon="8.663342">
                <ele>0</ele>
            </trkpt>
            <trkpt lat="44.608315" lon="8.663264">
                <ele>0</ele>
            </trkpt>
            <trkpt lat="44.608276" lon="8.663204">
                <ele>0</ele>
            </trkpt>
            <trkpt lat="44.608236" lon="8.663142">
                <ele>0</ele>
            </trkpt>
            <trkpt lat="44.608178" lon="8.66306">
                <ele>0</ele>
            </trkpt>
            <trkpt lat="44.608125" lon="8.662987">
                <ele>0</ele>
            </trkpt>
            <trkpt lat="44.608068" lon="8.662921">
                <ele>0</ele>
            </trkpt>
            <trkpt lat="44.607968" lon="8.662818">
                <ele>0</ele>
            </trkpt>
            <trkpt lat="44.607835" lon="8.662693">
                <ele>0</ele>
            </trkpt>
            <trkpt lat="44.607744" lon="8.662616">
                <ele>0</ele>
            </trkpt>
            <trkpt lat="44.607651" lon="8.662542">
                <ele>0</ele>
            </trkpt>
            <trkpt lat="44.607533" lon="8.662459">
                <ele>0</ele>
            </trkpt>
            <trkpt lat="44.607464" lon="8.662414">
                <ele>0</ele>
            </trkpt>
            <trkpt lat="44.607366" lon="8.662371">
                <ele>0</ele>
            </trkpt>
            <trkpt lat="44.607291" lon="8.662343">
                <ele>0</ele>
            </trkpt>
            <trkpt lat="44.607219" lon="8.662318">
                <ele>0</ele>
            </trkpt>
            <trkpt lat="44.607115" lon="8.662288">
                <ele>0</ele>
            </trkpt>
            <trkpt lat="44.607028" lon="8.662262">
                <ele>0</ele>
            </trkpt>
            <trkpt lat="44.60693" lon="8.662238">
                <ele>0</ele>
            </trkpt>
            <trkpt lat="44.60603" lon="8.661992">
                <ele>0</ele>
            </trkpt>
            <trkpt lat="44.605934" lon="8.661973">
                <ele>0</ele>
            </trkpt>
            <trkpt lat="44.605832" lon="8.661958">
                <ele>0</ele>
            </trkpt>
            <trkpt lat="44.605746" lon="8.661949">
                <ele>0</ele>
            </trkpt>
            <trkpt lat="44.605665" lon="8.661949">
                <ele>0</ele>
            </trkpt>
            <trkpt lat="44.605579" lon="8.661947">
                <ele>0</ele>
            </trkpt>
            <trkpt lat="44.605126" lon="8.661938">
                <ele>0</ele>
            </trkpt>
            <trkpt lat="44.604856" lon="8.661933">
                <ele>0</ele>
            </trkpt>
            <trkpt lat="44.604789" lon="8.661937">
                <ele>0</ele>
            </trkpt>
            <trkpt lat="44.604721" lon="8.661941">
                <ele>0</ele>
            </trkpt>
            <trkpt lat="44.60463" lon="8.661955">
                <ele>0</ele>
            </trkpt>
            <trkpt lat="44.604562" lon="8.661973">
                <ele>0</ele>
            </trkpt>
            <trkpt lat="44.604483" lon="8.661995">
                <ele>0</ele>
            </trkpt>
            <trkpt lat="44.604402" lon="8.662027">
                <ele>0</ele>
            </trkpt>
            <trkpt lat="44.604316" lon="8.662066">
                <ele>0</ele>
            </trkpt>
            <trkpt lat="44.604242" lon="8.662112">
                <ele>0</ele>
            </trkpt>
            <trkpt lat="44.604171" lon="8.662166">
                <ele>0</ele>
            </trkpt>
            <trkpt lat="44.604093" lon="8.662234">
                <ele>0</ele>
            </trkpt>
            <trkpt lat="44.603989" lon="8.662348">
                <ele>0</ele>
            </trkpt>
            <trkpt lat="44.603821" lon="8.662531">
                <ele>0</ele>
            </trkpt>
            <trkpt lat="44.603708" lon="8.662658">
                <ele>0</ele>
            </trkpt>
            <trkpt lat="44.603607" lon="8.662767">
                <ele>0</ele>
            </trkpt>
            <trkpt lat="44.60352" lon="8.662854">
                <ele>0</ele>
            </trkpt>
            <trkpt lat="44.60344" lon="8.662925">
                <ele>0</ele>
            </trkpt>
            <trkpt lat="44.603315" lon="8.663022">
                <ele>0</ele>
            </trkpt>
            <trkpt lat="44.603189" lon="8.663118">
                <ele>0</ele>
            </trkpt>
            <trkpt lat="44.602982" lon="8.663283">
                <ele>0</ele>
            </trkpt>
            <trkpt lat="44.602828" lon="8.663406">
                <ele>0</ele>
            </trkpt>
            <trkpt lat="44.602438" lon="8.663713">
                <ele>0</ele>
            </trkpt>
            <trkpt lat="44.60236" lon="8.663786">
                <ele>0</ele>
            </trkpt>
            <trkpt lat="44.602297" lon="8.663854">
                <ele>0</ele>
            </trkpt>
            <trkpt lat="44.602232" lon="8.663931">
                <ele>0</ele>
            </trkpt>
            <trkpt lat="44.602157" lon="8.664025">
                <ele>0</ele>
            </trkpt>
            <trkpt lat="44.602083" lon="8.664115">
                <ele>0</ele>
            </trkpt>
            <trkpt lat="44.602013" lon="8.664184">
                <ele>0</ele>
            </trkpt>
            <trkpt lat="44.601935" lon="8.664252">
                <ele>0</ele>
            </trkpt>
            <trkpt lat="44.601856" lon="8.664313">
                <ele>0</ele>
            </trkpt>
            <trkpt lat="44.601787" lon="8.664359">
                <ele>0</ele>
            </trkpt>
            <trkpt lat="44.601713" lon="8.664401">
                <ele>0</ele>
            </trkpt>
            <trkpt lat="44.601629" lon="8.664438">
                <ele>0</ele>
            </trkpt>
            <trkpt lat="44.601478" lon="8.664506">
                <ele>0</ele>
            </trkpt>
            <trkpt lat="44.601259" lon="8.664603">
                <ele>0</ele>
            </trkpt>
            <trkpt lat="44.601185" lon="8.664636">
                <ele>0</ele>
            </trkpt>
            <trkpt lat="44.601112" lon="8.664662">
                <ele>0</ele>
            </trkpt>
            <trkpt lat="44.601042" lon="8.664676">
                <ele>0</ele>
            </trkpt>
            <trkpt lat="44.600984" lon="8.664681">
                <ele>0</ele>
            </trkpt>
            <trkpt lat="44.600905" lon="8.664674">
                <ele>0</ele>
            </trkpt>
            <trkpt lat="44.60083" lon="8.664657">
                <ele>0</ele>
            </trkpt>
            <trkpt lat="44.599519" lon="8.664308">
                <ele>0</ele>
            </trkpt>
            <trkpt lat="44.59927" lon="8.664241">
                <ele>0</ele>
            </trkpt>
            <trkpt lat="44.599131" lon="8.664202">
                <ele>0</ele>
            </trkpt>
            <trkpt lat="44.599" lon="8.664168">
                <ele>0</ele>
            </trkpt>
            <trkpt lat="44.598899" lon="8.664157">
                <ele>0</ele>
            </trkpt>
            <trkpt lat="44.59882" lon="8.664153">
                <ele>0</ele>
            </trkpt>
            <trkpt lat="44.598752" lon="8.664153">
                <ele>0</ele>
            </trkpt>
            <trkpt lat="44.598635" lon="8.664166">
                <ele>0</ele>
            </trkpt>
            <trkpt lat="44.598523" lon="8.664186">
                <ele>0</ele>
            </trkpt>
            <trkpt lat="44.598421" lon="8.664218">
                <ele>0</ele>
            </trkpt>
            <trkpt lat="44.598303" lon="8.664255">
                <ele>0</ele>
            </trkpt>
            <trkpt lat="44.598072" lon="8.664325">
                <ele>0</ele>
            </trkpt>
            <trkpt lat="44.597901" lon="8.664376">
                <ele>0</ele>
            </trkpt>
            <trkpt lat="44.597449" lon="8.664524">
                <ele>0</ele>
            </trkpt>
            <trkpt lat="44.597362" lon="8.664547">
                <ele>0</ele>
            </trkpt>
            <trkpt lat="44.597303" lon="8.664562">
                <ele>0</ele>
            </trkpt>
            <trkpt lat="44.597229" lon="8.664573">
                <ele>0</ele>
            </trkpt>
            <trkpt lat="44.597144" lon="8.664579">
                <ele>0</ele>
            </trkpt>
            <trkpt lat="44.597071" lon="8.664576">
                <ele>0</ele>
            </trkpt>
            <trkpt lat="44.59697" lon="8.66457">
                <ele>0</ele>
            </trkpt>
            <trkpt lat="44.596804" lon="8.66456">
                <ele>0</ele>
            </trkpt>
            <trkpt lat="44.596656" lon="8.664547">
                <ele>0</ele>
            </trkpt>
            <trkpt lat="44.596553" lon="8.664538">
                <ele>0</ele>
            </trkpt>
            <trkpt lat="44.596395" lon="8.664521">
                <ele>0</ele>
            </trkpt>
            <trkpt lat="44.596239" lon="8.664493">
                <ele>0</ele>
            </trkpt>
            <trkpt lat="44.596144" lon="8.664473">
                <ele>0</ele>
            </trkpt>
            <trkpt lat="44.596036" lon="8.664442">
                <ele>0</ele>
            </trkpt>
            <trkpt lat="44.595914" lon="8.664404">
                <ele>0</ele>
            </trkpt>
            <trkpt lat="44.595777" lon="8.664356">
                <ele>0</ele>
            </trkpt>
            <trkpt lat="44.595209" lon="8.664165">
                <ele>0</ele>
            </trkpt>
            <trkpt lat="44.594685" lon="8.663988">
                <ele>0</ele>
            </trkpt>
            <trkpt lat="44.594601" lon="8.66396">
                <ele>0</ele>
            </trkpt>
            <trkpt lat="44.594291" lon="8.663856">
                <ele>0</ele>
            </trkpt>
            <trkpt lat="44.59398" lon="8.663752">
                <ele>0</ele>
            </trkpt>
            <trkpt lat="44.5939" lon="8.663725">
                <ele>0</ele>
            </trkpt>
            <trkpt lat="44.593856" lon="8.66371">
                <ele>0</ele>
            </trkpt>
            <trkpt lat="44.593636" lon="8.663637">
                <ele>0</ele>
            </trkpt>
            <trkpt lat="44.593432" lon="8.663569">
                <ele>0</ele>
            </trkpt>
            <trkpt lat="44.593004" lon="8.663412">
                <ele>0</ele>
            </trkpt>
            <trkpt lat="44.592853" lon="8.663357">
                <ele>0</ele>
            </trkpt>
            <trkpt lat="44.592232" lon="8.663129">
                <ele>0</ele>
            </trkpt>
            <trkpt lat="44.591941" lon="8.663046">
                <ele>0</ele>
            </trkpt>
            <trkpt lat="44.591761" lon="8.662982">
                <ele>0</ele>
            </trkpt>
            <trkpt lat="44.591696" lon="8.662951">
                <ele>0</ele>
            </trkpt>
            <trkpt lat="44.591573" lon="8.662891">
                <ele>0</ele>
            </trkpt>
            <trkpt lat="44.591284" lon="8.66272">
                <ele>0</ele>
            </trkpt>
            <trkpt lat="44.591275" lon="8.662715">
                <ele>0</ele>
            </trkpt>
            <trkpt lat="44.591019" lon="8.662586">
                <ele>0</ele>
            </trkpt>
            <trkpt lat="44.590927" lon="8.662536">
                <ele>0</ele>
            </trkpt>
            <trkpt lat="44.590819" lon="8.662487">
                <ele>0</ele>
            </trkpt>
            <trkpt lat="44.590724" lon="8.662451">
                <ele>0</ele>
            </trkpt>
            <trkpt lat="44.590563" lon="8.662395">
                <ele>0</ele>
            </trkpt>
            <trkpt lat="44.590409" lon="8.662348">
                <ele>0</ele>
            </trkpt>
            <trkpt lat="44.590331" lon="8.662325">
                <ele>0</ele>
            </trkpt>
            <trkpt lat="44.590212" lon="8.662293">
                <ele>0</ele>
            </trkpt>
            <trkpt lat="44.590109" lon="8.662268">
                <ele>0</ele>
            </trkpt>
            <trkpt lat="44.59002" lon="8.662251">
                <ele>0</ele>
            </trkpt>
            <trkpt lat="44.589917" lon="8.662239">
                <ele>0</ele>
            </trkpt>
            <trkpt lat="44.589773" lon="8.662229">
                <ele>0</ele>
            </trkpt>
            <trkpt lat="44.589644" lon="8.662227">
                <ele>0</ele>
            </trkpt>
            <trkpt lat="44.589435" lon="8.662226">
                <ele>0</ele>
            </trkpt>
            <trkpt lat="44.589235" lon="8.662232">
                <ele>0</ele>
            </trkpt>
            <trkpt lat="44.588845" lon="8.662266">
                <ele>0</ele>
            </trkpt>
            <trkpt lat="44.588558" lon="8.662294">
                <ele>0</ele>
            </trkpt>
            <trkpt lat="44.588336" lon="8.662307">
                <ele>0</ele>
            </trkpt>
            <trkpt lat="44.588061" lon="8.662309">
                <ele>0</ele>
            </trkpt>
            <trkpt lat="44.587887" lon="8.66231">
                <ele>0</ele>
            </trkpt>
            <trkpt lat="44.587787" lon="8.66231">
                <ele>0</ele>
            </trkpt>
            <trkpt lat="44.587539" lon="8.66234">
                <ele>0</ele>
            </trkpt>
            <trkpt lat="44.587354" lon="8.662367">
                <ele>0</ele>
            </trkpt>
            <trkpt lat="44.58684" lon="8.662407">
                <ele>0</ele>
            </trkpt>
            <trkpt lat="44.58669" lon="8.662426">
                <ele>0</ele>
            </trkpt>
            <trkpt lat="44.586566" lon="8.662442">
                <ele>0</ele>
            </trkpt>
            <trkpt lat="44.586418" lon="8.662472">
                <ele>0</ele>
            </trkpt>
            <trkpt lat="44.586253" lon="8.662512">
                <ele>0</ele>
            </trkpt>
            <trkpt lat="44.586166" lon="8.662544">
                <ele>0</ele>
            </trkpt>
            <trkpt lat="44.586043" lon="8.662602">
                <ele>0</ele>
            </trkpt>
            <trkpt lat="44.585889" lon="8.662691">
                <ele>0</ele>
            </trkpt>
            <trkpt lat="44.585717" lon="8.662791">
                <ele>0</ele>
            </trkpt>
            <trkpt lat="44.585417" lon="8.662966">
                <ele>0</ele>
            </trkpt>
            <trkpt lat="44.585079" lon="8.663163">
                <ele>0</ele>
            </trkpt>
            <trkpt lat="44.584371" lon="8.663576">
                <ele>0</ele>
            </trkpt>
            <trkpt lat="44.584185" lon="8.663677">
                <ele>0</ele>
            </trkpt>
            <trkpt lat="44.584019" lon="8.663767">
                <ele>0</ele>
            </trkpt>
            <trkpt lat="44.583696" lon="8.663952">
                <ele>0</ele>
            </trkpt>
            <trkpt lat="44.583621" lon="8.664013">
                <ele>0</ele>
            </trkpt>
            <trkpt lat="44.583434" lon="8.664186">
                <ele>0</ele>
            </trkpt>
            <trkpt lat="44.583174" lon="8.664447">
                <ele>0</ele>
            </trkpt>
            <trkpt lat="44.583022" lon="8.664586">
                <ele>0</ele>
            </trkpt>
            <trkpt lat="44.582877" lon="8.664694">
                <ele>0</ele>
            </trkpt>
            <trkpt lat="44.582807" lon="8.664733">
                <ele>0</ele>
            </trkpt>
            <trkpt lat="44.58272" lon="8.664769">
                <ele>0</ele>
            </trkpt>
            <trkpt lat="44.582493" lon="8.664845">
                <ele>0</ele>
            </trkpt>
            <trkpt lat="44.582413" lon="8.664862">
                <ele>0</ele>
            </trkpt>
            <trkpt lat="44.582339" lon="8.664874">
                <ele>0</ele>
            </trkpt>
            <trkpt lat="44.582296" lon="8.664871">
                <ele>0</ele>
            </trkpt>
            <trkpt lat="44.582258" lon="8.664864">
                <ele>0</ele>
            </trkpt>
            <trkpt lat="44.582174" lon="8.664834">
                <ele>0</ele>
            </trkpt>
            <trkpt lat="44.582117" lon="8.664792">
                <ele>0</ele>
            </trkpt>
            <trkpt lat="44.582081" lon="8.664755">
                <ele>0</ele>
            </trkpt>
            <trkpt lat="44.582056" lon="8.664724">
                <ele>0</ele>
            </trkpt>
            <trkpt lat="44.582031" lon="8.664681">
                <ele>0</ele>
            </trkpt>
            <trkpt lat="44.581992" lon="8.664615">
                <ele>0</ele>
            </trkpt>
            <trkpt lat="44.581799" lon="8.664178">
                <ele>0</ele>
            </trkpt>
            <trkpt lat="44.581298" lon="8.663096">
                <ele>0</ele>
            </trkpt>
            <trkpt lat="44.581247" lon="8.662982">
                <ele>0</ele>
            </trkpt>
            <trkpt lat="44.581205" lon="8.662872">
                <ele>0</ele>
            </trkpt>
            <trkpt lat="44.581177" lon="8.662787">
                <ele>0</ele>
            </trkpt>
            <trkpt lat="44.581155" lon="8.66271">
                <ele>0</ele>
            </trkpt>
            <trkpt lat="44.581123" lon="8.662582">
                <ele>0</ele>
            </trkpt>
            <trkpt lat="44.581085" lon="8.662476">
                <ele>0</ele>
            </trkpt>
            <trkpt lat="44.581011" lon="8.662355">
                <ele>0</ele>
            </trkpt>
            <trkpt lat="44.580966" lon="8.66228">
                <ele>0</ele>
            </trkpt>
            <trkpt lat="44.580925" lon="8.662204">
                <ele>0</ele>
            </trkpt>
            <trkpt lat="44.580899" lon="8.662131">
                <ele>0</ele>
            </trkpt>
            <trkpt lat="44.580866" lon="8.662042">
                <ele>0</ele>
            </trkpt>
            <trkpt lat="44.580828" lon="8.661955">
                <ele>0</ele>
            </trkpt>
            <trkpt lat="44.580796" lon="8.661893">
                <ele>0</ele>
            </trkpt>
            <trkpt lat="44.580764" lon="8.661828">
                <ele>0</ele>
            </trkpt>
            <trkpt lat="44.58074" lon="8.661779">
                <ele>0</ele>
            </trkpt>
            <trkpt lat="44.580707" lon="8.661724">
                <ele>0</ele>
            </trkpt>
            <trkpt lat="44.580666" lon="8.661667">
                <ele>0</ele>
            </trkpt>
            <trkpt lat="44.580595" lon="8.661581">
                <ele>0</ele>
            </trkpt>
            <trkpt lat="44.580302" lon="8.661216">
                <ele>0</ele>
            </trkpt>
            <trkpt lat="44.58021" lon="8.66111">
                <ele>0</ele>
            </trkpt>
            <trkpt lat="44.580128" lon="8.661019">
                <ele>0</ele>
            </trkpt>
            <trkpt lat="44.580046" lon="8.660943">
                <ele>0</ele>
            </trkpt>
            <trkpt lat="44.580016" lon="8.660919">
                <ele>0</ele>
            </trkpt>
            <trkpt lat="44.579951" lon="8.660866">
                <ele>0</ele>
            </trkpt>
            <trkpt lat="44.57986" lon="8.660807">
                <ele>0</ele>
            </trkpt>
            <trkpt lat="44.579784" lon="8.660765">
                <ele>0</ele>
            </trkpt>
            <trkpt lat="44.5797" lon="8.660718">
                <ele>0</ele>
            </trkpt>
            <trkpt lat="44.57961" lon="8.660661">
                <ele>0</ele>
            </trkpt>
            <trkpt lat="44.579539" lon="8.66061">
                <ele>0</ele>
            </trkpt>
            <trkpt lat="44.579457" lon="8.660541">
                <ele>0</ele>
            </trkpt>
            <trkpt lat="44.579407" lon="8.660494">
                <ele>0</ele>
            </trkpt>
            <trkpt lat="44.579347" lon="8.660423">
                <ele>0</ele>
            </trkpt>
            <trkpt lat="44.579298" lon="8.66035">
                <ele>0</ele>
            </trkpt>
            <trkpt lat="44.579247" lon="8.660267">
                <ele>0</ele>
            </trkpt>
            <trkpt lat="44.579204" lon="8.660188">
                <ele>0</ele>
            </trkpt>
            <trkpt lat="44.579156" lon="8.660119">
                <ele>0</ele>
            </trkpt>
            <trkpt lat="44.579107" lon="8.660069">
                <ele>0</ele>
            </trkpt>
            <trkpt lat="44.579077" lon="8.660049">
                <ele>0</ele>
            </trkpt>
            <trkpt lat="44.579029" lon="8.660029">
                <ele>0</ele>
            </trkpt>
            <trkpt lat="44.578961" lon="8.660017">
                <ele>0</ele>
            </trkpt>
            <trkpt lat="44.578874" lon="8.660017">
                <ele>0</ele>
            </trkpt>
            <trkpt lat="44.578858" lon="8.660017">
                <ele>0</ele>
            </trkpt>
            <trkpt lat="44.578628" lon="8.660028">
                <ele>0</ele>
            </trkpt>
            <trkpt lat="44.578404" lon="8.660034">
                <ele>0</ele>
            </trkpt>
            <trkpt lat="44.57796" lon="8.660044">
                <ele>0</ele>
            </trkpt>
            <trkpt lat="44.57787" lon="8.66004">
                <ele>0</ele>
            </trkpt>
            <trkpt lat="44.577798" lon="8.660034">
                <ele>0</ele>
            </trkpt>
            <trkpt lat="44.577735" lon="8.660019">
                <ele>0</ele>
            </trkpt>
            <trkpt lat="44.577685" lon="8.660003">
                <ele>0</ele>
            </trkpt>
            <trkpt lat="44.577444" lon="8.659897">
                <ele>0</ele>
            </trkpt>
            <trkpt lat="44.577399" lon="8.659874">
                <ele>0</ele>
            </trkpt>
            <trkpt lat="44.577362" lon="8.659859">
                <ele>0</ele>
            </trkpt>
            <trkpt lat="44.577322" lon="8.659846">
                <ele>0</ele>
            </trkpt>
            <trkpt lat="44.577265" lon="8.659829">
                <ele>0</ele>
            </trkpt>
            <trkpt lat="44.577219" lon="8.659814">
                <ele>0</ele>
            </trkpt>
            <trkpt lat="44.577172" lon="8.659804">
                <ele>0</ele>
            </trkpt>
            <trkpt lat="44.577116" lon="8.659797">
                <ele>0</ele>
            </trkpt>
            <trkpt lat="44.576975" lon="8.659803">
                <ele>0</ele>
            </trkpt>
            <trkpt lat="44.576831" lon="8.659812">
                <ele>0</ele>
            </trkpt>
            <trkpt lat="44.576671" lon="8.659829">
                <ele>0</ele>
            </trkpt>
            <trkpt lat="44.576614" lon="8.659822">
                <ele>0</ele>
            </trkpt>
            <trkpt lat="44.576572" lon="8.659807">
                <ele>0</ele>
            </trkpt>
            <trkpt lat="44.576539" lon="8.659786">
                <ele>0</ele>
            </trkpt>
            <trkpt lat="44.576494" lon="8.659744">
                <ele>0</ele>
            </trkpt>
            <trkpt lat="44.57647" lon="8.659715">
                <ele>0</ele>
            </trkpt>
            <trkpt lat="44.576452" lon="8.65969">
                <ele>0</ele>
            </trkpt>
            <trkpt lat="44.576415" lon="8.659632">
                <ele>0</ele>
            </trkpt>
            <trkpt lat="44.576393" lon="8.659594">
                <ele>0</ele>
            </trkpt>
            <trkpt lat="44.576368" lon="8.659553">
                <ele>0</ele>
            </trkpt>
            <trkpt lat="44.576339" lon="8.659512">
                <ele>0</ele>
            </trkpt>
            <trkpt lat="44.5763" lon="8.659476">
                <ele>0</ele>
            </trkpt>
            <trkpt lat="44.576259" lon="8.659446">
                <ele>0</ele>
            </trkpt>
            <trkpt lat="44.576214" lon="8.659423">
                <ele>0</ele>
            </trkpt>
            <trkpt lat="44.57617" lon="8.659414">
                <ele>0</ele>
            </trkpt>
            <trkpt lat="44.576133" lon="8.659411">
                <ele>0</ele>
            </trkpt>
            <trkpt lat="44.576086" lon="8.659406">
                <ele>0</ele>
            </trkpt>
            <trkpt lat="44.576044" lon="8.659417">
                <ele>0</ele>
            </trkpt>
            <trkpt lat="44.575999" lon="8.659429">
                <ele>0</ele>
            </trkpt>
            <trkpt lat="44.575931" lon="8.659454">
                <ele>0</ele>
            </trkpt>
            <trkpt lat="44.575876" lon="8.65951">
                <ele>0</ele>
            </trkpt>
            <trkpt lat="44.575836" lon="8.659574">
                <ele>0</ele>
            </trkpt>
            <trkpt lat="44.575786" lon="8.659653">
                <ele>0</ele>
            </trkpt>
            <trkpt lat="44.57574" lon="8.659723">
                <ele>0</ele>
            </trkpt>
            <trkpt lat="44.575698" lon="8.659781">
                <ele>0</ele>
            </trkpt>
            <trkpt lat="44.575655" lon="8.659835">
                <ele>0</ele>
            </trkpt>
            <trkpt lat="44.575608" lon="8.659885">
                <ele>0</ele>
            </trkpt>
            <trkpt lat="44.575464" lon="8.660066">
                <ele>0</ele>
            </trkpt>
            <trkpt lat="44.575431" lon="8.660105">
                <ele>0</ele>
            </trkpt>
            <trkpt lat="44.5754" lon="8.660151">
                <ele>0</ele>
            </trkpt>
            <trkpt lat="44.575374" lon="8.660203">
                <ele>0</ele>
            </trkpt>
            <trkpt lat="44.57536" lon="8.660247">
                <ele>0</ele>
            </trkpt>
            <trkpt lat="44.57535" lon="8.660287">
                <ele>0</ele>
            </trkpt>
            <trkpt lat="44.575339" lon="8.660356">
                <ele>0</ele>
            </trkpt>
            <trkpt lat="44.575339" lon="8.660432">
                <ele>0</ele>
            </trkpt>
            <trkpt lat="44.575343" lon="8.66051">
                <ele>0</ele>
            </trkpt>
            <trkpt lat="44.575353" lon="8.660606">
                <ele>0</ele>
            </trkpt>
            <trkpt lat="44.575364" lon="8.660669">
                <ele>0</ele>
            </trkpt>
            <trkpt lat="44.57537" lon="8.660745">
                <ele>0</ele>
            </trkpt>
            <trkpt lat="44.575371" lon="8.660831">
                <ele>0</ele>
            </trkpt>
            <trkpt lat="44.575367" lon="8.660921">
                <ele>0</ele>
            </trkpt>
            <trkpt lat="44.575356" lon="8.661009">
                <ele>0</ele>
            </trkpt>
            <trkpt lat="44.575337" lon="8.661122">
                <ele>0</ele>
            </trkpt>
            <trkpt lat="44.575305" lon="8.661256">
                <ele>0</ele>
            </trkpt>
            <trkpt lat="44.575274" lon="8.661339">
                <ele>0</ele>
            </trkpt>
            <trkpt lat="44.575232" lon="8.661448">
                <ele>0</ele>
            </trkpt>
            <trkpt lat="44.575186" lon="8.661578">
                <ele>0</ele>
            </trkpt>
            <trkpt lat="44.575162" lon="8.661645">
                <ele>0</ele>
            </trkpt>
            <trkpt lat="44.575149" lon="8.6617">
                <ele>0</ele>
            </trkpt>
            <trkpt lat="44.575143" lon="8.661762">
                <ele>0</ele>
            </trkpt>
            <trkpt lat="44.575145" lon="8.661815">
                <ele>0</ele>
            </trkpt>
            <trkpt lat="44.575153" lon="8.661863">
                <ele>0</ele>
            </trkpt>
            <trkpt lat="44.575166" lon="8.661918">
                <ele>0</ele>
            </trkpt>
            <trkpt lat="44.575191" lon="8.661976">
                <ele>0</ele>
            </trkpt>
            <trkpt lat="44.575243" lon="8.66207">
                <ele>0</ele>
            </trkpt>
            <trkpt lat="44.575279" lon="8.662142">
                <ele>0</ele>
            </trkpt>
            <trkpt lat="44.575316" lon="8.662232">
                <ele>0</ele>
            </trkpt>
            <trkpt lat="44.575347" lon="8.662363">
                <ele>0</ele>
            </trkpt>
            <trkpt lat="44.575363" lon="8.66247">
                <ele>0</ele>
            </trkpt>
            <trkpt lat="44.575377" lon="8.662584">
                <ele>0</ele>
            </trkpt>
            <trkpt lat="44.575395" lon="8.662815">
                <ele>0</ele>
            </trkpt>
            <trkpt lat="44.575394" lon="8.66297">
                <ele>0</ele>
            </trkpt>
            <trkpt lat="44.575375" lon="8.663187">
                <ele>0</ele>
            </trkpt>
            <trkpt lat="44.575372" lon="8.663249">
                <ele>0</ele>
            </trkpt>
            <trkpt lat="44.575381" lon="8.663308">
                <ele>0</ele>
            </trkpt>
            <trkpt lat="44.575404" lon="8.663393">
                <ele>0</ele>
            </trkpt>
            <trkpt lat="44.575446" lon="8.663517">
                <ele>0</ele>
            </trkpt>
            <trkpt lat="44.575473" lon="8.66362">
                <ele>0</ele>
            </trkpt>
            <trkpt lat="44.575482" lon="8.663709">
                <ele>0</ele>
            </trkpt>
            <trkpt lat="44.575483" lon="8.663793">
                <ele>0</ele>
            </trkpt>
            <trkpt lat="44.575477" lon="8.663889">
                <ele>0</ele>
            </trkpt>
            <trkpt lat="44.575462" lon="8.66398">
                <ele>0</ele>
            </trkpt>
            <trkpt lat="44.575439" lon="8.664148">
                <ele>0</ele>
            </trkpt>
            <trkpt lat="44.575356" lon="8.664742">
                <ele>0</ele>
            </trkpt>
            <trkpt lat="44.575347" lon="8.664818">
                <ele>0</ele>
            </trkpt>
            <trkpt lat="44.575335" lon="8.664959">
                <ele>0</ele>
            </trkpt>
            <trkpt lat="44.575328" lon="8.665078">
                <ele>0</ele>
            </trkpt>
            <trkpt lat="44.575327" lon="8.665215">
                <ele>0</ele>
            </trkpt>
            <trkpt lat="44.575328" lon="8.665332">
                <ele>0</ele>
            </trkpt>
            <trkpt lat="44.575334" lon="8.66547">
                <ele>0</ele>
            </trkpt>
            <trkpt lat="44.575358" lon="8.665912">
                <ele>0</ele>
            </trkpt>
            <trkpt lat="44.575382" lon="8.666355">
                <ele>0</ele>
            </trkpt>
            <trkpt lat="44.575388" lon="8.666507">
                <ele>0</ele>
            </trkpt>
            <trkpt lat="44.575383" lon="8.666631">
                <ele>0</ele>
            </trkpt>
            <trkpt lat="44.57537" lon="8.666725">
                <ele>0</ele>
            </trkpt>
            <trkpt lat="44.575345" lon="8.666808">
                <ele>0</ele>
            </trkpt>
            <trkpt lat="44.57532" lon="8.666872">
                <ele>0</ele>
            </trkpt>
            <trkpt lat="44.575285" lon="8.666937">
                <ele>0</ele>
            </trkpt>
            <trkpt lat="44.575236" lon="8.667021">
                <ele>0</ele>
            </trkpt>
            <trkpt lat="44.575184" lon="8.667108">
                <ele>0</ele>
            </trkpt>
            <trkpt lat="44.575107" lon="8.667227">
                <ele>0</ele>
            </trkpt>
            <trkpt lat="44.575032" lon="8.667322">
                <ele>0</ele>
            </trkpt>
            <trkpt lat="44.574929" lon="8.667405">
                <ele>0</ele>
            </trkpt>
            <trkpt lat="44.574868" lon="8.667433">
                <ele>0</ele>
            </trkpt>
            <trkpt lat="44.574807" lon="8.667452">
                <ele>0</ele>
            </trkpt>
            <trkpt lat="44.574741" lon="8.667464">
                <ele>0</ele>
            </trkpt>
            <trkpt lat="44.574682" lon="8.667465">
                <ele>0</ele>
            </trkpt>
            <trkpt lat="44.574619" lon="8.667455">
                <ele>0</ele>
            </trkpt>
            <trkpt lat="44.574562" lon="8.667441">
                <ele>0</ele>
            </trkpt>
            <trkpt lat="44.574488" lon="8.667417">
                <ele>0</ele>
            </trkpt>
            <trkpt lat="44.574152" lon="8.667307">
                <ele>0</ele>
            </trkpt>
            <trkpt lat="44.573961" lon="8.667244">
                <ele>0</ele>
            </trkpt>
            <trkpt lat="44.573845" lon="8.66721">
                <ele>0</ele>
            </trkpt>
            <trkpt lat="44.573763" lon="8.667186">
                <ele>0</ele>
            </trkpt>
            <trkpt lat="44.573678" lon="8.667167">
                <ele>0</ele>
            </trkpt>
            <trkpt lat="44.573581" lon="8.667156">
                <ele>0</ele>
            </trkpt>
            <trkpt lat="44.573473" lon="8.66716">
                <ele>0</ele>
            </trkpt>
            <trkpt lat="44.573372" lon="8.667169">
                <ele>0</ele>
            </trkpt>
            <trkpt lat="44.57321" lon="8.667202">
                <ele>0</ele>
            </trkpt>
            <trkpt lat="44.573092" lon="8.667241">
                <ele>0</ele>
            </trkpt>
            <trkpt lat="44.573036" lon="8.667262">
                <ele>0</ele>
            </trkpt>
            <trkpt lat="44.572976" lon="8.667298">
                <ele>0</ele>
            </trkpt>
            <trkpt lat="44.572901" lon="8.667351">
                <ele>0</ele>
            </trkpt>
            <trkpt lat="44.572775" lon="8.667483">
                <ele>0</ele>
            </trkpt>
            <trkpt lat="44.572662" lon="8.667567">
                <ele>0</ele>
            </trkpt>
            <trkpt lat="44.572583" lon="8.6676">
                <ele>0</ele>
            </trkpt>
            <trkpt lat="44.572459" lon="8.667618">
                <ele>0</ele>
            </trkpt>
            <trkpt lat="44.572352" lon="8.667608">
                <ele>0</ele>
            </trkpt>
            <trkpt lat="44.572271" lon="8.667592">
                <ele>0</ele>
            </trkpt>
            <trkpt lat="44.572202" lon="8.667577">
                <ele>0</ele>
            </trkpt>
            <trkpt lat="44.572116" lon="8.667552">
                <ele>0</ele>
            </trkpt>
            <trkpt lat="44.572038" lon="8.667525">
                <ele>0</ele>
            </trkpt>
            <trkpt lat="44.571943" lon="8.667479">
                <ele>0</ele>
            </trkpt>
            <trkpt lat="44.571862" lon="8.667432">
                <ele>0</ele>
            </trkpt>
            <trkpt lat="44.571719" lon="8.667327">
                <ele>0</ele>
            </trkpt>
            <trkpt lat="44.571529" lon="8.667174">
                <ele>0</ele>
            </trkpt>
            <trkpt lat="44.571449" lon="8.667115">
                <ele>0</ele>
            </trkpt>
            <trkpt lat="44.571379" lon="8.667067">
                <ele>0</ele>
            </trkpt>
            <trkpt lat="44.571302" lon="8.667023">
                <ele>0</ele>
            </trkpt>
            <trkpt lat="44.571223" lon="8.666991">
                <ele>0</ele>
            </trkpt>
            <trkpt lat="44.571147" lon="8.666964">
                <ele>0</ele>
            </trkpt>
            <trkpt lat="44.571059" lon="8.666939">
                <ele>0</ele>
            </trkpt>
            <trkpt lat="44.570947" lon="8.666915">
                <ele>0</ele>
            </trkpt>
            <trkpt lat="44.570891" lon="8.666903">
                <ele>0</ele>
            </trkpt>
            <trkpt lat="44.570824" lon="8.666895">
                <ele>0</ele>
            </trkpt>
            <trkpt lat="44.57075" lon="8.666887">
                <ele>0</ele>
            </trkpt>
            <trkpt lat="44.570471" lon="8.666845">
                <ele>0</ele>
            </trkpt>
            <trkpt lat="44.570406" lon="8.666832">
                <ele>0</ele>
            </trkpt>
            <trkpt lat="44.570352" lon="8.666816">
                <ele>0</ele>
            </trkpt>
            <trkpt lat="44.570268" lon="8.66677">
                <ele>0</ele>
            </trkpt>
            <trkpt lat="44.570083" lon="8.666623">
                <ele>0</ele>
            </trkpt>
            <trkpt lat="44.569967" lon="8.666531">
                <ele>0</ele>
            </trkpt>
            <trkpt lat="44.56994" lon="8.66651">
                <ele>0</ele>
            </trkpt>
            <trkpt lat="44.569878" lon="8.666474">
                <ele>0</ele>
            </trkpt>
            <trkpt lat="44.569829" lon="8.666445">
                <ele>0</ele>
            </trkpt>
            <trkpt lat="44.569686" lon="8.666394">
                <ele>0</ele>
            </trkpt>
            <trkpt lat="44.569571" lon="8.666351">
                <ele>0</ele>
            </trkpt>
            <trkpt lat="44.569481" lon="8.666299">
                <ele>0</ele>
            </trkpt>
            <trkpt lat="44.569409" lon="8.666249">
                <ele>0</ele>
            </trkpt>
            <trkpt lat="44.569302" lon="8.66614">
                <ele>0</ele>
            </trkpt>
            <trkpt lat="44.569143" lon="8.665937">
                <ele>0</ele>
            </trkpt>
            <trkpt lat="44.569126" lon="8.665914">
                <ele>0</ele>
            </trkpt>
            <trkpt lat="44.569078" lon="8.665855">
                <ele>0</ele>
            </trkpt>
            <trkpt lat="44.56896" lon="8.665682">
                <ele>0</ele>
            </trkpt>
            <trkpt lat="44.568875" lon="8.665541">
                <ele>0</ele>
            </trkpt>
            <trkpt lat="44.568701" lon="8.665258">
                <ele>0</ele>
            </trkpt>
            <trkpt lat="44.568526" lon="8.664977">
                <ele>0</ele>
            </trkpt>
            <trkpt lat="44.568472" lon="8.664905">
                <ele>0</ele>
            </trkpt>
            <trkpt lat="44.568467" lon="8.664895">
                <ele>0</ele>
            </trkpt>
            <trkpt lat="44.568222" lon="8.664553">
                <ele>0</ele>
            </trkpt>
            <trkpt lat="44.568192" lon="8.66451">
                <ele>0</ele>
            </trkpt>
            <trkpt lat="44.56815" lon="8.664452">
                <ele>0</ele>
            </trkpt>
            <trkpt lat="44.568098" lon="8.664392">
                <ele>0</ele>
            </trkpt>
            <trkpt lat="44.568009" lon="8.664298">
                <ele>0</ele>
            </trkpt>
            <trkpt lat="44.56793" lon="8.664225">
                <ele>0</ele>
            </trkpt>
            <trkpt lat="44.567818" lon="8.664148">
                <ele>0</ele>
            </trkpt>
            <trkpt lat="44.567794" lon="8.66413">
                <ele>0</ele>
            </trkpt>
            <trkpt lat="44.567749" lon="8.664115">
                <ele>0</ele>
            </trkpt>
            <trkpt lat="44.567614" lon="8.664083">
                <ele>0</ele>
            </trkpt>
            <trkpt lat="44.56754" lon="8.664073">
                <ele>0</ele>
            </trkpt>
            <trkpt lat="44.567432" lon="8.664068">
                <ele>0</ele>
            </trkpt>
            <trkpt lat="44.567366" lon="8.664071">
                <ele>0</ele>
            </trkpt>
            <trkpt lat="44.567315" lon="8.664078">
                <ele>0</ele>
            </trkpt>
            <trkpt lat="44.567193" lon="8.664118">
                <ele>0</ele>
            </trkpt>
            <trkpt lat="44.567111" lon="8.66416">
                <ele>0</ele>
            </trkpt>
            <trkpt lat="44.567042" lon="8.664201">
                <ele>0</ele>
            </trkpt>
            <trkpt lat="44.566958" lon="8.664267">
                <ele>0</ele>
            </trkpt>
            <trkpt lat="44.566893" lon="8.664335">
                <ele>0</ele>
            </trkpt>
            <trkpt lat="44.566808" lon="8.664427">
                <ele>0</ele>
            </trkpt>
            <trkpt lat="44.566729" lon="8.664529">
                <ele>0</ele>
            </trkpt>
            <trkpt lat="44.566667" lon="8.664618">
                <ele>0</ele>
            </trkpt>
            <trkpt lat="44.566492" lon="8.664868">
                <ele>0</ele>
            </trkpt>
            <trkpt lat="44.566425" lon="8.664951">
                <ele>0</ele>
            </trkpt>
            <trkpt lat="44.566373" lon="8.665013">
                <ele>0</ele>
            </trkpt>
            <trkpt lat="44.566296" lon="8.665085">
                <ele>0</ele>
            </trkpt>
            <trkpt lat="44.566229" lon="8.665136">
                <ele>0</ele>
            </trkpt>
            <trkpt lat="44.566154" lon="8.665192">
                <ele>0</ele>
            </trkpt>
            <trkpt lat="44.566145" lon="8.665198">
                <ele>0</ele>
            </trkpt>
            <trkpt lat="44.566087" lon="8.665238">
                <ele>0</ele>
            </trkpt>
            <trkpt lat="44.566047" lon="8.665271">
                <ele>0</ele>
            </trkpt>
            <trkpt lat="44.565912" lon="8.665373">
                <ele>0</ele>
            </trkpt>
            <trkpt lat="44.565785" lon="8.66545">
                <ele>0</ele>
            </trkpt>
            <trkpt lat="44.565708" lon="8.66549">
                <ele>0</ele>
            </trkpt>
            <trkpt lat="44.565619" lon="8.665543">
                <ele>0</ele>
            </trkpt>
            <trkpt lat="44.565505" lon="8.665606">
                <ele>0</ele>
            </trkpt>
            <trkpt lat="44.565387" lon="8.665675">
                <ele>0</ele>
            </trkpt>
            <trkpt lat="44.565297" lon="8.665741">
                <ele>0</ele>
            </trkpt>
            <trkpt lat="44.565214" lon="8.665818">
                <ele>0</ele>
            </trkpt>
            <trkpt lat="44.56471" lon="8.666528">
                <ele>0</ele>
            </trkpt>
            <trkpt lat="44.564615" lon="8.666664">
                <ele>0</ele>
            </trkpt>
            <trkpt lat="44.564382" lon="8.666983">
                <ele>0</ele>
            </trkpt>
            <trkpt lat="44.564292" lon="8.667128">
                <ele>0</ele>
            </trkpt>
            <trkpt lat="44.564209" lon="8.667277">
                <ele>0</ele>
            </trkpt>
            <trkpt lat="44.564179" lon="8.667347">
                <ele>0</ele>
            </trkpt>
            <trkpt lat="44.564155" lon="8.667417">
                <ele>0</ele>
            </trkpt>
            <trkpt lat="44.564114" lon="8.667557">
                <ele>0</ele>
            </trkpt>
            <trkpt lat="44.564046" lon="8.667801">
                <ele>0</ele>
            </trkpt>
            <trkpt lat="44.564012" lon="8.667909">
                <ele>0</ele>
            </trkpt>
            <trkpt lat="44.563964" lon="8.668027">
                <ele>0</ele>
            </trkpt>
            <trkpt lat="44.563924" lon="8.668097">
                <ele>0</ele>
            </trkpt>
            <trkpt lat="44.563835" lon="8.668216">
                <ele>0</ele>
            </trkpt>
            <trkpt lat="44.563724" lon="8.668348">
                <ele>0</ele>
            </trkpt>
            <trkpt lat="44.56346" lon="8.668665">
                <ele>0</ele>
            </trkpt>
            <trkpt lat="44.563384" lon="8.668759">
                <ele>0</ele>
            </trkpt>
            <trkpt lat="44.562939" lon="8.669333">
                <ele>0</ele>
            </trkpt>
            <trkpt lat="44.562601" lon="8.669774">
                <ele>0</ele>
            </trkpt>
            <trkpt lat="44.56253" lon="8.669848">
                <ele>0</ele>
            </trkpt>
            <trkpt lat="44.562451" lon="8.669919">
                <ele>0</ele>
            </trkpt>
            <trkpt lat="44.562344" lon="8.669999">
                <ele>0</ele>
            </trkpt>
            <trkpt lat="44.562086" lon="8.670173">
                <ele>0</ele>
            </trkpt>
            <trkpt lat="44.561827" lon="8.670347">
                <ele>0</ele>
            </trkpt>
            <trkpt lat="44.561454" lon="8.67062">
                <ele>0</ele>
            </trkpt>
            <trkpt lat="44.561249" lon="8.670776">
                <ele>0</ele>
            </trkpt>
            <trkpt lat="44.561106" lon="8.670887">
                <ele>0</ele>
            </trkpt>
            <trkpt lat="44.560971" lon="8.670996">
                <ele>0</ele>
            </trkpt>
            <trkpt lat="44.560903" lon="8.671056">
                <ele>0</ele>
            </trkpt>
            <trkpt lat="44.560626" lon="8.671311">
                <ele>0</ele>
            </trkpt>
            <trkpt lat="44.560586" lon="8.671346">
                <ele>0</ele>
            </trkpt>
            <trkpt lat="44.560447" lon="8.671481">
                <ele>0</ele>
            </trkpt>
            <trkpt lat="44.560406" lon="8.671517">
                <ele>0</ele>
            </trkpt>
            <trkpt lat="44.559953" lon="8.671963">
                <ele>0</ele>
            </trkpt>
            <trkpt lat="44.55963" lon="8.672262">
                <ele>0</ele>
            </trkpt>
            <trkpt lat="44.559396" lon="8.672482">
                <ele>0</ele>
            </trkpt>
            <trkpt lat="44.559167" lon="8.672701">
                <ele>0</ele>
            </trkpt>
            <trkpt lat="44.559095" lon="8.672761">
                <ele>0</ele>
            </trkpt>
            <trkpt lat="44.559024" lon="8.672801">
                <ele>0</ele>
            </trkpt>
            <trkpt lat="44.558987" lon="8.672821">
                <ele>0</ele>
            </trkpt>
            <trkpt lat="44.558942" lon="8.672838">
                <ele>0</ele>
            </trkpt>
            <trkpt lat="44.558878" lon="8.672845">
                <ele>0</ele>
            </trkpt>
            <trkpt lat="44.558803" lon="8.672841">
                <ele>0</ele>
            </trkpt>
            <trkpt lat="44.558778" lon="8.67284">
                <ele>0</ele>
            </trkpt>
            <trkpt lat="44.558736" lon="8.672833">
                <ele>0</ele>
            </trkpt>
            <trkpt lat="44.558692" lon="8.672825">
                <ele>0</ele>
            </trkpt>
            <trkpt lat="44.558618" lon="8.672803">
                <ele>0</ele>
            </trkpt>
            <trkpt lat="44.558376" lon="8.672723">
                <ele>0</ele>
            </trkpt>
            <trkpt lat="44.558302" lon="8.672698">
                <ele>0</ele>
            </trkpt>
            <trkpt lat="44.558027" lon="8.672608">
                <ele>0</ele>
            </trkpt>
            <trkpt lat="44.557754" lon="8.672522">
                <ele>0</ele>
            </trkpt>
            <trkpt lat="44.557689" lon="8.67249">
                <ele>0</ele>
            </trkpt>
            <trkpt lat="44.557632" lon="8.672458">
                <ele>0</ele>
            </trkpt>
            <trkpt lat="44.557371" lon="8.67225">
                <ele>0</ele>
            </trkpt>
            <trkpt lat="44.557152" lon="8.672065">
                <ele>0</ele>
            </trkpt>
            <trkpt lat="44.557028" lon="8.671972">
                <ele>0</ele>
            </trkpt>
            <trkpt lat="44.556989" lon="8.671944">
                <ele>0</ele>
            </trkpt>
            <trkpt lat="44.556935" lon="8.67191">
                <ele>0</ele>
            </trkpt>
            <trkpt lat="44.556886" lon="8.671885">
                <ele>0</ele>
            </trkpt>
            <trkpt lat="44.55684" lon="8.671863">
                <ele>0</ele>
            </trkpt>
            <trkpt lat="44.556767" lon="8.671838">
                <ele>0</ele>
            </trkpt>
            <trkpt lat="44.556623" lon="8.671813">
                <ele>0</ele>
            </trkpt>
            <trkpt lat="44.556435" lon="8.6718">
                <ele>0</ele>
            </trkpt>
            <trkpt lat="44.556247" lon="8.6718">
                <ele>0</ele>
            </trkpt>
            <trkpt lat="44.556138" lon="8.671804">
                <ele>0</ele>
            </trkpt>
            <trkpt lat="44.55598" lon="8.671828">
                <ele>0</ele>
            </trkpt>
            <trkpt lat="44.555816" lon="8.671864">
                <ele>0</ele>
            </trkpt>
            <trkpt lat="44.555547" lon="8.671941">
                <ele>0</ele>
            </trkpt>
            <trkpt lat="44.554939" lon="8.672186">
                <ele>0</ele>
            </trkpt>
            <trkpt lat="44.554909" lon="8.672196">
                <ele>0</ele>
            </trkpt>
            <trkpt lat="44.554903" lon="8.672198">
                <ele>0</ele>
            </trkpt>
            <trkpt lat="44.552597" lon="8.672946">
                <ele>0</ele>
            </trkpt>
            <trkpt lat="44.55235" lon="8.673031">
                <ele>0</ele>
            </trkpt>
            <trkpt lat="44.55228" lon="8.673053">
                <ele>0</ele>
            </trkpt>
            <trkpt lat="44.552211" lon="8.673065">
                <ele>0</ele>
            </trkpt>
            <trkpt lat="44.552055" lon="8.673074">
                <ele>0</ele>
            </trkpt>
            <trkpt lat="44.551637" lon="8.673089">
                <ele>0</ele>
            </trkpt>
            <trkpt lat="44.551474" lon="8.6731">
                <ele>0</ele>
            </trkpt>
            <trkpt lat="44.551365" lon="8.673115">
                <ele>0</ele>
            </trkpt>
            <trkpt lat="44.549196" lon="8.673658">
                <ele>0</ele>
            </trkpt>
            <trkpt lat="44.549052" lon="8.673694">
                <ele>0</ele>
            </trkpt>
            <trkpt lat="44.548992" lon="8.673716">
                <ele>0</ele>
            </trkpt>
            <trkpt lat="44.54894" lon="8.673743">
                <ele>0</ele>
            </trkpt>
            <trkpt lat="44.548849" lon="8.673797">
                <ele>0</ele>
            </trkpt>
            <trkpt lat="44.548779" lon="8.673857">
                <ele>0</ele>
            </trkpt>
            <trkpt lat="44.548703" lon="8.673944">
                <ele>0</ele>
            </trkpt>
            <trkpt lat="44.548631" lon="8.674056">
                <ele>0</ele>
            </trkpt>
            <trkpt lat="44.548569" lon="8.674165">
                <ele>0</ele>
            </trkpt>
            <trkpt lat="44.548527" lon="8.674274">
                <ele>0</ele>
            </trkpt>
            <trkpt lat="44.54849" lon="8.674385">
                <ele>0</ele>
            </trkpt>
            <trkpt lat="44.548471" lon="8.674461">
                <ele>0</ele>
            </trkpt>
            <trkpt lat="44.548452" lon="8.674565">
                <ele>0</ele>
            </trkpt>
            <trkpt lat="44.548445" lon="8.674646">
                <ele>0</ele>
            </trkpt>
            <trkpt lat="44.548449" lon="8.674815">
                <ele>0</ele>
            </trkpt>
            <trkpt lat="44.548453" lon="8.675023">
                <ele>0</ele>
            </trkpt>
            <trkpt lat="44.548451" lon="8.675202">
                <ele>0</ele>
            </trkpt>
            <trkpt lat="44.54844" lon="8.675385">
                <ele>0</ele>
            </trkpt>
            <trkpt lat="44.548423" lon="8.675551">
                <ele>0</ele>
            </trkpt>
            <trkpt lat="44.548399" lon="8.675738">
                <ele>0</ele>
            </trkpt>
            <trkpt lat="44.548377" lon="8.675888">
                <ele>0</ele>
            </trkpt>
            <trkpt lat="44.54835" lon="8.676045">
                <ele>0</ele>
            </trkpt>
            <trkpt lat="44.548319" lon="8.676208">
                <ele>0</ele>
            </trkpt>
            <trkpt lat="44.548278" lon="8.676359">
                <ele>0</ele>
            </trkpt>
            <trkpt lat="44.548253" lon="8.676421">
                <ele>0</ele>
            </trkpt>
            <trkpt lat="44.548224" lon="8.676468">
                <ele>0</ele>
            </trkpt>
            <trkpt lat="44.548187" lon="8.676525">
                <ele>0</ele>
            </trkpt>
            <trkpt lat="44.548129" lon="8.676596">
                <ele>0</ele>
            </trkpt>
            <trkpt lat="44.548079" lon="8.676654">
                <ele>0</ele>
            </trkpt>
            <trkpt lat="44.54802" lon="8.6767">
                <ele>0</ele>
            </trkpt>
            <trkpt lat="44.547927" lon="8.676763">
                <ele>0</ele>
            </trkpt>
            <trkpt lat="44.547867" lon="8.676797">
                <ele>0</ele>
            </trkpt>
            <trkpt lat="44.54774" lon="8.676861">
                <ele>0</ele>
            </trkpt>
            <trkpt lat="44.5476" lon="8.676916">
                <ele>0</ele>
            </trkpt>
            <trkpt lat="44.547359" lon="8.677009">
                <ele>0</ele>
            </trkpt>
            <trkpt lat="44.547284" lon="8.677026">
                <ele>0</ele>
            </trkpt>
            <trkpt lat="44.547188" lon="8.67704">
                <ele>0</ele>
            </trkpt>
            <trkpt lat="44.547081" lon="8.677048">
                <ele>0</ele>
            </trkpt>
            <trkpt lat="44.546532" lon="8.677052">
                <ele>0</ele>
            </trkpt>
            <trkpt lat="44.546413" lon="8.677056">
                <ele>0</ele>
            </trkpt>
            <trkpt lat="44.546297" lon="8.67708">
                <ele>0</ele>
            </trkpt>
            <trkpt lat="44.546201" lon="8.677108">
                <ele>0</ele>
            </trkpt>
            <trkpt lat="44.546148" lon="8.677131">
                <ele>0</ele>
            </trkpt>
            <trkpt lat="44.546103" lon="8.677167">
                <ele>0</ele>
            </trkpt>
            <trkpt lat="44.546062" lon="8.677231">
                <ele>0</ele>
            </trkpt>
            <trkpt lat="44.54603" lon="8.677294">
                <ele>0</ele>
            </trkpt>
            <trkpt lat="44.54599" lon="8.67739">
                <ele>0</ele>
            </trkpt>
            <trkpt lat="44.54595" lon="8.677482">
                <ele>0</ele>
            </trkpt>
            <trkpt lat="44.54591" lon="8.677586">
                <ele>0</ele>
            </trkpt>
            <trkpt lat="44.545865" lon="8.677689">
                <ele>0</ele>
            </trkpt>
            <trkpt lat="44.545831" lon="8.677759">
                <ele>0</ele>
            </trkpt>
            <trkpt lat="44.545789" lon="8.677838">
                <ele>0</ele>
            </trkpt>
            <trkpt lat="44.545752" lon="8.677909">
                <ele>0</ele>
            </trkpt>
            <trkpt lat="44.545714" lon="8.677969">
                <ele>0</ele>
            </trkpt>
            <trkpt lat="44.545669" lon="8.678043">
                <ele>0</ele>
            </trkpt>
            <trkpt lat="44.545629" lon="8.678101">
                <ele>0</ele>
            </trkpt>
            <trkpt lat="44.545484" lon="8.678264">
                <ele>0</ele>
            </trkpt>
            <trkpt lat="44.54521" lon="8.678549">
                <ele>0</ele>
            </trkpt>
            <trkpt lat="44.544975" lon="8.678817">
                <ele>0</ele>
            </trkpt>
            <trkpt lat="44.544916" lon="8.678905">
                <ele>0</ele>
            </trkpt>
            <trkpt lat="44.544835" lon="8.679033">
                <ele>0</ele>
            </trkpt>
            <trkpt lat="44.544741" lon="8.679175">
                <ele>0</ele>
            </trkpt>
            <trkpt lat="44.54466" lon="8.679306">
                <ele>0</ele>
            </trkpt>
            <trkpt lat="44.544393" lon="8.679736">
                <ele>0</ele>
            </trkpt>
            <trkpt lat="44.544327" lon="8.679848">
                <ele>0</ele>
            </trkpt>
            <trkpt lat="44.544263" lon="8.679985">
                <ele>0</ele>
            </trkpt>
            <trkpt lat="44.544199" lon="8.68013">
                <ele>0</ele>
            </trkpt>
            <trkpt lat="44.544118" lon="8.680312">
                <ele>0</ele>
            </trkpt>
            <trkpt lat="44.544076" lon="8.680436">
                <ele>0</ele>
            </trkpt>
            <trkpt lat="44.544046" lon="8.680529">
                <ele>0</ele>
            </trkpt>
            <trkpt lat="44.544017" lon="8.680655">
                <ele>0</ele>
            </trkpt>
            <trkpt lat="44.544001" lon="8.680751">
                <ele>0</ele>
            </trkpt>
            <trkpt lat="44.543987" lon="8.680847">
                <ele>0</ele>
            </trkpt>
            <trkpt lat="44.543978" lon="8.680963">
                <ele>0</ele>
            </trkpt>
            <trkpt lat="44.543973" lon="8.681078">
                <ele>0</ele>
            </trkpt>
            <trkpt lat="44.543974" lon="8.681177">
                <ele>0</ele>
            </trkpt>
            <trkpt lat="44.543982" lon="8.68129">
                <ele>0</ele>
            </trkpt>
            <trkpt lat="44.543992" lon="8.681402">
                <ele>0</ele>
            </trkpt>
            <trkpt lat="44.544009" lon="8.681546">
                <ele>0</ele>
            </trkpt>
            <trkpt lat="44.544031" lon="8.681735">
                <ele>0</ele>
            </trkpt>
            <trkpt lat="44.544064" lon="8.682008">
                <ele>0</ele>
            </trkpt>
            <trkpt lat="44.544067" lon="8.682037">
                <ele>0</ele>
            </trkpt>
            <trkpt lat="44.544092" lon="8.682225">
                <ele>0</ele>
            </trkpt>
            <trkpt lat="44.54412" lon="8.682443">
                <ele>0</ele>
            </trkpt>
            <trkpt lat="44.544133" lon="8.682539">
                <ele>0</ele>
            </trkpt>
            <trkpt lat="44.544177" lon="8.682837">
                <ele>0</ele>
            </trkpt>
            <trkpt lat="44.544278" lon="8.683466">
                <ele>0</ele>
            </trkpt>
            <trkpt lat="44.544342" lon="8.683867">
                <ele>0</ele>
            </trkpt>
            <trkpt lat="44.544494" lon="8.684855">
                <ele>0</ele>
            </trkpt>
            <trkpt lat="44.544512" lon="8.685023">
                <ele>0</ele>
            </trkpt>
            <trkpt lat="44.54452" lon="8.685171">
                <ele>0</ele>
            </trkpt>
            <trkpt lat="44.544518" lon="8.685308">
                <ele>0</ele>
            </trkpt>
            <trkpt lat="44.544517" lon="8.685319">
                <ele>0</ele>
            </trkpt>
            <trkpt lat="44.544511" lon="8.685421">
                <ele>0</ele>
            </trkpt>
            <trkpt lat="44.544498" lon="8.685624">
                <ele>0</ele>
            </trkpt>
            <trkpt lat="44.544476" lon="8.685879">
                <ele>0</ele>
            </trkpt>
            <trkpt lat="44.544448" lon="8.686117">
                <ele>0</ele>
            </trkpt>
            <trkpt lat="44.544422" lon="8.686262">
                <ele>0</ele>
            </trkpt>
            <trkpt lat="44.5444" lon="8.68637">
                <ele>0</ele>
            </trkpt>
            <trkpt lat="44.544286" lon="8.686912">
                <ele>0</ele>
            </trkpt>
            <trkpt lat="44.544255" lon="8.687041">
                <ele>0</ele>
            </trkpt>
            <trkpt lat="44.544232" lon="8.687112">
                <ele>0</ele>
            </trkpt>
            <trkpt lat="44.544198" lon="8.687187">
                <ele>0</ele>
            </trkpt>
            <trkpt lat="44.544162" lon="8.687257">
                <ele>0</ele>
            </trkpt>
            <trkpt lat="44.54412" lon="8.687326">
                <ele>0</ele>
            </trkpt>
            <trkpt lat="44.544069" lon="8.687408">
                <ele>0</ele>
            </trkpt>
            <trkpt lat="44.544034" lon="8.687468">
                <ele>0</ele>
            </trkpt>
            <trkpt lat="44.544008" lon="8.687521">
                <ele>0</ele>
            </trkpt>
            <trkpt lat="44.543982" lon="8.687613">
                <ele>0</ele>
            </trkpt>
            <trkpt lat="44.543969" lon="8.687719">
                <ele>0</ele>
            </trkpt>
            <trkpt lat="44.543957" lon="8.687919">
                <ele>0</ele>
            </trkpt>
            <trkpt lat="44.54395" lon="8.688114">
                <ele>0</ele>
            </trkpt>
            <trkpt lat="44.543945" lon="8.688235">
                <ele>0</ele>
            </trkpt>
            <trkpt lat="44.543947" lon="8.688349">
                <ele>0</ele>
            </trkpt>
            <trkpt lat="44.543967" lon="8.688554">
                <ele>0</ele>
            </trkpt>
            <trkpt lat="44.543987" lon="8.688778">
                <ele>0</ele>
            </trkpt>
            <trkpt lat="44.544002" lon="8.688991">
                <ele>0</ele>
            </trkpt>
            <trkpt lat="44.544012" lon="8.689197">
                <ele>0</ele>
            </trkpt>
            <trkpt lat="44.544009" lon="8.689371">
                <ele>0</ele>
            </trkpt>
            <trkpt lat="44.543998" lon="8.689608">
                <ele>0</ele>
            </trkpt>
            <trkpt lat="44.543983" lon="8.689843">
                <ele>0</ele>
            </trkpt>
            <trkpt lat="44.543979" lon="8.69">
                <ele>0</ele>
            </trkpt>
            <trkpt lat="44.543978" lon="8.690102">
                <ele>0</ele>
            </trkpt>
            <trkpt lat="44.543984" lon="8.690201">
                <ele>0</ele>
            </trkpt>
            <trkpt lat="44.544041" lon="8.690429">
                <ele>0</ele>
            </trkpt>
            <trkpt lat="44.544204" lon="8.69093">
                <ele>0</ele>
            </trkpt>
            <trkpt lat="44.544219" lon="8.690985">
                <ele>0</ele>
            </trkpt>
            <trkpt lat="44.544239" lon="8.691076">
                <ele>0</ele>
            </trkpt>
            <trkpt lat="44.544242" lon="8.691163">
                <ele>0</ele>
            </trkpt>
            <trkpt lat="44.544236" lon="8.69126">
                <ele>0</ele>
            </trkpt>
            <trkpt lat="44.544215" lon="8.69136">
                <ele>0</ele>
            </trkpt>
            <trkpt lat="44.544187" lon="8.691433">
                <ele>0</ele>
            </trkpt>
            <trkpt lat="44.544145" lon="8.691511">
                <ele>0</ele>
            </trkpt>
            <trkpt lat="44.544098" lon="8.691579">
                <ele>0</ele>
            </trkpt>
            <trkpt lat="44.543919" lon="8.691801">
                <ele>0</ele>
            </trkpt>
            <trkpt lat="44.543594" lon="8.692224">
                <ele>0</ele>
            </trkpt>
            <trkpt lat="44.543507" lon="8.692352">
                <ele>0</ele>
            </trkpt>
            <trkpt lat="44.54345" lon="8.692445">
                <ele>0</ele>
            </trkpt>
            <trkpt lat="44.543388" lon="8.692565">
                <ele>0</ele>
            </trkpt>
            <trkpt lat="44.54334" lon="8.692666">
                <ele>0</ele>
            </trkpt>
            <trkpt lat="44.543286" lon="8.692799">
                <ele>0</ele>
            </trkpt>
            <trkpt lat="44.543255" lon="8.692886">
                <ele>0</ele>
            </trkpt>
            <trkpt lat="44.543223" lon="8.693007">
                <ele>0</ele>
            </trkpt>
            <trkpt lat="44.543186" lon="8.693142">
                <ele>0</ele>
            </trkpt>
            <trkpt lat="44.543126" lon="8.693381">
                <ele>0</ele>
            </trkpt>
            <trkpt lat="44.542979" lon="8.693959">
                <ele>0</ele>
            </trkpt>
            <trkpt lat="44.542934" lon="8.694125">
                <ele>0</ele>
            </trkpt>
            <trkpt lat="44.542901" lon="8.694239">
                <ele>0</ele>
            </trkpt>
            <trkpt lat="44.542852" lon="8.694383">
                <ele>0</ele>
            </trkpt>
            <trkpt lat="44.542799" lon="8.694511">
                <ele>0</ele>
            </trkpt>
            <trkpt lat="44.542732" lon="8.694669">
                <ele>0</ele>
            </trkpt>
            <trkpt lat="44.542429" lon="8.695394">
                <ele>0</ele>
            </trkpt>
            <trkpt lat="44.542365" lon="8.69554">
                <ele>0</ele>
            </trkpt>
            <trkpt lat="44.542265" lon="8.695752">
                <ele>0</ele>
            </trkpt>
            <trkpt lat="44.542192" lon="8.695893">
                <ele>0</ele>
            </trkpt>
            <trkpt lat="44.542084" lon="8.696064">
                <ele>0</ele>
            </trkpt>
            <trkpt lat="44.541971" lon="8.696245">
                <ele>0</ele>
            </trkpt>
            <trkpt lat="44.541911" lon="8.696343">
                <ele>0</ele>
            </trkpt>
            <trkpt lat="44.541846" lon="8.696441">
                <ele>0</ele>
            </trkpt>
            <trkpt lat="44.541797" lon="8.696508">
                <ele>0</ele>
            </trkpt>
            <trkpt lat="44.541734" lon="8.696578">
                <ele>0</ele>
            </trkpt>
            <trkpt lat="44.541664" lon="8.696649">
                <ele>0</ele>
            </trkpt>
            <trkpt lat="44.541586" lon="8.696709">
                <ele>0</ele>
            </trkpt>
            <trkpt lat="44.541426" lon="8.696822">
                <ele>0</ele>
            </trkpt>
            <trkpt lat="44.541207" lon="8.696995">
                <ele>0</ele>
            </trkpt>
            <trkpt lat="44.541044" lon="8.697144">
                <ele>0</ele>
            </trkpt>
            <trkpt lat="44.540943" lon="8.697256">
                <ele>0</ele>
            </trkpt>
            <trkpt lat="44.540834" lon="8.697381">
                <ele>0</ele>
            </trkpt>
            <trkpt lat="44.540526" lon="8.697723">
                <ele>0</ele>
            </trkpt>
            <trkpt lat="44.540442" lon="8.697832">
                <ele>0</ele>
            </trkpt>
            <trkpt lat="44.540358" lon="8.697948">
                <ele>0</ele>
            </trkpt>
            <trkpt lat="44.540289" lon="8.698051">
                <ele>0</ele>
            </trkpt>
            <trkpt lat="44.540218" lon="8.698167">
                <ele>0</ele>
            </trkpt>
            <trkpt lat="44.540131" lon="8.698271">
                <ele>0</ele>
            </trkpt>
            <trkpt lat="44.540035" lon="8.698379">
                <ele>0</ele>
            </trkpt>
            <trkpt lat="44.539924" lon="8.698451">
                <ele>0</ele>
            </trkpt>
            <trkpt lat="44.539708" lon="8.698561">
                <ele>0</ele>
            </trkpt>
            <trkpt lat="44.539504" lon="8.698647">
                <ele>0</ele>
            </trkpt>
            <trkpt lat="44.539379" lon="8.698691">
                <ele>0</ele>
            </trkpt>
            <trkpt lat="44.539216" lon="8.698711">
                <ele>0</ele>
            </trkpt>
            <trkpt lat="44.539145" lon="8.698707">
                <ele>0</ele>
            </trkpt>
            <trkpt lat="44.539107" lon="8.698696">
                <ele>0</ele>
            </trkpt>
            <trkpt lat="44.539035" lon="8.698669">
                <ele>0</ele>
            </trkpt>
            <trkpt lat="44.538992" lon="8.698641">
                <ele>0</ele>
            </trkpt>
            <trkpt lat="44.538966" lon="8.698615">
                <ele>0</ele>
            </trkpt>
            <trkpt lat="44.53894" lon="8.698575">
                <ele>0</ele>
            </trkpt>
            <trkpt lat="44.53891" lon="8.698519">
                <ele>0</ele>
            </trkpt>
            <trkpt lat="44.538865" lon="8.698426">
                <ele>0</ele>
            </trkpt>
            <trkpt lat="44.538682" lon="8.698042">
                <ele>0</ele>
            </trkpt>
            <trkpt lat="44.538625" lon="8.697985">
                <ele>0</ele>
            </trkpt>
            <trkpt lat="44.538568" lon="8.697955">
                <ele>0</ele>
            </trkpt>
            <trkpt lat="44.538472" lon="8.697928">
                <ele>0</ele>
            </trkpt>
            <trkpt lat="44.538285" lon="8.69792">
                <ele>0</ele>
            </trkpt>
            <trkpt lat="44.538086" lon="8.697877">
                <ele>0</ele>
            </trkpt>
            <trkpt lat="44.537886" lon="8.697836">
                <ele>0</ele>
            </trkpt>
            <trkpt lat="44.537648" lon="8.697774">
                <ele>0</ele>
            </trkpt>
            <trkpt lat="44.537531" lon="8.697734">
                <ele>0</ele>
            </trkpt>
            <trkpt lat="44.537428" lon="8.697691">
                <ele>0</ele>
            </trkpt>
            <trkpt lat="44.537395" lon="8.697677">
                <ele>0</ele>
            </trkpt>
            <trkpt lat="44.537355" lon="8.697657">
                <ele>0</ele>
            </trkpt>
            <trkpt lat="44.537298" lon="8.697628">
                <ele>0</ele>
            </trkpt>
            <trkpt lat="44.53719" lon="8.697576">
                <ele>0</ele>
            </trkpt>
            <trkpt lat="44.537102" lon="8.697519">
                <ele>0</ele>
            </trkpt>
            <trkpt lat="44.536724" lon="8.69726">
                <ele>0</ele>
            </trkpt>
            <trkpt lat="44.536657" lon="8.697232">
                <ele>0</ele>
            </trkpt>
            <trkpt lat="44.536582" lon="8.697218">
                <ele>0</ele>
            </trkpt>
            <trkpt lat="44.536551" lon="8.697215">
                <ele>0</ele>
            </trkpt>
            <trkpt lat="44.536482" lon="8.697225">
                <ele>0</ele>
            </trkpt>
            <trkpt lat="44.536417" lon="8.697251">
                <ele>0</ele>
            </trkpt>
            <trkpt lat="44.536311" lon="8.697294">
                <ele>0</ele>
            </trkpt>
            <trkpt lat="44.536088" lon="8.697423">
                <ele>0</ele>
            </trkpt>
            <trkpt lat="44.535967" lon="8.697506">
                <ele>0</ele>
            </trkpt>
            <trkpt lat="44.535771" lon="8.697681">
                <ele>0</ele>
            </trkpt>
            <trkpt lat="44.535708" lon="8.697719">
                <ele>0</ele>
            </trkpt>
            <trkpt lat="44.535542" lon="8.69785">
                <ele>0</ele>
            </trkpt>
            <trkpt lat="44.535197" lon="8.698091">
                <ele>0</ele>
            </trkpt>
            <trkpt lat="44.535035" lon="8.698211">
                <ele>0</ele>
            </trkpt>
            <trkpt lat="44.534717" lon="8.698434">
                <ele>0</ele>
            </trkpt>
            <trkpt lat="44.534575" lon="8.698539">
                <ele>0</ele>
            </trkpt>
            <trkpt lat="44.534401" lon="8.698683">
                <ele>0</ele>
            </trkpt>
            <trkpt lat="44.53432" lon="8.698759">
                <ele>0</ele>
            </trkpt>
            <trkpt lat="44.534229" lon="8.698866">
                <ele>0</ele>
            </trkpt>
            <trkpt lat="44.534174" lon="8.698927">
                <ele>0</ele>
            </trkpt>
            <trkpt lat="44.534131" lon="8.698979">
                <ele>0</ele>
            </trkpt>
            <trkpt lat="44.53405" lon="8.699076">
                <ele>0</ele>
            </trkpt>
            <trkpt lat="44.533921" lon="8.699218">
                <ele>0</ele>
            </trkpt>
            <trkpt lat="44.533616" lon="8.69961">
                <ele>0</ele>
            </trkpt>
            <trkpt lat="44.533274" lon="8.700003">
                <ele>0</ele>
            </trkpt>
            <trkpt lat="44.533263" lon="8.700015">
                <ele>0</ele>
            </trkpt>
            <trkpt lat="44.533103" lon="8.700198">
                <ele>0</ele>
            </trkpt>
            <trkpt lat="44.532997" lon="8.700355">
                <ele>0</ele>
            </trkpt>
            <trkpt lat="44.532803" lon="8.700693">
                <ele>0</ele>
            </trkpt>
            <trkpt lat="44.532735" lon="8.700802">
                <ele>0</ele>
            </trkpt>
            <trkpt lat="44.53259" lon="8.70095">
                <ele>0</ele>
            </trkpt>
            <trkpt lat="44.532484" lon="8.701027">
                <ele>0</ele>
            </trkpt>
            <trkpt lat="44.532318" lon="8.70111">
                <ele>0</ele>
            </trkpt>
            <trkpt lat="44.532206" lon="8.701138">
                <ele>0</ele>
            </trkpt>
            <trkpt lat="44.531983" lon="8.701151">
                <ele>0</ele>
            </trkpt>
            <trkpt lat="44.531841" lon="8.701159">
                <ele>0</ele>
            </trkpt>
            <trkpt lat="44.531727" lon="8.701178">
                <ele>0</ele>
            </trkpt>
            <trkpt lat="44.531594" lon="8.70121">
                <ele>0</ele>
            </trkpt>
            <trkpt lat="44.531548" lon="8.701231">
                <ele>0</ele>
            </trkpt>
            <trkpt lat="44.531511" lon="8.70125">
                <ele>0</ele>
            </trkpt>
            <trkpt lat="44.531463" lon="8.701281">
                <ele>0</ele>
            </trkpt>
            <trkpt lat="44.531385" lon="8.701341">
                <ele>0</ele>
            </trkpt>
            <trkpt lat="44.531302" lon="8.701409">
                <ele>0</ele>
            </trkpt>
            <trkpt lat="44.53103" lon="8.701639">
                <ele>0</ele>
            </trkpt>
            <trkpt lat="44.530953" lon="8.701705">
                <ele>0</ele>
            </trkpt>
            <trkpt lat="44.530511" lon="8.702085">
                <ele>0</ele>
            </trkpt>
            <trkpt lat="44.530398" lon="8.702182">
                <ele>0</ele>
            </trkpt>
            <trkpt lat="44.530316" lon="8.70224">
                <ele>0</ele>
            </trkpt>
            <trkpt lat="44.530229" lon="8.702292">
                <ele>0</ele>
            </trkpt>
            <trkpt lat="44.530141" lon="8.702334">
                <ele>0</ele>
            </trkpt>
            <trkpt lat="44.530064" lon="8.702347">
                <ele>0</ele>
            </trkpt>
            <trkpt lat="44.529996" lon="8.70235">
                <ele>0</ele>
            </trkpt>
            <trkpt lat="44.529897" lon="8.702347">
                <ele>0</ele>
            </trkpt>
            <trkpt lat="44.529807" lon="8.702332">
                <ele>0</ele>
            </trkpt>
            <trkpt lat="44.529697" lon="8.702287">
                <ele>0</ele>
            </trkpt>
            <trkpt lat="44.529633" lon="8.702245">
                <ele>0</ele>
            </trkpt>
            <trkpt lat="44.529586" lon="8.702198">
                <ele>0</ele>
            </trkpt>
            <trkpt lat="44.529163" lon="8.701432">
                <ele>0</ele>
            </trkpt>
            <trkpt lat="44.529124" lon="8.701361">
                <ele>0</ele>
            </trkpt>
            <trkpt lat="44.528999" lon="8.701126">
                <ele>0</ele>
            </trkpt>
            <trkpt lat="44.528887" lon="8.700937">
                <ele>0</ele>
            </trkpt>
            <trkpt lat="44.52877" lon="8.700794">
                <ele>0</ele>
            </trkpt>
            <trkpt lat="44.52867" lon="8.700699">
                <ele>0</ele>
            </trkpt>
            <trkpt lat="44.528568" lon="8.700643">
                <ele>0</ele>
            </trkpt>
            <trkpt lat="44.528432" lon="8.700611">
                <ele>0</ele>
            </trkpt>
            <trkpt lat="44.528196" lon="8.700567">
                <ele>0</ele>
            </trkpt>
            <trkpt lat="44.528003" lon="8.700537">
                <ele>0</ele>
            </trkpt>
            <trkpt lat="44.527221" lon="8.700444">
                <ele>0</ele>
            </trkpt>
            <trkpt lat="44.527172" lon="8.700434">
                <ele>0</ele>
            </trkpt>
            <trkpt lat="44.526927" lon="8.700384">
                <ele>0</ele>
            </trkpt>
            <trkpt lat="44.526789" lon="8.700365">
                <ele>0</ele>
            </trkpt>
            <trkpt lat="44.52659" lon="8.700364">
                <ele>0</ele>
            </trkpt>
            <trkpt lat="44.526413" lon="8.700418">
                <ele>0</ele>
            </trkpt>
            <trkpt lat="44.526302" lon="8.700487">
                <ele>0</ele>
            </trkpt>
            <trkpt lat="44.526188" lon="8.700581">
                <ele>0</ele>
            </trkpt>
            <trkpt lat="44.52593" lon="8.700858">
                <ele>0</ele>
            </trkpt>
            <trkpt lat="44.525707" lon="8.701136">
                <ele>0</ele>
            </trkpt>
            <trkpt lat="44.525495" lon="8.701422">
                <ele>0</ele>
            </trkpt>
            <trkpt lat="44.52541" lon="8.701597">
                <ele>0</ele>
            </trkpt>
            <trkpt lat="44.525341" lon="8.701859">
                <ele>0</ele>
            </trkpt>
            <trkpt lat="44.525333" lon="8.702035">
                <ele>0</ele>
            </trkpt>
            <trkpt lat="44.52534" lon="8.702205">
                <ele>0</ele>
            </trkpt>
            <trkpt lat="44.52536" lon="8.7024">
                <ele>0</ele>
            </trkpt>
            <trkpt lat="44.525375" lon="8.702589">
                <ele>0</ele>
            </trkpt>
            <trkpt lat="44.525369" lon="8.702777">
                <ele>0</ele>
            </trkpt>
            <trkpt lat="44.525341" lon="8.702965">
                <ele>0</ele>
            </trkpt>
            <trkpt lat="44.525285" lon="8.703119">
                <ele>0</ele>
            </trkpt>
            <trkpt lat="44.52522" lon="8.703217">
                <ele>0</ele>
            </trkpt>
            <trkpt lat="44.52513" lon="8.70333">
                <ele>0</ele>
            </trkpt>
            <trkpt lat="44.525062" lon="8.703395">
                <ele>0</ele>
            </trkpt>
            <trkpt lat="44.52497" lon="8.703447">
                <ele>0</ele>
            </trkpt>
            <trkpt lat="44.524851" lon="8.703462">
                <ele>0</ele>
            </trkpt>
            <trkpt lat="44.524765" lon="8.703474">
                <ele>0</ele>
            </trkpt>
            <trkpt lat="44.524678" lon="8.703467">
                <ele>0</ele>
            </trkpt>
            <trkpt lat="44.524598" lon="8.703444">
                <ele>0</ele>
            </trkpt>
            <trkpt lat="44.524537" lon="8.703412">
                <ele>0</ele>
            </trkpt>
            <trkpt lat="44.524487" lon="8.703386">
                <ele>0</ele>
            </trkpt>
            <trkpt lat="44.522884" lon="8.701939">
                <ele>0</ele>
            </trkpt>
            <trkpt lat="44.522128" lon="8.701256">
                <ele>0</ele>
            </trkpt>
            <trkpt lat="44.521983" lon="8.701125">
                <ele>0</ele>
            </trkpt>
            <trkpt lat="44.521836" lon="8.70101">
                <ele>0</ele>
            </trkpt>
            <trkpt lat="44.521755" lon="8.700954">
                <ele>0</ele>
            </trkpt>
            <trkpt lat="44.521648" lon="8.700895">
                <ele>0</ele>
            </trkpt>
            <trkpt lat="44.521515" lon="8.700861">
                <ele>0</ele>
            </trkpt>
            <trkpt lat="44.521398" lon="8.70084">
                <ele>0</ele>
            </trkpt>
            <trkpt lat="44.521082" lon="8.70082">
                <ele>0</ele>
            </trkpt>
            <trkpt lat="44.521045" lon="8.700814">
                <ele>0</ele>
            </trkpt>
            <trkpt lat="44.520886" lon="8.700786">
                <ele>0</ele>
            </trkpt>
            <trkpt lat="44.520735" lon="8.700735">
                <ele>0</ele>
            </trkpt>
            <trkpt lat="44.520707" lon="8.700725">
                <ele>0</ele>
            </trkpt>
            <trkpt lat="44.520552" lon="8.700613">
                <ele>0</ele>
            </trkpt>
            <trkpt lat="44.520154" lon="8.700296">
                <ele>0</ele>
            </trkpt>
            <trkpt lat="44.520057" lon="8.700223">
                <ele>0</ele>
            </trkpt>
            <trkpt lat="44.519868" lon="8.700123">
                <ele>0</ele>
            </trkpt>
            <trkpt lat="44.519703" lon="8.700078">
                <ele>0</ele>
            </trkpt>
            <trkpt lat="44.519654" lon="8.700068">
                <ele>0</ele>
            </trkpt>
            <trkpt lat="44.519471" lon="8.700031">
                <ele>0</ele>
            </trkpt>
            <trkpt lat="44.518836" lon="8.699914">
                <ele>0</ele>
            </trkpt>
            <trkpt lat="44.518296" lon="8.699814">
                <ele>0</ele>
            </trkpt>
            <trkpt lat="44.518131" lon="8.699778">
                <ele>0</ele>
            </trkpt>
            <trkpt lat="44.517994" lon="8.699761">
                <ele>0</ele>
            </trkpt>
            <trkpt lat="44.517619" lon="8.699697">
                <ele>0</ele>
            </trkpt>
            <trkpt lat="44.51751" lon="8.699679">
                <ele>0</ele>
            </trkpt>
            <trkpt lat="44.51744" lon="8.699684">
                <ele>0</ele>
            </trkpt>
            <trkpt lat="44.517398" lon="8.699686">
                <ele>0</ele>
            </trkpt>
            <trkpt lat="44.517255" lon="8.699723">
                <ele>0</ele>
            </trkpt>
            <trkpt lat="44.516821" lon="8.699896">
                <ele>0</ele>
            </trkpt>
            <trkpt lat="44.516284" lon="8.70016">
                <ele>0</ele>
            </trkpt>
            <trkpt lat="44.51612" lon="8.700239">
                <ele>0</ele>
            </trkpt>
            <trkpt lat="44.515955" lon="8.700309">
                <ele>0</ele>
            </trkpt>
            <trkpt lat="44.515748" lon="8.700373">
                <ele>0</ele>
            </trkpt>
            <trkpt lat="44.515591" lon="8.700402">
                <ele>0</ele>
            </trkpt>
            <trkpt lat="44.515408" lon="8.700443">
                <ele>0</ele>
            </trkpt>
            <trkpt lat="44.515223" lon="8.700457">
                <ele>0</ele>
            </trkpt>
            <trkpt lat="44.514902" lon="8.700502">
                <ele>0</ele>
            </trkpt>
            <trkpt lat="44.514592" lon="8.700582">
                <ele>0</ele>
            </trkpt>
            <trkpt lat="44.514134" lon="8.700695">
                <ele>0</ele>
            </trkpt>
            <trkpt lat="44.513877" lon="8.700763">
                <ele>0</ele>
            </trkpt>
            <trkpt lat="44.513669" lon="8.700806">
                <ele>0</ele>
            </trkpt>
            <trkpt lat="44.513417" lon="8.700876">
                <ele>0</ele>
            </trkpt>
            <trkpt lat="44.513232" lon="8.700933">
                <ele>0</ele>
            </trkpt>
            <trkpt lat="44.513071" lon="8.700989">
                <ele>0</ele>
            </trkpt>
            <trkpt lat="44.512923" lon="8.701055">
                <ele>0</ele>
            </trkpt>
            <trkpt lat="44.512696" lon="8.701201">
                <ele>0</ele>
            </trkpt>
            <trkpt lat="44.512586" lon="8.701295">
                <ele>0</ele>
            </trkpt>
            <trkpt lat="44.512084" lon="8.70181">
                <ele>0</ele>
            </trkpt>
            <trkpt lat="44.511129" lon="8.70278">
                <ele>0</ele>
            </trkpt>
            <trkpt lat="44.51076" lon="8.703142">
                <ele>0</ele>
            </trkpt>
            <trkpt lat="44.51056" lon="8.703338">
                <ele>0</ele>
            </trkpt>
            <trkpt lat="44.510268" lon="8.703599">
                <ele>0</ele>
            </trkpt>
            <trkpt lat="44.509948" lon="8.703853">
                <ele>0</ele>
            </trkpt>
            <trkpt lat="44.509387" lon="8.704279">
                <ele>0</ele>
            </trkpt>
            <trkpt lat="44.509259" lon="8.70437">
                <ele>0</ele>
            </trkpt>
            <trkpt lat="44.508991" lon="8.704545">
                <ele>0</ele>
            </trkpt>
            <trkpt lat="44.50892" lon="8.704579">
                <ele>0</ele>
            </trkpt>
            <trkpt lat="44.508738" lon="8.704665">
                <ele>0</ele>
            </trkpt>
            <trkpt lat="44.508537" lon="8.704741">
                <ele>0</ele>
            </trkpt>
            <trkpt lat="44.508335" lon="8.704802">
                <ele>0</ele>
            </trkpt>
            <trkpt lat="44.5075" lon="8.705137">
                <ele>0</ele>
            </trkpt>
            <trkpt lat="44.507208" lon="8.70525">
                <ele>0</ele>
            </trkpt>
            <trkpt lat="44.507164" lon="8.705267">
                <ele>0</ele>
            </trkpt>
            <trkpt lat="44.507042" lon="8.705314">
                <ele>0</ele>
            </trkpt>
            <trkpt lat="44.507007" lon="8.705321">
                <ele>0</ele>
            </trkpt>
            <trkpt lat="44.506979" lon="8.705322">
                <ele>0</ele>
            </trkpt>
            <trkpt lat="44.506975" lon="8.705322">
                <ele>0</ele>
            </trkpt>
            <trkpt lat="44.50696" lon="8.705316">
                <ele>0</ele>
            </trkpt>
            <trkpt lat="44.506935" lon="8.705295">
                <ele>0</ele>
            </trkpt>
            <trkpt lat="44.506929" lon="8.705289">
                <ele>0</ele>
            </trkpt>
            <trkpt lat="44.506922" lon="8.705284">
                <ele>0</ele>
            </trkpt>
            <trkpt lat="44.506914" lon="8.705281">
                <ele>0</ele>
            </trkpt>
            <trkpt lat="44.506906" lon="8.705279">
                <ele>0</ele>
            </trkpt>
            <trkpt lat="44.506898" lon="8.705279">
                <ele>0</ele>
            </trkpt>
            <trkpt lat="44.50689" lon="8.705281">
                <ele>0</ele>
            </trkpt>
            <trkpt lat="44.506883" lon="8.705284">
                <ele>0</ele>
            </trkpt>
            <trkpt lat="44.506875" lon="8.705288">
                <ele>0</ele>
            </trkpt>
            <trkpt lat="44.506869" lon="8.705294">
                <ele>0</ele>
            </trkpt>
            <trkpt lat="44.506862" lon="8.705301">
                <ele>0</ele>
            </trkpt>
            <trkpt lat="44.506857" lon="8.705309">
                <ele>0</ele>
            </trkpt>
            <trkpt lat="44.506853" lon="8.705318">
                <ele>0</ele>
            </trkpt>
            <trkpt lat="44.506849" lon="8.705328">
                <ele>0</ele>
            </trkpt>
            <trkpt lat="44.506847" lon="8.705336">
                <ele>0</ele>
            </trkpt>
            <trkpt lat="44.506831" lon="8.705369">
                <ele>0</ele>
            </trkpt>
            <trkpt lat="44.506811" lon="8.705396">
                <ele>0</ele>
            </trkpt>
            <trkpt lat="44.506791" lon="8.705421">
                <ele>0</ele>
            </trkpt>
            <trkpt lat="44.506768" lon="8.705441">
                <ele>0</ele>
            </trkpt>
            <trkpt lat="44.506157" lon="8.705859">
                <ele>0</ele>
            </trkpt>
            <trkpt lat="44.505995" lon="8.706">
                <ele>0</ele>
            </trkpt>
            <trkpt lat="44.505819" lon="8.706177">
                <ele>0</ele>
            </trkpt>
            <trkpt lat="44.505655" lon="8.706357">
                <ele>0</ele>
            </trkpt>
            <trkpt lat="44.505546" lon="8.706492">
                <ele>0</ele>
            </trkpt>
            <trkpt lat="44.505455" lon="8.706616">
                <ele>0</ele>
            </trkpt>
            <trkpt lat="44.505359" lon="8.706775">
                <ele>0</ele>
            </trkpt>
            <trkpt lat="44.505288" lon="8.706902">
                <ele>0</ele>
            </trkpt>
            <trkpt lat="44.505239" lon="8.707014">
                <ele>0</ele>
            </trkpt>
            <trkpt lat="44.505164" lon="8.707222">
                <ele>0</ele>
            </trkpt>
            <trkpt lat="44.505124" lon="8.70739">
                <ele>0</ele>
            </trkpt>
            <trkpt lat="44.505107" lon="8.707575">
                <ele>0</ele>
            </trkpt>
            <trkpt lat="44.505115" lon="8.707764">
                <ele>0</ele>
            </trkpt>
            <trkpt lat="44.505147" lon="8.708008">
                <ele>0</ele>
            </trkpt>
            <trkpt lat="44.505171" lon="8.708076">
                <ele>0</ele>
            </trkpt>
            <trkpt lat="44.505173" lon="8.708082">
                <ele>0</ele>
            </trkpt>
            <trkpt lat="44.505242" lon="8.708278">
                <ele>0</ele>
            </trkpt>
            <trkpt lat="44.505269" lon="8.70835">
                <ele>0</ele>
            </trkpt>
            <trkpt lat="44.505585" lon="8.709202">
                <ele>0</ele>
            </trkpt>
            <trkpt lat="44.505764" lon="8.709693">
                <ele>0</ele>
            </trkpt>
            <trkpt lat="44.505836" lon="8.70985">
                <ele>0</ele>
            </trkpt>
            <trkpt lat="44.505884" lon="8.709931">
                <ele>0</ele>
            </trkpt>
            <trkpt lat="44.505965" lon="8.710044">
                <ele>0</ele>
            </trkpt>
            <trkpt lat="44.506514" lon="8.710753">
                <ele>0</ele>
            </trkpt>
            <trkpt lat="44.506651" lon="8.710996">
                <ele>0</ele>
            </trkpt>
            <trkpt lat="44.506809" lon="8.711291">
                <ele>0</ele>
            </trkpt>
            <trkpt lat="44.506963" lon="8.711598">
                <ele>0</ele>
            </trkpt>
            <trkpt lat="44.507017" lon="8.711696">
                <ele>0</ele>
            </trkpt>
            <trkpt lat="44.507052" lon="8.711796">
                <ele>0</ele>
            </trkpt>
            <trkpt lat="44.507094" lon="8.711953">
                <ele>0</ele>
            </trkpt>
            <trkpt lat="44.507106" lon="8.712016">
                <ele>0</ele>
            </trkpt>
            <trkpt lat="44.507108" lon="8.712157">
                <ele>0</ele>
            </trkpt>
            <trkpt lat="44.507093" lon="8.712278">
                <ele>0</ele>
            </trkpt>
            <trkpt lat="44.507065" lon="8.712394">
                <ele>0</ele>
            </trkpt>
            <trkpt lat="44.507013" lon="8.712516">
                <ele>0</ele>
            </trkpt>
            <trkpt lat="44.506501" lon="8.713496">
                <ele>0</ele>
            </trkpt>
            <trkpt lat="44.506437" lon="8.713621">
                <ele>0</ele>
            </trkpt>
            <trkpt lat="44.506424" lon="8.713646">
                <ele>0</ele>
            </trkpt>
            <trkpt lat="44.506333" lon="8.713789">
                <ele>0</ele>
            </trkpt>
            <trkpt lat="44.506214" lon="8.71391">
                <ele>0</ele>
            </trkpt>
            <trkpt lat="44.506122" lon="8.713976">
                <ele>0</ele>
            </trkpt>
            <trkpt lat="44.505566" lon="8.714283">
                <ele>0</ele>
            </trkpt>
            <trkpt lat="44.505475" lon="8.714306">
                <ele>0</ele>
            </trkpt>
            <trkpt lat="44.505387" lon="8.714319">
                <ele>0</ele>
            </trkpt>
            <trkpt lat="44.505291" lon="8.714305">
                <ele>0</ele>
            </trkpt>
            <trkpt lat="44.505206" lon="8.714275">
                <ele>0</ele>
            </trkpt>
            <trkpt lat="44.504748" lon="8.714012">
                <ele>0</ele>
            </trkpt>
            <trkpt lat="44.503969" lon="8.713498">
                <ele>0</ele>
            </trkpt>
            <trkpt lat="44.503915" lon="8.713468">
                <ele>0</ele>
            </trkpt>
            <trkpt lat="44.503797" lon="8.713389">
                <ele>0</ele>
            </trkpt>
            <trkpt lat="44.503712" lon="8.713356">
                <ele>0</ele>
            </trkpt>
            <trkpt lat="44.50366" lon="8.713348">
                <ele>0</ele>
            </trkpt>
            <trkpt lat="44.503643" lon="8.713346">
                <ele>0</ele>
            </trkpt>
            <trkpt lat="44.503609" lon="8.713341">
                <ele>0</ele>
            </trkpt>
            <trkpt lat="44.503564" lon="8.713357">
                <ele>0</ele>
            </trkpt>
            <trkpt lat="44.503546" lon="8.713372">
                <ele>0</ele>
            </trkpt>
            <trkpt lat="44.503512" lon="8.713403">
                <ele>0</ele>
            </trkpt>
            <trkpt lat="44.503061" lon="8.713987">
                <ele>0</ele>
            </trkpt>
            <trkpt lat="44.503008" lon="8.71405">
                <ele>0</ele>
            </trkpt>
            <trkpt lat="44.502943" lon="8.714128">
                <ele>0</ele>
            </trkpt>
            <trkpt lat="44.502864" lon="8.714239">
                <ele>0</ele>
            </trkpt>
            <trkpt lat="44.50237" lon="8.715172">
                <ele>0</ele>
            </trkpt>
            <trkpt lat="44.502308" lon="8.715294">
                <ele>0</ele>
            </trkpt>
            <trkpt lat="44.502028" lon="8.715841">
                <ele>0</ele>
            </trkpt>
            <trkpt lat="44.50191" lon="8.716072">
                <ele>0</ele>
            </trkpt>
            <trkpt lat="44.50188" lon="8.716137">
                <ele>0</ele>
            </trkpt>
            <trkpt lat="44.501781" lon="8.716579">
                <ele>0</ele>
            </trkpt>
            <trkpt lat="44.501762" lon="8.716663">
                <ele>0</ele>
            </trkpt>
            <trkpt lat="44.501605" lon="8.717253">
                <ele>0</ele>
            </trkpt>
            <trkpt lat="44.501529" lon="8.717435">
                <ele>0</ele>
            </trkpt>
            <trkpt lat="44.501427" lon="8.717629">
                <ele>0</ele>
            </trkpt>
            <trkpt lat="44.5014" lon="8.717678">
                <ele>0</ele>
            </trkpt>
            <trkpt lat="44.501271" lon="8.717907">
                <ele>0</ele>
            </trkpt>
            <trkpt lat="44.501139" lon="8.718133">
                <ele>0</ele>
            </trkpt>
            <trkpt lat="44.5011" lon="8.718203">
                <ele>0</ele>
            </trkpt>
            <trkpt lat="44.501011" lon="8.71836">
                <ele>0</ele>
            </trkpt>
            <trkpt lat="44.500653" lon="8.718967">
                <ele>0</ele>
            </trkpt>
            <trkpt lat="44.500295" lon="8.719578">
                <ele>0</ele>
            </trkpt>
            <trkpt lat="44.500213" lon="8.719714">
                <ele>0</ele>
            </trkpt>
            <trkpt lat="44.500172" lon="8.719781">
                <ele>0</ele>
            </trkpt>
            <trkpt lat="44.499979" lon="8.720114">
                <ele>0</ele>
            </trkpt>
            <trkpt lat="44.499948" lon="8.720173">
                <ele>0</ele>
            </trkpt>
            <trkpt lat="44.499842" lon="8.720406">
                <ele>0</ele>
            </trkpt>
            <trkpt lat="44.499765" lon="8.720625">
                <ele>0</ele>
            </trkpt>
            <trkpt lat="44.499702" lon="8.720847">
                <ele>0</ele>
            </trkpt>
            <trkpt lat="44.499678" lon="8.720952">
                <ele>0</ele>
            </trkpt>
            <trkpt lat="44.499641" lon="8.721257">
                <ele>0</ele>
            </trkpt>
            <trkpt lat="44.499624" lon="8.721464">
                <ele>0</ele>
            </trkpt>
            <trkpt lat="44.499599" lon="8.721628">
                <ele>0</ele>
            </trkpt>
            <trkpt lat="44.499561" lon="8.72174">
                <ele>0</ele>
            </trkpt>
            <trkpt lat="44.499518" lon="8.721828">
                <ele>0</ele>
            </trkpt>
            <trkpt lat="44.499456" lon="8.721908">
                <ele>0</ele>
            </trkpt>
            <trkpt lat="44.499407" lon="8.721949">
                <ele>0</ele>
            </trkpt>
            <trkpt lat="44.499347" lon="8.721988">
                <ele>0</ele>
            </trkpt>
            <trkpt lat="44.49927" lon="8.722031">
                <ele>0</ele>
            </trkpt>
            <trkpt lat="44.498759" lon="8.72227">
                <ele>0</ele>
            </trkpt>
            <trkpt lat="44.4986" lon="8.722372">
                <ele>0</ele>
            </trkpt>
            <trkpt lat="44.498236" lon="8.722631">
                <ele>0</ele>
            </trkpt>
            <trkpt lat="44.49795" lon="8.722833">
                <ele>0</ele>
            </trkpt>
            <trkpt lat="44.497868" lon="8.722898">
                <ele>0</ele>
            </trkpt>
            <trkpt lat="44.497802" lon="8.722967">
                <ele>0</ele>
            </trkpt>
            <trkpt lat="44.497767" lon="8.72302">
                <ele>0</ele>
            </trkpt>
            <trkpt lat="44.49774" lon="8.723074">
                <ele>0</ele>
            </trkpt>
            <trkpt lat="44.497709" lon="8.723162">
                <ele>0</ele>
            </trkpt>
            <trkpt lat="44.497691" lon="8.723236">
                <ele>0</ele>
            </trkpt>
            <trkpt lat="44.497679" lon="8.72332">
                <ele>0</ele>
            </trkpt>
            <trkpt lat="44.497662" lon="8.723417">
                <ele>0</ele>
            </trkpt>
            <trkpt lat="44.49764" lon="8.723518">
                <ele>0</ele>
            </trkpt>
            <trkpt lat="44.497613" lon="8.723622">
                <ele>0</ele>
            </trkpt>
            <trkpt lat="44.497563" lon="8.723778">
                <ele>0</ele>
            </trkpt>
            <trkpt lat="44.49741" lon="8.724253">
                <ele>0</ele>
            </trkpt>
            <trkpt lat="44.497326" lon="8.724523">
                <ele>0</ele>
            </trkpt>
            <trkpt lat="44.497283" lon="8.724663">
                <ele>0</ele>
            </trkpt>
            <trkpt lat="44.497251" lon="8.724743">
                <ele>0</ele>
            </trkpt>
            <trkpt lat="44.497222" lon="8.724805">
                <ele>0</ele>
            </trkpt>
            <trkpt lat="44.497181" lon="8.724868">
                <ele>0</ele>
            </trkpt>
            <trkpt lat="44.497127" lon="8.724918">
                <ele>0</ele>
            </trkpt>
            <trkpt lat="44.497068" lon="8.724957">
                <ele>0</ele>
            </trkpt>
            <trkpt lat="44.497013" lon="8.724983">
                <ele>0</ele>
            </trkpt>
            <trkpt lat="44.496799" lon="8.725067">
                <ele>0</ele>
            </trkpt>
            <trkpt lat="44.496752" lon="8.725089">
                <ele>0</ele>
            </trkpt>
            <trkpt lat="44.496699" lon="8.725135">
                <ele>0</ele>
            </trkpt>
            <trkpt lat="44.49666" lon="8.725185">
                <ele>0</ele>
            </trkpt>
            <trkpt lat="44.49663" lon="8.725243">
                <ele>0</ele>
            </trkpt>
            <trkpt lat="44.496605" lon="8.725337">
                <ele>0</ele>
            </trkpt>
            <trkpt lat="44.496601" lon="8.725436">
                <ele>0</ele>
            </trkpt>
            <trkpt lat="44.496614" lon="8.725536">
                <ele>0</ele>
            </trkpt>
            <trkpt lat="44.49663" lon="8.725611">
                <ele>0</ele>
            </trkpt>
            <trkpt lat="44.496655" lon="8.725686">
                <ele>0</ele>
            </trkpt>
            <trkpt lat="44.496693" lon="8.725733">
                <ele>0</ele>
            </trkpt>
            <trkpt lat="44.496746" lon="8.725777">
                <ele>0</ele>
            </trkpt>
            <trkpt lat="44.496798" lon="8.725797">
                <ele>0</ele>
            </trkpt>
            <trkpt lat="44.496841" lon="8.725809">
                <ele>0</ele>
            </trkpt>
            <trkpt lat="44.497104" lon="8.72588">
                <ele>0</ele>
            </trkpt>
            <trkpt lat="44.497155" lon="8.725912">
                <ele>0</ele>
            </trkpt>
            <trkpt lat="44.497198" lon="8.725942">
                <ele>0</ele>
            </trkpt>
            <trkpt lat="44.497227" lon="8.725978">
                <ele>0</ele>
            </trkpt>
            <trkpt lat="44.497254" lon="8.726017">
                <ele>0</ele>
            </trkpt>
            <trkpt lat="44.497297" lon="8.726085">
                <ele>0</ele>
            </trkpt>
            <trkpt lat="44.49732" lon="8.726214">
                <ele>0</ele>
            </trkpt>
            <trkpt lat="44.497318" lon="8.726381">
                <ele>0</ele>
            </trkpt>
            <trkpt lat="44.497304" lon="8.726583">
                <ele>0</ele>
            </trkpt>
            <trkpt lat="44.497179" lon="8.727735">
                <ele>0</ele>
            </trkpt>
            <trkpt lat="44.497159" lon="8.727907">
                <ele>0</ele>
            </trkpt>
            <trkpt lat="44.497136" lon="8.728029">
                <ele>0</ele>
            </trkpt>
            <trkpt lat="44.497077" lon="8.72814">
                <ele>0</ele>
            </trkpt>
            <trkpt lat="44.497017" lon="8.728167">
                <ele>0</ele>
            </trkpt>
            <trkpt lat="44.496933" lon="8.728176">
                <ele>0</ele>
            </trkpt>
            <trkpt lat="44.496845" lon="8.728149">
                <ele>0</ele>
            </trkpt>
            <trkpt lat="44.496397" lon="8.72796">
                <ele>0</ele>
            </trkpt>
            <trkpt lat="44.496337" lon="8.727939">
                <ele>0</ele>
            </trkpt>
            <trkpt lat="44.496276" lon="8.727932">
                <ele>0</ele>
            </trkpt>
            <trkpt lat="44.496235" lon="8.727938">
                <ele>0</ele>
            </trkpt>
            <trkpt lat="44.496163" lon="8.727957">
                <ele>0</ele>
            </trkpt>
            <trkpt lat="44.496058" lon="8.728006">
                <ele>0</ele>
            </trkpt>
            <trkpt lat="44.495487" lon="8.728231">
                <ele>0</ele>
            </trkpt>
            <trkpt lat="44.495108" lon="8.728371">
                <ele>0</ele>
            </trkpt>
            <trkpt lat="44.49473" lon="8.728505">
                <ele>0</ele>
            </trkpt>
            <trkpt lat="44.494597" lon="8.728527">
                <ele>0</ele>
            </trkpt>
            <trkpt lat="44.494517" lon="8.728531">
                <ele>0</ele>
            </trkpt>
            <trkpt lat="44.494421" lon="8.728508">
                <ele>0</ele>
            </trkpt>
            <trkpt lat="44.494295" lon="8.728439">
                <ele>0</ele>
            </trkpt>
            <trkpt lat="44.494186" lon="8.728356">
                <ele>0</ele>
            </trkpt>
            <trkpt lat="44.4933" lon="8.727976">
                <ele>0</ele>
            </trkpt>
            <trkpt lat="44.493103" lon="8.72793">
                <ele>0</ele>
            </trkpt>
            <trkpt lat="44.493029" lon="8.72794">
                <ele>0</ele>
            </trkpt>
            <trkpt lat="44.492932" lon="8.727978">
                <ele>0</ele>
            </trkpt>
            <trkpt lat="44.492848" lon="8.728055">
                <ele>0</ele>
            </trkpt>
            <trkpt lat="44.492677" lon="8.728282">
                <ele>0</ele>
            </trkpt>
            <trkpt lat="44.492604" lon="8.728379">
                <ele>0</ele>
            </trkpt>
            <trkpt lat="44.492501" lon="8.728468">
                <ele>0</ele>
            </trkpt>
            <trkpt lat="44.492293" lon="8.7286">
                <ele>0</ele>
            </trkpt>
            <trkpt lat="44.49217" lon="8.728715">
                <ele>0</ele>
            </trkpt>
            <trkpt lat="44.491957" lon="8.729031">
                <ele>0</ele>
            </trkpt>
            <trkpt lat="44.491875" lon="8.729107">
                <ele>0</ele>
            </trkpt>
            <trkpt lat="44.491808" lon="8.729157">
                <ele>0</ele>
            </trkpt>
            <trkpt lat="44.491547" lon="8.729237">
                <ele>0</ele>
            </trkpt>
            <trkpt lat="44.491268" lon="8.729366">
                <ele>0</ele>
            </trkpt>
            <trkpt lat="44.491154" lon="8.729388">
                <ele>0</ele>
            </trkpt>
            <trkpt lat="44.491083" lon="8.72938">
                <ele>0</ele>
            </trkpt>
            <trkpt lat="44.490989" lon="8.729336">
                <ele>0</ele>
            </trkpt>
            <trkpt lat="44.490733" lon="8.729144">
                <ele>0</ele>
            </trkpt>
            <trkpt lat="44.490628" lon="8.729098">
                <ele>0</ele>
            </trkpt>
            <trkpt lat="44.49047" lon="8.729089">
                <ele>0</ele>
            </trkpt>
            <trkpt lat="44.490321" lon="8.729153">
                <ele>0</ele>
            </trkpt>
            <trkpt lat="44.490219" lon="8.729276">
                <ele>0</ele>
            </trkpt>
            <trkpt lat="44.490165" lon="8.729425">
                <ele>0</ele>
            </trkpt>
            <trkpt lat="44.490159" lon="8.729543">
                <ele>0</ele>
            </trkpt>
            <trkpt lat="44.490133" lon="8.729871">
                <ele>0</ele>
            </trkpt>
            <trkpt lat="44.490069" lon="8.73017">
                <ele>0</ele>
            </trkpt>
            <trkpt lat="44.490041" lon="8.730255">
                <ele>0</ele>
            </trkpt>
            <trkpt lat="44.489981" lon="8.730335">
                <ele>0</ele>
            </trkpt>
            <trkpt lat="44.489897" lon="8.730407">
                <ele>0</ele>
            </trkpt>
            <trkpt lat="44.489806" lon="8.730472">
                <ele>0</ele>
            </trkpt>
            <trkpt lat="44.489693" lon="8.730526">
                <ele>0</ele>
            </trkpt>
            <trkpt lat="44.489593" lon="8.73055">
                <ele>0</ele>
            </trkpt>
            <trkpt lat="44.489498" lon="8.730571">
                <ele>0</ele>
            </trkpt>
            <trkpt lat="44.489433" lon="8.730574">
                <ele>0</ele>
            </trkpt>
            <trkpt lat="44.489162" lon="8.73059">
                <ele>0</ele>
            </trkpt>
            <trkpt lat="44.489054" lon="8.730609">
                <ele>0</ele>
            </trkpt>
            <trkpt lat="44.488934" lon="8.730641">
                <ele>0</ele>
            </trkpt>
            <trkpt lat="44.488849" lon="8.730682">
                <ele>0</ele>
            </trkpt>
            <trkpt lat="44.488771" lon="8.730744">
                <ele>0</ele>
            </trkpt>
            <trkpt lat="44.488718" lon="8.730802">
                <ele>0</ele>
            </trkpt>
            <trkpt lat="44.48868" lon="8.730867">
                <ele>0</ele>
            </trkpt>
            <trkpt lat="44.488651" lon="8.730967">
                <ele>0</ele>
            </trkpt>
            <trkpt lat="44.488641" lon="8.731062">
                <ele>0</ele>
            </trkpt>
            <trkpt lat="44.488657" lon="8.731162">
                <ele>0</ele>
            </trkpt>
            <trkpt lat="44.488758" lon="8.731471">
                <ele>0</ele>
            </trkpt>
            <trkpt lat="44.488767" lon="8.731543">
                <ele>0</ele>
            </trkpt>
            <trkpt lat="44.48876" lon="8.731621">
                <ele>0</ele>
            </trkpt>
            <trkpt lat="44.488735" lon="8.731697">
                <ele>0</ele>
            </trkpt>
            <trkpt lat="44.488693" lon="8.731774">
                <ele>0</ele>
            </trkpt>
            <trkpt lat="44.488624" lon="8.731853">
                <ele>0</ele>
            </trkpt>
            <trkpt lat="44.488561" lon="8.731938">
                <ele>0</ele>
            </trkpt>
            <trkpt lat="44.488525" lon="8.732034">
                <ele>0</ele>
            </trkpt>
            <trkpt lat="44.488516" lon="8.732116">
                <ele>0</ele>
            </trkpt>
            <trkpt lat="44.488528" lon="8.7322">
                <ele>0</ele>
            </trkpt>
            <trkpt lat="44.488551" lon="8.732289">
                <ele>0</ele>
            </trkpt>
            <trkpt lat="44.488584" lon="8.732359">
                <ele>0</ele>
            </trkpt>
            <trkpt lat="44.488639" lon="8.732437">
                <ele>0</ele>
            </trkpt>
            <trkpt lat="44.488748" lon="8.73259">
                <ele>0</ele>
            </trkpt>
            <trkpt lat="44.488814" lon="8.732724">
                <ele>0</ele>
            </trkpt>
            <trkpt lat="44.488844" lon="8.732815">
                <ele>0</ele>
            </trkpt>
            <trkpt lat="44.488856" lon="8.73289">
                <ele>0</ele>
            </trkpt>
            <trkpt lat="44.488858" lon="8.732992">
                <ele>0</ele>
            </trkpt>
            <trkpt lat="44.488844" lon="8.733091">
                <ele>0</ele>
            </trkpt>
            <trkpt lat="44.4888" lon="8.733213">
                <ele>0</ele>
            </trkpt>
            <trkpt lat="44.488758" lon="8.733307">
                <ele>0</ele>
            </trkpt>
            <trkpt lat="44.488679" lon="8.733428">
                <ele>0</ele>
            </trkpt>
            <trkpt lat="44.488589" lon="8.733532">
                <ele>0</ele>
            </trkpt>
            <trkpt lat="44.488515" lon="8.733603">
                <ele>0</ele>
            </trkpt>
            <trkpt lat="44.488403" lon="8.733673">
                <ele>0</ele>
            </trkpt>
            <trkpt lat="44.488261" lon="8.733725">
                <ele>0</ele>
            </trkpt>
            <trkpt lat="44.488149" lon="8.733759">
                <ele>0</ele>
            </trkpt>
            <trkpt lat="44.488036" lon="8.733787">
                <ele>0</ele>
            </trkpt>
            <trkpt lat="44.487973" lon="8.733808">
                <ele>0</ele>
            </trkpt>
            <trkpt lat="44.487902" lon="8.733831">
                <ele>0</ele>
            </trkpt>
            <trkpt lat="44.487831" lon="8.733857">
                <ele>0</ele>
            </trkpt>
            <trkpt lat="44.487041" lon="8.734167">
                <ele>0</ele>
            </trkpt>
            <trkpt lat="44.486836" lon="8.734248">
                <ele>0</ele>
            </trkpt>
            <trkpt lat="44.48625" lon="8.734478">
                <ele>0</ele>
            </trkpt>
            <trkpt lat="44.4854" lon="8.734812">
                <ele>0</ele>
            </trkpt>
            <trkpt lat="44.485354" lon="8.734853">
                <ele>0</ele>
            </trkpt>
            <trkpt lat="44.485308" lon="8.734896">
                <ele>0</ele>
            </trkpt>
            <trkpt lat="44.485259" lon="8.73496">
                <ele>0</ele>
            </trkpt>
            <trkpt lat="44.485232" lon="8.735013">
                <ele>0</ele>
            </trkpt>
            <trkpt lat="44.485206" lon="8.735065">
                <ele>0</ele>
            </trkpt>
            <trkpt lat="44.485174" lon="8.735164">
                <ele>0</ele>
            </trkpt>
            <trkpt lat="44.485098" lon="8.735354">
                <ele>0</ele>
            </trkpt>
            <trkpt lat="44.485017" lon="8.735538">
                <ele>0</ele>
            </trkpt>
            <trkpt lat="44.484936" lon="8.735712">
                <ele>0</ele>
            </trkpt>
            <trkpt lat="44.484904" lon="8.735777">
                <ele>0</ele>
            </trkpt>
            <trkpt lat="44.484857" lon="8.73585">
                <ele>0</ele>
            </trkpt>
            <trkpt lat="44.484816" lon="8.735894">
                <ele>0</ele>
            </trkpt>
            <trkpt lat="44.484782" lon="8.735928">
                <ele>0</ele>
            </trkpt>
            <trkpt lat="44.484742" lon="8.73595">
                <ele>0</ele>
            </trkpt>
            <trkpt lat="44.484771" lon="8.736">
                <ele>0</ele>
            </trkpt>
            <trkpt lat="44.484786" lon="8.736018">
                <ele>0</ele>
            </trkpt>
            <trkpt lat="44.484806" lon="8.736033">
                <ele>0</ele>
            </trkpt>
            <trkpt lat="44.484841" lon="8.736049">
                <ele>0</ele>
            </trkpt>
            <trkpt lat="44.484874" lon="8.736049">
                <ele>0</ele>
            </trkpt>
            <trkpt lat="44.484901" lon="8.73604">
                <ele>0</ele>
            </trkpt>
            <trkpt lat="44.484933" lon="8.736015">
                <ele>0</ele>
            </trkpt>
            <trkpt lat="44.484955" lon="8.735984">
                <ele>0</ele>
            </trkpt>
            <trkpt lat="44.485063" lon="8.735693">
                <ele>0</ele>
            </trkpt>
            <trkpt lat="44.485123" lon="8.735582">
                <ele>0</ele>
            </trkpt>
            <trkpt lat="44.485182" lon="8.735483">
                <ele>0</ele>
            </trkpt>
            <trkpt lat="44.485258" lon="8.735389">
                <ele>0</ele>
            </trkpt>
            <trkpt lat="44.485313" lon="8.735322">
                <ele>0</ele>
            </trkpt>
            <trkpt lat="44.485461" lon="8.735156">
                <ele>0</ele>
            </trkpt>
            <trkpt lat="44.485548" lon="8.735076">
                <ele>0</ele>
            </trkpt>
            <trkpt lat="44.485584" lon="8.735029">
                <ele>0</ele>
            </trkpt>
            <trkpt lat="44.485606" lon="8.734992">
                <ele>0</ele>
            </trkpt>
            <trkpt lat="44.485618" lon="8.734958">
                <ele>0</ele>
            </trkpt>
            <trkpt lat="44.485628" lon="8.734893">
                <ele>0</ele>
            </trkpt>
            <trkpt lat="44.485625" lon="8.73483">
                <ele>0</ele>
            </trkpt>
            <trkpt lat="44.485615" lon="8.734765">
                <ele>0</ele>
            </trkpt>
            <trkpt lat="44.485601" lon="8.734698">
                <ele>0</ele>
            </trkpt>
            <trkpt lat="44.485556" lon="8.734572">
                <ele>0</ele>
            </trkpt>
            <trkpt lat="44.485512" lon="8.734469">
                <ele>0</ele>
            </trkpt>
            <trkpt lat="44.48544" lon="8.734359">
                <ele>0</ele>
            </trkpt>
            <trkpt lat="44.485322" lon="8.734233">
                <ele>0</ele>
            </trkpt>
            <trkpt lat="44.485204" lon="8.734134">
                <ele>0</ele>
            </trkpt>
            <trkpt lat="44.485108" lon="8.734057">
                <ele>0</ele>
            </trkpt>
            <trkpt lat="44.485021" lon="8.733962">
                <ele>0</ele>
            </trkpt>
            <trkpt lat="44.484774" lon="8.733591">
                <ele>0</ele>
            </trkpt>
            <trkpt lat="44.484755" lon="8.733549">
                <ele>0</ele>
            </trkpt>
            <trkpt lat="44.484741" lon="8.733489">
                <ele>0</ele>
            </trkpt>
            <trkpt lat="44.484739" lon="8.733446">
                <ele>0</ele>
            </trkpt>
            <trkpt lat="44.484742" lon="8.733401">
                <ele>0</ele>
            </trkpt>
            <trkpt lat="44.484753" lon="8.733315">
                <ele>0</ele>
            </trkpt>
            <trkpt lat="44.484778" lon="8.733192">
                <ele>0</ele>
            </trkpt>
            <trkpt lat="44.484855" lon="8.73301">
                <ele>0</ele>
            </trkpt>
            <trkpt lat="44.485198" lon="8.732535">
                <ele>0</ele>
            </trkpt>
            <trkpt lat="44.485352" lon="8.73247">
                <ele>0</ele>
            </trkpt>
            <trkpt lat="44.485448" lon="8.732418">
                <ele>0</ele>
            </trkpt>
            <trkpt lat="44.485495" lon="8.732323">
                <ele>0</ele>
            </trkpt>
            <trkpt lat="44.485522" lon="8.732037">
                <ele>0</ele>
            </trkpt>
            <trkpt lat="44.485594" lon="8.731817">
                <ele>0</ele>
            </trkpt>
            <trkpt lat="44.485582" lon="8.731708">
                <ele>0</ele>
            </trkpt>
            <trkpt lat="44.485542" lon="8.731638">
                <ele>0</ele>
            </trkpt>
            <trkpt lat="44.485183" lon="8.73131">
                <ele>0</ele>
            </trkpt>
            <trkpt lat="44.485118" lon="8.731298">
                <ele>0</ele>
            </trkpt>
            <trkpt lat="44.48475" lon="8.731295">
                <ele>0</ele>
            </trkpt>
            <trkpt lat="44.4846" lon="8.731246">
                <ele>0</ele>
            </trkpt>
            <trkpt lat="44.484017" lon="8.730938">
                <ele>0</ele>
            </trkpt>
            <trkpt lat="44.483879" lon="8.730791">
                <ele>0</ele>
            </trkpt>
            <trkpt lat="44.483706" lon="8.730449">
                <ele>0</ele>
            </trkpt>
            <trkpt lat="44.483593" lon="8.730315">
                <ele>0</ele>
            </trkpt>
            <trkpt lat="44.483119" lon="8.730047">
                <ele>0</ele>
            </trkpt>
            <trkpt lat="44.483071" lon="8.729972">
                <ele>0</ele>
            </trkpt>
            <trkpt lat="44.48307" lon="8.729891">
                <ele>0</ele>
            </trkpt>
            <trkpt lat="44.483112" lon="8.729804">
                <ele>0</ele>
            </trkpt>
            <trkpt lat="44.483408" lon="8.729564">
                <ele>0</ele>
            </trkpt>
            <trkpt lat="44.483601" lon="8.729351">
                <ele>0</ele>
            </trkpt>
            <trkpt lat="44.483941" lon="8.728913">
                <ele>0</ele>
            </trkpt>
            <trkpt lat="44.483998" lon="8.728862">
                <ele>0</ele>
            </trkpt>
            <trkpt lat="44.484087" lon="8.72884">
                <ele>0</ele>
            </trkpt>
            <trkpt lat="44.484395" lon="8.728856">
                <ele>0</ele>
            </trkpt>
            <trkpt lat="44.484602" lon="8.728797">
                <ele>0</ele>
            </trkpt>
            <trkpt lat="44.484768" lon="8.728725">
                <ele>0</ele>
            </trkpt>
            <trkpt lat="44.484946" lon="8.728577">
                <ele>0</ele>
            </trkpt>
            <trkpt lat="44.4855" lon="8.728071">
                <ele>0</ele>
            </trkpt>
            <trkpt lat="44.485577" lon="8.727945">
                <ele>0</ele>
            </trkpt>
            <trkpt lat="44.485601" lon="8.727836">
                <ele>0</ele>
            </trkpt>
            <trkpt lat="44.485593" lon="8.727725">
                <ele>0</ele>
            </trkpt>
            <trkpt lat="44.485493" lon="8.727404">
                <ele>0</ele>
            </trkpt>
            <trkpt lat="44.485478" lon="8.727283">
                <ele>0</ele>
            </trkpt>
            <trkpt lat="44.48548" lon="8.72712">
                <ele>0</ele>
            </trkpt>
            <trkpt lat="44.485546" lon="8.726909">
                <ele>0</ele>
            </trkpt>
            <trkpt lat="44.485554" lon="8.726798">
                <ele>0</ele>
            </trkpt>
            <trkpt lat="44.485492" lon="8.726382">
                <ele>0</ele>
            </trkpt>
            <trkpt lat="44.485505" lon="8.726194">
                <ele>0</ele>
            </trkpt>
            <trkpt lat="44.485612" lon="8.726002">
                <ele>0</ele>
            </trkpt>
            <trkpt lat="44.485771" lon="8.725852">
                <ele>0</ele>
            </trkpt>
            <trkpt lat="44.486057" lon="8.725659">
                <ele>0</ele>
            </trkpt>
            <trkpt lat="44.4864" lon="8.725478">
                <ele>0</ele>
            </trkpt>
            <trkpt lat="44.486593" lon="8.725345">
                <ele>0</ele>
            </trkpt>
            <trkpt lat="44.486704" lon="8.725212">
                <ele>0</ele>
            </trkpt>
            <trkpt lat="44.486801" lon="8.724934">
                <ele>0</ele>
            </trkpt>
            <trkpt lat="44.486836" lon="8.724693">
                <ele>0</ele>
            </trkpt>
            <trkpt lat="44.486831" lon="8.724496">
                <ele>0</ele>
            </trkpt>
            <trkpt lat="44.486752" lon="8.723988">
                <ele>0</ele>
            </trkpt>
            <trkpt lat="44.48677" lon="8.723819">
                <ele>0</ele>
            </trkpt>
            <trkpt lat="44.486826" lon="8.723638">
                <ele>0</ele>
            </trkpt>
            <trkpt lat="44.487018" lon="8.723313">
                <ele>0</ele>
            </trkpt>
            <trkpt lat="44.487217" lon="8.723052">
                <ele>0</ele>
            </trkpt>
            <trkpt lat="44.48734" lon="8.7229">
                <ele>0</ele>
            </trkpt>
            <trkpt lat="44.487371" lon="8.722806">
                <ele>0</ele>
            </trkpt>
            <trkpt lat="44.487427" lon="8.722393">
                <ele>0</ele>
            </trkpt>
            <trkpt lat="44.487429" lon="8.722157">
                <ele>0</ele>
            </trkpt>
            <trkpt lat="44.487411" lon="8.722115">
                <ele>0</ele>
            </trkpt>
            <trkpt lat="44.487389" lon="8.722077">
                <ele>0</ele>
            </trkpt>
            <trkpt lat="44.487325" lon="8.722022">
                <ele>0</ele>
            </trkpt>
            <trkpt lat="44.487065" lon="8.721906">
                <ele>0</ele>
            </trkpt>
            <trkpt lat="44.486409" lon="8.721375">
                <ele>0</ele>
            </trkpt>
            <trkpt lat="44.486348" lon="8.721271">
                <ele>0</ele>
            </trkpt>
            <trkpt lat="44.486318" lon="8.721158">
                <ele>0</ele>
            </trkpt>
            <trkpt lat="44.486306" lon="8.720968">
                <ele>0</ele>
            </trkpt>
            <trkpt lat="44.48627" lon="8.720423">
                <ele>0</ele>
            </trkpt>
            <trkpt lat="44.486301" lon="8.720286">
                <ele>0</ele>
            </trkpt>
            <trkpt lat="44.486506" lon="8.719871">
                <ele>0</ele>
            </trkpt>
            <trkpt lat="44.486556" lon="8.719707">
                <ele>0</ele>
            </trkpt>
            <trkpt lat="44.486621" lon="8.71947">
                <ele>0</ele>
            </trkpt>
            <trkpt lat="44.486887" lon="8.718946">
                <ele>0</ele>
            </trkpt>
            <trkpt lat="44.486896" lon="8.718785">
                <ele>0</ele>
            </trkpt>
            <trkpt lat="44.486882" lon="8.718682">
                <ele>0</ele>
            </trkpt>
            <trkpt lat="44.486781" lon="8.71841">
                <ele>0</ele>
            </trkpt>
            <trkpt lat="44.486748" lon="8.718225">
                <ele>0</ele>
            </trkpt>
            <trkpt lat="44.48674" lon="8.718043">
                <ele>0</ele>
            </trkpt>
            <trkpt lat="44.48681" lon="8.717233">
                <ele>0</ele>
            </trkpt>
            <trkpt lat="44.486792" lon="8.717057">
                <ele>0</ele>
            </trkpt>
            <trkpt lat="44.486752" lon="8.716937">
                <ele>0</ele>
            </trkpt>
            <trkpt lat="44.486698" lon="8.716876">
                <ele>0</ele>
            </trkpt>
            <trkpt lat="44.486658" lon="8.716831">
                <ele>0</ele>
            </trkpt>
            <trkpt lat="44.486533" lon="8.716776">
                <ele>0</ele>
            </trkpt>
            <trkpt lat="44.486273" lon="8.71672">
                <ele>0</ele>
            </trkpt>
            <trkpt lat="44.485555" lon="8.716535">
                <ele>0</ele>
            </trkpt>
            <trkpt lat="44.485486" lon="8.716483">
                <ele>0</ele>
            </trkpt>
            <trkpt lat="44.485447" lon="8.716411">
                <ele>0</ele>
            </trkpt>
            <trkpt lat="44.485447" lon="8.716289">
                <ele>0</ele>
            </trkpt>
            <trkpt lat="44.485522" lon="8.716129">
                <ele>0</ele>
            </trkpt>
            <trkpt lat="44.485897" lon="8.715731">
                <ele>0</ele>
            </trkpt>
            <trkpt lat="44.485961" lon="8.715629">
                <ele>0</ele>
            </trkpt>
            <trkpt lat="44.486011" lon="8.715504">
                <ele>0</ele>
            </trkpt>
            <trkpt lat="44.48602" lon="8.71543">
                <ele>0</ele>
            </trkpt>
            <trkpt lat="44.486019" lon="8.715337">
                <ele>0</ele>
            </trkpt>
            <trkpt lat="44.486005" lon="8.715255">
                <ele>0</ele>
            </trkpt>
            <trkpt lat="44.485968" lon="8.715132">
                <ele>0</ele>
            </trkpt>
            <trkpt lat="44.485903" lon="8.715019">
                <ele>0</ele>
            </trkpt>
            <trkpt lat="44.485894" lon="8.715003">
                <ele>0</ele>
            </trkpt>
            <trkpt lat="44.48579" lon="8.714909">
                <ele>0</ele>
            </trkpt>
            <trkpt lat="44.485293" lon="8.714767">
                <ele>0</ele>
            </trkpt>
            <trkpt lat="44.485242" lon="8.71473">
                <ele>0</ele>
            </trkpt>
            <trkpt lat="44.485064" lon="8.714454">
                <ele>0</ele>
            </trkpt>
            <trkpt lat="44.484988" lon="8.71436">
                <ele>0</ele>
            </trkpt>
            <trkpt lat="44.484744" lon="8.714205">
                <ele>0</ele>
            </trkpt>
            <trkpt lat="44.48463" lon="8.714061">
                <ele>0</ele>
            </trkpt>
            <trkpt lat="44.484562" lon="8.71386">
                <ele>0</ele>
            </trkpt>
            <trkpt lat="44.484512" lon="8.713578">
                <ele>0</ele>
            </trkpt>
            <trkpt lat="44.484474" lon="8.71346">
                <ele>0</ele>
            </trkpt>
            <trkpt lat="44.484385" lon="8.713365">
                <ele>0</ele>
            </trkpt>
            <trkpt lat="44.484013" lon="8.713209">
                <ele>0</ele>
            </trkpt>
            <trkpt lat="44.483898" lon="8.713186">
                <ele>0</ele>
            </trkpt>
            <trkpt lat="44.483715" lon="8.713165">
                <ele>0</ele>
            </trkpt>
            <trkpt lat="44.48362" lon="8.71316">
                <ele>0</ele>
            </trkpt>
            <trkpt lat="44.483544" lon="8.713126">
                <ele>0</ele>
            </trkpt>
            <trkpt lat="44.483395" lon="8.713054">
                <ele>0</ele>
            </trkpt>
            <trkpt lat="44.483345" lon="8.713035">
                <ele>0</ele>
            </trkpt>
            <trkpt lat="44.483265" lon="8.713017">
                <ele>0</ele>
            </trkpt>
            <trkpt lat="44.483209" lon="8.71302">
                <ele>0</ele>
            </trkpt>
            <trkpt lat="44.483124" lon="8.713038">
                <ele>0</ele>
            </trkpt>
            <trkpt lat="44.482194" lon="8.713331">
                <ele>0</ele>
            </trkpt>
            <trkpt lat="44.482118" lon="8.713343">
                <ele>0</ele>
            </trkpt>
            <trkpt lat="44.482044" lon="8.713338">
                <ele>0</ele>
            </trkpt>
            <trkpt lat="44.481959" lon="8.713312">
                <ele>0</ele>
            </trkpt>
            <trkpt lat="44.481888" lon="8.713274">
                <ele>0</ele>
            </trkpt>
            <trkpt lat="44.481825" lon="8.713217">
                <ele>0</ele>
            </trkpt>
            <trkpt lat="44.481756" lon="8.71311">
                <ele>0</ele>
            </trkpt>
            <trkpt lat="44.481645" lon="8.712868">
                <ele>0</ele>
            </trkpt>
            <trkpt lat="44.481604" lon="8.712791">
                <ele>0</ele>
            </trkpt>
            <trkpt lat="44.481574" lon="8.712742">
                <ele>0</ele>
            </trkpt>
            <trkpt lat="44.481543" lon="8.712709">
                <ele>0</ele>
            </trkpt>
            <trkpt lat="44.481513" lon="8.712689">
                <ele>0</ele>
            </trkpt>
            <trkpt lat="44.481466" lon="8.712677">
                <ele>0</ele>
            </trkpt>
            <trkpt lat="44.48134" lon="8.712646">
                <ele>0</ele>
            </trkpt>
            <trkpt lat="44.4813" lon="8.712629">
                <ele>0</ele>
            </trkpt>
            <trkpt lat="44.481267" lon="8.712608">
                <ele>0</ele>
            </trkpt>
            <trkpt lat="44.481225" lon="8.712562">
                <ele>0</ele>
            </trkpt>
            <trkpt lat="44.481022" lon="8.712334">
                <ele>0</ele>
            </trkpt>
            <trkpt lat="44.480974" lon="8.712288">
                <ele>0</ele>
            </trkpt>
            <trkpt lat="44.480921" lon="8.712253">
                <ele>0</ele>
            </trkpt>
            <trkpt lat="44.480845" lon="8.712208">
                <ele>0</ele>
            </trkpt>
            <trkpt lat="44.480585" lon="8.712083">
                <ele>0</ele>
            </trkpt>
            <trkpt lat="44.480541" lon="8.712048">
                <ele>0</ele>
            </trkpt>
            <trkpt lat="44.480494" lon="8.711998">
                <ele>0</ele>
            </trkpt>
            <trkpt lat="44.480457" lon="8.711936">
                <ele>0</ele>
            </trkpt>
            <trkpt lat="44.480436" lon="8.711876">
                <ele>0</ele>
            </trkpt>
            <trkpt lat="44.480394" lon="8.711738">
                <ele>0</ele>
            </trkpt>
            <trkpt lat="44.480372" lon="8.711697">
                <ele>0</ele>
            </trkpt>
            <trkpt lat="44.480335" lon="8.711651">
                <ele>0</ele>
            </trkpt>
            <trkpt lat="44.480285" lon="8.711613">
                <ele>0</ele>
            </trkpt>
            <trkpt lat="44.480136" lon="8.711508">
                <ele>0</ele>
            </trkpt>
            <trkpt lat="44.480019" lon="8.711439">
                <ele>0</ele>
            </trkpt>
            <trkpt lat="44.479936" lon="8.711397">
                <ele>0</ele>
            </trkpt>
            <trkpt lat="44.47983" lon="8.711352">
                <ele>0</ele>
            </trkpt>
            <trkpt lat="44.479737" lon="8.711339">
                <ele>0</ele>
            </trkpt>
            <trkpt lat="44.479686" lon="8.711344">
                <ele>0</ele>
            </trkpt>
            <trkpt lat="44.479642" lon="8.711361">
                <ele>0</ele>
            </trkpt>
            <trkpt lat="44.479606" lon="8.711397">
                <ele>0</ele>
            </trkpt>
            <trkpt lat="44.47912" lon="8.712018">
                <ele>0</ele>
            </trkpt>
            <trkpt lat="44.479055" lon="8.712084">
                <ele>0</ele>
            </trkpt>
            <trkpt lat="44.478988" lon="8.712139">
                <ele>0</ele>
            </trkpt>
            <trkpt lat="44.478935" lon="8.712168">
                <ele>0</ele>
            </trkpt>
            <trkpt lat="44.478865" lon="8.712199">
                <ele>0</ele>
            </trkpt>
            <trkpt lat="44.478757" lon="8.712213">
                <ele>0</ele>
            </trkpt>
            <trkpt lat="44.478275" lon="8.712239">
                <ele>0</ele>
            </trkpt>
            <trkpt lat="44.478207" lon="8.712226">
                <ele>0</ele>
            </trkpt>
            <trkpt lat="44.478167" lon="8.712196">
                <ele>0</ele>
            </trkpt>
            <trkpt lat="44.478126" lon="8.712162">
                <ele>0</ele>
            </trkpt>
            <trkpt lat="44.478093" lon="8.712116">
                <ele>0</ele>
            </trkpt>
            <trkpt lat="44.478009" lon="8.711947">
                <ele>0</ele>
            </trkpt>
            <trkpt lat="44.477972" lon="8.71189">
                <ele>0</ele>
            </trkpt>
            <trkpt lat="44.477936" lon="8.711863">
                <ele>0</ele>
            </trkpt>
            <trkpt lat="44.47789" lon="8.711849">
                <ele>0</ele>
            </trkpt>
            <trkpt lat="44.477837" lon="8.711862">
                <ele>0</ele>
            </trkpt>
            <trkpt lat="44.477819" lon="8.711869">
                <ele>0</ele>
            </trkpt>
            <trkpt lat="44.477593" lon="8.711958">
                <ele>0</ele>
            </trkpt>
            <trkpt lat="44.477547" lon="8.711967">
                <ele>0</ele>
            </trkpt>
            <trkpt lat="44.477501" lon="8.711954">
                <ele>0</ele>
            </trkpt>
            <trkpt lat="44.477452" lon="8.711926">
                <ele>0</ele>
            </trkpt>
            <trkpt lat="44.477359" lon="8.711838">
                <ele>0</ele>
            </trkpt>
            <trkpt lat="44.477319" lon="8.711779">
                <ele>0</ele>
            </trkpt>
            <trkpt lat="44.477294" lon="8.71171">
                <ele>0</ele>
            </trkpt>
            <trkpt lat="44.477287" lon="8.711645">
                <ele>0</ele>
            </trkpt>
            <trkpt lat="44.477297" lon="8.711565">
                <ele>0</ele>
            </trkpt>
            <trkpt lat="44.477313" lon="8.711497">
                <ele>0</ele>
            </trkpt>
            <trkpt lat="44.477344" lon="8.711433">
                <ele>0</ele>
            </trkpt>
            <trkpt lat="44.477443" lon="8.711264">
                <ele>0</ele>
            </trkpt>
            <trkpt lat="44.477545" lon="8.71114">
                <ele>0</ele>
            </trkpt>
            <trkpt lat="44.477635" lon="8.711086">
                <ele>0</ele>
            </trkpt>
            <trkpt lat="44.477669" lon="8.711067">
                <ele>0</ele>
            </trkpt>
            <trkpt lat="44.477703" lon="8.711048">
                <ele>0</ele>
            </trkpt>
            <trkpt lat="44.477721" lon="8.711038">
                <ele>0</ele>
            </trkpt>
            <trkpt lat="44.477724" lon="8.711036">
                <ele>0</ele>
            </trkpt>
            <trkpt lat="44.477755" lon="8.711007">
                <ele>0</ele>
            </trkpt>
            <trkpt lat="44.477768" lon="8.710995">
                <ele>0</ele>
            </trkpt>
            <trkpt lat="44.477796" lon="8.710956">
                <ele>0</ele>
            </trkpt>
            <trkpt lat="44.477823" lon="8.710899">
                <ele>0</ele>
            </trkpt>
            <trkpt lat="44.477848" lon="8.710806">
                <ele>0</ele>
            </trkpt>
            <trkpt lat="44.47792" lon="8.710514">
                <ele>0</ele>
            </trkpt>
            <trkpt lat="44.47794" lon="8.710445">
                <ele>0</ele>
            </trkpt>
            <trkpt lat="44.477969" lon="8.710357">
                <ele>0</ele>
            </trkpt>
            <trkpt lat="44.478178" lon="8.709885">
                <ele>0</ele>
            </trkpt>
            <trkpt lat="44.478206" lon="8.709839">
                <ele>0</ele>
            </trkpt>
            <trkpt lat="44.478242" lon="8.709783">
                <ele>0</ele>
            </trkpt>
            <trkpt lat="44.47846" lon="8.709559">
                <ele>0</ele>
            </trkpt>
            <trkpt lat="44.478671" lon="8.709301">
                <ele>0</ele>
            </trkpt>
            <trkpt lat="44.478798" lon="8.709156">
                <ele>0</ele>
            </trkpt>
            <trkpt lat="44.478861" lon="8.709047">
                <ele>0</ele>
            </trkpt>
            <trkpt lat="44.478886" lon="8.708946">
                <ele>0</ele>
            </trkpt>
            <trkpt lat="44.478886" lon="8.708803">
                <ele>0</ele>
            </trkpt>
            <trkpt lat="44.478845" lon="8.708658">
                <ele>0</ele>
            </trkpt>
            <trkpt lat="44.478807" lon="8.70854">
                <ele>0</ele>
            </trkpt>
            <trkpt lat="44.478788" lon="8.708409">
                <ele>0</ele>
            </trkpt>
            <trkpt lat="44.478809" lon="8.708291">
                <ele>0</ele>
            </trkpt>
            <trkpt lat="44.478922" lon="8.708055">
                <ele>0</ele>
            </trkpt>
            <trkpt lat="44.478985" lon="8.707931">
                <ele>0</ele>
            </trkpt>
            <trkpt lat="44.479007" lon="8.707831">
                <ele>0</ele>
            </trkpt>
            <trkpt lat="44.478995" lon="8.707713">
                <ele>0</ele>
            </trkpt>
            <trkpt lat="44.478949" lon="8.70757">
                <ele>0</ele>
            </trkpt>
            <trkpt lat="44.478924" lon="8.707428">
                <ele>0</ele>
            </trkpt>
            <trkpt lat="44.478926" lon="8.707302">
                <ele>0</ele>
            </trkpt>
            <trkpt lat="44.479004" lon="8.707027">
                <ele>0</ele>
            </trkpt>
            <trkpt lat="44.479076" lon="8.706787">
                <ele>0</ele>
            </trkpt>
            <trkpt lat="44.479098" lon="8.706574">
                <ele>0</ele>
            </trkpt>
            <trkpt lat="44.479086" lon="8.706408">
                <ele>0</ele>
            </trkpt>
            <trkpt lat="44.479066" lon="8.706261">
                <ele>0</ele>
            </trkpt>
            <trkpt lat="44.478995" lon="8.706129">
                <ele>0</ele>
            </trkpt>
            <trkpt lat="44.478836" lon="8.705936">
                <ele>0</ele>
            </trkpt>
            <trkpt lat="44.478656" lon="8.70573">
                <ele>0</ele>
            </trkpt>
            <trkpt lat="44.478574" lon="8.705604">
                <ele>0</ele>
            </trkpt>
            <trkpt lat="44.478552" lon="8.705516">
                <ele>0</ele>
            </trkpt>
            <trkpt lat="44.478578" lon="8.705409">
                <ele>0</ele>
            </trkpt>
            <trkpt lat="44.478619" lon="8.705317">
                <ele>0</ele>
            </trkpt>
            <trkpt lat="44.478782" lon="8.705192">
                <ele>0</ele>
            </trkpt>
            <trkpt lat="44.47903" lon="8.705069">
                <ele>0</ele>
            </trkpt>
            <trkpt lat="44.479255" lon="8.704928">
                <ele>0</ele>
            </trkpt>
            <trkpt lat="44.479463" lon="8.704765">
                <ele>0</ele>
            </trkpt>
            <trkpt lat="44.479684" lon="8.704555">
                <ele>0</ele>
            </trkpt>
            <trkpt lat="44.479825" lon="8.704383">
                <ele>0</ele>
            </trkpt>
            <trkpt lat="44.479929" lon="8.704246">
                <ele>0</ele>
            </trkpt>
            <trkpt lat="44.480248" lon="8.703731">
                <ele>0</ele>
            </trkpt>
            <trkpt lat="44.480383" lon="8.703508">
                <ele>0</ele>
            </trkpt>
            <trkpt lat="44.480464" lon="8.703386">
                <ele>0</ele>
            </trkpt>
            <trkpt lat="44.480504" lon="8.703258">
                <ele>0</ele>
            </trkpt>
            <trkpt lat="44.480497" lon="8.703074">
                <ele>0</ele>
            </trkpt>
            <trkpt lat="44.480519" lon="8.70293">
                <ele>0</ele>
            </trkpt>
            <trkpt lat="44.480632" lon="8.702723">
                <ele>0</ele>
            </trkpt>
            <trkpt lat="44.480804" lon="8.702502">
                <ele>0</ele>
            </trkpt>
            <trkpt lat="44.480878" lon="8.702387">
                <ele>0</ele>
            </trkpt>
            <trkpt lat="44.480944" lon="8.702252">
                <ele>0</ele>
            </trkpt>
            <trkpt lat="44.480966" lon="8.702207">
                <ele>0</ele>
            </trkpt>
            <trkpt lat="44.480994" lon="8.702012">
                <ele>0</ele>
            </trkpt>
            <trkpt lat="44.481024" lon="8.70153">
                <ele>0</ele>
            </trkpt>
            <trkpt lat="44.481022" lon="8.701219">
                <ele>0</ele>
            </trkpt>
            <trkpt lat="44.481025" lon="8.700858">
                <ele>0</ele>
            </trkpt>
            <trkpt lat="44.480989" lon="8.700643">
                <ele>0</ele>
            </trkpt>
            <trkpt lat="44.480934" lon="8.700451">
                <ele>0</ele>
            </trkpt>
            <trkpt lat="44.480868" lon="8.700184">
                <ele>0</ele>
            </trkpt>
            <trkpt lat="44.480856" lon="8.699968">
                <ele>0</ele>
            </trkpt>
            <trkpt lat="44.480912" lon="8.699705">
                <ele>0</ele>
            </trkpt>
            <trkpt lat="44.480961" lon="8.69951">
                <ele>0</ele>
            </trkpt>
            <trkpt lat="44.480933" lon="8.699254">
                <ele>0</ele>
            </trkpt>
            <trkpt lat="44.480801" lon="8.699002">
                <ele>0</ele>
            </trkpt>
            <trkpt lat="44.480581" lon="8.698758">
                <ele>0</ele>
            </trkpt>
            <trkpt lat="44.480473" lon="8.698578">
                <ele>0</ele>
            </trkpt>
            <trkpt lat="44.480437" lon="8.698384">
                <ele>0</ele>
            </trkpt>
            <trkpt lat="44.480471" lon="8.698216">
                <ele>0</ele>
            </trkpt>
            <trkpt lat="44.480707" lon="8.697628">
                <ele>0</ele>
            </trkpt>
            <trkpt lat="44.480774" lon="8.697532">
                <ele>0</ele>
            </trkpt>
            <trkpt lat="44.480834" lon="8.697409">
                <ele>0</ele>
            </trkpt>
            <trkpt lat="44.480865" lon="8.697253">
                <ele>0</ele>
            </trkpt>
            <trkpt lat="44.480827" lon="8.696951">
                <ele>0</ele>
            </trkpt>
            <trkpt lat="44.480807" lon="8.696655">
                <ele>0</ele>
            </trkpt>
            <trkpt lat="44.48083" lon="8.696393">
                <ele>0</ele>
            </trkpt>
            <trkpt lat="44.48097" lon="8.696032">
                <ele>0</ele>
            </trkpt>
            <trkpt lat="44.481258" lon="8.695637">
                <ele>0</ele>
            </trkpt>
            <trkpt lat="44.481662" lon="8.695234">
                <ele>0</ele>
            </trkpt>
            <trkpt lat="44.481822" lon="8.695096">
                <ele>0</ele>
            </trkpt>
            <trkpt lat="44.482005" lon="8.694942">
                <ele>0</ele>
            </trkpt>
            <trkpt lat="44.48263" lon="8.694273">
                <ele>0</ele>
            </trkpt>
            <trkpt lat="44.482722" lon="8.694109">
                <ele>0</ele>
            </trkpt>
            <trkpt lat="44.482769" lon="8.693998">
                <ele>0</ele>
            </trkpt>
            <trkpt lat="44.482779" lon="8.693866">
                <ele>0</ele>
            </trkpt>
            <trkpt lat="44.482754" lon="8.693717">
                <ele>0</ele>
            </trkpt>
            <trkpt lat="44.482677" lon="8.693556">
                <ele>0</ele>
            </trkpt>
            <trkpt lat="44.482553" lon="8.69339">
                <ele>0</ele>
            </trkpt>
            <trkpt lat="44.482332" lon="8.693113">
                <ele>0</ele>
            </trkpt>
            <trkpt lat="44.48215" lon="8.692827">
                <ele>0</ele>
            </trkpt>
            <trkpt lat="44.482028" lon="8.692564">
                <ele>0</ele>
            </trkpt>
            <trkpt lat="44.481929" lon="8.692207">
                <ele>0</ele>
            </trkpt>
            <trkpt lat="44.481816" lon="8.691767">
                <ele>0</ele>
            </trkpt>
            <trkpt lat="44.481697" lon="8.691454">
                <ele>0</ele>
            </trkpt>
            <trkpt lat="44.481606" lon="8.691212">
                <ele>0</ele>
            </trkpt>
            <trkpt lat="44.481585" lon="8.690984">
                <ele>0</ele>
            </trkpt>
            <trkpt lat="44.481595" lon="8.690805">
                <ele>0</ele>
            </trkpt>
            <trkpt lat="44.481621" lon="8.69065">
                <ele>0</ele>
            </trkpt>
            <trkpt lat="44.481699" lon="8.690427">
                <ele>0</ele>
            </trkpt>
            <trkpt lat="44.48187" lon="8.690189">
                <ele>0</ele>
            </trkpt>
            <trkpt lat="44.482226" lon="8.689844">
                <ele>0</ele>
            </trkpt>
            <trkpt lat="44.482275" lon="8.689784">
                <ele>0</ele>
            </trkpt>
            <trkpt lat="44.482354" lon="8.689649">
                <ele>0</ele>
            </trkpt>
            <trkpt lat="44.482427" lon="8.689352">
                <ele>0</ele>
            </trkpt>
            <trkpt lat="44.482488" lon="8.689048">
                <ele>0</ele>
            </trkpt>
            <trkpt lat="44.482522" lon="8.688887">
                <ele>0</ele>
            </trkpt>
            <trkpt lat="44.482593" lon="8.688694">
                <ele>0</ele>
            </trkpt>
            <trkpt lat="44.482688" lon="8.688522">
                <ele>0</ele>
            </trkpt>
            <trkpt lat="44.482742" lon="8.688409">
                <ele>0</ele>
            </trkpt>
            <trkpt lat="44.482776" lon="8.688191">
                <ele>0</ele>
            </trkpt>
            <trkpt lat="44.482726" lon="8.688009">
                <ele>0</ele>
            </trkpt>
            <trkpt lat="44.482499" lon="8.687398">
                <ele>0</ele>
            </trkpt>
            <trkpt lat="44.482464" lon="8.687199">
                <ele>0</ele>
            </trkpt>
            <trkpt lat="44.482458" lon="8.687031">
                <ele>0</ele>
            </trkpt>
            <trkpt lat="44.482495" lon="8.686814">
                <ele>0</ele>
            </trkpt>
            <trkpt lat="44.482749" lon="8.686388">
                <ele>0</ele>
            </trkpt>
            <trkpt lat="44.482866" lon="8.686176">
                <ele>0</ele>
            </trkpt>
            <trkpt lat="44.482925" lon="8.686026">
                <ele>0</ele>
            </trkpt>
            <trkpt lat="44.482929" lon="8.685914">
                <ele>0</ele>
            </trkpt>
            <trkpt lat="44.482922" lon="8.685733">
                <ele>0</ele>
            </trkpt>
            <trkpt lat="44.482868" lon="8.685541">
                <ele>0</ele>
            </trkpt>
            <trkpt lat="44.482791" lon="8.685412">
                <ele>0</ele>
            </trkpt>
            <trkpt lat="44.482083" lon="8.684402">
                <ele>0</ele>
            </trkpt>
            <trkpt lat="44.481924" lon="8.684138">
                <ele>0</ele>
            </trkpt>
            <trkpt lat="44.48176" lon="8.68374">
                <ele>0</ele>
            </trkpt>
            <trkpt lat="44.481664" lon="8.683469">
                <ele>0</ele>
            </trkpt>
            <trkpt lat="44.481647" lon="8.683366">
                <ele>0</ele>
            </trkpt>
            <trkpt lat="44.481639" lon="8.683253">
                <ele>0</ele>
            </trkpt>
            <trkpt lat="44.481641" lon="8.683086">
                <ele>0</ele>
            </trkpt>
            <trkpt lat="44.481672" lon="8.682915">
                <ele>0</ele>
            </trkpt>
            <trkpt lat="44.481694" lon="8.682689">
                <ele>0</ele>
            </trkpt>
            <trkpt lat="44.481694" lon="8.682559">
                <ele>0</ele>
            </trkpt>
            <trkpt lat="44.481678" lon="8.682442">
                <ele>0</ele>
            </trkpt>
            <trkpt lat="44.481572" lon="8.681881">
                <ele>0</ele>
            </trkpt>
            <trkpt lat="44.48149" lon="8.681482">
                <ele>0</ele>
            </trkpt>
            <trkpt lat="44.481418" lon="8.681132">
                <ele>0</ele>
            </trkpt>
            <trkpt lat="44.481361" lon="8.680932">
                <ele>0</ele>
            </trkpt>
            <trkpt lat="44.481311" lon="8.680823">
                <ele>0</ele>
            </trkpt>
            <trkpt lat="44.48125" lon="8.680728">
                <ele>0</ele>
            </trkpt>
            <trkpt lat="44.481137" lon="8.680617">
                <ele>0</ele>
            </trkpt>
            <trkpt lat="44.481084" lon="8.68058">
                <ele>0</ele>
            </trkpt>
            <trkpt lat="44.480999" lon="8.680542">
                <ele>0</ele>
            </trkpt>
            <trkpt lat="44.480935" lon="8.680517">
                <ele>0</ele>
            </trkpt>
            <trkpt lat="44.480863" lon="8.680482">
                <ele>0</ele>
            </trkpt>
            <trkpt lat="44.480765" lon="8.680424">
                <ele>0</ele>
            </trkpt>
            <trkpt lat="44.480704" lon="8.680352">
                <ele>0</ele>
            </trkpt>
            <trkpt lat="44.480703" lon="8.680351">
                <ele>0</ele>
            </trkpt>
            <trkpt lat="44.480646" lon="8.680251">
                <ele>0</ele>
            </trkpt>
            <trkpt lat="44.480616" lon="8.680164">
                <ele>0</ele>
            </trkpt>
            <trkpt lat="44.480587" lon="8.680026">
                <ele>0</ele>
            </trkpt>
            <trkpt lat="44.480558" lon="8.679838">
                <ele>0</ele>
            </trkpt>
            <trkpt lat="44.480552" lon="8.679522">
                <ele>0</ele>
            </trkpt>
            <trkpt lat="44.480543" lon="8.679245">
                <ele>0</ele>
            </trkpt>
            <trkpt lat="44.48046" lon="8.679003">
                <ele>0</ele>
            </trkpt>
            <trkpt lat="44.48018" lon="8.678548">
                <ele>0</ele>
            </trkpt>
            <trkpt lat="44.480058" lon="8.67842">
                <ele>0</ele>
            </trkpt>
            <trkpt lat="44.479939" lon="8.678326">
                <ele>0</ele>
            </trkpt>
            <trkpt lat="44.479557" lon="8.678007">
                <ele>0</ele>
            </trkpt>
            <trkpt lat="44.47944" lon="8.67786">
                <ele>0</ele>
            </trkpt>
            <trkpt lat="44.479375" lon="8.677654">
                <ele>0</ele>
            </trkpt>
            <trkpt lat="44.479363" lon="8.677482">
                <ele>0</ele>
            </trkpt>
            <trkpt lat="44.479456" lon="8.676396">
                <ele>0</ele>
            </trkpt>
            <trkpt lat="44.479471" lon="8.676132">
                <ele>0</ele>
            </trkpt>
            <trkpt lat="44.479449" lon="8.675952">
                <ele>0</ele>
            </trkpt>
            <trkpt lat="44.479392" lon="8.675801">
                <ele>0</ele>
            </trkpt>
            <trkpt lat="44.479238" lon="8.675451">
                <ele>0</ele>
            </trkpt>
            <trkpt lat="44.479222" lon="8.675301">
                <ele>0</ele>
            </trkpt>
            <trkpt lat="44.47924" lon="8.675158">
                <ele>0</ele>
            </trkpt>
            <trkpt lat="44.47929" lon="8.675023">
                <ele>0</ele>
            </trkpt>
            <trkpt lat="44.479414" lon="8.674799">
                <ele>0</ele>
            </trkpt>
            <trkpt lat="44.479449" lon="8.674695">
                <ele>0</ele>
            </trkpt>
            <trkpt lat="44.479467" lon="8.674573">
                <ele>0</ele>
            </trkpt>
            <trkpt lat="44.479459" lon="8.674456">
                <ele>0</ele>
            </trkpt>
            <trkpt lat="44.479431" lon="8.674363">
                <ele>0</ele>
            </trkpt>
            <trkpt lat="44.47935" lon="8.674203">
                <ele>0</ele>
            </trkpt>
            <trkpt lat="44.479074" lon="8.67386">
                <ele>0</ele>
            </trkpt>
            <trkpt lat="44.479027" lon="8.673764">
                <ele>0</ele>
            </trkpt>
            <trkpt lat="44.478984" lon="8.673616">
                <ele>0</ele>
            </trkpt>
            <trkpt lat="44.478963" lon="8.673447">
                <ele>0</ele>
            </trkpt>
            <trkpt lat="44.478964" lon="8.673223">
                <ele>0</ele>
            </trkpt>
            <trkpt lat="44.478937" lon="8.673057">
                <ele>0</ele>
            </trkpt>
            <trkpt lat="44.478863" lon="8.672888">
                <ele>0</ele>
            </trkpt>
            <trkpt lat="44.478707" lon="8.672673">
                <ele>0</ele>
            </trkpt>
            <trkpt lat="44.478453" lon="8.672404">
                <ele>0</ele>
            </trkpt>
            <trkpt lat="44.478151" lon="8.672184">
                <ele>0</ele>
            </trkpt>
            <trkpt lat="44.477952" lon="8.67209">
                <ele>0</ele>
            </trkpt>
            <trkpt lat="44.477578" lon="8.671991">
                <ele>0</ele>
            </trkpt>
            <trkpt lat="44.477464" lon="8.671941">
                <ele>0</ele>
            </trkpt>
            <trkpt lat="44.477341" lon="8.671796">
                <ele>0</ele>
            </trkpt>
            <trkpt lat="44.477204" lon="8.671647">
                <ele>0</ele>
            </trkpt>
            <trkpt lat="44.477089" lon="8.671594">
                <ele>0</ele>
            </trkpt>
            <trkpt lat="44.47699" lon="8.671586">
                <ele>0</ele>
            </trkpt>
            <trkpt lat="44.47663" lon="8.67168">
                <ele>0</ele>
            </trkpt>
            <trkpt lat="44.476433" lon="8.671664">
                <ele>0</ele>
            </trkpt>
            <trkpt lat="44.475965" lon="8.671477">
                <ele>0</ele>
            </trkpt>
            <trkpt lat="44.47584" lon="8.67136">
                <ele>0</ele>
            </trkpt>
            <trkpt lat="44.475719" lon="8.671173">
                <ele>0</ele>
            </trkpt>
            <trkpt lat="44.475588" lon="8.670884">
                <ele>0</ele>
            </trkpt>
            <trkpt lat="44.475158" lon="8.669838">
                <ele>0</ele>
            </trkpt>
            <trkpt lat="44.475136" lon="8.669758">
                <ele>0</ele>
            </trkpt>
            <trkpt lat="44.475123" lon="8.669618">
                <ele>0</ele>
            </trkpt>
            <trkpt lat="44.475134" lon="8.669468">
                <ele>0</ele>
            </trkpt>
            <trkpt lat="44.475191" lon="8.669266">
                <ele>0</ele>
            </trkpt>
            <trkpt lat="44.475245" lon="8.66915">
                <ele>0</ele>
            </trkpt>
            <trkpt lat="44.475309" lon="8.669049">
                <ele>0</ele>
            </trkpt>
            <trkpt lat="44.476255" lon="8.667983">
                <ele>0</ele>
            </trkpt>
            <trkpt lat="44.476381" lon="8.667837">
                <ele>0</ele>
            </trkpt>
            <trkpt lat="44.476428" lon="8.667724">
                <ele>0</ele>
            </trkpt>
            <trkpt lat="44.476433" lon="8.667633">
                <ele>0</ele>
            </trkpt>
            <trkpt lat="44.476402" lon="8.667519">
                <ele>0</ele>
            </trkpt>
            <trkpt lat="44.47633" lon="8.667441">
                <ele>0</ele>
            </trkpt>
            <trkpt lat="44.476237" lon="8.66743">
                <ele>0</ele>
            </trkpt>
            <trkpt lat="44.476157" lon="8.667484">
                <ele>0</ele>
            </trkpt>
            <trkpt lat="44.476041" lon="8.667605">
                <ele>0</ele>
            </trkpt>
            <trkpt lat="44.475685" lon="8.668017">
                <ele>0</ele>
            </trkpt>
            <trkpt lat="44.475483" lon="8.668189">
                <ele>0</ele>
            </trkpt>
            <trkpt lat="44.475291" lon="8.668272">
                <ele>0</ele>
            </trkpt>
            <trkpt lat="44.475098" lon="8.668303">
                <ele>0</ele>
            </trkpt>
            <trkpt lat="44.474839" lon="8.668271">
                <ele>0</ele>
            </trkpt>
            <trkpt lat="44.474788" lon="8.668241">
                <ele>0</ele>
            </trkpt>
            <trkpt lat="44.474482" lon="8.668096">
                <ele>0</ele>
            </trkpt>
            <trkpt lat="44.474347" lon="8.668043">
                <ele>0</ele>
            </trkpt>
            <trkpt lat="44.474225" lon="8.668051">
                <ele>0</ele>
            </trkpt>
            <trkpt lat="44.474121" lon="8.668117">
                <ele>0</ele>
            </trkpt>
            <trkpt lat="44.474039" lon="8.668199">
                <ele>0</ele>
            </trkpt>
            <trkpt lat="44.473957" lon="8.66835">
                <ele>0</ele>
            </trkpt>
            <trkpt lat="44.473753" lon="8.66879">
                <ele>0</ele>
            </trkpt>
            <trkpt lat="44.473648" lon="8.668957">
                <ele>0</ele>
            </trkpt>
            <trkpt lat="44.473531" lon="8.669118">
                <ele>0</ele>
            </trkpt>
            <trkpt lat="44.473345" lon="8.669255">
                <ele>0</ele>
            </trkpt>
            <trkpt lat="44.473086" lon="8.669404">
                <ele>0</ele>
            </trkpt>
            <trkpt lat="44.472917" lon="8.669445">
                <ele>0</ele>
            </trkpt>
            <trkpt lat="44.472701" lon="8.669448">
                <ele>0</ele>
            </trkpt>
            <trkpt lat="44.470954" lon="8.669343">
                <ele>0</ele>
            </trkpt>
            <trkpt lat="44.470202" lon="8.669302">
                <ele>0</ele>
            </trkpt>
            <trkpt lat="44.470057" lon="8.669306">
                <ele>0</ele>
            </trkpt>
            <trkpt lat="44.469931" lon="8.669358">
                <ele>0</ele>
            </trkpt>
            <trkpt lat="44.469806" lon="8.669437">
                <ele>0</ele>
            </trkpt>
            <trkpt lat="44.46975" lon="8.669479">
                <ele>0</ele>
            </trkpt>
            <trkpt lat="44.469713" lon="8.66952">
                <ele>0</ele>
            </trkpt>
            <trkpt lat="44.469592" lon="8.669656">
                <ele>0</ele>
            </trkpt>
            <trkpt lat="44.469403" lon="8.669855">
                <ele>0</ele>
            </trkpt>
            <trkpt lat="44.469216" lon="8.669995">
                <ele>0</ele>
            </trkpt>
            <trkpt lat="44.468998" lon="8.670119">
                <ele>0</ele>
            </trkpt>
            <trkpt lat="44.46718" lon="8.670992">
                <ele>0</ele>
            </trkpt>
            <trkpt lat="44.467042" lon="8.671028">
                <ele>0</ele>
            </trkpt>
            <trkpt lat="44.466913" lon="8.671009">
                <ele>0</ele>
            </trkpt>
            <trkpt lat="44.466814" lon="8.670971">
                <ele>0</ele>
            </trkpt>
            <trkpt lat="44.466717" lon="8.670885">
                <ele>0</ele>
            </trkpt>
            <trkpt lat="44.466661" lon="8.670799">
                <ele>0</ele>
            </trkpt>
            <trkpt lat="44.466617" lon="8.670661">
                <ele>0</ele>
            </trkpt>
            <trkpt lat="44.466607" lon="8.670514">
                <ele>0</ele>
            </trkpt>
            <trkpt lat="44.466626" lon="8.670394">
                <ele>0</ele>
            </trkpt>
            <trkpt lat="44.466744" lon="8.670144">
                <ele>0</ele>
            </trkpt>
            <trkpt lat="44.466929" lon="8.669762">
                <ele>0</ele>
            </trkpt>
            <trkpt lat="44.467089" lon="8.66941">
                <ele>0</ele>
            </trkpt>
            <trkpt lat="44.467427" lon="8.668637">
                <ele>0</ele>
            </trkpt>
            <trkpt lat="44.4675" lon="8.668485">
                <ele>0</ele>
            </trkpt>
            <trkpt lat="44.467535" lon="8.668366">
                <ele>0</ele>
            </trkpt>
            <trkpt lat="44.467616" lon="8.668078">
                <ele>0</ele>
            </trkpt>
            <trkpt lat="44.467699" lon="8.667743">
                <ele>0</ele>
            </trkpt>
            <trkpt lat="44.467753" lon="8.667566">
                <ele>0</ele>
            </trkpt>
            <trkpt lat="44.467815" lon="8.667412">
                <ele>0</ele>
            </trkpt>
            <trkpt lat="44.467982" lon="8.667114">
                <ele>0</ele>
            </trkpt>
            <trkpt lat="44.468476" lon="8.666278">
                <ele>0</ele>
            </trkpt>
            <trkpt lat="44.468627" lon="8.666056">
                <ele>0</ele>
            </trkpt>
            <trkpt lat="44.468834" lon="8.66584">
                <ele>0</ele>
            </trkpt>
            <trkpt lat="44.469157" lon="8.665587">
                <ele>0</ele>
            </trkpt>
            <trkpt lat="44.469228" lon="8.66553">
                <ele>0</ele>
            </trkpt>
            <trkpt lat="44.46927" lon="8.665435">
                <ele>0</ele>
            </trkpt>
            <trkpt lat="44.469285" lon="8.665345">
                <ele>0</ele>
            </trkpt>
            <trkpt lat="44.469283" lon="8.665253">
                <ele>0</ele>
            </trkpt>
            <trkpt lat="44.469256" lon="8.665151">
                <ele>0</ele>
            </trkpt>
            <trkpt lat="44.469189" lon="8.665065">
                <ele>0</ele>
            </trkpt>
            <trkpt lat="44.469133" lon="8.665028">
                <ele>0</ele>
            </trkpt>
            <trkpt lat="44.46907" lon="8.665011">
                <ele>0</ele>
            </trkpt>
            <trkpt lat="44.468954" lon="8.665058">
                <ele>0</ele>
            </trkpt>
            <trkpt lat="44.468793" lon="8.665205">
                <ele>0</ele>
            </trkpt>
            <trkpt lat="44.467791" lon="8.666111">
                <ele>0</ele>
            </trkpt>
            <trkpt lat="44.467632" lon="8.666197">
                <ele>0</ele>
            </trkpt>
            <trkpt lat="44.467393" lon="8.666317">
                <ele>0</ele>
            </trkpt>
            <trkpt lat="44.467154" lon="8.666394">
                <ele>0</ele>
            </trkpt>
            <trkpt lat="44.466835" lon="8.666455">
                <ele>0</ele>
            </trkpt>
            <trkpt lat="44.466633" lon="8.666549">
                <ele>0</ele>
            </trkpt>
            <trkpt lat="44.466391" lon="8.666735">
                <ele>0</ele>
            </trkpt>
            <trkpt lat="44.466176" lon="8.666937">
                <ele>0</ele>
            </trkpt>
            <trkpt lat="44.46606" lon="8.667034">
                <ele>0</ele>
            </trkpt>
            <trkpt lat="44.465989" lon="8.667076">
                <ele>0</ele>
            </trkpt>
            <trkpt lat="44.46588" lon="8.667103">
                <ele>0</ele>
            </trkpt>
            <trkpt lat="44.465732" lon="8.667079">
                <ele>0</ele>
            </trkpt>
            <trkpt lat="44.465294" lon="8.666913">
                <ele>0</ele>
            </trkpt>
            <trkpt lat="44.465167" lon="8.666894">
                <ele>0</ele>
            </trkpt>
            <trkpt lat="44.464912" lon="8.666932">
                <ele>0</ele>
            </trkpt>
            <trkpt lat="44.464099" lon="8.667155">
                <ele>0</ele>
            </trkpt>
            <trkpt lat="44.463706" lon="8.667292">
                <ele>0</ele>
            </trkpt>
            <trkpt lat="44.463182" lon="8.667479">
                <ele>0</ele>
            </trkpt>
            <trkpt lat="44.462961" lon="8.66756">
                <ele>0</ele>
            </trkpt>
            <trkpt lat="44.46259" lon="8.667638">
                <ele>0</ele>
            </trkpt>
            <trkpt lat="44.462428" lon="8.667676">
                <ele>0</ele>
            </trkpt>
            <trkpt lat="44.462177" lon="8.667729">
                <ele>0</ele>
            </trkpt>
            <trkpt lat="44.461957" lon="8.667741">
                <ele>0</ele>
            </trkpt>
            <trkpt lat="44.461844" lon="8.667703">
                <ele>0</ele>
            </trkpt>
            <trkpt lat="44.461797" lon="8.667668">
                <ele>0</ele>
            </trkpt>
            <trkpt lat="44.461704" lon="8.667589">
                <ele>0</ele>
            </trkpt>
            <trkpt lat="44.461646" lon="8.667482">
                <ele>0</ele>
            </trkpt>
            <trkpt lat="44.461624" lon="8.667408">
                <ele>0</ele>
            </trkpt>
            <trkpt lat="44.461601" lon="8.667328">
                <ele>0</ele>
            </trkpt>
            <trkpt lat="44.461581" lon="8.667096">
                <ele>0</ele>
            </trkpt>
            <trkpt lat="44.461599" lon="8.666437">
                <ele>0</ele>
            </trkpt>
            <trkpt lat="44.461602" lon="8.666328">
                <ele>0</ele>
            </trkpt>
            <trkpt lat="44.461602" lon="8.666321">
                <ele>0</ele>
            </trkpt>
            <trkpt lat="44.461642" lon="8.664861">
                <ele>0</ele>
            </trkpt>
            <trkpt lat="44.461664" lon="8.664635">
                <ele>0</ele>
            </trkpt>
            <trkpt lat="44.46196" lon="8.663646">
                <ele>0</ele>
            </trkpt>
            <trkpt lat="44.462145" lon="8.663074">
                <ele>0</ele>
            </trkpt>
            <trkpt lat="44.462237" lon="8.662653">
                <ele>0</ele>
            </trkpt>
            <trkpt lat="44.462226" lon="8.662258">
                <ele>0</ele>
            </trkpt>
            <trkpt lat="44.462137" lon="8.661816">
                <ele>0</ele>
            </trkpt>
            <trkpt lat="44.46207" lon="8.661492">
                <ele>0</ele>
            </trkpt>
            <trkpt lat="44.462085" lon="8.661289">
                <ele>0</ele>
            </trkpt>
            <trkpt lat="44.462119" lon="8.66121">
                <ele>0</ele>
            </trkpt>
            <trkpt lat="44.462384" lon="8.660963">
                <ele>0</ele>
            </trkpt>
            <trkpt lat="44.462498" lon="8.660858">
                <ele>0</ele>
            </trkpt>
            <trkpt lat="44.462585" lon="8.660699">
                <ele>0</ele>
            </trkpt>
            <trkpt lat="44.462617" lon="8.660541">
                <ele>0</ele>
            </trkpt>
            <trkpt lat="44.462616" lon="8.660391">
                <ele>0</ele>
            </trkpt>
            <trkpt lat="44.462599" lon="8.660232">
                <ele>0</ele>
            </trkpt>
            <trkpt lat="44.462482" lon="8.659566">
                <ele>0</ele>
            </trkpt>
            <trkpt lat="44.462433" lon="8.659297">
                <ele>0</ele>
            </trkpt>
            <trkpt lat="44.462425" lon="8.658465">
                <ele>0</ele>
            </trkpt>
            <trkpt lat="44.462503" lon="8.658152">
                <ele>0</ele>
            </trkpt>
            <trkpt lat="44.462618" lon="8.657992">
                <ele>0</ele>
            </trkpt>
            <trkpt lat="44.462789" lon="8.65788">
                <ele>0</ele>
            </trkpt>
            <trkpt lat="44.463056" lon="8.657821">
                <ele>0</ele>
            </trkpt>
            <trkpt lat="44.463246" lon="8.657762">
                <ele>0</ele>
            </trkpt>
            <trkpt lat="44.463326" lon="8.657709">
                <ele>0</ele>
            </trkpt>
            <trkpt lat="44.46341" lon="8.657601">
                <ele>0</ele>
            </trkpt>
            <trkpt lat="44.463508" lon="8.657445">
                <ele>0</ele>
            </trkpt>
            <trkpt lat="44.463754" lon="8.656909">
                <ele>0</ele>
            </trkpt>
            <trkpt lat="44.463938" lon="8.656548">
                <ele>0</ele>
            </trkpt>
            <trkpt lat="44.464002" lon="8.656349">
                <ele>0</ele>
            </trkpt>
            <trkpt lat="44.464016" lon="8.656202">
                <ele>0</ele>
            </trkpt>
            <trkpt lat="44.46402" lon="8.655947">
                <ele>0</ele>
            </trkpt>
            <trkpt lat="44.464032" lon="8.655624">
                <ele>0</ele>
            </trkpt>
            <trkpt lat="44.46404" lon="8.655273">
                <ele>0</ele>
            </trkpt>
            <trkpt lat="44.464014" lon="8.655038">
                <ele>0</ele>
            </trkpt>
            <trkpt lat="44.463977" lon="8.6549">
                <ele>0</ele>
            </trkpt>
            <trkpt lat="44.463927" lon="8.654788">
                <ele>0</ele>
            </trkpt>
            <trkpt lat="44.463822" lon="8.654711">
                <ele>0</ele>
            </trkpt>
            <trkpt lat="44.463659" lon="8.65463">
                <ele>0</ele>
            </trkpt>
            <trkpt lat="44.46353" lon="8.654598">
                <ele>0</ele>
            </trkpt>
            <trkpt lat="44.463225" lon="8.654504">
                <ele>0</ele>
            </trkpt>
            <trkpt lat="44.462844" lon="8.654381">
                <ele>0</ele>
            </trkpt>
            <trkpt lat="44.462673" lon="8.654285">
                <ele>0</ele>
            </trkpt>
            <trkpt lat="44.462555" lon="8.654198">
                <ele>0</ele>
            </trkpt>
            <trkpt lat="44.462435" lon="8.654048">
                <ele>0</ele>
            </trkpt>
            <trkpt lat="44.46234" lon="8.653886">
                <ele>0</ele>
            </trkpt>
            <trkpt lat="44.462242" lon="8.653656">
                <ele>0</ele>
            </trkpt>
            <trkpt lat="44.462214" lon="8.653497">
                <ele>0</ele>
            </trkpt>
            <trkpt lat="44.462196" lon="8.653298">
                <ele>0</ele>
            </trkpt>
            <trkpt lat="44.462179" lon="8.653137">
                <ele>0</ele>
            </trkpt>
            <trkpt lat="44.462103" lon="8.652869">
                <ele>0</ele>
            </trkpt>
            <trkpt lat="44.462036" lon="8.652641">
                <ele>0</ele>
            </trkpt>
            <trkpt lat="44.461843" lon="8.652221">
                <ele>0</ele>
            </trkpt>
            <trkpt lat="44.461794" lon="8.651992">
                <ele>0</ele>
            </trkpt>
            <trkpt lat="44.461758" lon="8.651661">
                <ele>0</ele>
            </trkpt>
            <trkpt lat="44.461702" lon="8.651259">
                <ele>0</ele>
            </trkpt>
            <trkpt lat="44.461605" lon="8.650825">
                <ele>0</ele>
            </trkpt>
            <trkpt lat="44.461544" lon="8.650602">
                <ele>0</ele>
            </trkpt>
            <trkpt lat="44.461461" lon="8.650423">
                <ele>0</ele>
            </trkpt>
            <trkpt lat="44.461303" lon="8.650146">
                <ele>0</ele>
            </trkpt>
            <trkpt lat="44.460881" lon="8.64956">
                <ele>0</ele>
            </trkpt>
            <trkpt lat="44.460598" lon="8.649121">
                <ele>0</ele>
            </trkpt>
            <trkpt lat="44.460464" lon="8.648867">
                <ele>0</ele>
            </trkpt>
            <trkpt lat="44.460336" lon="8.648545">
                <ele>0</ele>
            </trkpt>
            <trkpt lat="44.460243" lon="8.648225">
                <ele>0</ele>
            </trkpt>
            <trkpt lat="44.460178" lon="8.647935">
                <ele>0</ele>
            </trkpt>
            <trkpt lat="44.460154" lon="8.647603">
                <ele>0</ele>
            </trkpt>
            <trkpt lat="44.460112" lon="8.647358">
                <ele>0</ele>
            </trkpt>
            <trkpt lat="44.460039" lon="8.647141">
                <ele>0</ele>
            </trkpt>
            <trkpt lat="44.459958" lon="8.646851">
                <ele>0</ele>
            </trkpt>
            <trkpt lat="44.459806" lon="8.646227">
                <ele>0</ele>
            </trkpt>
            <trkpt lat="44.459677" lon="8.645845">
                <ele>0</ele>
            </trkpt>
            <trkpt lat="44.459571" lon="8.645683">
                <ele>0</ele>
            </trkpt>
            <trkpt lat="44.459314" lon="8.645226">
                <ele>0</ele>
            </trkpt>
            <trkpt lat="44.459128" lon="8.644936">
                <ele>0</ele>
            </trkpt>
            <trkpt lat="44.459012" lon="8.64464">
                <ele>0</ele>
            </trkpt>
            <trkpt lat="44.458914" lon="8.644343">
                <ele>0</ele>
            </trkpt>
            <trkpt lat="44.458709" lon="8.643825">
                <ele>0</ele>
            </trkpt>
            <trkpt lat="44.458571" lon="8.643504">
                <ele>0</ele>
            </trkpt>
            <trkpt lat="44.458507" lon="8.643134">
                <ele>0</ele>
            </trkpt>
            <trkpt lat="44.458443" lon="8.642555">
                <ele>0</ele>
            </trkpt>
            <trkpt lat="44.458382" lon="8.642276">
                <ele>0</ele>
            </trkpt>
            <trkpt lat="44.458338" lon="8.64212">
                <ele>0</ele>
            </trkpt>
            <trkpt lat="44.458114" lon="8.641546">
                <ele>0</ele>
            </trkpt>
            <trkpt lat="44.45798" lon="8.64113">
                <ele>0</ele>
            </trkpt>
            <trkpt lat="44.4579" lon="8.640787">
                <ele>0</ele>
            </trkpt>
            <trkpt lat="44.457863" lon="8.640656">
                <ele>0</ele>
            </trkpt>
            <trkpt lat="44.457809" lon="8.640519">
                <ele>0</ele>
            </trkpt>
            <trkpt lat="44.457624" lon="8.640234">
                <ele>0</ele>
            </trkpt>
            <trkpt lat="44.457522" lon="8.640081">
                <ele>0</ele>
            </trkpt>
            <trkpt lat="44.457439" lon="8.639886">
                <ele>0</ele>
            </trkpt>
            <trkpt lat="44.457383" lon="8.639583">
                <ele>0</ele>
            </trkpt>
            <trkpt lat="44.457317" lon="8.639168">
                <ele>0</ele>
            </trkpt>
            <trkpt lat="44.457221" lon="8.638867">
                <ele>0</ele>
            </trkpt>
            <trkpt lat="44.457123" lon="8.638626">
                <ele>0</ele>
            </trkpt>
            <trkpt lat="44.456843" lon="8.638104">
                <ele>0</ele>
            </trkpt>
            <trkpt lat="44.456557" lon="8.637631">
                <ele>0</ele>
            </trkpt>
            <trkpt lat="44.45651" lon="8.637508">
                <ele>0</ele>
            </trkpt>
            <trkpt lat="44.45648" lon="8.637314">
                <ele>0</ele>
            </trkpt>
            <trkpt lat="44.456465" lon="8.636994">
                <ele>0</ele>
            </trkpt>
            <trkpt lat="44.456433" lon="8.63686">
                <ele>0</ele>
            </trkpt>
            <trkpt lat="44.456379" lon="8.636733">
                <ele>0</ele>
            </trkpt>
            <trkpt lat="44.456311" lon="8.636606">
                <ele>0</ele>
            </trkpt>
            <trkpt lat="44.456216" lon="8.636429">
                <ele>0</ele>
            </trkpt>
            <trkpt lat="44.455941" lon="8.6361">
                <ele>0</ele>
            </trkpt>
            <trkpt lat="44.455702" lon="8.635815">
                <ele>0</ele>
            </trkpt>
            <trkpt lat="44.455603" lon="8.635571">
                <ele>0</ele>
            </trkpt>
            <trkpt lat="44.455609" lon="8.635345">
                <ele>0</ele>
            </trkpt>
            <trkpt lat="44.455673" lon="8.635108">
                <ele>0</ele>
            </trkpt>
            <trkpt lat="44.45587" lon="8.63487">
                <ele>0</ele>
            </trkpt>
            <trkpt lat="44.456432" lon="8.63468">
                <ele>0</ele>
            </trkpt>
            <trkpt lat="44.456994" lon="8.634523">
                <ele>0</ele>
            </trkpt>
            <trkpt lat="44.45707" lon="8.634514">
                <ele>0</ele>
            </trkpt>
            <trkpt lat="44.457417" lon="8.634476">
                <ele>0</ele>
            </trkpt>
            <trkpt lat="44.459131" lon="8.634528">
                <ele>0</ele>
            </trkpt>
            <trkpt lat="44.459523" lon="8.634587">
                <ele>0</ele>
            </trkpt>
            <trkpt lat="44.459903" lon="8.634563">
                <ele>0</ele>
            </trkpt>
            <trkpt lat="44.460004" lon="8.634584">
                <ele>0</ele>
            </trkpt>
            <trkpt lat="44.460088" lon="8.634677">
                <ele>0</ele>
            </trkpt>
            <trkpt lat="44.460159" lon="8.63481">
                <ele>0</ele>
            </trkpt>
            <trkpt lat="44.460458" lon="8.635987">
                <ele>0</ele>
            </trkpt>
            <trkpt lat="44.460504" lon="8.636067">
                <ele>0</ele>
            </trkpt>
            <trkpt lat="44.460595" lon="8.636139">
                <ele>0</ele>
            </trkpt>
            <trkpt lat="44.460763" lon="8.636101">
                <ele>0</ele>
            </trkpt>
            <trkpt lat="44.46103" lon="8.63599">
                <ele>0</ele>
            </trkpt>
            <trkpt lat="44.461589" lon="8.635826">
                <ele>0</ele>
            </trkpt>
            <trkpt lat="44.461896" lon="8.635328">
                <ele>0</ele>
            </trkpt>
            <trkpt lat="44.462047" lon="8.635114">
                <ele>0</ele>
            </trkpt>
            <trkpt lat="44.4624" lon="8.634946">
                <ele>0</ele>
            </trkpt>
            <trkpt lat="44.463232" lon="8.634801">
                <ele>0</ele>
            </trkpt>
            <trkpt lat="44.463335" lon="8.634738">
                <ele>0</ele>
            </trkpt>
            <trkpt lat="44.463456" lon="8.634586">
                <ele>0</ele>
            </trkpt>
            <trkpt lat="44.463825" lon="8.633987">
                <ele>0</ele>
            </trkpt>
            <trkpt lat="44.463995" lon="8.633912">
                <ele>0</ele>
            </trkpt>
            <trkpt lat="44.464145" lon="8.633915">
                <ele>0</ele>
            </trkpt>
            <trkpt lat="44.464293" lon="8.63385">
                <ele>0</ele>
            </trkpt>
            <trkpt lat="44.464395" lon="8.633701">
                <ele>0</ele>
            </trkpt>
            <trkpt lat="44.464471" lon="8.633478">
                <ele>0</ele>
            </trkpt>
            <trkpt lat="44.464649" lon="8.63312">
                <ele>0</ele>
            </trkpt>
            <trkpt lat="44.464699" lon="8.633032">
                <ele>0</ele>
            </trkpt>
            <trkpt lat="44.464811" lon="8.632978">
                <ele>0</ele>
            </trkpt>
            <trkpt lat="44.465018" lon="8.632997">
                <ele>0</ele>
            </trkpt>
            <trkpt lat="44.465164" lon="8.633051">
                <ele>0</ele>
            </trkpt>
            <trkpt lat="44.465351" lon="8.633133">
                <ele>0</ele>
            </trkpt>
            <trkpt lat="44.465445" lon="8.633274">
                <ele>0</ele>
            </trkpt>
            <trkpt lat="44.465529" lon="8.633648">
                <ele>0</ele>
            </trkpt>
            <trkpt lat="44.465592" lon="8.633747">
                <ele>0</ele>
            </trkpt>
            <trkpt lat="44.465682" lon="8.633771">
                <ele>0</ele>
            </trkpt>
            <trkpt lat="44.465757" lon="8.633724">
                <ele>0</ele>
            </trkpt>
            <trkpt lat="44.465928" lon="8.6335">
                <ele>0</ele>
            </trkpt>
            <trkpt lat="44.466039" lon="8.633306">
                <ele>0</ele>
            </trkpt>
            <trkpt lat="44.466089" lon="8.633135">
                <ele>0</ele>
            </trkpt>
            <trkpt lat="44.466235" lon="8.632113">
                <ele>0</ele>
            </trkpt>
            <trkpt lat="44.466388" lon="8.631858">
                <ele>0</ele>
            </trkpt>
            <trkpt lat="44.46651" lon="8.631722">
                <ele>0</ele>
            </trkpt>
            <trkpt lat="44.466662" lon="8.631564">
                <ele>0</ele>
            </trkpt>
            <trkpt lat="44.466808" lon="8.631309">
                <ele>0</ele>
            </trkpt>
            <trkpt lat="44.466994" lon="8.631072">
                <ele>0</ele>
            </trkpt>
            <trkpt lat="44.467067" lon="8.631034">
                <ele>0</ele>
            </trkpt>
            <trkpt lat="44.467158" lon="8.631048">
                <ele>0</ele>
            </trkpt>
            <trkpt lat="44.468201" lon="8.631443">
                <ele>0</ele>
            </trkpt>
            <trkpt lat="44.468398" lon="8.631517">
                <ele>0</ele>
            </trkpt>
            <trkpt lat="44.468711" lon="8.631604">
                <ele>0</ele>
            </trkpt>
            <trkpt lat="44.468811" lon="8.631568">
                <ele>0</ele>
            </trkpt>
            <trkpt lat="44.468855" lon="8.631521">
                <ele>0</ele>
            </trkpt>
            <trkpt lat="44.469003" lon="8.631301">
                <ele>0</ele>
            </trkpt>
            <trkpt lat="44.469167" lon="8.631047">
                <ele>0</ele>
            </trkpt>
            <trkpt lat="44.469343" lon="8.630705">
                <ele>0</ele>
            </trkpt>
            <trkpt lat="44.469454" lon="8.630396">
                <ele>0</ele>
            </trkpt>
            <trkpt lat="44.46961" lon="8.629633">
                <ele>0</ele>
            </trkpt>
            <trkpt lat="44.469766" lon="8.628955">
                <ele>0</ele>
            </trkpt>
            <trkpt lat="44.469894" lon="8.628615">
                <ele>0</ele>
            </trkpt>
            <trkpt lat="44.470123" lon="8.628205">
                <ele>0</ele>
            </trkpt>
            <trkpt lat="44.470164" lon="8.628055">
                <ele>0</ele>
            </trkpt>
            <trkpt lat="44.470158" lon="8.627953">
                <ele>0</ele>
            </trkpt>
            <trkpt lat="44.470139" lon="8.627875">
                <ele>0</ele>
            </trkpt>
            <trkpt lat="44.470082" lon="8.62782">
                <ele>0</ele>
            </trkpt>
            <trkpt lat="44.470024" lon="8.627817">
                <ele>0</ele>
            </trkpt>
            <trkpt lat="44.469962" lon="8.62785">
                <ele>0</ele>
            </trkpt>
            <trkpt lat="44.469872" lon="8.627946">
                <ele>0</ele>
            </trkpt>
            <trkpt lat="44.469535" lon="8.628465">
                <ele>0</ele>
            </trkpt>
            <trkpt lat="44.469398" lon="8.628636">
                <ele>0</ele>
            </trkpt>
            <trkpt lat="44.469221" lon="8.628839">
                <ele>0</ele>
            </trkpt>
            <trkpt lat="44.468991" lon="8.629039">
                <ele>0</ele>
            </trkpt>
            <trkpt lat="44.468784" lon="8.629242">
                <ele>0</ele>
            </trkpt>
            <trkpt lat="44.468594" lon="8.629426">
                <ele>0</ele>
            </trkpt>
            <trkpt lat="44.468509" lon="8.629492">
                <ele>0</ele>
            </trkpt>
            <trkpt lat="44.468448" lon="8.629508">
                <ele>0</ele>
            </trkpt>
            <trkpt lat="44.468399" lon="8.629515">
                <ele>0</ele>
            </trkpt>
            <trkpt lat="44.468343" lon="8.629493">
                <ele>0</ele>
            </trkpt>
            <trkpt lat="44.468133" lon="8.629221">
                <ele>0</ele>
            </trkpt>
            <trkpt lat="44.468107" lon="8.629166">
                <ele>0</ele>
            </trkpt>
            <trkpt lat="44.468102" lon="8.629112">
                <ele>0</ele>
            </trkpt>
            <trkpt lat="44.46812" lon="8.629057">
                <ele>0</ele>
            </trkpt>
            <trkpt lat="44.468169" lon="8.628999">
                <ele>0</ele>
            </trkpt>
            <trkpt lat="44.46842" lon="8.628834">
                <ele>0</ele>
            </trkpt>
            <trkpt lat="44.468521" lon="8.628758">
                <ele>0</ele>
            </trkpt>
            <trkpt lat="44.468557" lon="8.628718">
                <ele>0</ele>
            </trkpt>
            <trkpt lat="44.468596" lon="8.62866">
                <ele>0</ele>
            </trkpt>
            <trkpt lat="44.468633" lon="8.628557">
                <ele>0</ele>
            </trkpt>
            <trkpt lat="44.468692" lon="8.628345">
                <ele>0</ele>
            </trkpt>
            <trkpt lat="44.469099" lon="8.62695">
                <ele>0</ele>
            </trkpt>
            <trkpt lat="44.469131" lon="8.626841">
                <ele>0</ele>
            </trkpt>
            <trkpt lat="44.469195" lon="8.626606">
                <ele>0</ele>
            </trkpt>
            <trkpt lat="44.469213" lon="8.626532">
                <ele>0</ele>
            </trkpt>
            <trkpt lat="44.469238" lon="8.626396">
                <ele>0</ele>
            </trkpt>
            <trkpt lat="44.469392" lon="8.624617">
                <ele>0</ele>
            </trkpt>
            <trkpt lat="44.469427" lon="8.624195">
                <ele>0</ele>
            </trkpt>
            <trkpt lat="44.469425" lon="8.623938">
                <ele>0</ele>
            </trkpt>
            <trkpt lat="44.469372" lon="8.623686">
                <ele>0</ele>
            </trkpt>
            <trkpt lat="44.469314" lon="8.623395">
                <ele>0</ele>
            </trkpt>
            <trkpt lat="44.46932" lon="8.623236">
                <ele>0</ele>
            </trkpt>
            <trkpt lat="44.469335" lon="8.623092">
                <ele>0</ele>
            </trkpt>
            <trkpt lat="44.469374" lon="8.622927">
                <ele>0</ele>
            </trkpt>
            <trkpt lat="44.469429" lon="8.622701">
                <ele>0</ele>
            </trkpt>
            <trkpt lat="44.469514" lon="8.622298">
                <ele>0</ele>
            </trkpt>
            <trkpt lat="44.469527" lon="8.622194">
                <ele>0</ele>
            </trkpt>
            <trkpt lat="44.469524" lon="8.622086">
                <ele>0</ele>
            </trkpt>
            <trkpt lat="44.4695" lon="8.621912">
                <ele>0</ele>
            </trkpt>
            <trkpt lat="44.46946" lon="8.62181">
                <ele>0</ele>
            </trkpt>
            <trkpt lat="44.469413" lon="8.621723">
                <ele>0</ele>
            </trkpt>
            <trkpt lat="44.469357" lon="8.621656">
                <ele>0</ele>
            </trkpt>
            <trkpt lat="44.469131" lon="8.621462">
                <ele>0</ele>
            </trkpt>
            <trkpt lat="44.469083" lon="8.62137">
                <ele>0</ele>
            </trkpt>
            <trkpt lat="44.469058" lon="8.621277">
                <ele>0</ele>
            </trkpt>
            <trkpt lat="44.469023" lon="8.621089">
                <ele>0</ele>
            </trkpt>
            <trkpt lat="44.468995" lon="8.620879">
                <ele>0</ele>
            </trkpt>
            <trkpt lat="44.468909" lon="8.620193">
                <ele>0</ele>
            </trkpt>
            <trkpt lat="44.468913" lon="8.620077">
                <ele>0</ele>
            </trkpt>
            <trkpt lat="44.468929" lon="8.619973">
                <ele>0</ele>
            </trkpt>
            <trkpt lat="44.468966" lon="8.61988">
                <ele>0</ele>
            </trkpt>
            <trkpt lat="44.469112" lon="8.619588">
                <ele>0</ele>
            </trkpt>
            <trkpt lat="44.469165" lon="8.619464">
                <ele>0</ele>
            </trkpt>
            <trkpt lat="44.469197" lon="8.619357">
                <ele>0</ele>
            </trkpt>
            <trkpt lat="44.469212" lon="8.619282">
                <ele>0</ele>
            </trkpt>
            <trkpt lat="44.469221" lon="8.619172">
                <ele>0</ele>
            </trkpt>
            <trkpt lat="44.469259" lon="8.618485">
                <ele>0</ele>
            </trkpt>
            <trkpt lat="44.469319" lon="8.618018">
                <ele>0</ele>
            </trkpt>
            <trkpt lat="44.46939" lon="8.617488">
                <ele>0</ele>
            </trkpt>
            <trkpt lat="44.469394" lon="8.617409">
                <ele>0</ele>
            </trkpt>
            <trkpt lat="44.469388" lon="8.617339">
                <ele>0</ele>
            </trkpt>
            <trkpt lat="44.469369" lon="8.617281">
                <ele>0</ele>
            </trkpt>
            <trkpt lat="44.469316" lon="8.61718">
                <ele>0</ele>
            </trkpt>
            <trkpt lat="44.469232" lon="8.617073">
                <ele>0</ele>
            </trkpt>
            <trkpt lat="44.469099" lon="8.616954">
                <ele>0</ele>
            </trkpt>
            <trkpt lat="44.46894" lon="8.616843">
                <ele>0</ele>
            </trkpt>
            <trkpt lat="44.468787" lon="8.616572">
                <ele>0</ele>
            </trkpt>
            <trkpt lat="44.4687" lon="8.616286">
                <ele>0</ele>
            </trkpt>
            <trkpt lat="44.468617" lon="8.615469">
                <ele>0</ele>
            </trkpt>
            <trkpt lat="44.468631" lon="8.61532">
                <ele>0</ele>
            </trkpt>
            <trkpt lat="44.468671" lon="8.615215">
                <ele>0</ele>
            </trkpt>
            <trkpt lat="44.468725" lon="8.615112">
                <ele>0</ele>
            </trkpt>
            <trkpt lat="44.4692" lon="8.614735">
                <ele>0</ele>
            </trkpt>
            <trkpt lat="44.469411" lon="8.614498">
                <ele>0</ele>
            </trkpt>
            <trkpt lat="44.469614" lon="8.614322">
                <ele>0</ele>
            </trkpt>
            <trkpt lat="44.469788" lon="8.61425">
                <ele>0</ele>
            </trkpt>
            <trkpt lat="44.470089" lon="8.614168">
                <ele>0</ele>
            </trkpt>
            <trkpt lat="44.470298" lon="8.613951">
                <ele>0</ele>
            </trkpt>
            <trkpt lat="44.470354" lon="8.613806">
                <ele>0</ele>
            </trkpt>
            <trkpt lat="44.470343" lon="8.613656">
                <ele>0</ele>
            </trkpt>
            <trkpt lat="44.470309" lon="8.613574">
                <ele>0</ele>
            </trkpt>
            <trkpt lat="44.470195" lon="8.613437">
                <ele>0</ele>
            </trkpt>
            <trkpt lat="44.47005" lon="8.613224">
                <ele>0</ele>
            </trkpt>
            <trkpt lat="44.46969" lon="8.612096">
                <ele>0</ele>
            </trkpt>
            <trkpt lat="44.469635" lon="8.611924">
                <ele>0</ele>
            </trkpt>
            <trkpt lat="44.469506" lon="8.611509">
                <ele>0</ele>
            </trkpt>
            <trkpt lat="44.469412" lon="8.611092">
                <ele>0</ele>
            </trkpt>
            <trkpt lat="44.469288" lon="8.610462">
                <ele>0</ele>
            </trkpt>
            <trkpt lat="44.469233" lon="8.610346">
                <ele>0</ele>
            </trkpt>
            <trkpt lat="44.46919" lon="8.610298">
                <ele>0</ele>
            </trkpt>
            <trkpt lat="44.469137" lon="8.61026">
                <ele>0</ele>
            </trkpt>
            <trkpt lat="44.469053" lon="8.610246">
                <ele>0</ele>
            </trkpt>
            <trkpt lat="44.468977" lon="8.610263">
                <ele>0</ele>
            </trkpt>
            <trkpt lat="44.468883" lon="8.610319">
                <ele>0</ele>
            </trkpt>
            <trkpt lat="44.46885" lon="8.610374">
                <ele>0</ele>
            </trkpt>
            <trkpt lat="44.468808" lon="8.610482">
                <ele>0</ele>
            </trkpt>
            <trkpt lat="44.468796" lon="8.610589">
                <ele>0</ele>
            </trkpt>
            <trkpt lat="44.468795" lon="8.610653">
                <ele>0</ele>
            </trkpt>
            <trkpt lat="44.468803" lon="8.61079">
                <ele>0</ele>
            </trkpt>
            <trkpt lat="44.468901" lon="8.611215">
                <ele>0</ele>
            </trkpt>
            <trkpt lat="44.468909" lon="8.611296">
                <ele>0</ele>
            </trkpt>
            <trkpt lat="44.4689" lon="8.611385">
                <ele>0</ele>
            </trkpt>
            <trkpt lat="44.46888" lon="8.611483">
                <ele>0</ele>
            </trkpt>
            <trkpt lat="44.468814" lon="8.611613">
                <ele>0</ele>
            </trkpt>
            <trkpt lat="44.468755" lon="8.611694">
                <ele>0</ele>
            </trkpt>
            <trkpt lat="44.468661" lon="8.611738">
                <ele>0</ele>
            </trkpt>
            <trkpt lat="44.468566" lon="8.611736">
                <ele>0</ele>
            </trkpt>
            <trkpt lat="44.468503" lon="8.611725">
                <ele>0</ele>
            </trkpt>
            <trkpt lat="44.468419" lon="8.611675">
                <ele>0</ele>
            </trkpt>
            <trkpt lat="44.468376" lon="8.611617">
                <ele>0</ele>
            </trkpt>
            <trkpt lat="44.468346" lon="8.611507">
                <ele>0</ele>
            </trkpt>
            <trkpt lat="44.468328" lon="8.611345">
                <ele>0</ele>
            </trkpt>
            <trkpt lat="44.468325" lon="8.611194">
                <ele>0</ele>
            </trkpt>
            <trkpt lat="44.468329" lon="8.611003">
                <ele>0</ele>
            </trkpt>
            <trkpt lat="44.468376" lon="8.610418">
                <ele>0</ele>
            </trkpt>
            <trkpt lat="44.468388" lon="8.610164">
                <ele>0</ele>
            </trkpt>
            <trkpt lat="44.468382" lon="8.610057">
                <ele>0</ele>
            </trkpt>
            <trkpt lat="44.46836" lon="8.609978">
                <ele>0</ele>
            </trkpt>
            <trkpt lat="44.468309" lon="8.609848">
                <ele>0</ele>
            </trkpt>
            <trkpt lat="44.468223" lon="8.60975">
                <ele>0</ele>
            </trkpt>
            <trkpt lat="44.467782" lon="8.609282">
                <ele>0</ele>
            </trkpt>
            <trkpt lat="44.467642" lon="8.609128">
                <ele>0</ele>
            </trkpt>
            <trkpt lat="44.467499" lon="8.608918">
                <ele>0</ele>
            </trkpt>
            <trkpt lat="44.467479" lon="8.608862">
                <ele>0</ele>
            </trkpt>
            <trkpt lat="44.467468" lon="8.608785">
                <ele>0</ele>
            </trkpt>
            <trkpt lat="44.46746" lon="8.608694">
                <ele>0</ele>
            </trkpt>
            <trkpt lat="44.467475" lon="8.60858">
                <ele>0</ele>
            </trkpt>
            <trkpt lat="44.467554" lon="8.608321">
                <ele>0</ele>
            </trkpt>
            <trkpt lat="44.467576" lon="8.608194">
                <ele>0</ele>
            </trkpt>
            <trkpt lat="44.467573" lon="8.608096">
                <ele>0</ele>
            </trkpt>
            <trkpt lat="44.467523" lon="8.607933">
                <ele>0</ele>
            </trkpt>
            <trkpt lat="44.467474" lon="8.607864">
                <ele>0</ele>
            </trkpt>
            <trkpt lat="44.467364" lon="8.607744">
                <ele>0</ele>
            </trkpt>
            <trkpt lat="44.467255" lon="8.607696">
                <ele>0</ele>
            </trkpt>
            <trkpt lat="44.467138" lon="8.607675">
                <ele>0</ele>
            </trkpt>
            <trkpt lat="44.467007" lon="8.607704">
                <ele>0</ele>
            </trkpt>
            <trkpt lat="44.466925" lon="8.607746">
                <ele>0</ele>
            </trkpt>
            <trkpt lat="44.46681" lon="8.607812">
                <ele>0</ele>
            </trkpt>
            <trkpt lat="44.466721" lon="8.607907">
                <ele>0</ele>
            </trkpt>
            <trkpt lat="44.466673" lon="8.608001">
                <ele>0</ele>
            </trkpt>
            <trkpt lat="44.466654" lon="8.608083">
                <ele>0</ele>
            </trkpt>
            <trkpt lat="44.466646" lon="8.608196">
                <ele>0</ele>
            </trkpt>
            <trkpt lat="44.46665" lon="8.608285">
                <ele>0</ele>
            </trkpt>
            <trkpt lat="44.466697" lon="8.608414">
                <ele>0</ele>
            </trkpt>
            <trkpt lat="44.466744" lon="8.608503">
                <ele>0</ele>
            </trkpt>
            <trkpt lat="44.467103" lon="8.608958">
                <ele>0</ele>
            </trkpt>
            <trkpt lat="44.467257" lon="8.609206">
                <ele>0</ele>
            </trkpt>
            <trkpt lat="44.467321" lon="8.609358">
                <ele>0</ele>
            </trkpt>
            <trkpt lat="44.46734" lon="8.609491">
                <ele>0</ele>
            </trkpt>
            <trkpt lat="44.467336" lon="8.60958">
                <ele>0</ele>
            </trkpt>
            <trkpt lat="44.46731" lon="8.609655">
                <ele>0</ele>
            </trkpt>
            <trkpt lat="44.467264" lon="8.609733">
                <ele>0</ele>
            </trkpt>
            <trkpt lat="44.4672" lon="8.609785">
                <ele>0</ele>
            </trkpt>
            <trkpt lat="44.467122" lon="8.609806">
                <ele>0</ele>
            </trkpt>
            <trkpt lat="44.467063" lon="8.609794">
                <ele>0</ele>
            </trkpt>
            <trkpt lat="44.467017" lon="8.609765">
                <ele>0</ele>
            </trkpt>
            <trkpt lat="44.466961" lon="8.609711">
                <ele>0</ele>
            </trkpt>
            <trkpt lat="44.466281" lon="8.608854">
                <ele>0</ele>
            </trkpt>
            <trkpt lat="44.46625" lon="8.608815">
                <ele>0</ele>
            </trkpt>
            <trkpt lat="44.466163" lon="8.608703">
                <ele>0</ele>
            </trkpt>
            <trkpt lat="44.466109" lon="8.608619">
                <ele>0</ele>
            </trkpt>
            <trkpt lat="44.46608" lon="8.608563">
                <ele>0</ele>
            </trkpt>
            <trkpt lat="44.466055" lon="8.608484">
                <ele>0</ele>
            </trkpt>
            <trkpt lat="44.466039" lon="8.608372">
                <ele>0</ele>
            </trkpt>
            <trkpt lat="44.466035" lon="8.608296">
                <ele>0</ele>
            </trkpt>
            <trkpt lat="44.466036" lon="8.608083">
                <ele>0</ele>
            </trkpt>
            <trkpt lat="44.466037" lon="8.607694">
                <ele>0</ele>
            </trkpt>
            <trkpt lat="44.466038" lon="8.607576">
                <ele>0</ele>
            </trkpt>
            <trkpt lat="44.46603" lon="8.607459">
                <ele>0</ele>
            </trkpt>
            <trkpt lat="44.466012" lon="8.60735">
                <ele>0</ele>
            </trkpt>
            <trkpt lat="44.465977" lon="8.607196">
                <ele>0</ele>
            </trkpt>
            <trkpt lat="44.465904" lon="8.606937">
                <ele>0</ele>
            </trkpt>
            <trkpt lat="44.465728" lon="8.606508">
                <ele>0</ele>
            </trkpt>
            <trkpt lat="44.465722" lon="8.606386">
                <ele>0</ele>
            </trkpt>
            <trkpt lat="44.465723" lon="8.60626">
                <ele>0</ele>
            </trkpt>
            <trkpt lat="44.465754" lon="8.605938">
                <ele>0</ele>
            </trkpt>
            <trkpt lat="44.465806" lon="8.605608">
                <ele>0</ele>
            </trkpt>
            <trkpt lat="44.465815" lon="8.605527">
                <ele>0</ele>
            </trkpt>
            <trkpt lat="44.46583" lon="8.605447">
                <ele>0</ele>
            </trkpt>
            <trkpt lat="44.465901" lon="8.605196">
                <ele>0</ele>
            </trkpt>
            <trkpt lat="44.465966" lon="8.605117">
                <ele>0</ele>
            </trkpt>
            <trkpt lat="44.466057" lon="8.605004">
                <ele>0</ele>
            </trkpt>
            <trkpt lat="44.46615" lon="8.604872">
                <ele>0</ele>
            </trkpt>
            <trkpt lat="44.466218" lon="8.604768">
                <ele>0</ele>
            </trkpt>
            <trkpt lat="44.466265" lon="8.604634">
                <ele>0</ele>
            </trkpt>
            <trkpt lat="44.4664" lon="8.60419">
                <ele>0</ele>
            </trkpt>
            <trkpt lat="44.466469" lon="8.60398">
                <ele>0</ele>
            </trkpt>
            <trkpt lat="44.466563" lon="8.603689">
                <ele>0</ele>
            </trkpt>
            <trkpt lat="44.46667" lon="8.603438">
                <ele>0</ele>
            </trkpt>
            <trkpt lat="44.46675" lon="8.603329">
                <ele>0</ele>
            </trkpt>
            <trkpt lat="44.466943" lon="8.603181">
                <ele>0</ele>
            </trkpt>
            <trkpt lat="44.467138" lon="8.603017">
                <ele>0</ele>
            </trkpt>
            <trkpt lat="44.46737" lon="8.602745">
                <ele>0</ele>
            </trkpt>
            <trkpt lat="44.467641" lon="8.602477">
                <ele>0</ele>
            </trkpt>
            <trkpt lat="44.467802" lon="8.602357">
                <ele>0</ele>
            </trkpt>
            <trkpt lat="44.467939" lon="8.602275">
                <ele>0</ele>
            </trkpt>
            <trkpt lat="44.468078" lon="8.602246">
                <ele>0</ele>
            </trkpt>
            <trkpt lat="44.468235" lon="8.602228">
                <ele>0</ele>
            </trkpt>
            <trkpt lat="44.468389" lon="8.602171">
                <ele>0</ele>
            </trkpt>
            <trkpt lat="44.468534" lon="8.602088">
                <ele>0</ele>
            </trkpt>
            <trkpt lat="44.468627" lon="8.602007">
                <ele>0</ele>
            </trkpt>
            <trkpt lat="44.468684" lon="8.601892">
                <ele>0</ele>
            </trkpt>
            <trkpt lat="44.468728" lon="8.60176">
                <ele>0</ele>
            </trkpt>
            <trkpt lat="44.468792" lon="8.601653">
                <ele>0</ele>
            </trkpt>
            <trkpt lat="44.46888" lon="8.601587">
                <ele>0</ele>
            </trkpt>
            <trkpt lat="44.469127" lon="8.601467">
                <ele>0</ele>
            </trkpt>
            <trkpt lat="44.469267" lon="8.601377">
                <ele>0</ele>
            </trkpt>
            <trkpt lat="44.469371" lon="8.601262">
                <ele>0</ele>
            </trkpt>
            <trkpt lat="44.46955" lon="8.601041">
                <ele>0</ele>
            </trkpt>
            <trkpt lat="44.469643" lon="8.600973">
                <ele>0</ele>
            </trkpt>
            <trkpt lat="44.469825" lon="8.600926">
                <ele>0</ele>
            </trkpt>
            <trkpt lat="44.470306" lon="8.600905">
                <ele>0</ele>
            </trkpt>
            <trkpt lat="44.470623" lon="8.600896">
                <ele>0</ele>
            </trkpt>
            <trkpt lat="44.471543" lon="8.60091">
                <ele>0</ele>
            </trkpt>
            <trkpt lat="44.471742" lon="8.600847">
                <ele>0</ele>
            </trkpt>
            <trkpt lat="44.4722" lon="8.600686">
                <ele>0</ele>
            </trkpt>
            <trkpt lat="44.47233" lon="8.600618">
                <ele>0</ele>
            </trkpt>
            <trkpt lat="44.472576" lon="8.600397">
                <ele>0</ele>
            </trkpt>
            <trkpt lat="44.472638" lon="8.600282">
                <ele>0</ele>
            </trkpt>
            <trkpt lat="44.472768" lon="8.599995">
                <ele>0</ele>
            </trkpt>
            <trkpt lat="44.472858" lon="8.599845">
                <ele>0</ele>
            </trkpt>
            <trkpt lat="44.473086" lon="8.599583">
                <ele>0</ele>
            </trkpt>
            <trkpt lat="44.473888" lon="8.598776">
                <ele>0</ele>
            </trkpt>
            <trkpt lat="44.47436" lon="8.598407">
                <ele>0</ele>
            </trkpt>
            <trkpt lat="44.4753" lon="8.597624">
                <ele>0</ele>
            </trkpt>
            <trkpt lat="44.47559" lon="8.59745">
                <ele>0</ele>
            </trkpt>
            <trkpt lat="44.47584" lon="8.59732">
                <ele>0</ele>
            </trkpt>
            <trkpt lat="44.476174" lon="8.597277">
                <ele>0</ele>
            </trkpt>
            <trkpt lat="44.476467" lon="8.597312">
                <ele>0</ele>
            </trkpt>
            <trkpt lat="44.476921" lon="8.597527">
                <ele>0</ele>
            </trkpt>
            <trkpt lat="44.477622" lon="8.598151">
                <ele>0</ele>
            </trkpt>
            <trkpt lat="44.477753" lon="8.598265">
                <ele>0</ele>
            </trkpt>
            <trkpt lat="44.477884" lon="8.598506">
                <ele>0</ele>
            </trkpt>
            <trkpt lat="44.478296" lon="8.599718">
                <ele>0</ele>
            </trkpt>
            <trkpt lat="44.478404" lon="8.599954">
                <ele>0</ele>
            </trkpt>
            <trkpt lat="44.478735" lon="8.60041">
                <ele>0</ele>
            </trkpt>
            <trkpt lat="44.478949" lon="8.60066">
                <ele>0</ele>
            </trkpt>
            <trkpt lat="44.479025" lon="8.600717">
                <ele>0</ele>
            </trkpt>
            <trkpt lat="44.479124" lon="8.60072">
                <ele>0</ele>
            </trkpt>
            <trkpt lat="44.479496" lon="8.600615">
                <ele>0</ele>
            </trkpt>
            <trkpt lat="44.479781" lon="8.600572">
                <ele>0</ele>
            </trkpt>
            <trkpt lat="44.479934" lon="8.600529">
                <ele>0</ele>
            </trkpt>
            <trkpt lat="44.480147" lon="8.600417">
                <ele>0</ele>
            </trkpt>
            <trkpt lat="44.480307" lon="8.600299">
                <ele>0</ele>
            </trkpt>
            <trkpt lat="44.480494" lon="8.600119">
                <ele>0</ele>
            </trkpt>
            <trkpt lat="44.480739" lon="8.599742">
                <ele>0</ele>
            </trkpt>
            <trkpt lat="44.480934" lon="8.599316">
                <ele>0</ele>
            </trkpt>
            <trkpt lat="44.481055" lon="8.599084">
                <ele>0</ele>
            </trkpt>
            <trkpt lat="44.481179" lon="8.598874">
                <ele>0</ele>
            </trkpt>
            <trkpt lat="44.481402" lon="8.598494">
                <ele>0</ele>
            </trkpt>
            <trkpt lat="44.481462" lon="8.598312">
                <ele>0</ele>
            </trkpt>
            <trkpt lat="44.481493" lon="8.598153">
                <ele>0</ele>
            </trkpt>
            <trkpt lat="44.481577" lon="8.597717">
                <ele>0</ele>
            </trkpt>
            <trkpt lat="44.481662" lon="8.597378">
                <ele>0</ele>
            </trkpt>
            <trkpt lat="44.481783" lon="8.597029">
                <ele>0</ele>
            </trkpt>
            <trkpt lat="44.481832" lon="8.596854">
                <ele>0</ele>
            </trkpt>
            <trkpt lat="44.481925" lon="8.596526">
                <ele>0</ele>
            </trkpt>
            <trkpt lat="44.482042" lon="8.596199">
                <ele>0</ele>
            </trkpt>
            <trkpt lat="44.482182" lon="8.595893">
                <ele>0</ele>
            </trkpt>
            <trkpt lat="44.482278" lon="8.595734">
                <ele>0</ele>
            </trkpt>
            <trkpt lat="44.48242" lon="8.595571">
                <ele>0</ele>
            </trkpt>
            <trkpt lat="44.482454" lon="8.595525">
                <ele>0</ele>
            </trkpt>
            <trkpt lat="44.4825" lon="8.595456">
                <ele>0</ele>
            </trkpt>
            <trkpt lat="44.482549" lon="8.595317">
                <ele>0</ele>
            </trkpt>
            <trkpt lat="44.482599" lon="8.594978">
                <ele>0</ele>
            </trkpt>
            <trkpt lat="44.482613" lon="8.594789">
                <ele>0</ele>
            </trkpt>
            <trkpt lat="44.48261" lon="8.594683">
                <ele>0</ele>
            </trkpt>
            <trkpt lat="44.482595" lon="8.594563">
                <ele>0</ele>
            </trkpt>
            <trkpt lat="44.482521" lon="8.594342">
                <ele>0</ele>
            </trkpt>
            <trkpt lat="44.482302" lon="8.594005">
                <ele>0</ele>
            </trkpt>
            <trkpt lat="44.482213" lon="8.59379">
                <ele>0</ele>
            </trkpt>
            <trkpt lat="44.482155" lon="8.593458">
                <ele>0</ele>
            </trkpt>
            <trkpt lat="44.482165" lon="8.593285">
                <ele>0</ele>
            </trkpt>
            <trkpt lat="44.482326" lon="8.592968">
                <ele>0</ele>
            </trkpt>
            <trkpt lat="44.482476" lon="8.59282">
                <ele>0</ele>
            </trkpt>
            <trkpt lat="44.482617" lon="8.592777">
                <ele>0</ele>
            </trkpt>
            <trkpt lat="44.482854" lon="8.592746">
                <ele>0</ele>
            </trkpt>
            <trkpt lat="44.482992" lon="8.592719">
                <ele>0</ele>
            </trkpt>
            <trkpt lat="44.483096" lon="8.592679">
                <ele>0</ele>
            </trkpt>
            <trkpt lat="44.483244" lon="8.592551">
                <ele>0</ele>
            </trkpt>
            <trkpt lat="44.483504" lon="8.592286">
                <ele>0</ele>
            </trkpt>
            <trkpt lat="44.48374" lon="8.592042">
                <ele>0</ele>
            </trkpt>
            <trkpt lat="44.483811" lon="8.591969">
                <ele>0</ele>
            </trkpt>
            <trkpt lat="44.483865" lon="8.59195">
                <ele>0</ele>
            </trkpt>
            <trkpt lat="44.48393" lon="8.591965">
                <ele>0</ele>
            </trkpt>
            <trkpt lat="44.484098" lon="8.592066">
                <ele>0</ele>
            </trkpt>
            <trkpt lat="44.48436" lon="8.592236">
                <ele>0</ele>
            </trkpt>
            <trkpt lat="44.484493" lon="8.592229">
                <ele>0</ele>
            </trkpt>
            <trkpt lat="44.485045" lon="8.59199">
                <ele>0</ele>
            </trkpt>
            <trkpt lat="44.485111" lon="8.591976">
                <ele>0</ele>
            </trkpt>
            <trkpt lat="44.485251" lon="8.591947">
                <ele>0</ele>
            </trkpt>
            <trkpt lat="44.485464" lon="8.591985">
                <ele>0</ele>
            </trkpt>
            <trkpt lat="44.48558" lon="8.591995">
                <ele>0</ele>
            </trkpt>
            <trkpt lat="44.48568" lon="8.59198">
                <ele>0</ele>
            </trkpt>
            <trkpt lat="44.48572" lon="8.591924">
                <ele>0</ele>
            </trkpt>
            <trkpt lat="44.485763" lon="8.591802">
                <ele>0</ele>
            </trkpt>
            <trkpt lat="44.485795" lon="8.591668">
                <ele>0</ele>
            </trkpt>
            <trkpt lat="44.485834" lon="8.59146">
                <ele>0</ele>
            </trkpt>
            <trkpt lat="44.485886" lon="8.591325">
                <ele>0</ele>
            </trkpt>
            <trkpt lat="44.486173" lon="8.59071">
                <ele>0</ele>
            </trkpt>
            <trkpt lat="44.486207" lon="8.590654">
                <ele>0</ele>
            </trkpt>
            <trkpt lat="44.486227" lon="8.590615">
                <ele>0</ele>
            </trkpt>
            <trkpt lat="44.486275" lon="8.590663">
                <ele>0</ele>
            </trkpt>
            <trkpt lat="44.486302" lon="8.590689">
                <ele>0</ele>
            </trkpt>
            <trkpt lat="44.486317" lon="8.590719">
                <ele>0</ele>
            </trkpt>
            <trkpt lat="44.486357" lon="8.5908">
                <ele>0</ele>
            </trkpt>
            <trkpt lat="44.486442" lon="8.590982">
                <ele>0</ele>
            </trkpt>
            <trkpt lat="44.486448" lon="8.590993">
                <ele>0</ele>
            </trkpt>
            <trkpt lat="44.486569" lon="8.591211">
                <ele>0</ele>
            </trkpt>
            <trkpt lat="44.486698" lon="8.591352">
                <ele>0</ele>
            </trkpt>
            <trkpt lat="44.486781" lon="8.59142">
                <ele>0</ele>
            </trkpt>
            <trkpt lat="44.487071" lon="8.591596">
                <ele>0</ele>
            </trkpt>
            <trkpt lat="44.487408" lon="8.591796">
                <ele>0</ele>
            </trkpt>
            <trkpt lat="44.487911" lon="8.592114">
                <ele>0</ele>
            </trkpt>
            <trkpt lat="44.488044" lon="8.59214">
                <ele>0</ele>
            </trkpt>
            <trkpt lat="44.48813" lon="8.59213">
                <ele>0</ele>
            </trkpt>
            <trkpt lat="44.48852" lon="8.59196">
                <ele>0</ele>
            </trkpt>
            <trkpt lat="44.488619" lon="8.591946">
                <ele>0</ele>
            </trkpt>
            <trkpt lat="44.488708" lon="8.591952">
                <ele>0</ele>
            </trkpt>
            <trkpt lat="44.488777" lon="8.591984">
                <ele>0</ele>
            </trkpt>
            <trkpt lat="44.488834" lon="8.592019">
                <ele>0</ele>
            </trkpt>
            <trkpt lat="44.488905" lon="8.592068">
                <ele>0</ele>
            </trkpt>
            <trkpt lat="44.489015" lon="8.59219">
                <ele>0</ele>
            </trkpt>
            <trkpt lat="44.489262" lon="8.592418">
                <ele>0</ele>
            </trkpt>
            <trkpt lat="44.489319" lon="8.592505">
                <ele>0</ele>
            </trkpt>
            <trkpt lat="44.489367" lon="8.5926">
                <ele>0</ele>
            </trkpt>
            <trkpt lat="44.489431" lon="8.592834">
                <ele>0</ele>
            </trkpt>
            <trkpt lat="44.489533" lon="8.59309">
                <ele>0</ele>
            </trkpt>
            <trkpt lat="44.48959" lon="8.593209">
                <ele>0</ele>
            </trkpt>
            <trkpt lat="44.489647" lon="8.593315">
                <ele>0</ele>
            </trkpt>
            <trkpt lat="44.489817" lon="8.593466">
                <ele>0</ele>
            </trkpt>
            <trkpt lat="44.489968" lon="8.593551">
                <ele>0</ele>
            </trkpt>
            <trkpt lat="44.490339" lon="8.59368">
                <ele>0</ele>
            </trkpt>
            <trkpt lat="44.490608" lon="8.593814">
                <ele>0</ele>
            </trkpt>
            <trkpt lat="44.490833" lon="8.593953">
                <ele>0</ele>
            </trkpt>
            <trkpt lat="44.490975" lon="8.594139">
                <ele>0</ele>
            </trkpt>
            <trkpt lat="44.491067" lon="8.59442">
                <ele>0</ele>
            </trkpt>
            <trkpt lat="44.491173" lon="8.594643">
                <ele>0</ele>
            </trkpt>
            <trkpt lat="44.491259" lon="8.59471">
                <ele>0</ele>
            </trkpt>
            <trkpt lat="44.491358" lon="8.594699">
                <ele>0</ele>
            </trkpt>
            <trkpt lat="44.491935" lon="8.594495">
                <ele>0</ele>
            </trkpt>
            <trkpt lat="44.492001" lon="8.5945">
                <ele>0</ele>
            </trkpt>
            <trkpt lat="44.492057" lon="8.594555">
                <ele>0</ele>
            </trkpt>
            <trkpt lat="44.492096" lon="8.594641">
                <ele>0</ele>
            </trkpt>
            <trkpt lat="44.49214" lon="8.594873">
                <ele>0</ele>
            </trkpt>
            <trkpt lat="44.492255" lon="8.595367">
                <ele>0</ele>
            </trkpt>
            <trkpt lat="44.492316" lon="8.59546">
                <ele>0</ele>
            </trkpt>
            <trkpt lat="44.492411" lon="8.595532">
                <ele>0</ele>
            </trkpt>
            <trkpt lat="44.492654" lon="8.595525">
                <ele>0</ele>
            </trkpt>
            <trkpt lat="44.492761" lon="8.595571">
                <ele>0</ele>
            </trkpt>
            <trkpt lat="44.492833" lon="8.595696">
                <ele>0</ele>
            </trkpt>
            <trkpt lat="44.492835" lon="8.595813">
                <ele>0</ele>
            </trkpt>
            <trkpt lat="44.492812" lon="8.595908">
                <ele>0</ele>
            </trkpt>
            <trkpt lat="44.492757" lon="8.596061">
                <ele>0</ele>
            </trkpt>
            <trkpt lat="44.492686" lon="8.596216">
                <ele>0</ele>
            </trkpt>
            <trkpt lat="44.492645" lon="8.596441">
                <ele>0</ele>
            </trkpt>
            <trkpt lat="44.492675" lon="8.596672">
                <ele>0</ele>
            </trkpt>
            <trkpt lat="44.492801" lon="8.597287">
                <ele>0</ele>
            </trkpt>
            <trkpt lat="44.492824" lon="8.597502">
                <ele>0</ele>
            </trkpt>
            <trkpt lat="44.492887" lon="8.59807">
                <ele>0</ele>
            </trkpt>
            <trkpt lat="44.493021" lon="8.59852">
                <ele>0</ele>
            </trkpt>
            <trkpt lat="44.493267" lon="8.599143">
                <ele>0</ele>
            </trkpt>
            <trkpt lat="44.493318" lon="8.599271">
                <ele>0</ele>
            </trkpt>
            <trkpt lat="44.493577" lon="8.600273">
                <ele>0</ele>
            </trkpt>
            <trkpt lat="44.493612" lon="8.600471">
                <ele>0</ele>
            </trkpt>
            <trkpt lat="44.493636" lon="8.600867">
                <ele>0</ele>
            </trkpt>
            <trkpt lat="44.493654" lon="8.600962">
                <ele>0</ele>
            </trkpt>
            <trkpt lat="44.493683" lon="8.601048">
                <ele>0</ele>
            </trkpt>
            <trkpt lat="44.493744" lon="8.601132">
                <ele>0</ele>
            </trkpt>
            <trkpt lat="44.49382" lon="8.601156">
                <ele>0</ele>
            </trkpt>
            <trkpt lat="44.493893" lon="8.601158">
                <ele>0</ele>
            </trkpt>
            <trkpt lat="44.49392" lon="8.601159">
                <ele>0</ele>
            </trkpt>
            <trkpt lat="44.494108" lon="8.60115">
                <ele>0</ele>
            </trkpt>
            <trkpt lat="44.494217" lon="8.601182">
                <ele>0</ele>
            </trkpt>
            <trkpt lat="44.494318" lon="8.601249">
                <ele>0</ele>
            </trkpt>
            <trkpt lat="44.494375" lon="8.601356">
                <ele>0</ele>
            </trkpt>
            <trkpt lat="44.494427" lon="8.601539">
                <ele>0</ele>
            </trkpt>
            <trkpt lat="44.494462" lon="8.601853">
                <ele>0</ele>
            </trkpt>
            <trkpt lat="44.494488" lon="8.602359">
                <ele>0</ele>
            </trkpt>
            <trkpt lat="44.494468" lon="8.60248">
                <ele>0</ele>
            </trkpt>
            <trkpt lat="44.494353" lon="8.6027">
                <ele>0</ele>
            </trkpt>
            <trkpt lat="44.494281" lon="8.602922">
                <ele>0</ele>
            </trkpt>
            <trkpt lat="44.49425" lon="8.603137">
                <ele>0</ele>
            </trkpt>
            <trkpt lat="44.494249" lon="8.603299">
                <ele>0</ele>
            </trkpt>
            <trkpt lat="44.494288" lon="8.603432">
                <ele>0</ele>
            </trkpt>
            <trkpt lat="44.494338" lon="8.603526">
                <ele>0</ele>
            </trkpt>
            <trkpt lat="44.495185" lon="8.603935">
                <ele>0</ele>
            </trkpt>
            <trkpt lat="44.495815" lon="8.604225">
                <ele>0</ele>
            </trkpt>
            <trkpt lat="44.495913" lon="8.604274">
                <ele>0</ele>
            </trkpt>
            <trkpt lat="44.496001" lon="8.604356">
                <ele>0</ele>
            </trkpt>
            <trkpt lat="44.496268" lon="8.604673">
                <ele>0</ele>
            </trkpt>
            <trkpt lat="44.496321" lon="8.604699">
                <ele>0</ele>
            </trkpt>
            <trkpt lat="44.496383" lon="8.604695">
                <ele>0</ele>
            </trkpt>
            <trkpt lat="44.496589" lon="8.60462">
                <ele>0</ele>
            </trkpt>
            <trkpt lat="44.496664" lon="8.604575">
                <ele>0</ele>
            </trkpt>
            <trkpt lat="44.496723" lon="8.604501">
                <ele>0</ele>
            </trkpt>
            <trkpt lat="44.496751" lon="8.60443">
                <ele>0</ele>
            </trkpt>
            <trkpt lat="44.496803" lon="8.604278">
                <ele>0</ele>
            </trkpt>
            <trkpt lat="44.496901" lon="8.603932">
                <ele>0</ele>
            </trkpt>
            <trkpt lat="44.496959" lon="8.603727">
                <ele>0</ele>
            </trkpt>
            <trkpt lat="44.497154" lon="8.603127">
                <ele>0</ele>
            </trkpt>
            <trkpt lat="44.497215" lon="8.60297">
                <ele>0</ele>
            </trkpt>
            <trkpt lat="44.497272" lon="8.602868">
                <ele>0</ele>
            </trkpt>
            <trkpt lat="44.497322" lon="8.602788">
                <ele>0</ele>
            </trkpt>
            <trkpt lat="44.497325" lon="8.602784">
                <ele>0</ele>
            </trkpt>
            <trkpt lat="44.497564" lon="8.602401">
                <ele>0</ele>
            </trkpt>
            <trkpt lat="44.497831" lon="8.601966">
                <ele>0</ele>
            </trkpt>
            <trkpt lat="44.497994" lon="8.601725">
                <ele>0</ele>
            </trkpt>
            <trkpt lat="44.498076" lon="8.601603">
                <ele>0</ele>
            </trkpt>
            <trkpt lat="44.498117" lon="8.601538">
                <ele>0</ele>
            </trkpt>
            <trkpt lat="44.498147" lon="8.601453">
                <ele>0</ele>
            </trkpt>
            <trkpt lat="44.49815" lon="8.601374">
                <ele>0</ele>
            </trkpt>
            <trkpt lat="44.498157" lon="8.600588">
                <ele>0</ele>
            </trkpt>
            <trkpt lat="44.498168" lon="8.600508">
                <ele>0</ele>
            </trkpt>
            <trkpt lat="44.498201" lon="8.600441">
                <ele>0</ele>
            </trkpt>
            <trkpt lat="44.498256" lon="8.600375">
                <ele>0</ele>
            </trkpt>
            <trkpt lat="44.49839" lon="8.600214">
                <ele>0</ele>
            </trkpt>
            <trkpt lat="44.498463" lon="8.600118">
                <ele>0</ele>
            </trkpt>
            <trkpt lat="44.498499" lon="8.600071">
                <ele>0</ele>
            </trkpt>
            <trkpt lat="44.498779" lon="8.599652">
                <ele>0</ele>
            </trkpt>
            <trkpt lat="44.498831" lon="8.599552">
                <ele>0</ele>
            </trkpt>
            <trkpt lat="44.498869" lon="8.599469">
                <ele>0</ele>
            </trkpt>
            <trkpt lat="44.498913" lon="8.599279">
                <ele>0</ele>
            </trkpt>
            <trkpt lat="44.498974" lon="8.599106">
                <ele>0</ele>
            </trkpt>
            <trkpt lat="44.499194" lon="8.59881">
                <ele>0</ele>
            </trkpt>
            <trkpt lat="44.499326" lon="8.598727">
                <ele>0</ele>
            </trkpt>
            <trkpt lat="44.49993" lon="8.598348">
                <ele>0</ele>
            </trkpt>
            <trkpt lat="44.500021" lon="8.598313">
                <ele>0</ele>
            </trkpt>
            <trkpt lat="44.500176" lon="8.598313">
                <ele>0</ele>
            </trkpt>
            <trkpt lat="44.500217" lon="8.598324">
                <ele>0</ele>
            </trkpt>
            <trkpt lat="44.500327" lon="8.598359">
                <ele>0</ele>
            </trkpt>
            <trkpt lat="44.501258" lon="8.598848">
                <ele>0</ele>
            </trkpt>
            <trkpt lat="44.501345" lon="8.598874">
                <ele>0</ele>
            </trkpt>
            <trkpt lat="44.501471" lon="8.598868">
                <ele>0</ele>
            </trkpt>
            <trkpt lat="44.501919" lon="8.598722">
                <ele>0</ele>
            </trkpt>
            <trkpt lat="44.502126" lon="8.598755">
                <ele>0</ele>
            </trkpt>
            <trkpt lat="44.502518" lon="8.598939">
                <ele>0</ele>
            </trkpt>
            <trkpt lat="44.502615" lon="8.598992">
                <ele>0</ele>
            </trkpt>
            <trkpt lat="44.503509" lon="8.599478">
                <ele>0</ele>
            </trkpt>
            <trkpt lat="44.50371" lon="8.599491">
                <ele>0</ele>
            </trkpt>
            <trkpt lat="44.503899" lon="8.599501">
                <ele>0</ele>
            </trkpt>
            <trkpt lat="44.503955" lon="8.599504">
                <ele>0</ele>
            </trkpt>
            <trkpt lat="44.504153" lon="8.599545">
                <ele>0</ele>
            </trkpt>
            <trkpt lat="44.505236" lon="8.599943">
                <ele>0</ele>
            </trkpt>
            <trkpt lat="44.505476" lon="8.59993">
                <ele>0</ele>
            </trkpt>
            <trkpt lat="44.505618" lon="8.59981">
                <ele>0</ele>
            </trkpt>
            <trkpt lat="44.50571" lon="8.599641">
                <ele>0</ele>
            </trkpt>
            <trkpt lat="44.505794" lon="8.599238">
                <ele>0</ele>
            </trkpt>
            <trkpt lat="44.505846" lon="8.598904">
                <ele>0</ele>
            </trkpt>
            <trkpt lat="44.505911" lon="8.598769">
                <ele>0</ele>
            </trkpt>
            <trkpt lat="44.505986" lon="8.598654">
                <ele>0</ele>
            </trkpt>
            <trkpt lat="44.506119" lon="8.598586">
                <ele>0</ele>
            </trkpt>
            <trkpt lat="44.506537" lon="8.598494">
                <ele>0</ele>
            </trkpt>
            <trkpt lat="44.506668" lon="8.598475">
                <ele>0</ele>
            </trkpt>
            <trkpt lat="44.506742" lon="8.598464">
                <ele>0</ele>
            </trkpt>
            <trkpt lat="44.506904" lon="8.598483">
                <ele>0</ele>
            </trkpt>
            <trkpt lat="44.507643" lon="8.598867">
                <ele>0</ele>
            </trkpt>
            <trkpt lat="44.507874" lon="8.59898">
                <ele>0</ele>
            </trkpt>
            <trkpt lat="44.507976" lon="8.599065">
                <ele>0</ele>
            </trkpt>
            <trkpt lat="44.508064" lon="8.599186">
                <ele>0</ele>
            </trkpt>
            <trkpt lat="44.508127" lon="8.599326">
                <ele>0</ele>
            </trkpt>
            <trkpt lat="44.508594" lon="8.600688">
                <ele>0</ele>
            </trkpt>
            <trkpt lat="44.508755" lon="8.601156">
                <ele>0</ele>
            </trkpt>
            <trkpt lat="44.508819" lon="8.601343">
                <ele>0</ele>
            </trkpt>
            <trkpt lat="44.508842" lon="8.601505">
                <ele>0</ele>
            </trkpt>
            <trkpt lat="44.508843" lon="8.601725">
                <ele>0</ele>
            </trkpt>
            <trkpt lat="44.508749" lon="8.602444">
                <ele>0</ele>
            </trkpt>
            <trkpt lat="44.508722" lon="8.602647">
                <ele>0</ele>
            </trkpt>
            <trkpt lat="44.50859" lon="8.603598">
                <ele>0</ele>
            </trkpt>
            <trkpt lat="44.508569" lon="8.603692">
                <ele>0</ele>
            </trkpt>
            <trkpt lat="44.508516" lon="8.603807">
                <ele>0</ele>
            </trkpt>
            <trkpt lat="44.508439" lon="8.603926">
                <ele>0</ele>
            </trkpt>
            <trkpt lat="44.508292" lon="8.604053">
                <ele>0</ele>
            </trkpt>
            <trkpt lat="44.507964" lon="8.60433">
                <ele>0</ele>
            </trkpt>
            <trkpt lat="44.507894" lon="8.604421">
                <ele>0</ele>
            </trkpt>
            <trkpt lat="44.507847" lon="8.604524">
                <ele>0</ele>
            </trkpt>
            <trkpt lat="44.507826" lon="8.604641">
                <ele>0</ele>
            </trkpt>
            <trkpt lat="44.50783" lon="8.604763">
                <ele>0</ele>
            </trkpt>
            <trkpt lat="44.507862" lon="8.604876">
                <ele>0</ele>
            </trkpt>
            <trkpt lat="44.507962" lon="8.605061">
                <ele>0</ele>
            </trkpt>
            <trkpt lat="44.50817" lon="8.605422">
                <ele>0</ele>
            </trkpt>
            <trkpt lat="44.508229" lon="8.605564">
                <ele>0</ele>
            </trkpt>
            <trkpt lat="44.508564" lon="8.606478">
                <ele>0</ele>
            </trkpt>
            <trkpt lat="44.508642" lon="8.60661">
                <ele>0</ele>
            </trkpt>
            <trkpt lat="44.508704" lon="8.606682">
                <ele>0</ele>
            </trkpt>
            <trkpt lat="44.508774" lon="8.606743">
                <ele>0</ele>
            </trkpt>
            <trkpt lat="44.509395" lon="8.607061">
                <ele>0</ele>
            </trkpt>
            <trkpt lat="44.509734" lon="8.607237">
                <ele>0</ele>
            </trkpt>
            <trkpt lat="44.51038" lon="8.607567">
                <ele>0</ele>
            </trkpt>
            <trkpt lat="44.51048" lon="8.607629">
                <ele>0</ele>
            </trkpt>
            <trkpt lat="44.510909" lon="8.608018">
                <ele>0</ele>
            </trkpt>
            <trkpt lat="44.511098" lon="8.608157">
                <ele>0</ele>
            </trkpt>
            <trkpt lat="44.51124" lon="8.608239">
                <ele>0</ele>
            </trkpt>
            <trkpt lat="44.511882" lon="8.608538">
                <ele>0</ele>
            </trkpt>
            <trkpt lat="44.51231" lon="8.608771">
                <ele>0</ele>
            </trkpt>
            <trkpt lat="44.512456" lon="8.608872">
                <ele>0</ele>
            </trkpt>
            <trkpt lat="44.512576" lon="8.608983">
                <ele>0</ele>
            </trkpt>
            <trkpt lat="44.513296" lon="8.609648">
                <ele>0</ele>
            </trkpt>
            <trkpt lat="44.513638" lon="8.609985">
                <ele>0</ele>
            </trkpt>
            <trkpt lat="44.513957" lon="8.610299">
                <ele>0</ele>
            </trkpt>
            <trkpt lat="44.514157" lon="8.61052">
                <ele>0</ele>
            </trkpt>
            <trkpt lat="44.514704" lon="8.611141">
                <ele>0</ele>
            </trkpt>
            <trkpt lat="44.514706" lon="8.611143">
                <ele>0</ele>
            </trkpt>
            <trkpt lat="44.515195" lon="8.611662">
                <ele>0</ele>
            </trkpt>
            <trkpt lat="44.515489" lon="8.611963">
                <ele>0</ele>
            </trkpt>
            <trkpt lat="44.515632" lon="8.612153">
                <ele>0</ele>
            </trkpt>
            <trkpt lat="44.515822" lon="8.612517">
                <ele>0</ele>
            </trkpt>
            <trkpt lat="44.516033" lon="8.612703">
                <ele>0</ele>
            </trkpt>
            <trkpt lat="44.516125" lon="8.612765">
                <ele>0</ele>
            </trkpt>
            <trkpt lat="44.516607" lon="8.613077">
                <ele>0</ele>
            </trkpt>
            <trkpt lat="44.516811" lon="8.61309">
                <ele>0</ele>
            </trkpt>
            <trkpt lat="44.517353" lon="8.612935">
                <ele>0</ele>
            </trkpt>
            <trkpt lat="44.517521" lon="8.612878">
                <ele>0</ele>
            </trkpt>
            <trkpt lat="44.517692" lon="8.612768">
                <ele>0</ele>
            </trkpt>
            <trkpt lat="44.517949" lon="8.612496">
                <ele>0</ele>
            </trkpt>
            <trkpt lat="44.518111" lon="8.612307">
                <ele>0</ele>
            </trkpt>
            <trkpt lat="44.51826" lon="8.612081">
                <ele>0</ele>
            </trkpt>
            <trkpt lat="44.518352" lon="8.611894">
                <ele>0</ele>
            </trkpt>
            <trkpt lat="44.518406" lon="8.611679">
                <ele>0</ele>
            </trkpt>
            <trkpt lat="44.518406" lon="8.611588">
                <ele>0</ele>
            </trkpt>
            <trkpt lat="44.518352" lon="8.610878">
                <ele>0</ele>
            </trkpt>
            <trkpt lat="44.518223" lon="8.609811">
                <ele>0</ele>
            </trkpt>
            <trkpt lat="44.518177" lon="8.609642">
                <ele>0</ele>
            </trkpt>
            <trkpt lat="44.518059" lon="8.609239">
                <ele>0</ele>
            </trkpt>
            <trkpt lat="44.518032" lon="8.609114">
                <ele>0</ele>
            </trkpt>
            <trkpt lat="44.518032" lon="8.609032">
                <ele>0</ele>
            </trkpt>
            <trkpt lat="44.51807" lon="8.608842">
                <ele>0</ele>
            </trkpt>
            <trkpt lat="44.518134" lon="8.608712">
                <ele>0</ele>
            </trkpt>
            <trkpt lat="44.518279" lon="8.608562">
                <ele>0</ele>
            </trkpt>
            <trkpt lat="44.518408" lon="8.608514">
                <ele>0</ele>
            </trkpt>
            <trkpt lat="44.518526" lon="8.60851">
                <ele>0</ele>
            </trkpt>
            <trkpt lat="44.518644" lon="8.608547">
                <ele>0</ele>
            </trkpt>
            <trkpt lat="44.518714" lon="8.608611">
                <ele>0</ele>
            </trkpt>
            <trkpt lat="44.518754" lon="8.608646">
                <ele>0</ele>
            </trkpt>
            <trkpt lat="44.518848" lon="8.608779">
                <ele>0</ele>
            </trkpt>
            <trkpt lat="44.518914" lon="8.608923">
                <ele>0</ele>
            </trkpt>
            <trkpt lat="44.518983" lon="8.609248">
                <ele>0</ele>
            </trkpt>
            <trkpt lat="44.519052" lon="8.609438">
                <ele>0</ele>
            </trkpt>
            <trkpt lat="44.519119" lon="8.60957">
                <ele>0</ele>
            </trkpt>
            <trkpt lat="44.519368" lon="8.609813">
                <ele>0</ele>
            </trkpt>
            <trkpt lat="44.520856" lon="8.610332">
                <ele>0</ele>
            </trkpt>
            <trkpt lat="44.521209" lon="8.610419">
                <ele>0</ele>
            </trkpt>
            <trkpt lat="44.521367" lon="8.610409">
                <ele>0</ele>
            </trkpt>
            <trkpt lat="44.521813" lon="8.610252">
                <ele>0</ele>
            </trkpt>
            <trkpt lat="44.52196" lon="8.610159">
                <ele>0</ele>
            </trkpt>
            <trkpt lat="44.522063" lon="8.610022">
                <ele>0</ele>
            </trkpt>
            <trkpt lat="44.522139" lon="8.609748">
                <ele>0</ele>
            </trkpt>
            <trkpt lat="44.522188" lon="8.609507">
                <ele>0</ele>
            </trkpt>
            <trkpt lat="44.522245" lon="8.609325">
                <ele>0</ele>
            </trkpt>
            <trkpt lat="44.522394" lon="8.609161">
                <ele>0</ele>
            </trkpt>
            <trkpt lat="44.522695" lon="8.608944">
                <ele>0</ele>
            </trkpt>
            <trkpt lat="44.522705" lon="8.608937">
                <ele>0</ele>
            </trkpt>
            <trkpt lat="44.52308" lon="8.608642">
                <ele>0</ele>
            </trkpt>
            <trkpt lat="44.523325" lon="8.608341">
                <ele>0</ele>
            </trkpt>
            <trkpt lat="44.523525" lon="8.608017">
                <ele>0</ele>
            </trkpt>
            <trkpt lat="44.523713" lon="8.607735">
                <ele>0</ele>
            </trkpt>
            <trkpt lat="44.523771" lon="8.607649">
                <ele>0</ele>
            </trkpt>
            <trkpt lat="44.523906" lon="8.607522">
                <ele>0</ele>
            </trkpt>
            <trkpt lat="44.524183" lon="8.607455">
                <ele>0</ele>
            </trkpt>
            <trkpt lat="44.524551" lon="8.607394">
                <ele>0</ele>
            </trkpt>
            <trkpt lat="44.524885" lon="8.607407">
                <ele>0</ele>
            </trkpt>
            <trkpt lat="44.525095" lon="8.607471">
                <ele>0</ele>
            </trkpt>
            <trkpt lat="44.5253" lon="8.607601">
                <ele>0</ele>
            </trkpt>
            <trkpt lat="44.525366" lon="8.607681">
                <ele>0</ele>
            </trkpt>
            <trkpt lat="44.525428" lon="8.607794">
                <ele>0</ele>
            </trkpt>
            <trkpt lat="44.525506" lon="8.608125">
                <ele>0</ele>
            </trkpt>
            <trkpt lat="44.52581" lon="8.609177">
                <ele>0</ele>
            </trkpt>
            <trkpt lat="44.525818" lon="8.609205">
                <ele>0</ele>
            </trkpt>
            <trkpt lat="44.525863" lon="8.609366">
                <ele>0</ele>
            </trkpt>
            <trkpt lat="44.525908" lon="8.609516">
                <ele>0</ele>
            </trkpt>
            <trkpt lat="44.525912" lon="8.609531">
                <ele>0</ele>
            </trkpt>
            <trkpt lat="44.525991" lon="8.609797">
                <ele>0</ele>
            </trkpt>
            <trkpt lat="44.526045" lon="8.609979">
                <ele>0</ele>
            </trkpt>
            <trkpt lat="44.526106" lon="8.610094">
                <ele>0</ele>
            </trkpt>
            <trkpt lat="44.526175" lon="8.610176">
                <ele>0</ele>
            </trkpt>
            <trkpt lat="44.526266" lon="8.610244">
                <ele>0</ele>
            </trkpt>
            <trkpt lat="44.52632" lon="8.610257">
                <ele>0</ele>
            </trkpt>
            <trkpt lat="44.526368" lon="8.610268">
                <ele>0</ele>
            </trkpt>
            <trkpt lat="44.526468" lon="8.610261">
                <ele>0</ele>
            </trkpt>
            <trkpt lat="44.526576" lon="8.610225">
                <ele>0</ele>
            </trkpt>
            <trkpt lat="44.526667" lon="8.610166">
                <ele>0</ele>
            </trkpt>
            <trkpt lat="44.526875" lon="8.609982">
                <ele>0</ele>
            </trkpt>
            <trkpt lat="44.526977" lon="8.609908">
                <ele>0</ele>
            </trkpt>
            <trkpt lat="44.527106" lon="8.609858">
                <ele>0</ele>
            </trkpt>
            <trkpt lat="44.52749" lon="8.609774">
                <ele>0</ele>
            </trkpt>
            <trkpt lat="44.52757" lon="8.609756">
                <ele>0</ele>
            </trkpt>
            <trkpt lat="44.527659" lon="8.609777">
                <ele>0</ele>
            </trkpt>
            <trkpt lat="44.527704" lon="8.60982">
                <ele>0</ele>
            </trkpt>
            <trkpt lat="44.527747" lon="8.609926">
                <ele>0</ele>
            </trkpt>
            <trkpt lat="44.527748" lon="8.60999">
                <ele>0</ele>
            </trkpt>
            <trkpt lat="44.527737" lon="8.610062">
                <ele>0</ele>
            </trkpt>
            <trkpt lat="44.527712" lon="8.610109">
                <ele>0</ele>
            </trkpt>
            <trkpt lat="44.527671" lon="8.610166">
                <ele>0</ele>
            </trkpt>
            <trkpt lat="44.527201" lon="8.610484">
                <ele>0</ele>
            </trkpt>
            <trkpt lat="44.527126" lon="8.610555">
                <ele>0</ele>
            </trkpt>
            <trkpt lat="44.527057" lon="8.61065">
                <ele>0</ele>
            </trkpt>
            <trkpt lat="44.526994" lon="8.610801">
                <ele>0</ele>
            </trkpt>
            <trkpt lat="44.526963" lon="8.61101">
                <ele>0</ele>
            </trkpt>
            <trkpt lat="44.527086" lon="8.612802">
                <ele>0</ele>
            </trkpt>
            <trkpt lat="44.5271" lon="8.612961">
                <ele>0</ele>
            </trkpt>
            <trkpt lat="44.527085" lon="8.613093">
                <ele>0</ele>
            </trkpt>
            <trkpt lat="44.527056" lon="8.613174">
                <ele>0</ele>
            </trkpt>
            <trkpt lat="44.527022" lon="8.613233">
                <ele>0</ele>
            </trkpt>
            <trkpt lat="44.526961" lon="8.613287">
                <ele>0</ele>
            </trkpt>
            <trkpt lat="44.526885" lon="8.613324">
                <ele>0</ele>
            </trkpt>
            <trkpt lat="44.526821" lon="8.613336">
                <ele>0</ele>
            </trkpt>
            <trkpt lat="44.526746" lon="8.613319">
                <ele>0</ele>
            </trkpt>
            <trkpt lat="44.526677" lon="8.61327">
                <ele>0</ele>
            </trkpt>
            <trkpt lat="44.526376" lon="8.612808">
                <ele>0</ele>
            </trkpt>
            <trkpt lat="44.526308" lon="8.612754">
                <ele>0</ele>
            </trkpt>
            <trkpt lat="44.526243" lon="8.612745">
                <ele>0</ele>
            </trkpt>
            <trkpt lat="44.526193" lon="8.612768">
                <ele>0</ele>
            </trkpt>
            <trkpt lat="44.526127" lon="8.612827">
                <ele>0</ele>
            </trkpt>
            <trkpt lat="44.5261" lon="8.612933">
                <ele>0</ele>
            </trkpt>
            <trkpt lat="44.526113" lon="8.613026">
                <ele>0</ele>
            </trkpt>
            <trkpt lat="44.526134" lon="8.613085">
                <ele>0</ele>
            </trkpt>
            <trkpt lat="44.526201" lon="8.613167">
                <ele>0</ele>
            </trkpt>
            <trkpt lat="44.52631" lon="8.613281">
                <ele>0</ele>
            </trkpt>
            <trkpt lat="44.526351" lon="8.613338">
                <ele>0</ele>
            </trkpt>
            <trkpt lat="44.526477" lon="8.613572">
                <ele>0</ele>
            </trkpt>
            <trkpt lat="44.526527" lon="8.613763">
                <ele>0</ele>
            </trkpt>
            <trkpt lat="44.526537" lon="8.61385">
                <ele>0</ele>
            </trkpt>
            <trkpt lat="44.52656" lon="8.613999">
                <ele>0</ele>
            </trkpt>
            <trkpt lat="44.526583" lon="8.614251">
                <ele>0</ele>
            </trkpt>
            <trkpt lat="44.526626" lon="8.614374">
                <ele>0</ele>
            </trkpt>
            <trkpt lat="44.526664" lon="8.614459">
                <ele>0</ele>
            </trkpt>
            <trkpt lat="44.527256" lon="8.615631">
                <ele>0</ele>
            </trkpt>
            <trkpt lat="44.527362" lon="8.61571">
                <ele>0</ele>
            </trkpt>
            <trkpt lat="44.527767" lon="8.615844">
                <ele>0</ele>
            </trkpt>
            <trkpt lat="44.52782" lon="8.615874">
                <ele>0</ele>
            </trkpt>
            <trkpt lat="44.527867" lon="8.615923">
                <ele>0</ele>
            </trkpt>
            <trkpt lat="44.527976" lon="8.616138">
                <ele>0</ele>
            </trkpt>
            <trkpt lat="44.528073" lon="8.616376">
                <ele>0</ele>
            </trkpt>
            <trkpt lat="44.528107" lon="8.616456">
                <ele>0</ele>
            </trkpt>
            <trkpt lat="44.528304" lon="8.616933">
                <ele>0</ele>
            </trkpt>
            <trkpt lat="44.52833" lon="8.617072">
                <ele>0</ele>
            </trkpt>
            <trkpt lat="44.528366" lon="8.617259">
                <ele>0</ele>
            </trkpt>
            <trkpt lat="44.52837" lon="8.617503">
                <ele>0</ele>
            </trkpt>
            <trkpt lat="44.528354" lon="8.617645">
                <ele>0</ele>
            </trkpt>
            <trkpt lat="44.528313" lon="8.617818">
                <ele>0</ele>
            </trkpt>
            <trkpt lat="44.527893" lon="8.618935">
                <ele>0</ele>
            </trkpt>
            <trkpt lat="44.527879" lon="8.618968">
                <ele>0</ele>
            </trkpt>
            <trkpt lat="44.527821" lon="8.619121">
                <ele>0</ele>
            </trkpt>
            <trkpt lat="44.527743" lon="8.619196">
                <ele>0</ele>
            </trkpt>
            <trkpt lat="44.527573" lon="8.619187">
                <ele>0</ele>
            </trkpt>
            <trkpt lat="44.52755" lon="8.619186">
                <ele>0</ele>
            </trkpt>
            <trkpt lat="44.52708" lon="8.618902">
                <ele>0</ele>
            </trkpt>
            <trkpt lat="44.526602" lon="8.618832">
                <ele>0</ele>
            </trkpt>
            <trkpt lat="44.526437" lon="8.61875">
                <ele>0</ele>
            </trkpt>
            <trkpt lat="44.526332" lon="8.618583">
                <ele>0</ele>
            </trkpt>
            <trkpt lat="44.52618" lon="8.618149">
                <ele>0</ele>
            </trkpt>
            <trkpt lat="44.5261" lon="8.618034">
                <ele>0</ele>
            </trkpt>
            <trkpt lat="44.52595" lon="8.617968">
                <ele>0</ele>
            </trkpt>
            <trkpt lat="44.525809" lon="8.617981">
                <ele>0</ele>
            </trkpt>
            <trkpt lat="44.525697" lon="8.618064">
                <ele>0</ele>
            </trkpt>
            <trkpt lat="44.525572" lon="8.61841">
                <ele>0</ele>
            </trkpt>
            <trkpt lat="44.525512" lon="8.618565">
                <ele>0</ele>
            </trkpt>
            <trkpt lat="44.525442" lon="8.61869">
                <ele>0</ele>
            </trkpt>
            <trkpt lat="44.525382" lon="8.618762">
                <ele>0</ele>
            </trkpt>
            <trkpt lat="44.525332" lon="8.618811">
                <ele>0</ele>
            </trkpt>
            <trkpt lat="44.525259" lon="8.618839">
                <ele>0</ele>
            </trkpt>
            <trkpt lat="44.525192" lon="8.618849">
                <ele>0</ele>
            </trkpt>
            <trkpt lat="44.525116" lon="8.618832">
                <ele>0</ele>
            </trkpt>
            <trkpt lat="44.525052" lon="8.618796">
                <ele>0</ele>
            </trkpt>
            <trkpt lat="44.524883" lon="8.61868">
                <ele>0</ele>
            </trkpt>
            <trkpt lat="44.524838" lon="8.618646">
                <ele>0</ele>
            </trkpt>
            <trkpt lat="44.524756" lon="8.618635">
                <ele>0</ele>
            </trkpt>
            <trkpt lat="44.524697" lon="8.61865">
                <ele>0</ele>
            </trkpt>
            <trkpt lat="44.524666" lon="8.618681">
                <ele>0</ele>
            </trkpt>
            <trkpt lat="44.52465" lon="8.618697">
                <ele>0</ele>
            </trkpt>
            <trkpt lat="44.524622" lon="8.618738">
                <ele>0</ele>
            </trkpt>
            <trkpt lat="44.524604" lon="8.618776">
                <ele>0</ele>
            </trkpt>
            <trkpt lat="44.52459" lon="8.618823">
                <ele>0</ele>
            </trkpt>
            <trkpt lat="44.524587" lon="8.618875">
                <ele>0</ele>
            </trkpt>
            <trkpt lat="44.52459" lon="8.618963">
                <ele>0</ele>
            </trkpt>
            <trkpt lat="44.5246" lon="8.61901">
                <ele>0</ele>
            </trkpt>
            <trkpt lat="44.524614" lon="8.619049">
                <ele>0</ele>
            </trkpt>
            <trkpt lat="44.524658" lon="8.61911">
                <ele>0</ele>
            </trkpt>
            <trkpt lat="44.524817" lon="8.619256">
                <ele>0</ele>
            </trkpt>
            <trkpt lat="44.524831" lon="8.619269">
                <ele>0</ele>
            </trkpt>
            <trkpt lat="44.524883" lon="8.619291">
                <ele>0</ele>
            </trkpt>
            <trkpt lat="44.524946" lon="8.619305">
                <ele>0</ele>
            </trkpt>
            <trkpt lat="44.525041" lon="8.61931">
                <ele>0</ele>
            </trkpt>
            <trkpt lat="44.525093" lon="8.619304">
                <ele>0</ele>
            </trkpt>
            <trkpt lat="44.525187" lon="8.619275">
                <ele>0</ele>
            </trkpt>
            <trkpt lat="44.525213" lon="8.619265">
                <ele>0</ele>
            </trkpt>
            <trkpt lat="44.525334" lon="8.619204">
                <ele>0</ele>
            </trkpt>
            <trkpt lat="44.525584" lon="8.619072">
                <ele>0</ele>
            </trkpt>
            <trkpt lat="44.525599" lon="8.619066">
                <ele>0</ele>
            </trkpt>
            <trkpt lat="44.525697" lon="8.619027">
                <ele>0</ele>
            </trkpt>
            <trkpt lat="44.525777" lon="8.619022">
                <ele>0</ele>
            </trkpt>
            <trkpt lat="44.525846" lon="8.619043">
                <ele>0</ele>
            </trkpt>
            <trkpt lat="44.526485" lon="8.619222">
                <ele>0</ele>
            </trkpt>
            <trkpt lat="44.526661" lon="8.619272">
                <ele>0</ele>
            </trkpt>
            <trkpt lat="44.526713" lon="8.61929">
                <ele>0</ele>
            </trkpt>
            <trkpt lat="44.526879" lon="8.619404">
                <ele>0</ele>
            </trkpt>
            <trkpt lat="44.527032" lon="8.619517">
                <ele>0</ele>
            </trkpt>
            <trkpt lat="44.527114" lon="8.619611">
                <ele>0</ele>
            </trkpt>
            <trkpt lat="44.527189" lon="8.619764">
                <ele>0</ele>
            </trkpt>
            <trkpt lat="44.527365" lon="8.620198">
                <ele>0</ele>
            </trkpt>
            <trkpt lat="44.527451" lon="8.620409">
                <ele>0</ele>
            </trkpt>
            <trkpt lat="44.527537" lon="8.620598">
                <ele>0</ele>
            </trkpt>
            <trkpt lat="44.527602" lon="8.620742">
                <ele>0</ele>
            </trkpt>
            <trkpt lat="44.527666" lon="8.620859">
                <ele>0</ele>
            </trkpt>
            <trkpt lat="44.527796" lon="8.621071">
                <ele>0</ele>
            </trkpt>
            <trkpt lat="44.527892" lon="8.621214">
                <ele>0</ele>
            </trkpt>
            <trkpt lat="44.527905" lon="8.621229">
                <ele>0</ele>
            </trkpt>
            <trkpt lat="44.527907" lon="8.621232">
                <ele>0</ele>
            </trkpt>
            <trkpt lat="44.528075" lon="8.621439">
                <ele>0</ele>
            </trkpt>
            <trkpt lat="44.528108" lon="8.621505">
                <ele>0</ele>
            </trkpt>
            <trkpt lat="44.528132" lon="8.621589">
                <ele>0</ele>
            </trkpt>
            <trkpt lat="44.528143" lon="8.621667">
                <ele>0</ele>
            </trkpt>
            <trkpt lat="44.52814" lon="8.621746">
                <ele>0</ele>
            </trkpt>
            <trkpt lat="44.528131" lon="8.621841">
                <ele>0</ele>
            </trkpt>
            <trkpt lat="44.52809" lon="8.622185">
                <ele>0</ele>
            </trkpt>
            <trkpt lat="44.528094" lon="8.622304">
                <ele>0</ele>
            </trkpt>
            <trkpt lat="44.528122" lon="8.622402">
                <ele>0</ele>
            </trkpt>
            <trkpt lat="44.528159" lon="8.622464">
                <ele>0</ele>
            </trkpt>
            <trkpt lat="44.52822" lon="8.622517">
                <ele>0</ele>
            </trkpt>
            <trkpt lat="44.528278" lon="8.622537">
                <ele>0</ele>
            </trkpt>
            <trkpt lat="44.528326" lon="8.622535">
                <ele>0</ele>
            </trkpt>
            <trkpt lat="44.52837" lon="8.622524">
                <ele>0</ele>
            </trkpt>
            <trkpt lat="44.528433" lon="8.622487">
                <ele>0</ele>
            </trkpt>
            <trkpt lat="44.528499" lon="8.622439">
                <ele>0</ele>
            </trkpt>
            <trkpt lat="44.528557" lon="8.622396">
                <ele>0</ele>
            </trkpt>
            <trkpt lat="44.52862" lon="8.622346">
                <ele>0</ele>
            </trkpt>
            <trkpt lat="44.528704" lon="8.622312">
                <ele>0</ele>
            </trkpt>
            <trkpt lat="44.528794" lon="8.622297">
                <ele>0</ele>
            </trkpt>
            <trkpt lat="44.528949" lon="8.622267">
                <ele>0</ele>
            </trkpt>
            <trkpt lat="44.528991" lon="8.622241">
                <ele>0</ele>
            </trkpt>
            <trkpt lat="44.529036" lon="8.622206">
                <ele>0</ele>
            </trkpt>
            <trkpt lat="44.529061" lon="8.622177">
                <ele>0</ele>
            </trkpt>
            <trkpt lat="44.52908" lon="8.622145">
                <ele>0</ele>
            </trkpt>
            <trkpt lat="44.529107" lon="8.622075">
                <ele>0</ele>
            </trkpt>
            <trkpt lat="44.529152" lon="8.621934">
                <ele>0</ele>
            </trkpt>
            <trkpt lat="44.5292" lon="8.621855">
                <ele>0</ele>
            </trkpt>
            <trkpt lat="44.529231" lon="8.621822">
                <ele>0</ele>
            </trkpt>
            <trkpt lat="44.529257" lon="8.621794">
                <ele>0</ele>
            </trkpt>
            <trkpt lat="44.529378" lon="8.621779">
                <ele>0</ele>
            </trkpt>
            <trkpt lat="44.529432" lon="8.621801">
                <ele>0</ele>
            </trkpt>
            <trkpt lat="44.529461" lon="8.621829">
                <ele>0</ele>
            </trkpt>
            <trkpt lat="44.529529" lon="8.621929">
                <ele>0</ele>
            </trkpt>
            <trkpt lat="44.529617" lon="8.622069">
                <ele>0</ele>
            </trkpt>
            <trkpt lat="44.529728" lon="8.622191">
                <ele>0</ele>
            </trkpt>
            <trkpt lat="44.529781" lon="8.622229">
                <ele>0</ele>
            </trkpt>
            <trkpt lat="44.529846" lon="8.622271">
                <ele>0</ele>
            </trkpt>
            <trkpt lat="44.529895" lon="8.622287">
                <ele>0</ele>
            </trkpt>
            <trkpt lat="44.529971" lon="8.622301">
                <ele>0</ele>
            </trkpt>
            <trkpt lat="44.530017" lon="8.622291">
                <ele>0</ele>
            </trkpt>
            <trkpt lat="44.530056" lon="8.622272">
                <ele>0</ele>
            </trkpt>
            <trkpt lat="44.5301" lon="8.622245">
                <ele>0</ele>
            </trkpt>
            <trkpt lat="44.530102" lon="8.622244">
                <ele>0</ele>
            </trkpt>
            <trkpt lat="44.530166" lon="8.622171">
                <ele>0</ele>
            </trkpt>
            <trkpt lat="44.530201" lon="8.622099">
                <ele>0</ele>
            </trkpt>
            <trkpt lat="44.530242" lon="8.621977">
                <ele>0</ele>
            </trkpt>
            <trkpt lat="44.530289" lon="8.621774">
                <ele>0</ele>
            </trkpt>
            <trkpt lat="44.530353" lon="8.621648">
                <ele>0</ele>
            </trkpt>
            <trkpt lat="44.530444" lon="8.621573">
                <ele>0</ele>
            </trkpt>
            <trkpt lat="44.530503" lon="8.621556">
                <ele>0</ele>
            </trkpt>
            <trkpt lat="44.530569" lon="8.621564">
                <ele>0</ele>
            </trkpt>
            <trkpt lat="44.530655" lon="8.621619">
                <ele>0</ele>
            </trkpt>
            <trkpt lat="44.530711" lon="8.621678">
                <ele>0</ele>
            </trkpt>
            <trkpt lat="44.530773" lon="8.621772">
                <ele>0</ele>
            </trkpt>
            <trkpt lat="44.530943" lon="8.62201">
                <ele>0</ele>
            </trkpt>
            <trkpt lat="44.531013" lon="8.622064">
                <ele>0</ele>
            </trkpt>
            <trkpt lat="44.531063" lon="8.622078">
                <ele>0</ele>
            </trkpt>
            <trkpt lat="44.531125" lon="8.622076">
                <ele>0</ele>
            </trkpt>
            <trkpt lat="44.531225" lon="8.622059">
                <ele>0</ele>
            </trkpt>
            <trkpt lat="44.531312" lon="8.62206">
                <ele>0</ele>
            </trkpt>
            <trkpt lat="44.531392" lon="8.622084">
                <ele>0</ele>
            </trkpt>
            <trkpt lat="44.531469" lon="8.622147">
                <ele>0</ele>
            </trkpt>
            <trkpt lat="44.531523" lon="8.622214">
                <ele>0</ele>
            </trkpt>
            <trkpt lat="44.531585" lon="8.622331">
                <ele>0</ele>
            </trkpt>
            <trkpt lat="44.531712" lon="8.622597">
                <ele>0</ele>
            </trkpt>
            <trkpt lat="44.531764" lon="8.622674">
                <ele>0</ele>
            </trkpt>
            <trkpt lat="44.531831" lon="8.622725">
                <ele>0</ele>
            </trkpt>
            <trkpt lat="44.531909" lon="8.622751">
                <ele>0</ele>
            </trkpt>
            <trkpt lat="44.53196" lon="8.622747">
                <ele>0</ele>
            </trkpt>
            <trkpt lat="44.532007" lon="8.622728">
                <ele>0</ele>
            </trkpt>
            <trkpt lat="44.532158" lon="8.622579">
                <ele>0</ele>
            </trkpt>
            <trkpt lat="44.53236" lon="8.622364">
                <ele>0</ele>
            </trkpt>
            <trkpt lat="44.532471" lon="8.622188">
                <ele>0</ele>
            </trkpt>
            <trkpt lat="44.532511" lon="8.622104">
                <ele>0</ele>
            </trkpt>
            <trkpt lat="44.532528" lon="8.621997">
                <ele>0</ele>
            </trkpt>
            <trkpt lat="44.532561" lon="8.621746">
                <ele>0</ele>
            </trkpt>
            <trkpt lat="44.532572" lon="8.621583">
                <ele>0</ele>
            </trkpt>
            <trkpt lat="44.532564" lon="8.621462">
                <ele>0</ele>
            </trkpt>
            <trkpt lat="44.532542" lon="8.621361">
                <ele>0</ele>
            </trkpt>
            <trkpt lat="44.532508" lon="8.621288">
                <ele>0</ele>
            </trkpt>
            <trkpt lat="44.53237" lon="8.621028">
                <ele>0</ele>
            </trkpt>
            <trkpt lat="44.532349" lon="8.62096">
                <ele>0</ele>
            </trkpt>
            <trkpt lat="44.532315" lon="8.620848">
                <ele>0</ele>
            </trkpt>
            <trkpt lat="44.532285" lon="8.620692">
                <ele>0</ele>
            </trkpt>
            <trkpt lat="44.532262" lon="8.620549">
                <ele>0</ele>
            </trkpt>
            <trkpt lat="44.532249" lon="8.6204">
                <ele>0</ele>
            </trkpt>
            <trkpt lat="44.532244" lon="8.620234">
                <ele>0</ele>
            </trkpt>
            <trkpt lat="44.532262" lon="8.620095">
                <ele>0</ele>
            </trkpt>
            <trkpt lat="44.532273" lon="8.620034">
                <ele>0</ele>
            </trkpt>
            <trkpt lat="44.532285" lon="8.619987">
                <ele>0</ele>
            </trkpt>
            <trkpt lat="44.532521" lon="8.619411">
                <ele>0</ele>
            </trkpt>
            <trkpt lat="44.532576" lon="8.61912">
                <ele>0</ele>
            </trkpt>
            <trkpt lat="44.532562" lon="8.618959">
                <ele>0</ele>
            </trkpt>
            <trkpt lat="44.532533" lon="8.618844">
                <ele>0</ele>
            </trkpt>
            <trkpt lat="44.532451" lon="8.618678">
                <ele>0</ele>
            </trkpt>
            <trkpt lat="44.532202" lon="8.618277">
                <ele>0</ele>
            </trkpt>
            <trkpt lat="44.532046" lon="8.618023">
                <ele>0</ele>
            </trkpt>
            <trkpt lat="44.531969" lon="8.617869">
                <ele>0</ele>
            </trkpt>
            <trkpt lat="44.531931" lon="8.617734">
                <ele>0</ele>
            </trkpt>
            <trkpt lat="44.531913" lon="8.61748">
                <ele>0</ele>
            </trkpt>
            <trkpt lat="44.531901" lon="8.617365">
                <ele>0</ele>
            </trkpt>
            <trkpt lat="44.531896" lon="8.617342">
                <ele>0</ele>
            </trkpt>
            <trkpt lat="44.531881" lon="8.6173">
                <ele>0</ele>
            </trkpt>
            <trkpt lat="44.531826" lon="8.617165">
                <ele>0</ele>
            </trkpt>
            <trkpt lat="44.531571" lon="8.616704">
                <ele>0</ele>
            </trkpt>
            <trkpt lat="44.531493" lon="8.616519">
                <ele>0</ele>
            </trkpt>
            <trkpt lat="44.531474" lon="8.616422">
                <ele>0</ele>
            </trkpt>
            <trkpt lat="44.531472" lon="8.616269">
                <ele>0</ele>
            </trkpt>
            <trkpt lat="44.531474" lon="8.615706">
                <ele>0</ele>
            </trkpt>
            <trkpt lat="44.531485" lon="8.615545">
                <ele>0</ele>
            </trkpt>
            <trkpt lat="44.531508" lon="8.615459">
                <ele>0</ele>
            </trkpt>
            <trkpt lat="44.531592" lon="8.615324">
                <ele>0</ele>
            </trkpt>
            <trkpt lat="44.531669" lon="8.615253">
                <ele>0</ele>
            </trkpt>
            <trkpt lat="44.531713" lon="8.615213">
                <ele>0</ele>
            </trkpt>
            <trkpt lat="44.531812" lon="8.615215">
                <ele>0</ele>
            </trkpt>
            <trkpt lat="44.531898" lon="8.615263">
                <ele>0</ele>
            </trkpt>
            <trkpt lat="44.531984" lon="8.615352">
                <ele>0</ele>
            </trkpt>
            <trkpt lat="44.532025" lon="8.615435">
                <ele>0</ele>
            </trkpt>
            <trkpt lat="44.532074" lon="8.615575">
                <ele>0</ele>
            </trkpt>
            <trkpt lat="44.532179" lon="8.616044">
                <ele>0</ele>
            </trkpt>
            <trkpt lat="44.532233" lon="8.616207">
                <ele>0</ele>
            </trkpt>
            <trkpt lat="44.532271" lon="8.616287">
                <ele>0</ele>
            </trkpt>
            <trkpt lat="44.53239" lon="8.616539">
                <ele>0</ele>
            </trkpt>
            <trkpt lat="44.532416" lon="8.6166">
                <ele>0</ele>
            </trkpt>
            <trkpt lat="44.532481" lon="8.616749">
                <ele>0</ele>
            </trkpt>
            <trkpt lat="44.532535" lon="8.616894">
                <ele>0</ele>
            </trkpt>
            <trkpt lat="44.532556" lon="8.61706">
                <ele>0</ele>
            </trkpt>
            <trkpt lat="44.532564" lon="8.617355">
                <ele>0</ele>
            </trkpt>
            <trkpt lat="44.532596" lon="8.617588">
                <ele>0</ele>
            </trkpt>
            <trkpt lat="44.532665" lon="8.617715">
                <ele>0</ele>
            </trkpt>
            <trkpt lat="44.532724" lon="8.617771">
                <ele>0</ele>
            </trkpt>
            <trkpt lat="44.532812" lon="8.617844">
                <ele>0</ele>
            </trkpt>
            <trkpt lat="44.532958" lon="8.617849">
                <ele>0</ele>
            </trkpt>
            <trkpt lat="44.533309" lon="8.617814">
                <ele>0</ele>
            </trkpt>
            <trkpt lat="44.533466" lon="8.617959">
                <ele>0</ele>
            </trkpt>
            <trkpt lat="44.533577" lon="8.618104">
                <ele>0</ele>
            </trkpt>
            <trkpt lat="44.533666" lon="8.618402">
                <ele>0</ele>
            </trkpt>
            <trkpt lat="44.533805" lon="8.618951">
                <ele>0</ele>
            </trkpt>
            <trkpt lat="44.533838" lon="8.619086">
                <ele>0</ele>
            </trkpt>
            <trkpt lat="44.533887" lon="8.619204">
                <ele>0</ele>
            </trkpt>
            <trkpt lat="44.533945" lon="8.619293">
                <ele>0</ele>
            </trkpt>
            <trkpt lat="44.533994" lon="8.619327">
                <ele>0</ele>
            </trkpt>
            <trkpt lat="44.534051" lon="8.619346">
                <ele>0</ele>
            </trkpt>
            <trkpt lat="44.534141" lon="8.619352">
                <ele>0</ele>
            </trkpt>
            <trkpt lat="44.534427" lon="8.619246">
                <ele>0</ele>
            </trkpt>
            <trkpt lat="44.53469" lon="8.61919">
                <ele>0</ele>
            </trkpt>
            <trkpt lat="44.534802" lon="8.619198">
                <ele>0</ele>
            </trkpt>
            <trkpt lat="44.534901" lon="8.619205">
                <ele>0</ele>
            </trkpt>
            <trkpt lat="44.535376" lon="8.619464">
                <ele>0</ele>
            </trkpt>
            <trkpt lat="44.535463" lon="8.619511">
                <ele>0</ele>
            </trkpt>
            <trkpt lat="44.535572" lon="8.619533">
                <ele>0</ele>
            </trkpt>
            <trkpt lat="44.535867" lon="8.619593">
                <ele>0</ele>
            </trkpt>
            <trkpt lat="44.536223" lon="8.619571">
                <ele>0</ele>
            </trkpt>
            <trkpt lat="44.536594" lon="8.619555">
                <ele>0</ele>
            </trkpt>
            <trkpt lat="44.536753" lon="8.619557">
                <ele>0</ele>
            </trkpt>
            <trkpt lat="44.536826" lon="8.619558">
                <ele>0</ele>
            </trkpt>
            <trkpt lat="44.536919" lon="8.619579">
                <ele>0</ele>
            </trkpt>
            <trkpt lat="44.53703" lon="8.619654">
                <ele>0</ele>
            </trkpt>
            <trkpt lat="44.537112" lon="8.619772">
                <ele>0</ele>
            </trkpt>
            <trkpt lat="44.537158" lon="8.619944">
                <ele>0</ele>
            </trkpt>
            <trkpt lat="44.537163" lon="8.62012">
                <ele>0</ele>
            </trkpt>
            <trkpt lat="44.537131" lon="8.620283">
                <ele>0</ele>
            </trkpt>
            <trkpt lat="44.536847" lon="8.620964">
                <ele>0</ele>
            </trkpt>
            <trkpt lat="44.536805" lon="8.621065">
                <ele>0</ele>
            </trkpt>
            <trkpt lat="44.53676" lon="8.621302">
                <ele>0</ele>
            </trkpt>
            <trkpt lat="44.536751" lon="8.621525">
                <ele>0</ele>
            </trkpt>
            <trkpt lat="44.536765" lon="8.621736">
                <ele>0</ele>
            </trkpt>
            <trkpt lat="44.536833" lon="8.621917">
                <ele>0</ele>
            </trkpt>
            <trkpt lat="44.536922" lon="8.622022">
                <ele>0</ele>
            </trkpt>
            <trkpt lat="44.537251" lon="8.622368">
                <ele>0</ele>
            </trkpt>
            <trkpt lat="44.537363" lon="8.622448">
                <ele>0</ele>
            </trkpt>
            <trkpt lat="44.537472" lon="8.622599">
                <ele>0</ele>
            </trkpt>
            <trkpt lat="44.537512" lon="8.622764">
                <ele>0</ele>
            </trkpt>
            <trkpt lat="44.53752" lon="8.622908">
                <ele>0</ele>
            </trkpt>
            <trkpt lat="44.53751" lon="8.623026">
                <ele>0</ele>
            </trkpt>
            <trkpt lat="44.53739" lon="8.623687">
                <ele>0</ele>
            </trkpt>
            <trkpt lat="44.537382" lon="8.623829">
                <ele>0</ele>
            </trkpt>
            <trkpt lat="44.537401" lon="8.623963">
                <ele>0</ele>
            </trkpt>
            <trkpt lat="44.53741" lon="8.624075">
                <ele>0</ele>
            </trkpt>
            <trkpt lat="44.537412" lon="8.624179">
                <ele>0</ele>
            </trkpt>
            <trkpt lat="44.537394" lon="8.62441">
                <ele>0</ele>
            </trkpt>
            <trkpt lat="44.537394" lon="8.624549">
                <ele>0</ele>
            </trkpt>
            <trkpt lat="44.537432" lon="8.624978">
                <ele>0</ele>
            </trkpt>
            <trkpt lat="44.537455" lon="8.625098">
                <ele>0</ele>
            </trkpt>
            <trkpt lat="44.537473" lon="8.62516">
                <ele>0</ele>
            </trkpt>
            <trkpt lat="44.537549" lon="8.625268">
                <ele>0</ele>
            </trkpt>
            <trkpt lat="44.537592" lon="8.625285">
                <ele>0</ele>
            </trkpt>
            <trkpt lat="44.537653" lon="8.625294">
                <ele>0</ele>
            </trkpt>
            <trkpt lat="44.537728" lon="8.625266">
                <ele>0</ele>
            </trkpt>
            <trkpt lat="44.537983" lon="8.624939">
                <ele>0</ele>
            </trkpt>
            <trkpt lat="44.538165" lon="8.624814">
                <ele>0</ele>
            </trkpt>
            <trkpt lat="44.538309" lon="8.624813">
                <ele>0</ele>
            </trkpt>
            <trkpt lat="44.53848" lon="8.624899">
                <ele>0</ele>
            </trkpt>
            <trkpt lat="44.538603" lon="8.62501">
                <ele>0</ele>
            </trkpt>
            <trkpt lat="44.538703" lon="8.62514">
                <ele>0</ele>
            </trkpt>
            <trkpt lat="44.538761" lon="8.625228">
                <ele>0</ele>
            </trkpt>
            <trkpt lat="44.538787" lon="8.625327">
                <ele>0</ele>
            </trkpt>
            <trkpt lat="44.538789" lon="8.625431">
                <ele>0</ele>
            </trkpt>
            <trkpt lat="44.538763" lon="8.625558">
                <ele>0</ele>
            </trkpt>
            <trkpt lat="44.538692" lon="8.625662">
                <ele>0</ele>
            </trkpt>
            <trkpt lat="44.53865" lon="8.625795">
                <ele>0</ele>
            </trkpt>
            <trkpt lat="44.538639" lon="8.62593">
                <ele>0</ele>
            </trkpt>
            <trkpt lat="44.538655" lon="8.625992">
                <ele>0</ele>
            </trkpt>
            <trkpt lat="44.53869" lon="8.626119">
                <ele>0</ele>
            </trkpt>
            <trkpt lat="44.538705" lon="8.626241">
                <ele>0</ele>
            </trkpt>
            <trkpt lat="44.538687" lon="8.626363">
                <ele>0</ele>
            </trkpt>
            <trkpt lat="44.538651" lon="8.626457">
                <ele>0</ele>
            </trkpt>
            <trkpt lat="44.538507" lon="8.626722">
                <ele>0</ele>
            </trkpt>
            <trkpt lat="44.538452" lon="8.626836">
                <ele>0</ele>
            </trkpt>
            <trkpt lat="44.53842" lon="8.626982">
                <ele>0</ele>
            </trkpt>
            <trkpt lat="44.538441" lon="8.627164">
                <ele>0</ele>
            </trkpt>
            <trkpt lat="44.538507" lon="8.627387">
                <ele>0</ele>
            </trkpt>
            <trkpt lat="44.538533" lon="8.627483">
                <ele>0</ele>
            </trkpt>
            <trkpt lat="44.538531" lon="8.627608">
                <ele>0</ele>
            </trkpt>
            <trkpt lat="44.5384" lon="8.628307">
                <ele>0</ele>
            </trkpt>
            <trkpt lat="44.538396" lon="8.628447">
                <ele>0</ele>
            </trkpt>
            <trkpt lat="44.538405" lon="8.628597">
                <ele>0</ele>
            </trkpt>
            <trkpt lat="44.538496" lon="8.62887">
                <ele>0</ele>
            </trkpt>
            <trkpt lat="44.538655" lon="8.629205">
                <ele>0</ele>
            </trkpt>
            <trkpt lat="44.538746" lon="8.629346">
                <ele>0</ele>
            </trkpt>
            <trkpt lat="44.538855" lon="8.629424">
                <ele>0</ele>
            </trkpt>
            <trkpt lat="44.538951" lon="8.629468">
                <ele>0</ele>
            </trkpt>
            <trkpt lat="44.539072" lon="8.62954">
                <ele>0</ele>
            </trkpt>
            <trkpt lat="44.539142" lon="8.629598">
                <ele>0</ele>
            </trkpt>
            <trkpt lat="44.5392" lon="8.629704">
                <ele>0</ele>
            </trkpt>
            <trkpt lat="44.539235" lon="8.62986">
                <ele>0</ele>
            </trkpt>
            <trkpt lat="44.539291" lon="8.630322">
                <ele>0</ele>
            </trkpt>
            <trkpt lat="44.539289" lon="8.63047">
                <ele>0</ele>
            </trkpt>
            <trkpt lat="44.539241" lon="8.63066">
                <ele>0</ele>
            </trkpt>
            <trkpt lat="44.539184" lon="8.6308">
                <ele>0</ele>
            </trkpt>
            <trkpt lat="44.53915" lon="8.630974">
                <ele>0</ele>
            </trkpt>
            <trkpt lat="44.539178" lon="8.631135">
                <ele>0</ele>
            </trkpt>
            <trkpt lat="44.539505" lon="8.631939">
                <ele>0</ele>
            </trkpt>
            <trkpt lat="44.539591" lon="8.632096">
                <ele>0</ele>
            </trkpt>
            <trkpt lat="44.539652" lon="8.632148">
                <ele>0</ele>
            </trkpt>
            <trkpt lat="44.539759" lon="8.632138">
                <ele>0</ele>
            </trkpt>
            <trkpt lat="44.539832" lon="8.632044">
                <ele>0</ele>
            </trkpt>
            <trkpt lat="44.539922" lon="8.631833">
                <ele>0</ele>
            </trkpt>
            <trkpt lat="44.539989" lon="8.63159">
                <ele>0</ele>
            </trkpt>
            <trkpt lat="44.540002" lon="8.631486">
                <ele>0</ele>
            </trkpt>
            <trkpt lat="44.539978" lon="8.631358">
                <ele>0</ele>
            </trkpt>
            <trkpt lat="44.539884" lon="8.631062">
                <ele>0</ele>
            </trkpt>
            <trkpt lat="44.539885" lon="8.630956">
                <ele>0</ele>
            </trkpt>
            <trkpt lat="44.539937" lon="8.630831">
                <ele>0</ele>
            </trkpt>
            <trkpt lat="44.539992" lon="8.630794">
                <ele>0</ele>
            </trkpt>
            <trkpt lat="44.54025" lon="8.630683">
                <ele>0</ele>
            </trkpt>
            <trkpt lat="44.540369" lon="8.630668">
                <ele>0</ele>
            </trkpt>
            <trkpt lat="44.541223" lon="8.630668">
                <ele>0</ele>
            </trkpt>
            <trkpt lat="44.541755" lon="8.6305">
                <ele>0</ele>
            </trkpt>
            <trkpt lat="44.54187" lon="8.630451">
                <ele>0</ele>
            </trkpt>
            <trkpt lat="44.541966" lon="8.630456">
                <ele>0</ele>
            </trkpt>
            <trkpt lat="44.542047" lon="8.630513">
                <ele>0</ele>
            </trkpt>
            <trkpt lat="44.542337" lon="8.63105">
                <ele>0</ele>
            </trkpt>
            <trkpt lat="44.542386" lon="8.631118">
                <ele>0</ele>
            </trkpt>
            <trkpt lat="44.542471" lon="8.631142">
                <ele>0</ele>
            </trkpt>
            <trkpt lat="44.542714" lon="8.631038">
                <ele>0</ele>
            </trkpt>
            <trkpt lat="44.542801" lon="8.631038">
                <ele>0</ele>
            </trkpt>
            <trkpt lat="44.542867" lon="8.631061">
                <ele>0</ele>
            </trkpt>
            <trkpt lat="44.543334" lon="8.631394">
                <ele>0</ele>
            </trkpt>
            <trkpt lat="44.543528" lon="8.631617">
                <ele>0</ele>
            </trkpt>
            <trkpt lat="44.543686" lon="8.631815">
                <ele>0</ele>
            </trkpt>
            <trkpt lat="44.543738" lon="8.631903">
                <ele>0</ele>
            </trkpt>
            <trkpt lat="44.543749" lon="8.632028">
                <ele>0</ele>
            </trkpt>
            <trkpt lat="44.543719" lon="8.632171">
                <ele>0</ele>
            </trkpt>
            <trkpt lat="44.543627" lon="8.63236">
                <ele>0</ele>
            </trkpt>
            <trkpt lat="44.543606" lon="8.632462">
                <ele>0</ele>
            </trkpt>
            <trkpt lat="44.54361" lon="8.632589">
                <ele>0</ele>
            </trkpt>
            <trkpt lat="44.543678" lon="8.632724">
                <ele>0</ele>
            </trkpt>
            <trkpt lat="44.543748" lon="8.632782">
                <ele>0</ele>
            </trkpt>
            <trkpt lat="44.544095" lon="8.633159">
                <ele>0</ele>
            </trkpt>
            <trkpt lat="44.544178" lon="8.633404">
                <ele>0</ele>
            </trkpt>
            <trkpt lat="44.544226" lon="8.633537">
                <ele>0</ele>
            </trkpt>
            <trkpt lat="44.544299" lon="8.633584">
                <ele>0</ele>
            </trkpt>
            <trkpt lat="44.544386" lon="8.633571">
                <ele>0</ele>
            </trkpt>
            <trkpt lat="44.544447" lon="8.633516">
                <ele>0</ele>
            </trkpt>
            <trkpt lat="44.544497" lon="8.633394">
                <ele>0</ele>
            </trkpt>
            <trkpt lat="44.544504" lon="8.633282">
                <ele>0</ele>
            </trkpt>
            <trkpt lat="44.544489" lon="8.633038">
                <ele>0</ele>
            </trkpt>
            <trkpt lat="44.544499" lon="8.632921">
                <ele>0</ele>
            </trkpt>
            <trkpt lat="44.54453" lon="8.632794">
                <ele>0</ele>
            </trkpt>
            <trkpt lat="44.544611" lon="8.632636">
                <ele>0</ele>
            </trkpt>
            <trkpt lat="44.544837" lon="8.632345">
                <ele>0</ele>
            </trkpt>
            <trkpt lat="44.544893" lon="8.63223">
                <ele>0</ele>
            </trkpt>
            <trkpt lat="44.544898" lon="8.632129">
                <ele>0</ele>
            </trkpt>
            <trkpt lat="44.544856" lon="8.631885">
                <ele>0</ele>
            </trkpt>
            <trkpt lat="44.544856" lon="8.631768">
                <ele>0</ele>
            </trkpt>
            <trkpt lat="44.544884" lon="8.631646">
                <ele>0</ele>
            </trkpt>
            <trkpt lat="44.54496" lon="8.631532">
                <ele>0</ele>
            </trkpt>
            <trkpt lat="44.545213" lon="8.631277">
                <ele>0</ele>
            </trkpt>
            <trkpt lat="44.545326" lon="8.631212">
                <ele>0</ele>
            </trkpt>
            <trkpt lat="44.545424" lon="8.631157">
                <ele>0</ele>
            </trkpt>
            <trkpt lat="44.545476" lon="8.631095">
                <ele>0</ele>
            </trkpt>
            <trkpt lat="44.545513" lon="8.630978">
                <ele>0</ele>
            </trkpt>
            <trkpt lat="44.545601" lon="8.630362">
                <ele>0</ele>
            </trkpt>
            <trkpt lat="44.545648" lon="8.630248">
                <ele>0</ele>
            </trkpt>
            <trkpt lat="44.545741" lon="8.630163">
                <ele>0</ele>
            </trkpt>
            <trkpt lat="44.545802" lon="8.630155">
                <ele>0</ele>
            </trkpt>
            <trkpt lat="44.545976" lon="8.630191">
                <ele>0</ele>
            </trkpt>
            <trkpt lat="44.546122" lon="8.630253">
                <ele>0</ele>
            </trkpt>
            <trkpt lat="44.546294" lon="8.630386">
                <ele>0</ele>
            </trkpt>
            <trkpt lat="44.546394" lon="8.630482">
                <ele>0</ele>
            </trkpt>
            <trkpt lat="44.546483" lon="8.630503">
                <ele>0</ele>
            </trkpt>
            <trkpt lat="44.546572" lon="8.630435">
                <ele>0</ele>
            </trkpt>
            <trkpt lat="44.546618" lon="8.630318">
                <ele>0</ele>
            </trkpt>
            <trkpt lat="44.546681" lon="8.630059">
                <ele>0</ele>
            </trkpt>
            <trkpt lat="44.546751" lon="8.629935">
                <ele>0</ele>
            </trkpt>
            <trkpt lat="44.546824" lon="8.629911">
                <ele>0</ele>
            </trkpt>
            <trkpt lat="44.546871" lon="8.629923">
                <ele>0</ele>
            </trkpt>
            <trkpt lat="44.546915" lon="8.629934">
                <ele>0</ele>
            </trkpt>
            <trkpt lat="44.546997" lon="8.630036">
                <ele>0</ele>
            </trkpt>
            <trkpt lat="44.547133" lon="8.630233">
                <ele>0</ele>
            </trkpt>
            <trkpt lat="44.547173" lon="8.630352">
                <ele>0</ele>
            </trkpt>
            <trkpt lat="44.547255" lon="8.63076">
                <ele>0</ele>
            </trkpt>
            <trkpt lat="44.547302" lon="8.630892">
                <ele>0</ele>
            </trkpt>
            <trkpt lat="44.547361" lon="8.630968">
                <ele>0</ele>
            </trkpt>
            <trkpt lat="44.547413" lon="8.631007">
                <ele>0</ele>
            </trkpt>
            <trkpt lat="44.547492" lon="8.631041">
                <ele>0</ele>
            </trkpt>
            <trkpt lat="44.547668" lon="8.631005">
                <ele>0</ele>
            </trkpt>
            <trkpt lat="44.547765" lon="8.630989">
                <ele>0</ele>
            </trkpt>
            <trkpt lat="44.547896" lon="8.630968">
                <ele>0</ele>
            </trkpt>
            <trkpt lat="44.548246" lon="8.630885">
                <ele>0</ele>
            </trkpt>
            <trkpt lat="44.548287" lon="8.630874">
                <ele>0</ele>
            </trkpt>
            <trkpt lat="44.548414" lon="8.630851">
                <ele>0</ele>
            </trkpt>
            <trkpt lat="44.54849" lon="8.630872">
                <ele>0</ele>
            </trkpt>
            <trkpt lat="44.548568" lon="8.630968">
                <ele>0</ele>
            </trkpt>
            <trkpt lat="44.548592" lon="8.631059">
                <ele>0</ele>
            </trkpt>
            <trkpt lat="44.548589" lon="8.631181">
                <ele>0</ele>
            </trkpt>
            <trkpt lat="44.548619" lon="8.631361">
                <ele>0</ele>
            </trkpt>
            <trkpt lat="44.548649" lon="8.631448">
                <ele>0</ele>
            </trkpt>
            <trkpt lat="44.548747" lon="8.631542">
                <ele>0</ele>
            </trkpt>
            <trkpt lat="44.548935" lon="8.631607">
                <ele>0</ele>
            </trkpt>
            <trkpt lat="44.549164" lon="8.631664">
                <ele>0</ele>
            </trkpt>
            <trkpt lat="44.549303" lon="8.631648">
                <ele>0</ele>
            </trkpt>
            <trkpt lat="44.54941" lon="8.631586">
                <ele>0</ele>
            </trkpt>
            <trkpt lat="44.549508" lon="8.631472">
                <ele>0</ele>
            </trkpt>
            <trkpt lat="44.549627" lon="8.631204">
                <ele>0</ele>
            </trkpt>
            <trkpt lat="44.549721" lon="8.631072">
                <ele>0</ele>
            </trkpt>
            <trkpt lat="44.549823" lon="8.631012">
                <ele>0</ele>
            </trkpt>
            <trkpt lat="44.54999" lon="8.631038">
                <ele>0</ele>
            </trkpt>
            <trkpt lat="44.550175" lon="8.631113">
                <ele>0</ele>
            </trkpt>
            <trkpt lat="44.550311" lon="8.631206">
                <ele>0</ele>
            </trkpt>
            <trkpt lat="44.550725" lon="8.631711">
                <ele>0</ele>
            </trkpt>
            <trkpt lat="44.550812" lon="8.631819">
                <ele>0</ele>
            </trkpt>
            <trkpt lat="44.550855" lon="8.631889">
                <ele>0</ele>
            </trkpt>
            <trkpt lat="44.550881" lon="8.631951">
                <ele>0</ele>
            </trkpt>
            <trkpt lat="44.550904" lon="8.632031">
                <ele>0</ele>
            </trkpt>
            <trkpt lat="44.550937" lon="8.632347">
                <ele>0</ele>
            </trkpt>
            <trkpt lat="44.550943" lon="8.632489">
                <ele>0</ele>
            </trkpt>
            <trkpt lat="44.550934" lon="8.632601">
                <ele>0</ele>
            </trkpt>
            <trkpt lat="44.550876" lon="8.632898">
                <ele>0</ele>
            </trkpt>
            <trkpt lat="44.550859" lon="8.633008">
                <ele>0</ele>
            </trkpt>
            <trkpt lat="44.550862" lon="8.633098">
                <ele>0</ele>
            </trkpt>
            <trkpt lat="44.550885" lon="8.633244">
                <ele>0</ele>
            </trkpt>
            <trkpt lat="44.550902" lon="8.633317">
                <ele>0</ele>
            </trkpt>
            <trkpt lat="44.551028" lon="8.633677">
                <ele>0</ele>
            </trkpt>
            <trkpt lat="44.5511" lon="8.633818">
                <ele>0</ele>
            </trkpt>
            <trkpt lat="44.551245" lon="8.633973">
                <ele>0</ele>
            </trkpt>
            <trkpt lat="44.551583" lon="8.634297">
                <ele>0</ele>
            </trkpt>
            <trkpt lat="44.55163" lon="8.634352">
                <ele>0</ele>
            </trkpt>
            <trkpt lat="44.551668" lon="8.634423">
                <ele>0</ele>
            </trkpt>
            <trkpt lat="44.551732" lon="8.634599">
                <ele>0</ele>
            </trkpt>
            <trkpt lat="44.551802" lon="8.634716">
                <ele>0</ele>
            </trkpt>
            <trkpt lat="44.551923" lon="8.634802">
                <ele>0</ele>
            </trkpt>
            <trkpt lat="44.552103" lon="8.634886">
                <ele>0</ele>
            </trkpt>
            <trkpt lat="44.552184" lon="8.634986">
                <ele>0</ele>
            </trkpt>
            <trkpt lat="44.552241" lon="8.635121">
                <ele>0</ele>
            </trkpt>
            <trkpt lat="44.552268" lon="8.635281">
                <ele>0</ele>
            </trkpt>
            <trkpt lat="44.552276" lon="8.63542">
                <ele>0</ele>
            </trkpt>
            <trkpt lat="44.552237" lon="8.635615">
                <ele>0</ele>
            </trkpt>
            <trkpt lat="44.552176" lon="8.635879">
                <ele>0</ele>
            </trkpt>
            <trkpt lat="44.552173" lon="8.636059">
                <ele>0</ele>
            </trkpt>
            <trkpt lat="44.55219" lon="8.636322">
                <ele>0</ele>
            </trkpt>
            <trkpt lat="44.552208" lon="8.636606">
                <ele>0</ele>
            </trkpt>
            <trkpt lat="44.552208" lon="8.636702">
                <ele>0</ele>
            </trkpt>
            <trkpt lat="44.552189" lon="8.636818">
                <ele>0</ele>
            </trkpt>
            <trkpt lat="44.552139" lon="8.636916">
                <ele>0</ele>
            </trkpt>
            <trkpt lat="44.55206" lon="8.637009">
                <ele>0</ele>
            </trkpt>
            <trkpt lat="44.552024" lon="8.637092">
                <ele>0</ele>
            </trkpt>
            <trkpt lat="44.552031" lon="8.637201">
                <ele>0</ele>
            </trkpt>
            <trkpt lat="44.55209" lon="8.637323">
                <ele>0</ele>
            </trkpt>
            <trkpt lat="44.552179" lon="8.637409">
                <ele>0</ele>
            </trkpt>
            <trkpt lat="44.55239" lon="8.637593">
                <ele>0</ele>
            </trkpt>
            <trkpt lat="44.552544" lon="8.63771">
                <ele>0</ele>
            </trkpt>
            <trkpt lat="44.552636" lon="8.637839">
                <ele>0</ele>
            </trkpt>
            <trkpt lat="44.552862" lon="8.638269">
                <ele>0</ele>
            </trkpt>
            <trkpt lat="44.552929" lon="8.638432">
                <ele>0</ele>
            </trkpt>
            <trkpt lat="44.55306" lon="8.639001">
                <ele>0</ele>
            </trkpt>
            <trkpt lat="44.553101" lon="8.639144">
                <ele>0</ele>
            </trkpt>
            <trkpt lat="44.553244" lon="8.639388">
                <ele>0</ele>
            </trkpt>
            <trkpt lat="44.55341" lon="8.639557">
                <ele>0</ele>
            </trkpt>
            <trkpt lat="44.553497" lon="8.639622">
                <ele>0</ele>
            </trkpt>
            <trkpt lat="44.553607" lon="8.639653">
                <ele>0</ele>
            </trkpt>
            <trkpt lat="44.553694" lon="8.639635">
                <ele>0</ele>
            </trkpt>
            <trkpt lat="44.553749" lon="8.639578">
                <ele>0</ele>
            </trkpt>
            <trkpt lat="44.553792" lon="8.639508">
                <ele>0</ele>
            </trkpt>
            <trkpt lat="44.553821" lon="8.63938">
                <ele>0</ele>
            </trkpt>
            <trkpt lat="44.553805" lon="8.639032">
                <ele>0</ele>
            </trkpt>
            <trkpt lat="44.553818" lon="8.638845">
                <ele>0</ele>
            </trkpt>
            <trkpt lat="44.553862" lon="8.638721">
                <ele>0</ele>
            </trkpt>
            <trkpt lat="44.553946" lon="8.638577">
                <ele>0</ele>
            </trkpt>
            <trkpt lat="44.553992" lon="8.638456">
                <ele>0</ele>
            </trkpt>
            <trkpt lat="44.554021" lon="8.63831">
                <ele>0</ele>
            </trkpt>
            <trkpt lat="44.554025" lon="8.638144">
                <ele>0</ele>
            </trkpt>
            <trkpt lat="44.553942" lon="8.637668">
                <ele>0</ele>
            </trkpt>
            <trkpt lat="44.553926" lon="8.637576">
                <ele>0</ele>
            </trkpt>
            <trkpt lat="44.553906" lon="8.637327">
                <ele>0</ele>
            </trkpt>
            <trkpt lat="44.553931" lon="8.637207">
                <ele>0</ele>
            </trkpt>
            <trkpt lat="44.553986" lon="8.637117">
                <ele>0</ele>
            </trkpt>
            <trkpt lat="44.554107" lon="8.637015">
                <ele>0</ele>
            </trkpt>
            <trkpt lat="44.554222" lon="8.636955">
                <ele>0</ele>
            </trkpt>
            <trkpt lat="44.554279" lon="8.636957">
                <ele>0</ele>
            </trkpt>
            <trkpt lat="44.554332" lon="8.636994">
                <ele>0</ele>
            </trkpt>
            <trkpt lat="44.554391" lon="8.637089">
                <ele>0</ele>
            </trkpt>
            <trkpt lat="44.554453" lon="8.637246">
                <ele>0</ele>
            </trkpt>
            <trkpt lat="44.554622" lon="8.637591">
                <ele>0</ele>
            </trkpt>
            <trkpt lat="44.554751" lon="8.637816">
                <ele>0</ele>
            </trkpt>
            <trkpt lat="44.554813" lon="8.637897">
                <ele>0</ele>
            </trkpt>
            <trkpt lat="44.554885" lon="8.637947">
                <ele>0</ele>
            </trkpt>
            <trkpt lat="44.554977" lon="8.637978">
                <ele>0</ele>
            </trkpt>
            <trkpt lat="44.555057" lon="8.637951">
                <ele>0</ele>
            </trkpt>
            <trkpt lat="44.555137" lon="8.637875">
                <ele>0</ele>
            </trkpt>
            <trkpt lat="44.555473" lon="8.637387">
                <ele>0</ele>
            </trkpt>
            <trkpt lat="44.555578" lon="8.637284">
                <ele>0</ele>
            </trkpt>
            <trkpt lat="44.555673" lon="8.637236">
                <ele>0</ele>
            </trkpt>
            <trkpt lat="44.555776" lon="8.637225">
                <ele>0</ele>
            </trkpt>
            <trkpt lat="44.555848" lon="8.637271">
                <ele>0</ele>
            </trkpt>
            <trkpt lat="44.55592" lon="8.637367">
                <ele>0</ele>
            </trkpt>
            <trkpt lat="44.555923" lon="8.637508">
                <ele>0</ele>
            </trkpt>
            <trkpt lat="44.55577" lon="8.638107">
                <ele>0</ele>
            </trkpt>
            <trkpt lat="44.555729" lon="8.638195">
                <ele>0</ele>
            </trkpt>
            <trkpt lat="44.555513" lon="8.638747">
                <ele>0</ele>
            </trkpt>
            <trkpt lat="44.55547" lon="8.638882">
                <ele>0</ele>
            </trkpt>
            <trkpt lat="44.555461" lon="8.638996">
                <ele>0</ele>
            </trkpt>
            <trkpt lat="44.555494" lon="8.639175">
                <ele>0</ele>
            </trkpt>
            <trkpt lat="44.555552" lon="8.639326">
                <ele>0</ele>
            </trkpt>
            <trkpt lat="44.555572" lon="8.639375">
                <ele>0</ele>
            </trkpt>
            <trkpt lat="44.555787" lon="8.639892">
                <ele>0</ele>
            </trkpt>
            <trkpt lat="44.555859" lon="8.640012">
                <ele>0</ele>
            </trkpt>
            <trkpt lat="44.555948" lon="8.640095">
                <ele>0</ele>
            </trkpt>
            <trkpt lat="44.556125" lon="8.640134">
                <ele>0</ele>
            </trkpt>
            <trkpt lat="44.556526" lon="8.640111">
                <ele>0</ele>
            </trkpt>
            <trkpt lat="44.55671" lon="8.640113">
                <ele>0</ele>
            </trkpt>
            <trkpt lat="44.556795" lon="8.640173">
                <ele>0</ele>
            </trkpt>
            <trkpt lat="44.556871" lon="8.640269">
                <ele>0</ele>
            </trkpt>
            <trkpt lat="44.556908" lon="8.640407">
                <ele>0</ele>
            </trkpt>
            <trkpt lat="44.55691" lon="8.640521">
                <ele>0</ele>
            </trkpt>
            <trkpt lat="44.556851" lon="8.640976">
                <ele>0</ele>
            </trkpt>
            <trkpt lat="44.556835" lon="8.641144">
                <ele>0</ele>
            </trkpt>
            <trkpt lat="44.556826" lon="8.641277">
                <ele>0</ele>
            </trkpt>
            <trkpt lat="44.556839" lon="8.641383">
                <ele>0</ele>
            </trkpt>
            <trkpt lat="44.556874" lon="8.641504">
                <ele>0</ele>
            </trkpt>
            <trkpt lat="44.556934" lon="8.641609">
                <ele>0</ele>
            </trkpt>
            <trkpt lat="44.55704" lon="8.641706">
                <ele>0</ele>
            </trkpt>
            <trkpt lat="44.557187" lon="8.641793">
                <ele>0</ele>
            </trkpt>
            <trkpt lat="44.557261" lon="8.64186">
                <ele>0</ele>
            </trkpt>
            <trkpt lat="44.557315" lon="8.641943">
                <ele>0</ele>
            </trkpt>
            <trkpt lat="44.557381" lon="8.642185">
                <ele>0</ele>
            </trkpt>
            <trkpt lat="44.5574" lon="8.642272">
                <ele>0</ele>
            </trkpt>
            <trkpt lat="44.557404" lon="8.642432">
                <ele>0</ele>
            </trkpt>
            <trkpt lat="44.557383" lon="8.642529">
                <ele>0</ele>
            </trkpt>
            <trkpt lat="44.557161" lon="8.643031">
                <ele>0</ele>
            </trkpt>
            <trkpt lat="44.557115" lon="8.643169">
                <ele>0</ele>
            </trkpt>
            <trkpt lat="44.557111" lon="8.643309">
                <ele>0</ele>
            </trkpt>
            <trkpt lat="44.55714" lon="8.643457">
                <ele>0</ele>
            </trkpt>
            <trkpt lat="44.557237" lon="8.643649">
                <ele>0</ele>
            </trkpt>
            <trkpt lat="44.557332" lon="8.643797">
                <ele>0</ele>
            </trkpt>
            <trkpt lat="44.557454" lon="8.64393">
                <ele>0</ele>
            </trkpt>
            <trkpt lat="44.55757" lon="8.643961">
                <ele>0</ele>
            </trkpt>
            <trkpt lat="44.55767" lon="8.64393">
                <ele>0</ele>
            </trkpt>
            <trkpt lat="44.55782" lon="8.643792">
                <ele>0</ele>
            </trkpt>
            <trkpt lat="44.558189" lon="8.643437">
                <ele>0</ele>
            </trkpt>
            <trkpt lat="44.558292" lon="8.643384">
                <ele>0</ele>
            </trkpt>
            <trkpt lat="44.558361" lon="8.643387">
                <ele>0</ele>
            </trkpt>
            <trkpt lat="44.55848" lon="8.643417">
                <ele>0</ele>
            </trkpt>
            <trkpt lat="44.558818" lon="8.643595">
                <ele>0</ele>
            </trkpt>
            <trkpt lat="44.558909" lon="8.643613">
                <ele>0</ele>
            </trkpt>
            <trkpt lat="44.559022" lon="8.643584">
                <ele>0</ele>
            </trkpt>
            <trkpt lat="44.559107" lon="8.643483">
                <ele>0</ele>
            </trkpt>
            <trkpt lat="44.559194" lon="8.64328">
                <ele>0</ele>
            </trkpt>
            <trkpt lat="44.559264" lon="8.643215">
                <ele>0</ele>
            </trkpt>
            <trkpt lat="44.559414" lon="8.643221">
                <ele>0</ele>
            </trkpt>
            <trkpt lat="44.559868" lon="8.643385">
                <ele>0</ele>
            </trkpt>
            <trkpt lat="44.560146" lon="8.643494">
                <ele>0</ele>
            </trkpt>
            <trkpt lat="44.560212" lon="8.643517">
                <ele>0</ele>
            </trkpt>
            <trkpt lat="44.560295" lon="8.643582">
                <ele>0</ele>
            </trkpt>
            <trkpt lat="44.560439" lon="8.643849">
                <ele>0</ele>
            </trkpt>
            <trkpt lat="44.560543" lon="8.644078">
                <ele>0</ele>
            </trkpt>
            <trkpt lat="44.560569" lon="8.644161">
                <ele>0</ele>
            </trkpt>
            <trkpt lat="44.56058" lon="8.644265">
                <ele>0</ele>
            </trkpt>
            <trkpt lat="44.560545" lon="8.644413">
                <ele>0</ele>
            </trkpt>
            <trkpt lat="44.560163" lon="8.644818">
                <ele>0</ele>
            </trkpt>
            <trkpt lat="44.559966" lon="8.64502">
                <ele>0</ele>
            </trkpt>
            <trkpt lat="44.559811" lon="8.645037">
                <ele>0</ele>
            </trkpt>
            <trkpt lat="44.559419" lon="8.644872">
                <ele>0</ele>
            </trkpt>
            <trkpt lat="44.559291" lon="8.644878">
                <ele>0</ele>
            </trkpt>
            <trkpt lat="44.559177" lon="8.644988">
                <ele>0</ele>
            </trkpt>
            <trkpt lat="44.55915" lon="8.645151">
                <ele>0</ele>
            </trkpt>
            <trkpt lat="44.559175" lon="8.645357">
                <ele>0</ele>
            </trkpt>
            <trkpt lat="44.559428" lon="8.645928">
                <ele>0</ele>
            </trkpt>
            <trkpt lat="44.559495" lon="8.646125">
                <ele>0</ele>
            </trkpt>
            <trkpt lat="44.559568" lon="8.646494">
                <ele>0</ele>
            </trkpt>
            <trkpt lat="44.559612" lon="8.647227">
                <ele>0</ele>
            </trkpt>
            <trkpt lat="44.559674" lon="8.647424">
                <ele>0</ele>
            </trkpt>
            <trkpt lat="44.559783" lon="8.647492">
                <ele>0</ele>
            </trkpt>
            <trkpt lat="44.55987" lon="8.647507">
                <ele>0</ele>
            </trkpt>
            <trkpt lat="44.560067" lon="8.647512">
                <ele>0</ele>
            </trkpt>
            <trkpt lat="44.560184" lon="8.647555">
                <ele>0</ele>
            </trkpt>
            <trkpt lat="44.560772" lon="8.648157">
                <ele>0</ele>
            </trkpt>
            <trkpt lat="44.560825" lon="8.648216">
                <ele>0</ele>
            </trkpt>
            <trkpt lat="44.560877" lon="8.648316">
                <ele>0</ele>
            </trkpt>
            <trkpt lat="44.561225" lon="8.649177">
                <ele>0</ele>
            </trkpt>
            <trkpt lat="44.56131" lon="8.649366">
                <ele>0</ele>
            </trkpt>
            <trkpt lat="44.561393" lon="8.649522">
                <ele>0</ele>
            </trkpt>
            <trkpt lat="44.561702" lon="8.650017">
                <ele>0</ele>
            </trkpt>
            <trkpt lat="44.562057" lon="8.650602">
                <ele>0</ele>
            </trkpt>
            <trkpt lat="44.562177" lon="8.650711">
                <ele>0</ele>
            </trkpt>
            <trkpt lat="44.562271" lon="8.650747">
                <ele>0</ele>
            </trkpt>
            <trkpt lat="44.562371" lon="8.650747">
                <ele>0</ele>
            </trkpt>
            <trkpt lat="44.562804" lon="8.650687">
                <ele>0</ele>
            </trkpt>
            <trkpt lat="44.563178" lon="8.650647">
                <ele>0</ele>
            </trkpt>
            <trkpt lat="44.563362" lon="8.65065">
                <ele>0</ele>
            </trkpt>
            <trkpt lat="44.563588" lon="8.650682">
                <ele>0</ele>
            </trkpt>
            <trkpt lat="44.563882" lon="8.650732">
                <ele>0</ele>
            </trkpt>
            <trkpt lat="44.563964" lon="8.650774">
                <ele>0</ele>
            </trkpt>
            <trkpt lat="44.564021" lon="8.65083">
                <ele>0</ele>
            </trkpt>
            <trkpt lat="44.564144" lon="8.65098">
                <ele>0</ele>
            </trkpt>
            <trkpt lat="44.56436" lon="8.651225">
                <ele>0</ele>
            </trkpt>
            <trkpt lat="44.564921" lon="8.651652">
                <ele>0</ele>
            </trkpt>
            <trkpt lat="44.565189" lon="8.651794">
                <ele>0</ele>
            </trkpt>
            <trkpt lat="44.565419" lon="8.651898">
                <ele>0</ele>
            </trkpt>
            <trkpt lat="44.566423" lon="8.652384">
                <ele>0</ele>
            </trkpt>
            <trkpt lat="44.566485" lon="8.652468">
                <ele>0</ele>
            </trkpt>
            <trkpt lat="44.56665" lon="8.652777">
                <ele>0</ele>
            </trkpt>
            <trkpt lat="44.567254" lon="8.653344">
                <ele>0</ele>
            </trkpt>
            <trkpt lat="44.567308" lon="8.653407">
                <ele>0</ele>
            </trkpt>
            <trkpt lat="44.567342" lon="8.653501">
                <ele>0</ele>
            </trkpt>
            <trkpt lat="44.567401" lon="8.653766">
                <ele>0</ele>
            </trkpt>
            <trkpt lat="44.567445" lon="8.653876">
                <ele>0</ele>
            </trkpt>
            <trkpt lat="44.567531" lon="8.654035">
                <ele>0</ele>
            </trkpt>
            <trkpt lat="44.567583" lon="8.654177">
                <ele>0</ele>
            </trkpt>
            <trkpt lat="44.567581" lon="8.654625">
                <ele>0</ele>
            </trkpt>
            <trkpt lat="44.567614" lon="8.654799">
                <ele>0</ele>
            </trkpt>
            <trkpt lat="44.567685" lon="8.654919">
                <ele>0</ele>
            </trkpt>
            <trkpt lat="44.567774" lon="8.65499">
                <ele>0</ele>
            </trkpt>
            <trkpt lat="44.567912" lon="8.655043">
                <ele>0</ele>
            </trkpt>
            <trkpt lat="44.568271" lon="8.655068">
                <ele>0</ele>
            </trkpt>
            <trkpt lat="44.568682" lon="8.655236">
                <ele>0</ele>
            </trkpt>
            <trkpt lat="44.568812" lon="8.655352">
                <ele>0</ele>
            </trkpt>
            <trkpt lat="44.568925" lon="8.655524">
                <ele>0</ele>
            </trkpt>
            <trkpt lat="44.569014" lon="8.655686">
                <ele>0</ele>
            </trkpt>
            <trkpt lat="44.569022" lon="8.655749">
                <ele>0</ele>
            </trkpt>
            <trkpt lat="44.569021" lon="8.655822">
                <ele>0</ele>
            </trkpt>
            <trkpt lat="44.568936" lon="8.656239">
                <ele>0</ele>
            </trkpt>
            <trkpt lat="44.568854" lon="8.656553">
                <ele>0</ele>
            </trkpt>
            <trkpt lat="44.568745" lon="8.656752">
                <ele>0</ele>
            </trkpt>
            <trkpt lat="44.568648" lon="8.657105">
                <ele>0</ele>
            </trkpt>
            <trkpt lat="44.568632" lon="8.657328">
                <ele>0</ele>
            </trkpt>
            <trkpt lat="44.568613" lon="8.658079">
                <ele>0</ele>
            </trkpt>
            <trkpt lat="44.568627" lon="8.658227">
                <ele>0</ele>
            </trkpt>
            <trkpt lat="44.568704" lon="8.658566">
                <ele>0</ele>
            </trkpt>
            <trkpt lat="44.568726" lon="8.658702">
                <ele>0</ele>
            </trkpt>
            <trkpt lat="44.568744" lon="8.658911">
                <ele>0</ele>
            </trkpt>
            <trkpt lat="44.568729" lon="8.659124">
                <ele>0</ele>
            </trkpt>
            <trkpt lat="44.568699" lon="8.659316">
                <ele>0</ele>
            </trkpt>
            <trkpt lat="44.568422" lon="8.660002">
                <ele>0</ele>
            </trkpt>
            <trkpt lat="44.568362" lon="8.660409">
                <ele>0</ele>
            </trkpt>
            <trkpt lat="44.56833" lon="8.660545">
                <ele>0</ele>
            </trkpt>
            <trkpt lat="44.568323" lon="8.660573">
                <ele>0</ele>
            </trkpt>
            <trkpt lat="44.568001" lon="8.661804">
                <ele>0</ele>
            </trkpt>
            <trkpt lat="44.567941" lon="8.662156">
                <ele>0</ele>
            </trkpt>
            <trkpt lat="44.567926" lon="8.662241">
                <ele>0</ele>
            </trkpt>
            <trkpt lat="44.56789" lon="8.662448">
                <ele>0</ele>
            </trkpt>
            <trkpt lat="44.567893" lon="8.662637">
                <ele>0</ele>
            </trkpt>
            <trkpt lat="44.567895" lon="8.662761">
                <ele>0</ele>
            </trkpt>
            <trkpt lat="44.567899" lon="8.662907">
                <ele>0</ele>
            </trkpt>
            <trkpt lat="44.5679" lon="8.662933">
                <ele>0</ele>
            </trkpt>
            <trkpt lat="44.567891" lon="8.663009">
                <ele>0</ele>
            </trkpt>
            <trkpt lat="44.567876" lon="8.663137">
                <ele>0</ele>
            </trkpt>
            <trkpt lat="44.567849" lon="8.663362">
                <ele>0</ele>
            </trkpt>
            <trkpt lat="44.567825" lon="8.663724">
                <ele>0</ele>
            </trkpt>
            <trkpt lat="44.567823" lon="8.663945">
                <ele>0</ele>
            </trkpt>
            <trkpt lat="44.567822" lon="8.664084">
                <ele>0</ele>
            </trkpt>
            <trkpt lat="44.567818" lon="8.664148">
                <ele>0</ele>
            </trkpt>
            <trkpt lat="44.56793" lon="8.664225">
                <ele>0</ele>
            </trkpt>
            <trkpt lat="44.568009" lon="8.664298">
                <ele>0</ele>
            </trkpt>
            <trkpt lat="44.568098" lon="8.664392">
                <ele>0</ele>
            </trkpt>
            <trkpt lat="44.56815" lon="8.664452">
                <ele>0</ele>
            </trkpt>
            <trkpt lat="44.568192" lon="8.66451">
                <ele>0</ele>
            </trkpt>
            <trkpt lat="44.568222" lon="8.664553">
                <ele>0</ele>
            </trkpt>
            <trkpt lat="44.568467" lon="8.664895">
                <ele>0</ele>
            </trkpt>
            <trkpt lat="44.568472" lon="8.664905">
                <ele>0</ele>
            </trkpt>
            <trkpt lat="44.568526" lon="8.664977">
                <ele>0</ele>
            </trkpt>
            <trkpt lat="44.568701" lon="8.665258">
                <ele>0</ele>
            </trkpt>
            <trkpt lat="44.568875" lon="8.665541">
                <ele>0</ele>
            </trkpt>
            <trkpt lat="44.56896" lon="8.665682">
                <ele>0</ele>
            </trkpt>
            <trkpt lat="44.569078" lon="8.665855">
                <ele>0</ele>
            </trkpt>
            <trkpt lat="44.569126" lon="8.665914">
                <ele>0</ele>
            </trkpt>
            <trkpt lat="44.569143" lon="8.665937">
                <ele>0</ele>
            </trkpt>
            <trkpt lat="44.569302" lon="8.66614">
                <ele>0</ele>
            </trkpt>
            <trkpt lat="44.569409" lon="8.666249">
                <ele>0</ele>
            </trkpt>
            <trkpt lat="44.569481" lon="8.666299">
                <ele>0</ele>
            </trkpt>
            <trkpt lat="44.569571" lon="8.666351">
                <ele>0</ele>
            </trkpt>
            <trkpt lat="44.569686" lon="8.666394">
                <ele>0</ele>
            </trkpt>
            <trkpt lat="44.569829" lon="8.666445">
                <ele>0</ele>
            </trkpt>
            <trkpt lat="44.569878" lon="8.666474">
                <ele>0</ele>
            </trkpt>
            <trkpt lat="44.56994" lon="8.66651">
                <ele>0</ele>
            </trkpt>
            <trkpt lat="44.569967" lon="8.666531">
                <ele>0</ele>
            </trkpt>
            <trkpt lat="44.570083" lon="8.666623">
                <ele>0</ele>
            </trkpt>
            <trkpt lat="44.570268" lon="8.66677">
                <ele>0</ele>
            </trkpt>
            <trkpt lat="44.570352" lon="8.666816">
                <ele>0</ele>
            </trkpt>
            <trkpt lat="44.570406" lon="8.666832">
                <ele>0</ele>
            </trkpt>
            <trkpt lat="44.570471" lon="8.666845">
                <ele>0</ele>
            </trkpt>
            <trkpt lat="44.57075" lon="8.666887">
                <ele>0</ele>
            </trkpt>
            <trkpt lat="44.570824" lon="8.666895">
                <ele>0</ele>
            </trkpt>
            <trkpt lat="44.570891" lon="8.666903">
                <ele>0</ele>
            </trkpt>
            <trkpt lat="44.570947" lon="8.666915">
                <ele>0</ele>
            </trkpt>
            <trkpt lat="44.571059" lon="8.666939">
                <ele>0</ele>
            </trkpt>
            <trkpt lat="44.571147" lon="8.666964">
                <ele>0</ele>
            </trkpt>
            <trkpt lat="44.571223" lon="8.666991">
                <ele>0</ele>
            </trkpt>
            <trkpt lat="44.571302" lon="8.667023">
                <ele>0</ele>
            </trkpt>
            <trkpt lat="44.571379" lon="8.667067">
                <ele>0</ele>
            </trkpt>
            <trkpt lat="44.571449" lon="8.667115">
                <ele>0</ele>
            </trkpt>
            <trkpt lat="44.571529" lon="8.667174">
                <ele>0</ele>
            </trkpt>
            <trkpt lat="44.571719" lon="8.667327">
                <ele>0</ele>
            </trkpt>
            <trkpt lat="44.571862" lon="8.667432">
                <ele>0</ele>
            </trkpt>
            <trkpt lat="44.571943" lon="8.667479">
                <ele>0</ele>
            </trkpt>
            <trkpt lat="44.572038" lon="8.667525">
                <ele>0</ele>
            </trkpt>
            <trkpt lat="44.572116" lon="8.667552">
                <ele>0</ele>
            </trkpt>
            <trkpt lat="44.572202" lon="8.667577">
                <ele>0</ele>
            </trkpt>
            <trkpt lat="44.572271" lon="8.667592">
                <ele>0</ele>
            </trkpt>
            <trkpt lat="44.572352" lon="8.667608">
                <ele>0</ele>
            </trkpt>
            <trkpt lat="44.572459" lon="8.667618">
                <ele>0</ele>
            </trkpt>
            <trkpt lat="44.572583" lon="8.6676">
                <ele>0</ele>
            </trkpt>
            <trkpt lat="44.572662" lon="8.667567">
                <ele>0</ele>
            </trkpt>
            <trkpt lat="44.572775" lon="8.667483">
                <ele>0</ele>
            </trkpt>
            <trkpt lat="44.572901" lon="8.667351">
                <ele>0</ele>
            </trkpt>
            <trkpt lat="44.572976" lon="8.667298">
                <ele>0</ele>
            </trkpt>
            <trkpt lat="44.573036" lon="8.667262">
                <ele>0</ele>
            </trkpt>
            <trkpt lat="44.573092" lon="8.667241">
                <ele>0</ele>
            </trkpt>
            <trkpt lat="44.57321" lon="8.667202">
                <ele>0</ele>
            </trkpt>
            <trkpt lat="44.573372" lon="8.667169">
                <ele>0</ele>
            </trkpt>
            <trkpt lat="44.573473" lon="8.66716">
                <ele>0</ele>
            </trkpt>
            <trkpt lat="44.573581" lon="8.667156">
                <ele>0</ele>
            </trkpt>
            <trkpt lat="44.573678" lon="8.667167">
                <ele>0</ele>
            </trkpt>
            <trkpt lat="44.573763" lon="8.667186">
                <ele>0</ele>
            </trkpt>
            <trkpt lat="44.573845" lon="8.66721">
                <ele>0</ele>
            </trkpt>
            <trkpt lat="44.573961" lon="8.667244">
                <ele>0</ele>
            </trkpt>
            <trkpt lat="44.574152" lon="8.667307">
                <ele>0</ele>
            </trkpt>
            <trkpt lat="44.574488" lon="8.667417">
                <ele>0</ele>
            </trkpt>
            <trkpt lat="44.574562" lon="8.667441">
                <ele>0</ele>
            </trkpt>
            <trkpt lat="44.574619" lon="8.667455">
                <ele>0</ele>
            </trkpt>
            <trkpt lat="44.574682" lon="8.667465">
                <ele>0</ele>
            </trkpt>
            <trkpt lat="44.574741" lon="8.667464">
                <ele>0</ele>
            </trkpt>
            <trkpt lat="44.574807" lon="8.667452">
                <ele>0</ele>
            </trkpt>
            <trkpt lat="44.574868" lon="8.667433">
                <ele>0</ele>
            </trkpt>
            <trkpt lat="44.574929" lon="8.667405">
                <ele>0</ele>
            </trkpt>
            <trkpt lat="44.575032" lon="8.667322">
                <ele>0</ele>
            </trkpt>
            <trkpt lat="44.575107" lon="8.667227">
                <ele>0</ele>
            </trkpt>
            <trkpt lat="44.575184" lon="8.667108">
                <ele>0</ele>
            </trkpt>
            <trkpt lat="44.575236" lon="8.667021">
                <ele>0</ele>
            </trkpt>
            <trkpt lat="44.575285" lon="8.666937">
                <ele>0</ele>
            </trkpt>
            <trkpt lat="44.57532" lon="8.666872">
                <ele>0</ele>
            </trkpt>
            <trkpt lat="44.575345" lon="8.666808">
                <ele>0</ele>
            </trkpt>
            <trkpt lat="44.57537" lon="8.666725">
                <ele>0</ele>
            </trkpt>
            <trkpt lat="44.575383" lon="8.666631">
                <ele>0</ele>
            </trkpt>
            <trkpt lat="44.575388" lon="8.666507">
                <ele>0</ele>
            </trkpt>
            <trkpt lat="44.575382" lon="8.666355">
                <ele>0</ele>
            </trkpt>
            <trkpt lat="44.575358" lon="8.665912">
                <ele>0</ele>
            </trkpt>
            <trkpt lat="44.575334" lon="8.66547">
                <ele>0</ele>
            </trkpt>
            <trkpt lat="44.575328" lon="8.665332">
                <ele>0</ele>
            </trkpt>
            <trkpt lat="44.575327" lon="8.665215">
                <ele>0</ele>
            </trkpt>
            <trkpt lat="44.575328" lon="8.665078">
                <ele>0</ele>
            </trkpt>
            <trkpt lat="44.575335" lon="8.664959">
                <ele>0</ele>
            </trkpt>
            <trkpt lat="44.575347" lon="8.664818">
                <ele>0</ele>
            </trkpt>
            <trkpt lat="44.575356" lon="8.664742">
                <ele>0</ele>
            </trkpt>
            <trkpt lat="44.575439" lon="8.664148">
                <ele>0</ele>
            </trkpt>
            <trkpt lat="44.575462" lon="8.66398">
                <ele>0</ele>
            </trkpt>
            <trkpt lat="44.575477" lon="8.663889">
                <ele>0</ele>
            </trkpt>
            <trkpt lat="44.575483" lon="8.663793">
                <ele>0</ele>
            </trkpt>
            <trkpt lat="44.575482" lon="8.663709">
                <ele>0</ele>
            </trkpt>
            <trkpt lat="44.575473" lon="8.66362">
                <ele>0</ele>
            </trkpt>
            <trkpt lat="44.575446" lon="8.663517">
                <ele>0</ele>
            </trkpt>
            <trkpt lat="44.575404" lon="8.663393">
                <ele>0</ele>
            </trkpt>
            <trkpt lat="44.575381" lon="8.663308">
                <ele>0</ele>
            </trkpt>
            <trkpt lat="44.575372" lon="8.663249">
                <ele>0</ele>
            </trkpt>
            <trkpt lat="44.575375" lon="8.663187">
                <ele>0</ele>
            </trkpt>
            <trkpt lat="44.575394" lon="8.66297">
                <ele>0</ele>
            </trkpt>
            <trkpt lat="44.575395" lon="8.662815">
                <ele>0</ele>
            </trkpt>
            <trkpt lat="44.575377" lon="8.662584">
                <ele>0</ele>
            </trkpt>
            <trkpt lat="44.575363" lon="8.66247">
                <ele>0</ele>
            </trkpt>
            <trkpt lat="44.575347" lon="8.662363">
                <ele>0</ele>
            </trkpt>
            <trkpt lat="44.575316" lon="8.662232">
                <ele>0</ele>
            </trkpt>
            <trkpt lat="44.575279" lon="8.662142">
                <ele>0</ele>
            </trkpt>
            <trkpt lat="44.575243" lon="8.66207">
                <ele>0</ele>
            </trkpt>
            <trkpt lat="44.575191" lon="8.661976">
                <ele>0</ele>
            </trkpt>
            <trkpt lat="44.575166" lon="8.661918">
                <ele>0</ele>
            </trkpt>
            <trkpt lat="44.575153" lon="8.661863">
                <ele>0</ele>
            </trkpt>
            <trkpt lat="44.575145" lon="8.661815">
                <ele>0</ele>
            </trkpt>
            <trkpt lat="44.575143" lon="8.661762">
                <ele>0</ele>
            </trkpt>
            <trkpt lat="44.575149" lon="8.6617">
                <ele>0</ele>
            </trkpt>
            <trkpt lat="44.575162" lon="8.661645">
                <ele>0</ele>
            </trkpt>
            <trkpt lat="44.575186" lon="8.661578">
                <ele>0</ele>
            </trkpt>
            <trkpt lat="44.575232" lon="8.661448">
                <ele>0</ele>
            </trkpt>
            <trkpt lat="44.575274" lon="8.661339">
                <ele>0</ele>
            </trkpt>
            <trkpt lat="44.575305" lon="8.661256">
                <ele>0</ele>
            </trkpt>
            <trkpt lat="44.575337" lon="8.661122">
                <ele>0</ele>
            </trkpt>
            <trkpt lat="44.575356" lon="8.661009">
                <ele>0</ele>
            </trkpt>
            <trkpt lat="44.575367" lon="8.660921">
                <ele>0</ele>
            </trkpt>
            <trkpt lat="44.575371" lon="8.660831">
                <ele>0</ele>
            </trkpt>
            <trkpt lat="44.57537" lon="8.660745">
                <ele>0</ele>
            </trkpt>
            <trkpt lat="44.575364" lon="8.660669">
                <ele>0</ele>
            </trkpt>
            <trkpt lat="44.575353" lon="8.660606">
                <ele>0</ele>
            </trkpt>
            <trkpt lat="44.575343" lon="8.66051">
                <ele>0</ele>
            </trkpt>
            <trkpt lat="44.575339" lon="8.660432">
                <ele>0</ele>
            </trkpt>
            <trkpt lat="44.575339" lon="8.660356">
                <ele>0</ele>
            </trkpt>
            <trkpt lat="44.57535" lon="8.660287">
                <ele>0</ele>
            </trkpt>
            <trkpt lat="44.57536" lon="8.660247">
                <ele>0</ele>
            </trkpt>
            <trkpt lat="44.575374" lon="8.660203">
                <ele>0</ele>
            </trkpt>
            <trkpt lat="44.5754" lon="8.660151">
                <ele>0</ele>
            </trkpt>
            <trkpt lat="44.575431" lon="8.660105">
                <ele>0</ele>
            </trkpt>
            <trkpt lat="44.575464" lon="8.660066">
                <ele>0</ele>
            </trkpt>
            <trkpt lat="44.575608" lon="8.659885">
                <ele>0</ele>
            </trkpt>
            <trkpt lat="44.575655" lon="8.659835">
                <ele>0</ele>
            </trkpt>
            <trkpt lat="44.575698" lon="8.659781">
                <ele>0</ele>
            </trkpt>
            <trkpt lat="44.57574" lon="8.659723">
                <ele>0</ele>
            </trkpt>
            <trkpt lat="44.575786" lon="8.659653">
                <ele>0</ele>
            </trkpt>
            <trkpt lat="44.575836" lon="8.659574">
                <ele>0</ele>
            </trkpt>
            <trkpt lat="44.575876" lon="8.65951">
                <ele>0</ele>
            </trkpt>
            <trkpt lat="44.575931" lon="8.659454">
                <ele>0</ele>
            </trkpt>
            <trkpt lat="44.575999" lon="8.659429">
                <ele>0</ele>
            </trkpt>
            <trkpt lat="44.576044" lon="8.659417">
                <ele>0</ele>
            </trkpt>
            <trkpt lat="44.576086" lon="8.659406">
                <ele>0</ele>
            </trkpt>
            <trkpt lat="44.576133" lon="8.659411">
                <ele>0</ele>
            </trkpt>
            <trkpt lat="44.57617" lon="8.659414">
                <ele>0</ele>
            </trkpt>
            <trkpt lat="44.576214" lon="8.659423">
                <ele>0</ele>
            </trkpt>
            <trkpt lat="44.576259" lon="8.659446">
                <ele>0</ele>
            </trkpt>
            <trkpt lat="44.5763" lon="8.659476">
                <ele>0</ele>
            </trkpt>
            <trkpt lat="44.576339" lon="8.659512">
                <ele>0</ele>
            </trkpt>
            <trkpt lat="44.576368" lon="8.659553">
                <ele>0</ele>
            </trkpt>
            <trkpt lat="44.576393" lon="8.659594">
                <ele>0</ele>
            </trkpt>
            <trkpt lat="44.576415" lon="8.659632">
                <ele>0</ele>
            </trkpt>
            <trkpt lat="44.576452" lon="8.65969">
                <ele>0</ele>
            </trkpt>
            <trkpt lat="44.57647" lon="8.659715">
                <ele>0</ele>
            </trkpt>
            <trkpt lat="44.576494" lon="8.659744">
                <ele>0</ele>
            </trkpt>
            <trkpt lat="44.576539" lon="8.659786">
                <ele>0</ele>
            </trkpt>
            <trkpt lat="44.576572" lon="8.659807">
                <ele>0</ele>
            </trkpt>
            <trkpt lat="44.576614" lon="8.659822">
                <ele>0</ele>
            </trkpt>
            <trkpt lat="44.576671" lon="8.659829">
                <ele>0</ele>
            </trkpt>
            <trkpt lat="44.576831" lon="8.659812">
                <ele>0</ele>
            </trkpt>
            <trkpt lat="44.576975" lon="8.659803">
                <ele>0</ele>
            </trkpt>
            <trkpt lat="44.577116" lon="8.659797">
                <ele>0</ele>
            </trkpt>
            <trkpt lat="44.577172" lon="8.659804">
                <ele>0</ele>
            </trkpt>
            <trkpt lat="44.577219" lon="8.659814">
                <ele>0</ele>
            </trkpt>
            <trkpt lat="44.577265" lon="8.659829">
                <ele>0</ele>
            </trkpt>
            <trkpt lat="44.577322" lon="8.659846">
                <ele>0</ele>
            </trkpt>
            <trkpt lat="44.577362" lon="8.659859">
                <ele>0</ele>
            </trkpt>
            <trkpt lat="44.577399" lon="8.659874">
                <ele>0</ele>
            </trkpt>
            <trkpt lat="44.577444" lon="8.659897">
                <ele>0</ele>
            </trkpt>
            <trkpt lat="44.577685" lon="8.660003">
                <ele>0</ele>
            </trkpt>
            <trkpt lat="44.577735" lon="8.660019">
                <ele>0</ele>
            </trkpt>
            <trkpt lat="44.577798" lon="8.660034">
                <ele>0</ele>
            </trkpt>
            <trkpt lat="44.57787" lon="8.66004">
                <ele>0</ele>
            </trkpt>
            <trkpt lat="44.57796" lon="8.660044">
                <ele>0</ele>
            </trkpt>
            <trkpt lat="44.578404" lon="8.660034">
                <ele>0</ele>
            </trkpt>
            <trkpt lat="44.578628" lon="8.660028">
                <ele>0</ele>
            </trkpt>
            <trkpt lat="44.578858" lon="8.660017">
                <ele>0</ele>
            </trkpt>
            <trkpt lat="44.578874" lon="8.660017">
                <ele>0</ele>
            </trkpt>
            <trkpt lat="44.578961" lon="8.660017">
                <ele>0</ele>
            </trkpt>
            <trkpt lat="44.579029" lon="8.660029">
                <ele>0</ele>
            </trkpt>
            <trkpt lat="44.579077" lon="8.660049">
                <ele>0</ele>
            </trkpt>
            <trkpt lat="44.579107" lon="8.660069">
                <ele>0</ele>
            </trkpt>
            <trkpt lat="44.579156" lon="8.660119">
                <ele>0</ele>
            </trkpt>
            <trkpt lat="44.579204" lon="8.660188">
                <ele>0</ele>
            </trkpt>
            <trkpt lat="44.579247" lon="8.660267">
                <ele>0</ele>
            </trkpt>
            <trkpt lat="44.579298" lon="8.66035">
                <ele>0</ele>
            </trkpt>
            <trkpt lat="44.579347" lon="8.660423">
                <ele>0</ele>
            </trkpt>
            <trkpt lat="44.579407" lon="8.660494">
                <ele>0</ele>
            </trkpt>
            <trkpt lat="44.579457" lon="8.660541">
                <ele>0</ele>
            </trkpt>
            <trkpt lat="44.579539" lon="8.66061">
                <ele>0</ele>
            </trkpt>
            <trkpt lat="44.57961" lon="8.660661">
                <ele>0</ele>
            </trkpt>
            <trkpt lat="44.5797" lon="8.660718">
                <ele>0</ele>
            </trkpt>
            <trkpt lat="44.579784" lon="8.660765">
                <ele>0</ele>
            </trkpt>
            <trkpt lat="44.57986" lon="8.660807">
                <ele>0</ele>
            </trkpt>
            <trkpt lat="44.579951" lon="8.660866">
                <ele>0</ele>
            </trkpt>
            <trkpt lat="44.580016" lon="8.660919">
                <ele>0</ele>
            </trkpt>
            <trkpt lat="44.580046" lon="8.660943">
                <ele>0</ele>
            </trkpt>
            <trkpt lat="44.580128" lon="8.661019">
                <ele>0</ele>
            </trkpt>
            <trkpt lat="44.58021" lon="8.66111">
                <ele>0</ele>
            </trkpt>
            <trkpt lat="44.580302" lon="8.661216">
                <ele>0</ele>
            </trkpt>
            <trkpt lat="44.580595" lon="8.661581">
                <ele>0</ele>
            </trkpt>
            <trkpt lat="44.580666" lon="8.661667">
                <ele>0</ele>
            </trkpt>
            <trkpt lat="44.580707" lon="8.661724">
                <ele>0</ele>
            </trkpt>
            <trkpt lat="44.58074" lon="8.661779">
                <ele>0</ele>
            </trkpt>
            <trkpt lat="44.580764" lon="8.661828">
                <ele>0</ele>
            </trkpt>
            <trkpt lat="44.580796" lon="8.661893">
                <ele>0</ele>
            </trkpt>
            <trkpt lat="44.580828" lon="8.661955">
                <ele>0</ele>
            </trkpt>
            <trkpt lat="44.580866" lon="8.662042">
                <ele>0</ele>
            </trkpt>
            <trkpt lat="44.580899" lon="8.662131">
                <ele>0</ele>
            </trkpt>
            <trkpt lat="44.580925" lon="8.662204">
                <ele>0</ele>
            </trkpt>
            <trkpt lat="44.580966" lon="8.66228">
                <ele>0</ele>
            </trkpt>
            <trkpt lat="44.581011" lon="8.662355">
                <ele>0</ele>
            </trkpt>
            <trkpt lat="44.581085" lon="8.662476">
                <ele>0</ele>
            </trkpt>
            <trkpt lat="44.581123" lon="8.662582">
                <ele>0</ele>
            </trkpt>
            <trkpt lat="44.581155" lon="8.66271">
                <ele>0</ele>
            </trkpt>
            <trkpt lat="44.581177" lon="8.662787">
                <ele>0</ele>
            </trkpt>
            <trkpt lat="44.581205" lon="8.662872">
                <ele>0</ele>
            </trkpt>
            <trkpt lat="44.581247" lon="8.662982">
                <ele>0</ele>
            </trkpt>
            <trkpt lat="44.581298" lon="8.663096">
                <ele>0</ele>
            </trkpt>
            <trkpt lat="44.581799" lon="8.664178">
                <ele>0</ele>
            </trkpt>
            <trkpt lat="44.581992" lon="8.664615">
                <ele>0</ele>
            </trkpt>
            <trkpt lat="44.582031" lon="8.664681">
                <ele>0</ele>
            </trkpt>
            <trkpt lat="44.582056" lon="8.664724">
                <ele>0</ele>
            </trkpt>
            <trkpt lat="44.582081" lon="8.664755">
                <ele>0</ele>
            </trkpt>
            <trkpt lat="44.582117" lon="8.664792">
                <ele>0</ele>
            </trkpt>
            <trkpt lat="44.582174" lon="8.664834">
                <ele>0</ele>
            </trkpt>
            <trkpt lat="44.582258" lon="8.664864">
                <ele>0</ele>
            </trkpt>
            <trkpt lat="44.582296" lon="8.664871">
                <ele>0</ele>
            </trkpt>
            <trkpt lat="44.582339" lon="8.664874">
                <ele>0</ele>
            </trkpt>
            <trkpt lat="44.582413" lon="8.664862">
                <ele>0</ele>
            </trkpt>
            <trkpt lat="44.582493" lon="8.664845">
                <ele>0</ele>
            </trkpt>
            <trkpt lat="44.58272" lon="8.664769">
                <ele>0</ele>
            </trkpt>
            <trkpt lat="44.582807" lon="8.664733">
                <ele>0</ele>
            </trkpt>
            <trkpt lat="44.582877" lon="8.664694">
                <ele>0</ele>
            </trkpt>
            <trkpt lat="44.583022" lon="8.664586">
                <ele>0</ele>
            </trkpt>
            <trkpt lat="44.583174" lon="8.664447">
                <ele>0</ele>
            </trkpt>
            <trkpt lat="44.583434" lon="8.664186">
                <ele>0</ele>
            </trkpt>
            <trkpt lat="44.583621" lon="8.664013">
                <ele>0</ele>
            </trkpt>
            <trkpt lat="44.583696" lon="8.663952">
                <ele>0</ele>
            </trkpt>
            <trkpt lat="44.584019" lon="8.663767">
                <ele>0</ele>
            </trkpt>
            <trkpt lat="44.584185" lon="8.663677">
                <ele>0</ele>
            </trkpt>
            <trkpt lat="44.584371" lon="8.663576">
                <ele>0</ele>
            </trkpt>
            <trkpt lat="44.585079" lon="8.663163">
                <ele>0</ele>
            </trkpt>
            <trkpt lat="44.585417" lon="8.662966">
                <ele>0</ele>
            </trkpt>
            <trkpt lat="44.585717" lon="8.662791">
                <ele>0</ele>
            </trkpt>
            <trkpt lat="44.585889" lon="8.662691">
                <ele>0</ele>
            </trkpt>
            <trkpt lat="44.586043" lon="8.662602">
                <ele>0</ele>
            </trkpt>
            <trkpt lat="44.586166" lon="8.662544">
                <ele>0</ele>
            </trkpt>
            <trkpt lat="44.586253" lon="8.662512">
                <ele>0</ele>
            </trkpt>
            <trkpt lat="44.586418" lon="8.662472">
                <ele>0</ele>
            </trkpt>
            <trkpt lat="44.586566" lon="8.662442">
                <ele>0</ele>
            </trkpt>
            <trkpt lat="44.58669" lon="8.662426">
                <ele>0</ele>
            </trkpt>
            <trkpt lat="44.58684" lon="8.662407">
                <ele>0</ele>
            </trkpt>
            <trkpt lat="44.587354" lon="8.662367">
                <ele>0</ele>
            </trkpt>
            <trkpt lat="44.587539" lon="8.66234">
                <ele>0</ele>
            </trkpt>
            <trkpt lat="44.587787" lon="8.66231">
                <ele>0</ele>
            </trkpt>
            <trkpt lat="44.587887" lon="8.66231">
                <ele>0</ele>
            </trkpt>
            <trkpt lat="44.588061" lon="8.662309">
                <ele>0</ele>
            </trkpt>
            <trkpt lat="44.588336" lon="8.662307">
                <ele>0</ele>
            </trkpt>
            <trkpt lat="44.588558" lon="8.662294">
                <ele>0</ele>
            </trkpt>
            <trkpt lat="44.588845" lon="8.662266">
                <ele>0</ele>
            </trkpt>
            <trkpt lat="44.589235" lon="8.662232">
                <ele>0</ele>
            </trkpt>
            <trkpt lat="44.589435" lon="8.662226">
                <ele>0</ele>
            </trkpt>
            <trkpt lat="44.589644" lon="8.662227">
                <ele>0</ele>
            </trkpt>
            <trkpt lat="44.589773" lon="8.662229">
                <ele>0</ele>
            </trkpt>
            <trkpt lat="44.589917" lon="8.662239">
                <ele>0</ele>
            </trkpt>
            <trkpt lat="44.59002" lon="8.662251">
                <ele>0</ele>
            </trkpt>
            <trkpt lat="44.590109" lon="8.662268">
                <ele>0</ele>
            </trkpt>
            <trkpt lat="44.590212" lon="8.662293">
                <ele>0</ele>
            </trkpt>
            <trkpt lat="44.590331" lon="8.662325">
                <ele>0</ele>
            </trkpt>
            <trkpt lat="44.590409" lon="8.662348">
                <ele>0</ele>
            </trkpt>
            <trkpt lat="44.590563" lon="8.662395">
                <ele>0</ele>
            </trkpt>
            <trkpt lat="44.590724" lon="8.662451">
                <ele>0</ele>
            </trkpt>
            <trkpt lat="44.590819" lon="8.662487">
                <ele>0</ele>
            </trkpt>
            <trkpt lat="44.590927" lon="8.662536">
                <ele>0</ele>
            </trkpt>
            <trkpt lat="44.591019" lon="8.662586">
                <ele>0</ele>
            </trkpt>
            <trkpt lat="44.591275" lon="8.662715">
                <ele>0</ele>
            </trkpt>
            <trkpt lat="44.591284" lon="8.66272">
                <ele>0</ele>
            </trkpt>
            <trkpt lat="44.591573" lon="8.662891">
                <ele>0</ele>
            </trkpt>
            <trkpt lat="44.591696" lon="8.662951">
                <ele>0</ele>
            </trkpt>
            <trkpt lat="44.591761" lon="8.662982">
                <ele>0</ele>
            </trkpt>
            <trkpt lat="44.591941" lon="8.663046">
                <ele>0</ele>
            </trkpt>
            <trkpt lat="44.592232" lon="8.663129">
                <ele>0</ele>
            </trkpt>
            <trkpt lat="44.592853" lon="8.663357">
                <ele>0</ele>
            </trkpt>
            <trkpt lat="44.593004" lon="8.663412">
                <ele>0</ele>
            </trkpt>
            <trkpt lat="44.593432" lon="8.663569">
                <ele>0</ele>
            </trkpt>
            <trkpt lat="44.593636" lon="8.663637">
                <ele>0</ele>
            </trkpt>
            <trkpt lat="44.593856" lon="8.66371">
                <ele>0</ele>
            </trkpt>
            <trkpt lat="44.5939" lon="8.663725">
                <ele>0</ele>
            </trkpt>
            <trkpt lat="44.59398" lon="8.663752">
                <ele>0</ele>
            </trkpt>
            <trkpt lat="44.594291" lon="8.663856">
                <ele>0</ele>
            </trkpt>
            <trkpt lat="44.594601" lon="8.66396">
                <ele>0</ele>
            </trkpt>
            <trkpt lat="44.594685" lon="8.663988">
                <ele>0</ele>
            </trkpt>
            <trkpt lat="44.595209" lon="8.664165">
                <ele>0</ele>
            </trkpt>
            <trkpt lat="44.595777" lon="8.664356">
                <ele>0</ele>
            </trkpt>
            <trkpt lat="44.595914" lon="8.664404">
                <ele>0</ele>
            </trkpt>
            <trkpt lat="44.596036" lon="8.664442">
                <ele>0</ele>
            </trkpt>
            <trkpt lat="44.596144" lon="8.664473">
                <ele>0</ele>
            </trkpt>
            <trkpt lat="44.596239" lon="8.664493">
                <ele>0</ele>
            </trkpt>
            <trkpt lat="44.596395" lon="8.664521">
                <ele>0</ele>
            </trkpt>
            <trkpt lat="44.596553" lon="8.664538">
                <ele>0</ele>
            </trkpt>
            <trkpt lat="44.596656" lon="8.664547">
                <ele>0</ele>
            </trkpt>
            <trkpt lat="44.596804" lon="8.66456">
                <ele>0</ele>
            </trkpt>
            <trkpt lat="44.59697" lon="8.66457">
                <ele>0</ele>
            </trkpt>
            <trkpt lat="44.597071" lon="8.664576">
                <ele>0</ele>
            </trkpt>
            <trkpt lat="44.597144" lon="8.664579">
                <ele>0</ele>
            </trkpt>
            <trkpt lat="44.597229" lon="8.664573">
                <ele>0</ele>
            </trkpt>
            <trkpt lat="44.597303" lon="8.664562">
                <ele>0</ele>
            </trkpt>
            <trkpt lat="44.597362" lon="8.664547">
                <ele>0</ele>
            </trkpt>
            <trkpt lat="44.597449" lon="8.664524">
                <ele>0</ele>
            </trkpt>
            <trkpt lat="44.597901" lon="8.664376">
                <ele>0</ele>
            </trkpt>
            <trkpt lat="44.598072" lon="8.664325">
                <ele>0</ele>
            </trkpt>
            <trkpt lat="44.598303" lon="8.664255">
                <ele>0</ele>
            </trkpt>
            <trkpt lat="44.598421" lon="8.664218">
                <ele>0</ele>
            </trkpt>
            <trkpt lat="44.598523" lon="8.664186">
                <ele>0</ele>
            </trkpt>
            <trkpt lat="44.598635" lon="8.664166">
                <ele>0</ele>
            </trkpt>
            <trkpt lat="44.598752" lon="8.664153">
                <ele>0</ele>
            </trkpt>
            <trkpt lat="44.59882" lon="8.664153">
                <ele>0</ele>
            </trkpt>
            <trkpt lat="44.598899" lon="8.664157">
                <ele>0</ele>
            </trkpt>
            <trkpt lat="44.599" lon="8.664168">
                <ele>0</ele>
            </trkpt>
            <trkpt lat="44.599131" lon="8.664202">
                <ele>0</ele>
            </trkpt>
            <trkpt lat="44.59927" lon="8.664241">
                <ele>0</ele>
            </trkpt>
            <trkpt lat="44.599519" lon="8.664308">
                <ele>0</ele>
            </trkpt>
            <trkpt lat="44.60083" lon="8.664657">
                <ele>0</ele>
            </trkpt>
            <trkpt lat="44.600905" lon="8.664674">
                <ele>0</ele>
            </trkpt>
            <trkpt lat="44.600984" lon="8.664681">
                <ele>0</ele>
            </trkpt>
            <trkpt lat="44.601042" lon="8.664676">
                <ele>0</ele>
            </trkpt>
            <trkpt lat="44.601112" lon="8.664662">
                <ele>0</ele>
            </trkpt>
            <trkpt lat="44.601185" lon="8.664636">
                <ele>0</ele>
            </trkpt>
            <trkpt lat="44.601259" lon="8.664603">
                <ele>0</ele>
            </trkpt>
            <trkpt lat="44.601478" lon="8.664506">
                <ele>0</ele>
            </trkpt>
            <trkpt lat="44.601629" lon="8.664438">
                <ele>0</ele>
            </trkpt>
            <trkpt lat="44.601713" lon="8.664401">
                <ele>0</ele>
            </trkpt>
            <trkpt lat="44.601787" lon="8.664359">
                <ele>0</ele>
            </trkpt>
            <trkpt lat="44.601856" lon="8.664313">
                <ele>0</ele>
            </trkpt>
            <trkpt lat="44.601935" lon="8.664252">
                <ele>0</ele>
            </trkpt>
            <trkpt lat="44.602013" lon="8.664184">
                <ele>0</ele>
            </trkpt>
            <trkpt lat="44.602083" lon="8.664115">
                <ele>0</ele>
            </trkpt>
            <trkpt lat="44.602157" lon="8.664025">
                <ele>0</ele>
            </trkpt>
            <trkpt lat="44.602232" lon="8.663931">
                <ele>0</ele>
            </trkpt>
            <trkpt lat="44.602297" lon="8.663854">
                <ele>0</ele>
            </trkpt>
            <trkpt lat="44.60236" lon="8.663786">
                <ele>0</ele>
            </trkpt>
            <trkpt lat="44.602438" lon="8.663713">
                <ele>0</ele>
            </trkpt>
            <trkpt lat="44.602828" lon="8.663406">
                <ele>0</ele>
            </trkpt>
            <trkpt lat="44.602982" lon="8.663283">
                <ele>0</ele>
            </trkpt>
            <trkpt lat="44.603189" lon="8.663118">
                <ele>0</ele>
            </trkpt>
            <trkpt lat="44.603315" lon="8.663022">
                <ele>0</ele>
            </trkpt>
            <trkpt lat="44.60344" lon="8.662925">
                <ele>0</ele>
            </trkpt>
            <trkpt lat="44.60352" lon="8.662854">
                <ele>0</ele>
            </trkpt>
            <trkpt lat="44.603607" lon="8.662767">
                <ele>0</ele>
            </trkpt>
            <trkpt lat="44.603708" lon="8.662658">
                <ele>0</ele>
            </trkpt>
            <trkpt lat="44.603821" lon="8.662531">
                <ele>0</ele>
            </trkpt>
            <trkpt lat="44.603989" lon="8.662348">
                <ele>0</ele>
            </trkpt>
            <trkpt lat="44.604093" lon="8.662234">
                <ele>0</ele>
            </trkpt>
            <trkpt lat="44.604171" lon="8.662166">
                <ele>0</ele>
            </trkpt>
            <trkpt lat="44.604242" lon="8.662112">
                <ele>0</ele>
            </trkpt>
            <trkpt lat="44.604316" lon="8.662066">
                <ele>0</ele>
            </trkpt>
            <trkpt lat="44.604402" lon="8.662027">
                <ele>0</ele>
            </trkpt>
            <trkpt lat="44.604483" lon="8.661995">
                <ele>0</ele>
            </trkpt>
            <trkpt lat="44.604562" lon="8.661973">
                <ele>0</ele>
            </trkpt>
            <trkpt lat="44.60463" lon="8.661955">
                <ele>0</ele>
            </trkpt>
            <trkpt lat="44.604721" lon="8.661941">
                <ele>0</ele>
            </trkpt>
            <trkpt lat="44.604789" lon="8.661937">
                <ele>0</ele>
            </trkpt>
            <trkpt lat="44.604856" lon="8.661933">
                <ele>0</ele>
            </trkpt>
            <trkpt lat="44.605126" lon="8.661938">
                <ele>0</ele>
            </trkpt>
            <trkpt lat="44.605579" lon="8.661947">
                <ele>0</ele>
            </trkpt>
            <trkpt lat="44.605665" lon="8.661949">
                <ele>0</ele>
            </trkpt>
            <trkpt lat="44.605746" lon="8.661949">
                <ele>0</ele>
            </trkpt>
            <trkpt lat="44.605832" lon="8.661958">
                <ele>0</ele>
            </trkpt>
            <trkpt lat="44.605934" lon="8.661973">
                <ele>0</ele>
            </trkpt>
            <trkpt lat="44.60603" lon="8.661992">
                <ele>0</ele>
            </trkpt>
            <trkpt lat="44.60693" lon="8.662238">
                <ele>0</ele>
            </trkpt>
            <trkpt lat="44.607028" lon="8.662262">
                <ele>0</ele>
            </trkpt>
            <trkpt lat="44.607115" lon="8.662288">
                <ele>0</ele>
            </trkpt>
            <trkpt lat="44.607219" lon="8.662318">
                <ele>0</ele>
            </trkpt>
            <trkpt lat="44.607291" lon="8.662343">
                <ele>0</ele>
            </trkpt>
            <trkpt lat="44.607366" lon="8.662371">
                <ele>0</ele>
            </trkpt>
            <trkpt lat="44.607464" lon="8.662414">
                <ele>0</ele>
            </trkpt>
            <trkpt lat="44.607533" lon="8.662459">
                <ele>0</ele>
            </trkpt>
            <trkpt lat="44.607651" lon="8.662542">
                <ele>0</ele>
            </trkpt>
            <trkpt lat="44.607744" lon="8.662616">
                <ele>0</ele>
            </trkpt>
            <trkpt lat="44.607835" lon="8.662693">
                <ele>0</ele>
            </trkpt>
            <trkpt lat="44.607968" lon="8.662818">
                <ele>0</ele>
            </trkpt>
            <trkpt lat="44.608068" lon="8.662921">
                <ele>0</ele>
            </trkpt>
            <trkpt lat="44.608125" lon="8.662987">
                <ele>0</ele>
            </trkpt>
            <trkpt lat="44.608178" lon="8.66306">
                <ele>0</ele>
            </trkpt>
            <trkpt lat="44.608236" lon="8.663142">
                <ele>0</ele>
            </trkpt>
            <trkpt lat="44.608276" lon="8.663204">
                <ele>0</ele>
            </trkpt>
            <trkpt lat="44.608315" lon="8.663264">
                <ele>0</ele>
            </trkpt>
            <trkpt lat="44.608354" lon="8.663342">
                <ele>0</ele>
            </trkpt>
            <trkpt lat="44.608389" lon="8.663415">
                <ele>0</ele>
            </trkpt>
            <trkpt lat="44.608415" lon="8.663486">
                <ele>0</ele>
            </trkpt>
            <trkpt lat="44.608436" lon="8.663559">
                <ele>0</ele>
            </trkpt>
            <trkpt lat="44.608449" lon="8.663633">
                <ele>0</ele>
            </trkpt>
            <trkpt lat="44.608453" lon="8.663727">
                <ele>0</ele>
            </trkpt>
            <trkpt lat="44.608448" lon="8.663821">
                <ele>0</ele>
            </trkpt>
            <trkpt lat="44.608443" lon="8.663875">
                <ele>0</ele>
            </trkpt>
            <trkpt lat="44.608429" lon="8.663958">
                <ele>0</ele>
            </trkpt>
            <trkpt lat="44.608411" lon="8.664037">
                <ele>0</ele>
            </trkpt>
            <trkpt lat="44.608394" lon="8.664138">
                <ele>0</ele>
            </trkpt>
            <trkpt lat="44.608381" lon="8.664262">
                <ele>0</ele>
            </trkpt>
            <trkpt lat="44.60838" lon="8.664342">
                <ele>0</ele>
            </trkpt>
            <trkpt lat="44.60838" lon="8.664571">
                <ele>0</ele>
            </trkpt>
            <trkpt lat="44.608377" lon="8.664721">
                <ele>0</ele>
            </trkpt>
            <trkpt lat="44.608383" lon="8.664796">
                <ele>0</ele>
            </trkpt>
            <trkpt lat="44.608393" lon="8.664877">
                <ele>0</ele>
            </trkpt>
            <trkpt lat="44.608399" lon="8.664991">
                <ele>0</ele>
            </trkpt>
            <trkpt lat="44.608395" lon="8.665093">
                <ele>0</ele>
            </trkpt>
            <trkpt lat="44.608387" lon="8.665179">
                <ele>0</ele>
            </trkpt>
            <trkpt lat="44.608366" lon="8.665307">
                <ele>0</ele>
            </trkpt>
            <trkpt lat="44.608348" lon="8.665383">
                <ele>0</ele>
            </trkpt>
            <trkpt lat="44.608293" lon="8.665597">
                <ele>0</ele>
            </trkpt>
            <trkpt lat="44.608269" lon="8.66572">
                <ele>0</ele>
            </trkpt>
            <trkpt lat="44.608255" lon="8.665827">
                <ele>0</ele>
            </trkpt>
            <trkpt lat="44.60824" lon="8.665948">
                <ele>0</ele>
            </trkpt>
            <trkpt lat="44.608231" lon="8.666046">
                <ele>0</ele>
            </trkpt>
            <trkpt lat="44.608225" lon="8.666147">
                <ele>0</ele>
            </trkpt>
            <trkpt lat="44.608225" lon="8.666269">
                <ele>0</ele>
            </trkpt>
            <trkpt lat="44.608228" lon="8.666372">
                <ele>0</ele>
            </trkpt>
            <trkpt lat="44.608239" lon="8.666494">
                <ele>0</ele>
            </trkpt>
            <trkpt lat="44.608249" lon="8.666564">
                <ele>0</ele>
            </trkpt>
            <trkpt lat="44.608272" lon="8.666661">
                <ele>0</ele>
            </trkpt>
            <trkpt lat="44.608302" lon="8.66677">
                <ele>0</ele>
            </trkpt>
            <trkpt lat="44.608335" lon="8.666871">
                <ele>0</ele>
            </trkpt>
            <trkpt lat="44.608388" lon="8.667014">
                <ele>0</ele>
            </trkpt>
            <trkpt lat="44.608553" lon="8.667428">
                <ele>0</ele>
            </trkpt>
            <trkpt lat="44.608735" lon="8.667895">
                <ele>0</ele>
            </trkpt>
            <trkpt lat="44.609164" lon="8.668994">
                <ele>0</ele>
            </trkpt>
            <trkpt lat="44.609201" lon="8.669083">
                <ele>0</ele>
            </trkpt>
            <trkpt lat="44.609259" lon="8.669211">
                <ele>0</ele>
            </trkpt>
            <trkpt lat="44.60931" lon="8.669309">
                <ele>0</ele>
            </trkpt>
            <trkpt lat="44.609359" lon="8.669391">
                <ele>0</ele>
            </trkpt>
            <trkpt lat="44.60948" lon="8.669573">
                <ele>0</ele>
            </trkpt>
            <trkpt lat="44.609873" lon="8.670139">
                <ele>0</ele>
            </trkpt>
            <trkpt lat="44.610064" lon="8.670415">
                <ele>0</ele>
            </trkpt>
            <trkpt lat="44.610176" lon="8.670579">
                <ele>0</ele>
            </trkpt>
            <trkpt lat="44.610347" lon="8.670836">
                <ele>0</ele>
            </trkpt>
            <trkpt lat="44.610418" lon="8.67094">
                <ele>0</ele>
            </trkpt>
            <trkpt lat="44.610458" lon="8.670995">
                <ele>0</ele>
            </trkpt>
            <trkpt lat="44.61051" lon="8.671055">
                <ele>0</ele>
            </trkpt>
            <trkpt lat="44.610563" lon="8.671108">
                <ele>0</ele>
            </trkpt>
            <trkpt lat="44.61063" lon="8.671163">
                <ele>0</ele>
            </trkpt>
            <trkpt lat="44.610713" lon="8.67122">
                <ele>0</ele>
            </trkpt>
            <trkpt lat="44.610781" lon="8.67126">
                <ele>0</ele>
            </trkpt>
            <trkpt lat="44.610848" lon="8.671296">
                <ele>0</ele>
            </trkpt>
            <trkpt lat="44.61092" lon="8.671326">
                <ele>0</ele>
            </trkpt>
            <trkpt lat="44.610988" lon="8.671352">
                <ele>0</ele>
            </trkpt>
            <trkpt lat="44.611064" lon="8.67137">
                <ele>0</ele>
            </trkpt>
            <trkpt lat="44.611137" lon="8.671384">
                <ele>0</ele>
            </trkpt>
            <trkpt lat="44.611221" lon="8.671392">
                <ele>0</ele>
            </trkpt>
            <trkpt lat="44.611293" lon="8.671394">
                <ele>0</ele>
            </trkpt>
            <trkpt lat="44.611369" lon="8.671391">
                <ele>0</ele>
            </trkpt>
            <trkpt lat="44.611424" lon="8.67138">
                <ele>0</ele>
            </trkpt>
            <trkpt lat="44.611478" lon="8.671361">
                <ele>0</ele>
            </trkpt>
            <trkpt lat="44.611541" lon="8.671327">
                <ele>0</ele>
            </trkpt>
            <trkpt lat="44.611634" lon="8.671267">
                <ele>0</ele>
            </trkpt>
            <trkpt lat="44.612012" lon="8.671014">
                <ele>0</ele>
            </trkpt>
            <trkpt lat="44.612391" lon="8.670775">
                <ele>0</ele>
            </trkpt>
            <trkpt lat="44.612605" lon="8.670632">
                <ele>0</ele>
            </trkpt>
            <trkpt lat="44.612737" lon="8.67055">
                <ele>0</ele>
            </trkpt>
            <trkpt lat="44.612852" lon="8.670459">
                <ele>0</ele>
            </trkpt>
            <trkpt lat="44.613156" lon="8.670223">
                <ele>0</ele>
            </trkpt>
            <trkpt lat="44.613178" lon="8.670206">
                <ele>0</ele>
            </trkpt>
            <trkpt lat="44.613512" lon="8.669932">
                <ele>0</ele>
            </trkpt>
            <trkpt lat="44.6136" lon="8.669854">
                <ele>0</ele>
            </trkpt>
            <trkpt lat="44.613672" lon="8.669787">
                <ele>0</ele>
            </trkpt>
            <trkpt lat="44.613737" lon="8.6697">
                <ele>0</ele>
            </trkpt>
            <trkpt lat="44.613783" lon="8.669614">
                <ele>0</ele>
            </trkpt>
            <trkpt lat="44.613814" lon="8.669527">
                <ele>0</ele>
            </trkpt>
            <trkpt lat="44.613827" lon="8.669448">
                <ele>0</ele>
            </trkpt>
            <trkpt lat="44.61383" lon="8.669355">
                <ele>0</ele>
            </trkpt>
            <trkpt lat="44.61383" lon="8.669264">
                <ele>0</ele>
            </trkpt>
            <trkpt lat="44.613822" lon="8.669196">
                <ele>0</ele>
            </trkpt>
            <trkpt lat="44.613813" lon="8.669137">
                <ele>0</ele>
            </trkpt>
            <trkpt lat="44.613791" lon="8.669034">
                <ele>0</ele>
            </trkpt>
            <trkpt lat="44.613749" lon="8.668892">
                <ele>0</ele>
            </trkpt>
            <trkpt lat="44.613621" lon="8.66845">
                <ele>0</ele>
            </trkpt>
            <trkpt lat="44.613521" lon="8.668098">
                <ele>0</ele>
            </trkpt>
            <trkpt lat="44.613508" lon="8.668053">
                <ele>0</ele>
            </trkpt>
            <trkpt lat="44.613347" lon="8.667478">
                <ele>0</ele>
            </trkpt>
            <trkpt lat="44.613246" lon="8.667132">
                <ele>0</ele>
            </trkpt>
            <trkpt lat="44.613095" lon="8.666611">
                <ele>0</ele>
            </trkpt>
            <trkpt lat="44.613026" lon="8.666361">
                <ele>0</ele>
            </trkpt>
            <trkpt lat="44.612978" lon="8.666133">
                <ele>0</ele>
            </trkpt>
            <trkpt lat="44.612941" lon="8.665903">
                <ele>0</ele>
            </trkpt>
            <trkpt lat="44.612924" lon="8.665717">
                <ele>0</ele>
            </trkpt>
            <trkpt lat="44.612909" lon="8.665505">
                <ele>0</ele>
            </trkpt>
            <trkpt lat="44.612906" lon="8.665289">
                <ele>0</ele>
            </trkpt>
            <trkpt lat="44.612911" lon="8.665138">
                <ele>0</ele>
            </trkpt>
            <trkpt lat="44.612925" lon="8.665004">
                <ele>0</ele>
            </trkpt>
            <trkpt lat="44.612943" lon="8.664885">
                <ele>0</ele>
            </trkpt>
            <trkpt lat="44.612969" lon="8.664751">
                <ele>0</ele>
            </trkpt>
            <trkpt lat="44.613001" lon="8.664629">
                <ele>0</ele>
            </trkpt>
            <trkpt lat="44.613037" lon="8.664514">
                <ele>0</ele>
            </trkpt>
            <trkpt lat="44.613087" lon="8.664407">
                <ele>0</ele>
            </trkpt>
            <trkpt lat="44.613161" lon="8.664279">
                <ele>0</ele>
            </trkpt>
            <trkpt lat="44.613237" lon="8.664173">
                <ele>0</ele>
            </trkpt>
            <trkpt lat="44.613334" lon="8.664051">
                <ele>0</ele>
            </trkpt>
            <trkpt lat="44.613505" lon="8.663827">
                <ele>0</ele>
            </trkpt>
            <trkpt lat="44.613667" lon="8.663608">
                <ele>0</ele>
            </trkpt>
            <trkpt lat="44.613764" lon="8.663461">
                <ele>0</ele>
            </trkpt>
            <trkpt lat="44.61385" lon="8.663326">
                <ele>0</ele>
            </trkpt>
            <trkpt lat="44.613965" lon="8.663123">
                <ele>0</ele>
            </trkpt>
            <trkpt lat="44.614031" lon="8.663006">
                <ele>0</ele>
            </trkpt>
            <trkpt lat="44.614098" lon="8.662923">
                <ele>0</ele>
            </trkpt>
            <trkpt lat="44.614177" lon="8.662844">
                <ele>0</ele>
            </trkpt>
            <trkpt lat="44.614271" lon="8.66276">
                <ele>0</ele>
            </trkpt>
            <trkpt lat="44.614361" lon="8.662686">
                <ele>0</ele>
            </trkpt>
            <trkpt lat="44.614433" lon="8.662635">
                <ele>0</ele>
            </trkpt>
            <trkpt lat="44.614505" lon="8.662595">
                <ele>0</ele>
            </trkpt>
            <trkpt lat="44.614576" lon="8.662553">
                <ele>0</ele>
            </trkpt>
            <trkpt lat="44.614651" lon="8.662503">
                <ele>0</ele>
            </trkpt>
            <trkpt lat="44.614732" lon="8.662429">
                <ele>0</ele>
            </trkpt>
            <trkpt lat="44.614803" lon="8.662341">
                <ele>0</ele>
            </trkpt>
            <trkpt lat="44.614884" lon="8.662209">
                <ele>0</ele>
            </trkpt>
            <trkpt lat="44.614951" lon="8.662065">
                <ele>0</ele>
            </trkpt>
            <trkpt lat="44.614986" lon="8.66197">
                <ele>0</ele>
            </trkpt>
            <trkpt lat="44.615002" lon="8.661928">
                <ele>0</ele>
            </trkpt>
            <trkpt lat="44.615151" lon="8.661424">
                <ele>0</ele>
            </trkpt>
            <trkpt lat="44.615328" lon="8.660832">
                <ele>0</ele>
            </trkpt>
            <trkpt lat="44.615355" lon="8.660727">
                <ele>0</ele>
            </trkpt>
            <trkpt lat="44.615375" lon="8.660627">
                <ele>0</ele>
            </trkpt>
            <trkpt lat="44.61539" lon="8.660544">
                <ele>0</ele>
            </trkpt>
            <trkpt lat="44.615397" lon="8.660503">
                <ele>0</ele>
            </trkpt>
            <trkpt lat="44.615402" lon="8.660461">
                <ele>0</ele>
            </trkpt>
            <trkpt lat="44.615411" lon="8.660358">
                <ele>0</ele>
            </trkpt>
            <trkpt lat="44.615414" lon="8.660266">
                <ele>0</ele>
            </trkpt>
            <trkpt lat="44.615415" lon="8.660203">
                <ele>0</ele>
            </trkpt>
            <trkpt lat="44.615416" lon="8.660134">
                <ele>0</ele>
            </trkpt>
            <trkpt lat="44.615414" lon="8.659968">
                <ele>0</ele>
            </trkpt>
            <trkpt lat="44.615409" lon="8.659749">
                <ele>0</ele>
            </trkpt>
            <trkpt lat="44.615401" lon="8.659626">
                <ele>0</ele>
            </trkpt>
            <trkpt lat="44.615389" lon="8.659502">
                <ele>0</ele>
            </trkpt>
            <trkpt lat="44.615379" lon="8.659392">
                <ele>0</ele>
            </trkpt>
            <trkpt lat="44.615364" lon="8.659291">
                <ele>0</ele>
            </trkpt>
            <trkpt lat="44.615343" lon="8.659167">
                <ele>0</ele>
            </trkpt>
            <trkpt lat="44.615316" lon="8.659043">
                <ele>0</ele>
            </trkpt>
            <trkpt lat="44.615286" lon="8.658933">
                <ele>0</ele>
            </trkpt>
            <trkpt lat="44.615261" lon="8.658846">
                <ele>0</ele>
            </trkpt>
            <trkpt lat="44.615088" lon="8.658313">
                <ele>0</ele>
            </trkpt>
            <trkpt lat="44.615062" lon="8.658229">
                <ele>0</ele>
            </trkpt>
            <trkpt lat="44.615023" lon="8.658041">
                <ele>0</ele>
            </trkpt>
            <trkpt lat="44.61501" lon="8.657921">
                <ele>0</ele>
            </trkpt>
            <trkpt lat="44.615005" lon="8.657802">
                <ele>0</ele>
            </trkpt>
            <trkpt lat="44.615007" lon="8.657629">
                <ele>0</ele>
            </trkpt>
            <trkpt lat="44.615021" lon="8.657477">
                <ele>0</ele>
            </trkpt>
            <trkpt lat="44.615058" lon="8.657316">
                <ele>0</ele>
            </trkpt>
            <trkpt lat="44.615119" lon="8.657136">
                <ele>0</ele>
            </trkpt>
            <trkpt lat="44.615342" lon="8.656559">
                <ele>0</ele>
            </trkpt>
            <trkpt lat="44.615563" lon="8.655981">
                <ele>0</ele>
            </trkpt>
            <trkpt lat="44.61559" lon="8.655912">
                <ele>0</ele>
            </trkpt>
            <trkpt lat="44.615745" lon="8.655519">
                <ele>0</ele>
            </trkpt>
            <trkpt lat="44.6158" lon="8.655378">
                <ele>0</ele>
            </trkpt>
            <trkpt lat="44.615847" lon="8.655267">
                <ele>0</ele>
            </trkpt>
            <trkpt lat="44.615977" lon="8.65496">
                <ele>0</ele>
            </trkpt>
            <trkpt lat="44.616031" lon="8.654837">
                <ele>0</ele>
            </trkpt>
            <trkpt lat="44.616087" lon="8.654709">
                <ele>0</ele>
            </trkpt>
            <trkpt lat="44.616179" lon="8.654528">
                <ele>0</ele>
            </trkpt>
            <trkpt lat="44.616356" lon="8.654183">
                <ele>0</ele>
            </trkpt>
            <trkpt lat="44.616738" lon="8.653442">
                <ele>0</ele>
            </trkpt>
            <trkpt lat="44.616813" lon="8.653297">
                <ele>0</ele>
            </trkpt>
            <trkpt lat="44.61687" lon="8.653223">
                <ele>0</ele>
            </trkpt>
            <trkpt lat="44.61693" lon="8.653157">
                <ele>0</ele>
            </trkpt>
            <trkpt lat="44.617023" lon="8.653092">
                <ele>0</ele>
            </trkpt>
            <trkpt lat="44.617125" lon="8.653025">
                <ele>0</ele>
            </trkpt>
            <trkpt lat="44.617221" lon="8.652972">
                <ele>0</ele>
            </trkpt>
            <trkpt lat="44.617375" lon="8.652887">
                <ele>0</ele>
            </trkpt>
            <trkpt lat="44.617464" lon="8.652838">
                <ele>0</ele>
            </trkpt>
            <trkpt lat="44.617572" lon="8.652789">
                <ele>0</ele>
            </trkpt>
            <trkpt lat="44.617638" lon="8.652769">
                <ele>0</ele>
            </trkpt>
            <trkpt lat="44.617675" lon="8.652763">
                <ele>0</ele>
            </trkpt>
            <trkpt lat="44.617724" lon="8.65276">
                <ele>0</ele>
            </trkpt>
            <trkpt lat="44.617778" lon="8.652766">
                <ele>0</ele>
            </trkpt>
            <trkpt lat="44.617811" lon="8.652774">
                <ele>0</ele>
            </trkpt>
            <trkpt lat="44.617839" lon="8.652787">
                <ele>0</ele>
            </trkpt>
            <trkpt lat="44.617874" lon="8.652808">
                <ele>0</ele>
            </trkpt>
            <trkpt lat="44.617913" lon="8.652843">
                <ele>0</ele>
            </trkpt>
            <trkpt lat="44.617996" lon="8.652946">
                <ele>0</ele>
            </trkpt>
            <trkpt lat="44.618043" lon="8.653007">
                <ele>0</ele>
            </trkpt>
            <trkpt lat="44.618093" lon="8.653077">
                <ele>0</ele>
            </trkpt>
            <trkpt lat="44.618145" lon="8.653162">
                <ele>0</ele>
            </trkpt>
            <trkpt lat="44.618185" lon="8.653236">
                <ele>0</ele>
            </trkpt>
            <trkpt lat="44.618305" lon="8.653492">
                <ele>0</ele>
            </trkpt>
            <trkpt lat="44.618352" lon="8.653577">
                <ele>0</ele>
            </trkpt>
            <trkpt lat="44.618402" lon="8.653657">
                <ele>0</ele>
            </trkpt>
            <trkpt lat="44.618469" lon="8.653745">
                <ele>0</ele>
            </trkpt>
            <trkpt lat="44.61872" lon="8.65406">
                <ele>0</ele>
            </trkpt>
            <trkpt lat="44.618874" lon="8.654253">
                <ele>0</ele>
            </trkpt>
            <trkpt lat="44.619015" lon="8.654408">
                <ele>0</ele>
            </trkpt>
            <trkpt lat="44.619114" lon="8.654503">
                <ele>0</ele>
            </trkpt>
            <trkpt lat="44.619216" lon="8.654584">
                <ele>0</ele>
            </trkpt>
            <trkpt lat="44.619304" lon="8.654636">
                <ele>0</ele>
            </trkpt>
            <trkpt lat="44.619373" lon="8.654672">
                <ele>0</ele>
            </trkpt>
            <trkpt lat="44.61946" lon="8.654698">
                <ele>0</ele>
            </trkpt>
            <trkpt lat="44.619535" lon="8.65472">
                <ele>0</ele>
            </trkpt>
            <trkpt lat="44.619601" lon="8.654739">
                <ele>0</ele>
            </trkpt>
            <trkpt lat="44.619704" lon="8.654779">
                <ele>0</ele>
            </trkpt>
            <trkpt lat="44.619742" lon="8.654798">
                <ele>0</ele>
            </trkpt>
            <trkpt lat="44.619782" lon="8.654825">
                <ele>0</ele>
            </trkpt>
            <trkpt lat="44.619836" lon="8.654861">
                <ele>0</ele>
            </trkpt>
            <trkpt lat="44.619935" lon="8.654931">
                <ele>0</ele>
            </trkpt>
            <trkpt lat="44.620028" lon="8.655003">
                <ele>0</ele>
            </trkpt>
            <trkpt lat="44.620191" lon="8.655123">
                <ele>0</ele>
            </trkpt>
            <trkpt lat="44.620303" lon="8.655196">
                <ele>0</ele>
            </trkpt>
            <trkpt lat="44.620354" lon="8.655229">
                <ele>0</ele>
            </trkpt>
            <trkpt lat="44.620473" lon="8.655301">
                <ele>0</ele>
            </trkpt>
            <trkpt lat="44.620597" lon="8.655368">
                <ele>0</ele>
            </trkpt>
            <trkpt lat="44.620687" lon="8.655412">
                <ele>0</ele>
            </trkpt>
            <trkpt lat="44.620741" lon="8.655428">
                <ele>0</ele>
            </trkpt>
            <trkpt lat="44.620787" lon="8.655435">
                <ele>0</ele>
            </trkpt>
            <trkpt lat="44.620853" lon="8.655434">
                <ele>0</ele>
            </trkpt>
            <trkpt lat="44.620906" lon="8.655426">
                <ele>0</ele>
            </trkpt>
            <trkpt lat="44.620959" lon="8.655409">
                <ele>0</ele>
            </trkpt>
            <trkpt lat="44.621003" lon="8.655386">
                <ele>0</ele>
            </trkpt>
            <trkpt lat="44.621049" lon="8.655344">
                <ele>0</ele>
            </trkpt>
            <trkpt lat="44.62109" lon="8.655304">
                <ele>0</ele>
            </trkpt>
            <trkpt lat="44.621131" lon="8.655262">
                <ele>0</ele>
            </trkpt>
            <trkpt lat="44.621179" lon="8.655198">
                <ele>0</ele>
            </trkpt>
            <trkpt lat="44.621238" lon="8.655115">
                <ele>0</ele>
            </trkpt>
            <trkpt lat="44.621295" lon="8.655027">
                <ele>0</ele>
            </trkpt>
            <trkpt lat="44.621353" lon="8.654928">
                <ele>0</ele>
            </trkpt>
            <trkpt lat="44.621414" lon="8.654812">
                <ele>0</ele>
            </trkpt>
            <trkpt lat="44.621466" lon="8.654688">
                <ele>0</ele>
            </trkpt>
            <trkpt lat="44.621518" lon="8.654548">
                <ele>0</ele>
            </trkpt>
            <trkpt lat="44.62155" lon="8.654437">
                <ele>0</ele>
            </trkpt>
            <trkpt lat="44.621584" lon="8.654344">
                <ele>0</ele>
            </trkpt>
            <trkpt lat="44.62161" lon="8.654283">
                <ele>0</ele>
            </trkpt>
            <trkpt lat="44.621654" lon="8.654211">
                <ele>0</ele>
            </trkpt>
            <trkpt lat="44.621709" lon="8.654124">
                <ele>0</ele>
            </trkpt>
            <trkpt lat="44.621794" lon="8.653998">
                <ele>0</ele>
            </trkpt>
            <trkpt lat="44.621882" lon="8.653885">
                <ele>0</ele>
            </trkpt>
            <trkpt lat="44.621961" lon="8.653797">
                <ele>0</ele>
            </trkpt>
            <trkpt lat="44.621973" lon="8.653783">
                <ele>0</ele>
            </trkpt>
            <trkpt lat="44.622031" lon="8.653724">
                <ele>0</ele>
            </trkpt>
            <trkpt lat="44.622088" lon="8.653688">
                <ele>0</ele>
            </trkpt>
            <trkpt lat="44.62216" lon="8.65365">
                <ele>0</ele>
            </trkpt>
            <trkpt lat="44.622181" lon="8.65364">
                <ele>0</ele>
            </trkpt>
            <trkpt lat="44.622252" lon="8.653608">
                <ele>0</ele>
            </trkpt>
            <trkpt lat="44.622371" lon="8.653556">
                <ele>0</ele>
            </trkpt>
            <trkpt lat="44.622575" lon="8.653467">
                <ele>0</ele>
            </trkpt>
            <trkpt lat="44.622752" lon="8.653383">
                <ele>0</ele>
            </trkpt>
            <trkpt lat="44.622862" lon="8.65333">
                <ele>0</ele>
            </trkpt>
            <trkpt lat="44.622961" lon="8.653282">
                <ele>0</ele>
            </trkpt>
            <trkpt lat="44.623145" lon="8.653175">
                <ele>0</ele>
            </trkpt>
            <trkpt lat="44.623245" lon="8.65311">
                <ele>0</ele>
            </trkpt>
            <trkpt lat="44.623343" lon="8.653047">
                <ele>0</ele>
            </trkpt>
            <trkpt lat="44.623418" lon="8.652995">
                <ele>0</ele>
            </trkpt>
            <trkpt lat="44.623499" lon="8.652942">
                <ele>0</ele>
            </trkpt>
            <trkpt lat="44.623564" lon="8.652898">
                <ele>0</ele>
            </trkpt>
            <trkpt lat="44.623634" lon="8.652835">
                <ele>0</ele>
            </trkpt>
            <trkpt lat="44.62366" lon="8.652805">
                <ele>0</ele>
            </trkpt>
            <trkpt lat="44.623691" lon="8.652768">
                <ele>0</ele>
            </trkpt>
            <trkpt lat="44.623747" lon="8.652703">
                <ele>0</ele>
            </trkpt>
            <trkpt lat="44.623805" lon="8.652625">
                <ele>0</ele>
            </trkpt>
            <trkpt lat="44.623861" lon="8.652542">
                <ele>0</ele>
            </trkpt>
            <trkpt lat="44.623925" lon="8.652433">
                <ele>0</ele>
            </trkpt>
            <trkpt lat="44.623945" lon="8.652407">
                <ele>0</ele>
            </trkpt>
            <trkpt lat="44.623968" lon="8.652369">
                <ele>0</ele>
            </trkpt>
            <trkpt lat="44.623995" lon="8.652333">
                <ele>0</ele>
            </trkpt>
            <trkpt lat="44.624034" lon="8.652289">
                <ele>0</ele>
            </trkpt>
            <trkpt lat="44.624081" lon="8.652247">
                <ele>0</ele>
            </trkpt>
            <trkpt lat="44.624131" lon="8.652197">
                <ele>0</ele>
            </trkpt>
            <trkpt lat="44.624148" lon="8.652195">
                <ele>0</ele>
            </trkpt>
            <trkpt lat="44.624172" lon="8.652191">
                <ele>0</ele>
            </trkpt>
            <trkpt lat="44.624246" lon="8.652235">
                <ele>0</ele>
            </trkpt>
            <trkpt lat="44.624288" lon="8.652274">
                <ele>0</ele>
            </trkpt>
            <trkpt lat="44.624338" lon="8.652325">
                <ele>0</ele>
            </trkpt>
            <trkpt lat="44.624797" lon="8.653137">
                <ele>0</ele>
            </trkpt>
            <trkpt lat="44.624823" lon="8.653181">
                <ele>0</ele>
            </trkpt>
            <trkpt lat="44.62492" lon="8.653338">
                <ele>0</ele>
            </trkpt>
            <trkpt lat="44.625094" lon="8.65359">
                <ele>0</ele>
            </trkpt>
            <trkpt lat="44.625112" lon="8.653617">
                <ele>0</ele>
            </trkpt>
            <trkpt lat="44.625139" lon="8.653679">
                <ele>0</ele>
            </trkpt>
            <trkpt lat="44.625142" lon="8.653739">
                <ele>0</ele>
            </trkpt>
            <trkpt lat="44.625152" lon="8.653789">
                <ele>0</ele>
            </trkpt>
            <trkpt lat="44.625169" lon="8.653824">
                <ele>0</ele>
            </trkpt>
            <trkpt lat="44.625185" lon="8.653854">
                <ele>0</ele>
            </trkpt>
            <trkpt lat="44.625217" lon="8.653894">
                <ele>0</ele>
            </trkpt>
            <trkpt lat="44.625264" lon="8.653935">
                <ele>0</ele>
            </trkpt>
            <trkpt lat="44.625314" lon="8.653965">
                <ele>0</ele>
            </trkpt>
            <trkpt lat="44.625366" lon="8.653985">
                <ele>0</ele>
            </trkpt>
            <trkpt lat="44.625411" lon="8.653994">
                <ele>0</ele>
            </trkpt>
            <trkpt lat="44.625449" lon="8.653997">
                <ele>0</ele>
            </trkpt>
            <trkpt lat="44.625486" lon="8.653992">
                <ele>0</ele>
            </trkpt>
            <trkpt lat="44.62552" lon="8.653981">
                <ele>0</ele>
            </trkpt>
            <trkpt lat="44.625547" lon="8.653966">
                <ele>0</ele>
            </trkpt>
            <trkpt lat="44.625573" lon="8.65394">
                <ele>0</ele>
            </trkpt>
            <trkpt lat="44.625591" lon="8.65391">
                <ele>0</ele>
            </trkpt>
            <trkpt lat="44.625649" lon="8.653871">
                <ele>0</ele>
            </trkpt>
            <trkpt lat="44.625684" lon="8.653854">
                <ele>0</ele>
            </trkpt>
            <trkpt lat="44.625721" lon="8.653839">
                <ele>0</ele>
            </trkpt>
            <trkpt lat="44.625783" lon="8.653821">
                <ele>0</ele>
            </trkpt>
            <trkpt lat="44.625845" lon="8.653813">
                <ele>0</ele>
            </trkpt>
            <trkpt lat="44.626055" lon="8.653832">
                <ele>0</ele>
            </trkpt>
            <trkpt lat="44.626215" lon="8.653857">
                <ele>0</ele>
            </trkpt>
            <trkpt lat="44.626347" lon="8.653894">
                <ele>0</ele>
            </trkpt>
            <trkpt lat="44.626496" lon="8.653944">
                <ele>0</ele>
            </trkpt>
            <trkpt lat="44.626624" lon="8.654002">
                <ele>0</ele>
            </trkpt>
            <trkpt lat="44.626838" lon="8.654128">
                <ele>0</ele>
            </trkpt>
            <trkpt lat="44.62701" lon="8.654255">
                <ele>0</ele>
            </trkpt>
            <trkpt lat="44.627246" lon="8.654471">
                <ele>0</ele>
            </trkpt>
            <trkpt lat="44.627697" lon="8.654904">
                <ele>0</ele>
            </trkpt>
            <trkpt lat="44.62781" lon="8.655012">
                <ele>0</ele>
            </trkpt>
            <trkpt lat="44.628082" lon="8.655239">
                <ele>0</ele>
            </trkpt>
            <trkpt lat="44.628339" lon="8.655454">
                <ele>0</ele>
            </trkpt>
            <trkpt lat="44.62862" lon="8.655693">
                <ele>0</ele>
            </trkpt>
            <trkpt lat="44.628825" lon="8.655866">
                <ele>0</ele>
            </trkpt>
            <trkpt lat="44.629142" lon="8.656183">
                <ele>0</ele>
            </trkpt>
            <trkpt lat="44.629247" lon="8.656298">
                <ele>0</ele>
            </trkpt>
            <trkpt lat="44.629458" lon="8.656561">
                <ele>0</ele>
            </trkpt>
            <trkpt lat="44.629559" lon="8.656744">
                <ele>0</ele>
            </trkpt>
            <trkpt lat="44.629671" lon="8.657018">
                <ele>0</ele>
            </trkpt>
            <trkpt lat="44.629731" lon="8.657226">
                <ele>0</ele>
            </trkpt>
            <trkpt lat="44.629781" lon="8.657526">
                <ele>0</ele>
            </trkpt>
            <trkpt lat="44.629794" lon="8.657896">
                <ele>0</ele>
            </trkpt>
            <trkpt lat="44.629778" lon="8.658174">
                <ele>0</ele>
            </trkpt>
            <trkpt lat="44.629726" lon="8.658488">
                <ele>0</ele>
            </trkpt>
            <trkpt lat="44.629561" lon="8.658901">
                <ele>0</ele>
            </trkpt>
            <trkpt lat="44.628926" lon="8.660227">
                <ele>0</ele>
            </trkpt>
            <trkpt lat="44.628868" lon="8.660331">
                <ele>0</ele>
            </trkpt>
            <trkpt lat="44.628802" lon="8.660421">
                <ele>0</ele>
            </trkpt>
            <trkpt lat="44.628741" lon="8.660494">
                <ele>0</ele>
            </trkpt>
            <trkpt lat="44.628652" lon="8.660579">
                <ele>0</ele>
            </trkpt>
            <trkpt lat="44.62857" lon="8.66062">
                <ele>0</ele>
            </trkpt>
            <trkpt lat="44.628495" lon="8.660643">
                <ele>0</ele>
            </trkpt>
            <trkpt lat="44.628388" lon="8.660649">
                <ele>0</ele>
            </trkpt>
            <trkpt lat="44.628292" lon="8.660632">
                <ele>0</ele>
            </trkpt>
            <trkpt lat="44.628184" lon="8.660573">
                <ele>0</ele>
            </trkpt>
            <trkpt lat="44.628128" lon="8.660519">
                <ele>0</ele>
            </trkpt>
            <trkpt lat="44.62807" lon="8.660456">
                <ele>0</ele>
            </trkpt>
            <trkpt lat="44.628" lon="8.66026">
                <ele>0</ele>
            </trkpt>
            <trkpt lat="44.627955" lon="8.660083">
                <ele>0</ele>
            </trkpt>
            <trkpt lat="44.627949" lon="8.659972">
                <ele>0</ele>
            </trkpt>
            <trkpt lat="44.627957" lon="8.659834">
                <ele>0</ele>
            </trkpt>
            <trkpt lat="44.627985" lon="8.659712">
                <ele>0</ele>
            </trkpt>
            <trkpt lat="44.628062" lon="8.65954">
                <ele>0</ele>
            </trkpt>
            <trkpt lat="44.628133" lon="8.659449">
                <ele>0</ele>
            </trkpt>
            <trkpt lat="44.628226" lon="8.659363">
                <ele>0</ele>
            </trkpt>
            <trkpt lat="44.628292" lon="8.659332">
                <ele>0</ele>
            </trkpt>
            <trkpt lat="44.62837" lon="8.659313">
                <ele>0</ele>
            </trkpt>
            <trkpt lat="44.628502" lon="8.65932">
                <ele>0</ele>
            </trkpt>
            <trkpt lat="44.62863" lon="8.65937">
                <ele>0</ele>
            </trkpt>
            <trkpt lat="44.628723" lon="8.659425">
                <ele>0</ele>
            </trkpt>
            <trkpt lat="44.62882" lon="8.659503">
                <ele>0</ele>
            </trkpt>
            <trkpt lat="44.628886" lon="8.659551">
                <ele>0</ele>
            </trkpt>
            <trkpt lat="44.628974" lon="8.659599">
                <ele>0</ele>
            </trkpt>
            <trkpt lat="44.629088" lon="8.659634">
                <ele>0</ele>
            </trkpt>
            <trkpt lat="44.629097" lon="8.659642">
                <ele>0</ele>
            </trkpt>
            <trkpt lat="44.62946" lon="8.659981">
                <ele>0</ele>
            </trkpt>
            <trkpt lat="44.629485" lon="8.660004">
                <ele>0</ele>
            </trkpt>
            <trkpt lat="44.631415" lon="8.661792">
                <ele>0</ele>
            </trkpt>
            <trkpt lat="44.631847" lon="8.662151">
                <ele>0</ele>
            </trkpt>
            <trkpt lat="44.632172" lon="8.66238">
                <ele>0</ele>
            </trkpt>
            <trkpt lat="44.632439" lon="8.662541">
                <ele>0</ele>
            </trkpt>
            <trkpt lat="44.632467" lon="8.662558">
                <ele>0</ele>
            </trkpt>
            <trkpt lat="44.632632" lon="8.662642">
                <ele>0</ele>
            </trkpt>
            <trkpt lat="44.632856" lon="8.662744">
                <ele>0</ele>
            </trkpt>
            <trkpt lat="44.633073" lon="8.66283">
                <ele>0</ele>
            </trkpt>
            <trkpt lat="44.633364" lon="8.66293">
                <ele>0</ele>
            </trkpt>
            <trkpt lat="44.633664" lon="8.662997">
                <ele>0</ele>
            </trkpt>
            <trkpt lat="44.633923" lon="8.66304">
                <ele>0</ele>
            </trkpt>
            <trkpt lat="44.634217" lon="8.663067">
                <ele>0</ele>
            </trkpt>
            <trkpt lat="44.634554" lon="8.663068">
                <ele>0</ele>
            </trkpt>
            <trkpt lat="44.634808" lon="8.663049">
                <ele>0</ele>
            </trkpt>
            <trkpt lat="44.634864" lon="8.663043">
                <ele>0</ele>
            </trkpt>
            <trkpt lat="44.634974" lon="8.663032">
                <ele>0</ele>
            </trkpt>
            <trkpt lat="44.635217" lon="8.662992">
                <ele>0</ele>
            </trkpt>
            <trkpt lat="44.635411" lon="8.66295">
                <ele>0</ele>
            </trkpt>
            <trkpt lat="44.63582" lon="8.662835">
                <ele>0</ele>
            </trkpt>
            <trkpt lat="44.63626" lon="8.662702">
                <ele>0</ele>
            </trkpt>
            <trkpt lat="44.636682" lon="8.662561">
                <ele>0</ele>
            </trkpt>
            <trkpt lat="44.637254" lon="8.66236">
                <ele>0</ele>
            </trkpt>
            <trkpt lat="44.639306" lon="8.661558">
                <ele>0</ele>
            </trkpt>
            <trkpt lat="44.640719" lon="8.661037">
                <ele>0</ele>
            </trkpt>
            <trkpt lat="44.6417" lon="8.660681">
                <ele>0</ele>
            </trkpt>
            <trkpt lat="44.642062" lon="8.660575">
                <ele>0</ele>
            </trkpt>
            <trkpt lat="44.642372" lon="8.660512">
                <ele>0</ele>
            </trkpt>
            <trkpt lat="44.642533" lon="8.660483">
                <ele>0</ele>
            </trkpt>
            <trkpt lat="44.642904" lon="8.660455">
                <ele>0</ele>
            </trkpt>
            <trkpt lat="44.643237" lon="8.660459">
                <ele>0</ele>
            </trkpt>
            <trkpt lat="44.643599" lon="8.660496">
                <ele>0</ele>
            </trkpt>
            <trkpt lat="44.644029" lon="8.660578">
                <ele>0</ele>
            </trkpt>
            <trkpt lat="44.644407" lon="8.660683">
                <ele>0</ele>
            </trkpt>
            <trkpt lat="44.646293" lon="8.661211">
                <ele>0</ele>
            </trkpt>
            <trkpt lat="44.646295" lon="8.661212">
                <ele>0</ele>
            </trkpt>
            <trkpt lat="44.648025" lon="8.661689">
                <ele>0</ele>
            </trkpt>
            <trkpt lat="44.648323" lon="8.66176">
                <ele>0</ele>
            </trkpt>
            <trkpt lat="44.648639" lon="8.661812">
                <ele>0</ele>
            </trkpt>
            <trkpt lat="44.649025" lon="8.661835">
                <ele>0</ele>
            </trkpt>
            <trkpt lat="44.64903" lon="8.661835">
                <ele>0</ele>
            </trkpt>
            <trkpt lat="44.649318" lon="8.661832">
                <ele>0</ele>
            </trkpt>
            <trkpt lat="44.649497" lon="8.661822">
                <ele>0</ele>
            </trkpt>
            <trkpt lat="44.649658" lon="8.661802">
                <ele>0</ele>
            </trkpt>
            <trkpt lat="44.649748" lon="8.661786">
                <ele>0</ele>
            </trkpt>
            <trkpt lat="44.6499" lon="8.66176">
                <ele>0</ele>
            </trkpt>
            <trkpt lat="44.650173" lon="8.661694">
                <ele>0</ele>
            </trkpt>
            <trkpt lat="44.650417" lon="8.661615">
                <ele>0</ele>
            </trkpt>
            <trkpt lat="44.650595" lon="8.661554">
                <ele>0</ele>
            </trkpt>
            <trkpt lat="44.650602" lon="8.661551">
                <ele>0</ele>
            </trkpt>
            <trkpt lat="44.650646" lon="8.661531">
                <ele>0</ele>
            </trkpt>
            <trkpt lat="44.650894" lon="8.661422">
                <ele>0</ele>
            </trkpt>
            <trkpt lat="44.651244" lon="8.661239">
                <ele>0</ele>
            </trkpt>
            <trkpt lat="44.651792" lon="8.660928">
                <ele>0</ele>
            </trkpt>
            <trkpt lat="44.652404" lon="8.660569">
                <ele>0</ele>
            </trkpt>
            <trkpt lat="44.652723" lon="8.660394">
                <ele>0</ele>
            </trkpt>
            <trkpt lat="44.653125" lon="8.660198">
                <ele>0</ele>
            </trkpt>
            <trkpt lat="44.653538" lon="8.66003">
                <ele>0</ele>
            </trkpt>
            <trkpt lat="44.653947" lon="8.659891">
                <ele>0</ele>
            </trkpt>
            <trkpt lat="44.654464" lon="8.659761">
                <ele>0</ele>
            </trkpt>
            <trkpt lat="44.654872" lon="8.659684">
                <ele>0</ele>
            </trkpt>
            <trkpt lat="44.65512" lon="8.659643">
                <ele>0</ele>
            </trkpt>
            <trkpt lat="44.655128" lon="8.659642">
                <ele>0</ele>
            </trkpt>
            <trkpt lat="44.65577" lon="8.65956">
                <ele>0</ele>
            </trkpt>
            <trkpt lat="44.655906" lon="8.659543">
                <ele>0</ele>
            </trkpt>
            <trkpt lat="44.658068" lon="8.659302">
                <ele>0</ele>
            </trkpt>
            <trkpt lat="44.658843" lon="8.659215">
                <ele>0</ele>
            </trkpt>
            <trkpt lat="44.659459" lon="8.65913">
                <ele>0</ele>
            </trkpt>
            <trkpt lat="44.660669" lon="8.659012">
                <ele>0</ele>
            </trkpt>
            <trkpt lat="44.660868" lon="8.659005">
                <ele>0</ele>
            </trkpt>
            <trkpt lat="44.661118" lon="8.658999">
                <ele>0</ele>
            </trkpt>
            <trkpt lat="44.661403" lon="8.658999">
                <ele>0</ele>
            </trkpt>
            <trkpt lat="44.661723" lon="8.659005">
                <ele>0</ele>
            </trkpt>
            <trkpt lat="44.66204" lon="8.659025">
                <ele>0</ele>
            </trkpt>
            <trkpt lat="44.662352" lon="8.659057">
                <ele>0</ele>
            </trkpt>
            <trkpt lat="44.662575" lon="8.65909">
                <ele>0</ele>
            </trkpt>
            <trkpt lat="44.662855" lon="8.659126">
                <ele>0</ele>
            </trkpt>
            <trkpt lat="44.667028" lon="8.659965">
                <ele>0</ele>
            </trkpt>
            <trkpt lat="44.667469" lon="8.660045">
                <ele>0</ele>
            </trkpt>
            <trkpt lat="44.667915" lon="8.66009">
                <ele>0</ele>
            </trkpt>
            <trkpt lat="44.668292" lon="8.660113">
                <ele>0</ele>
            </trkpt>
            <trkpt lat="44.668641" lon="8.660125">
                <ele>0</ele>
            </trkpt>
            <trkpt lat="44.668995" lon="8.660106">
                <ele>0</ele>
            </trkpt>
            <trkpt lat="44.669438" lon="8.660083">
                <ele>0</ele>
            </trkpt>
            <trkpt lat="44.669907" lon="8.660014">
                <ele>0</ele>
            </trkpt>
            <trkpt lat="44.670262" lon="8.659948">
                <ele>0</ele>
            </trkpt>
            <trkpt lat="44.670618" lon="8.659859">
                <ele>0</ele>
            </trkpt>
            <trkpt lat="44.670974" lon="8.659759">
                <ele>0</ele>
            </trkpt>
            <trkpt lat="44.671312" lon="8.659643">
                <ele>0</ele>
            </trkpt>
            <trkpt lat="44.673506" lon="8.658861">
                <ele>0</ele>
            </trkpt>
            <trkpt lat="44.673844" lon="8.658737">
                <ele>0</ele>
            </trkpt>
            <trkpt lat="44.674207" lon="8.658614">
                <ele>0</ele>
            </trkpt>
            <trkpt lat="44.674597" lon="8.658492">
                <ele>0</ele>
            </trkpt>
            <trkpt lat="44.674945" lon="8.658407">
                <ele>0</ele>
            </trkpt>
            <trkpt lat="44.675288" lon="8.658347">
                <ele>0</ele>
            </trkpt>
            <trkpt lat="44.675648" lon="8.658304">
                <ele>0</ele>
            </trkpt>
            <trkpt lat="44.675989" lon="8.658293">
                <ele>0</ele>
            </trkpt>
            <trkpt lat="44.676278" lon="8.658292">
                <ele>0</ele>
            </trkpt>
            <trkpt lat="44.6767" lon="8.658332">
                <ele>0</ele>
            </trkpt>
            <trkpt lat="44.677113" lon="8.658405">
                <ele>0</ele>
            </trkpt>
            <trkpt lat="44.677496" lon="8.658508">
                <ele>0</ele>
            </trkpt>
            <trkpt lat="44.677883" lon="8.658637">
                <ele>0</ele>
            </trkpt>
            <trkpt lat="44.678301" lon="8.658811">
                <ele>0</ele>
            </trkpt>
            <trkpt lat="44.678545" lon="8.658933">
                <ele>0</ele>
            </trkpt>
            <trkpt lat="44.679208" lon="8.659296">
                <ele>0</ele>
            </trkpt>
            <trkpt lat="44.681827" lon="8.660752">
                <ele>0</ele>
            </trkpt>
            <trkpt lat="44.688706" lon="8.664576">
                <ele>0</ele>
            </trkpt>
            <trkpt lat="44.689244" lon="8.664837">
                <ele>0</ele>
            </trkpt>
            <trkpt lat="44.689952" lon="8.665124">
                <ele>0</ele>
            </trkpt>
            <trkpt lat="44.690458" lon="8.665302">
                <ele>0</ele>
            </trkpt>
            <trkpt lat="44.690926" lon="8.665439">
                <ele>0</ele>
            </trkpt>
            <trkpt lat="44.691666" lon="8.665604">
                <ele>0</ele>
            </trkpt>
            <trkpt lat="44.692987" lon="8.665839">
                <ele>0</ele>
            </trkpt>
            <trkpt lat="44.694432" lon="8.666079">
                <ele>0</ele>
            </trkpt>
            <trkpt lat="44.698481" lon="8.666755">
                <ele>0</ele>
            </trkpt>
            <trkpt lat="44.699232" lon="8.666892">
                <ele>0</ele>
            </trkpt>
            <trkpt lat="44.702109" lon="8.667384">
                <ele>0</ele>
            </trkpt>
            <trkpt lat="44.703024" lon="8.667527">
                <ele>0</ele>
            </trkpt>
            <trkpt lat="44.703585" lon="8.6676">
                <ele>0</ele>
            </trkpt>
            <trkpt lat="44.70412" lon="8.667646">
                <ele>0</ele>
            </trkpt>
            <trkpt lat="44.704857" lon="8.667685">
                <ele>0</ele>
            </trkpt>
            <trkpt lat="44.705497" lon="8.667706">
                <ele>0</ele>
            </trkpt>
            <trkpt lat="44.706333" lon="8.667697">
                <ele>0</ele>
            </trkpt>
            <trkpt lat="44.70696" lon="8.667663">
                <ele>0</ele>
            </trkpt>
            <trkpt lat="44.707757" lon="8.667588">
                <ele>0</ele>
            </trkpt>
            <trkpt lat="44.708398" lon="8.667501">
                <ele>0</ele>
            </trkpt>
            <trkpt lat="44.709941" lon="8.667275">
                <ele>0</ele>
            </trkpt>
            <trkpt lat="44.712033" lon="8.666957">
                <ele>0</ele>
            </trkpt>
            <trkpt lat="44.712708" lon="8.666871">
                <ele>0</ele>
            </trkpt>
            <trkpt lat="44.713269" lon="8.666814">
                <ele>0</ele>
            </trkpt>
            <trkpt lat="44.713859" lon="8.666778">
                <ele>0</ele>
            </trkpt>
            <trkpt lat="44.714491" lon="8.666753">
                <ele>0</ele>
            </trkpt>
            <trkpt lat="44.715065" lon="8.666753">
                <ele>0</ele>
            </trkpt>
            <trkpt lat="44.71574" lon="8.666777">
                <ele>0</ele>
            </trkpt>
            <trkpt lat="44.716352" lon="8.666811">
                <ele>0</ele>
            </trkpt>
            <trkpt lat="44.717211" lon="8.666902">
                <ele>0</ele>
            </trkpt>
            <trkpt lat="44.717936" lon="8.666999">
                <ele>0</ele>
            </trkpt>
            <trkpt lat="44.719842" lon="8.667278">
                <ele>0</ele>
            </trkpt>
            <trkpt lat="44.720527" lon="8.667353">
                <ele>0</ele>
            </trkpt>
            <trkpt lat="44.721168" lon="8.667386">
                <ele>0</ele>
            </trkpt>
            <trkpt lat="44.721789" lon="8.667368">
                <ele>0</ele>
            </trkpt>
            <trkpt lat="44.722178" lon="8.667345">
                <ele>0</ele>
            </trkpt>
            <trkpt lat="44.722616" lon="8.667286">
                <ele>0</ele>
            </trkpt>
            <trkpt lat="44.72323" lon="8.667182">
                <ele>0</ele>
            </trkpt>
            <trkpt lat="44.723621" lon="8.66709">
                <ele>0</ele>
            </trkpt>
            <trkpt lat="44.724171" lon="8.666935">
                <ele>0</ele>
            </trkpt>
            <trkpt lat="44.724641" lon="8.666776">
                <ele>0</ele>
            </trkpt>
            <trkpt lat="44.725118" lon="8.666595">
                <ele>0</ele>
            </trkpt>
            <trkpt lat="44.725594" lon="8.666385">
                <ele>0</ele>
            </trkpt>
            <trkpt lat="44.725782" lon="8.666291">
                <ele>0</ele>
            </trkpt>
            <trkpt lat="44.726094" lon="8.666133">
                <ele>0</ele>
            </trkpt>
            <trkpt lat="44.726482" lon="8.665919">
                <ele>0</ele>
            </trkpt>
            <trkpt lat="44.726732" lon="8.665774">
                <ele>0</ele>
            </trkpt>
            <trkpt lat="44.727625" lon="8.665257">
                <ele>0</ele>
            </trkpt>
            <trkpt lat="44.731444" lon="8.663053">
                <ele>0</ele>
            </trkpt>
            <trkpt lat="44.731946" lon="8.662756">
                <ele>0</ele>
            </trkpt>
            <trkpt lat="44.732372" lon="8.662479">
                <ele>0</ele>
            </trkpt>
            <trkpt lat="44.732821" lon="8.662163">
                <ele>0</ele>
            </trkpt>
            <trkpt lat="44.733215" lon="8.661866">
                <ele>0</ele>
            </trkpt>
            <trkpt lat="44.73362" lon="8.661533">
                <ele>0</ele>
            </trkpt>
            <trkpt lat="44.734028" lon="8.661163">
                <ele>0</ele>
            </trkpt>
            <trkpt lat="44.734441" lon="8.660759">
                <ele>0</ele>
            </trkpt>
            <trkpt lat="44.734969" lon="8.660199">
                <ele>0</ele>
            </trkpt>
            <trkpt lat="44.735407" lon="8.659685">
                <ele>0</ele>
            </trkpt>
            <trkpt lat="44.73581" lon="8.659178">
                <ele>0</ele>
            </trkpt>
            <trkpt lat="44.736205" lon="8.658634">
                <ele>0</ele>
            </trkpt>
            <trkpt lat="44.736582" lon="8.658063">
                <ele>0</ele>
            </trkpt>
            <trkpt lat="44.736873" lon="8.657618">
                <ele>0</ele>
            </trkpt>
            <trkpt lat="44.737169" lon="8.657108">
                <ele>0</ele>
            </trkpt>
            <trkpt lat="44.737461" lon="8.656573">
                <ele>0</ele>
            </trkpt>
            <trkpt lat="44.737981" lon="8.655542">
                <ele>0</ele>
            </trkpt>
            <trkpt lat="44.738467" lon="8.654628">
                <ele>0</ele>
            </trkpt>
            <trkpt lat="44.738748" lon="8.654131">
                <ele>0</ele>
            </trkpt>
            <trkpt lat="44.739094" lon="8.653584">
                <ele>0</ele>
            </trkpt>
            <trkpt lat="44.739393" lon="8.653151">
                <ele>0</ele>
            </trkpt>
            <trkpt lat="44.739742" lon="8.652679">
                <ele>0</ele>
            </trkpt>
            <trkpt lat="44.740122" lon="8.65221">
                <ele>0</ele>
            </trkpt>
            <trkpt lat="44.740561" lon="8.651727">
                <ele>0</ele>
            </trkpt>
            <trkpt lat="44.741078" lon="8.651215">
                <ele>0</ele>
            </trkpt>
            <trkpt lat="44.74156" lon="8.650801">
                <ele>0</ele>
            </trkpt>
            <trkpt lat="44.742091" lon="8.650386">
                <ele>0</ele>
            </trkpt>
            <trkpt lat="44.742541" lon="8.650075">
                <ele>0</ele>
            </trkpt>
            <trkpt lat="44.743029" lon="8.649775">
                <ele>0</ele>
            </trkpt>
            <trkpt lat="44.743448" lon="8.649559">
                <ele>0</ele>
            </trkpt>
            <trkpt lat="44.746896" lon="8.647958">
                <ele>0</ele>
            </trkpt>
            <trkpt lat="44.747321" lon="8.647787">
                <ele>0</ele>
            </trkpt>
            <trkpt lat="44.748125" lon="8.647482">
                <ele>0</ele>
            </trkpt>
            <trkpt lat="44.748908" lon="8.647227">
                <ele>0</ele>
            </trkpt>
            <trkpt lat="44.749298" lon="8.647109">
                <ele>0</ele>
            </trkpt>
            <trkpt lat="44.749345" lon="8.647095">
                <ele>0</ele>
            </trkpt>
            <trkpt lat="44.749958" lon="8.646926">
                <ele>0</ele>
            </trkpt>
            <trkpt lat="44.750408" lon="8.646818">
                <ele>0</ele>
            </trkpt>
            <trkpt lat="44.75052" lon="8.646794">
                <ele>0</ele>
            </trkpt>
            <trkpt lat="44.750908" lon="8.646712">
                <ele>0</ele>
            </trkpt>
            <trkpt lat="44.751045" lon="8.646689">
                <ele>0</ele>
            </trkpt>
            <trkpt lat="44.751051" lon="8.646688">
                <ele>0</ele>
            </trkpt>
            <trkpt lat="44.753557" lon="8.646276">
                <ele>0</ele>
            </trkpt>
            <trkpt lat="44.75358" lon="8.646272">
                <ele>0</ele>
            </trkpt>
            <trkpt lat="44.753936" lon="8.646214">
                <ele>0</ele>
            </trkpt>
            <trkpt lat="44.755531" lon="8.645949">
                <ele>0</ele>
            </trkpt>
            <trkpt lat="44.756009" lon="8.645869">
                <ele>0</ele>
            </trkpt>
            <trkpt lat="44.756738" lon="8.645806">
                <ele>0</ele>
            </trkpt>
            <trkpt lat="44.757544" lon="8.645671">
                <ele>0</ele>
            </trkpt>
            <trkpt lat="44.758042" lon="8.645589">
                <ele>0</ele>
            </trkpt>
            <trkpt lat="44.758543" lon="8.645514">
                <ele>0</ele>
            </trkpt>
            <trkpt lat="44.758986" lon="8.64547">
                <ele>0</ele>
            </trkpt>
            <trkpt lat="44.759297" lon="8.645458">
                <ele>0</ele>
            </trkpt>
            <trkpt lat="44.759628" lon="8.645467">
                <ele>0</ele>
            </trkpt>
            <trkpt lat="44.76002" lon="8.64551">
                <ele>0</ele>
            </trkpt>
            <trkpt lat="44.760293" lon="8.645558">
                <ele>0</ele>
            </trkpt>
            <trkpt lat="44.760683" lon="8.645657">
                <ele>0</ele>
            </trkpt>
            <trkpt lat="44.76095" lon="8.645746">
                <ele>0</ele>
            </trkpt>
            <trkpt lat="44.761219" lon="8.645859">
                <ele>0</ele>
            </trkpt>
            <trkpt lat="44.761421" lon="8.645971">
                <ele>0</ele>
            </trkpt>
            <trkpt lat="44.761422" lon="8.645972">
                <ele>0</ele>
            </trkpt>
            <trkpt lat="44.76171" lon="8.646163">
                <ele>0</ele>
            </trkpt>
            <trkpt lat="44.761936" lon="8.64633">
                <ele>0</ele>
            </trkpt>
            <trkpt lat="44.762212" lon="8.646564">
                <ele>0</ele>
            </trkpt>
            <trkpt lat="44.762444" lon="8.646803">
                <ele>0</ele>
            </trkpt>
            <trkpt lat="44.762719" lon="8.647108">
                <ele>0</ele>
            </trkpt>
            <trkpt lat="44.762981" lon="8.647455">
                <ele>0</ele>
            </trkpt>
            <trkpt lat="44.76323" lon="8.647815">
                <ele>0</ele>
            </trkpt>
            <trkpt lat="44.763468" lon="8.648217">
                <ele>0</ele>
            </trkpt>
            <trkpt lat="44.763693" lon="8.648619">
                <ele>0</ele>
            </trkpt>
            <trkpt lat="44.764193" lon="8.649577">
                <ele>0</ele>
            </trkpt>
            <trkpt lat="44.76456" lon="8.6504">
                <ele>0</ele>
            </trkpt>
            <trkpt lat="44.767268" lon="8.656642">
                <ele>0</ele>
            </trkpt>
            <trkpt lat="44.769481" lon="8.661749">
                <ele>0</ele>
            </trkpt>
            <trkpt lat="44.772426" lon="8.668536">
                <ele>0</ele>
            </trkpt>
            <trkpt lat="44.773385" lon="8.670747">
                <ele>0</ele>
            </trkpt>
            <trkpt lat="44.773939" lon="8.672063">
                <ele>0</ele>
            </trkpt>
            <trkpt lat="44.774321" lon="8.673071">
                <ele>0</ele>
            </trkpt>
            <trkpt lat="44.774666" lon="8.674076">
                <ele>0</ele>
            </trkpt>
            <trkpt lat="44.774959" lon="8.675068">
                <ele>0</ele>
            </trkpt>
            <trkpt lat="44.77524" lon="8.676136">
                <ele>0</ele>
            </trkpt>
            <trkpt lat="44.775419" lon="8.676882">
                <ele>0</ele>
            </trkpt>
            <trkpt lat="44.775676" lon="8.678163">
                <ele>0</ele>
            </trkpt>
            <trkpt lat="44.775879" lon="8.679451">
                <ele>0</ele>
            </trkpt>
            <trkpt lat="44.776044" lon="8.680736">
                <ele>0</ele>
            </trkpt>
            <trkpt lat="44.776739" lon="8.686863">
                <ele>0</ele>
            </trkpt>
            <trkpt lat="44.776967" lon="8.688732">
                <ele>0</ele>
            </trkpt>
            <trkpt lat="44.777149" lon="8.690019">
                <ele>0</ele>
            </trkpt>
            <trkpt lat="44.777334" lon="8.691187">
                <ele>0</ele>
            </trkpt>
            <trkpt lat="44.777541" lon="8.692408">
                <ele>0</ele>
            </trkpt>
            <trkpt lat="44.777762" lon="8.693602">
                <ele>0</ele>
            </trkpt>
            <trkpt lat="44.777984" lon="8.694711">
                <ele>0</ele>
            </trkpt>
            <trkpt lat="44.778301" lon="8.696173">
                <ele>0</ele>
            </trkpt>
            <trkpt lat="44.778598" lon="8.697458">
                <ele>0</ele>
            </trkpt>
            <trkpt lat="44.778962" lon="8.698902">
                <ele>0</ele>
            </trkpt>
            <trkpt lat="44.779326" lon="8.700214">
                <ele>0</ele>
            </trkpt>
            <trkpt lat="44.77977" lon="8.701775">
                <ele>0</ele>
            </trkpt>
            <trkpt lat="44.780995" lon="8.706086">
                <ele>0</ele>
            </trkpt>
            <trkpt lat="44.781521" lon="8.707988">
                <ele>0</ele>
            </trkpt>
            <trkpt lat="44.781632" lon="8.708388">
                <ele>0</ele>
            </trkpt>
            <trkpt lat="44.784615" lon="8.718885">
                <ele>0</ele>
            </trkpt>
            <trkpt lat="44.785095" lon="8.720544">
                <ele>0</ele>
            </trkpt>
            <trkpt lat="44.785316" lon="8.721278">
                <ele>0</ele>
            </trkpt>
            <trkpt lat="44.785531" lon="8.721933">
                <ele>0</ele>
            </trkpt>
            <trkpt lat="44.785801" lon="8.722683">
                <ele>0</ele>
            </trkpt>
            <trkpt lat="44.786102" lon="8.723447">
                <ele>0</ele>
            </trkpt>
            <trkpt lat="44.786486" lon="8.724361">
                <ele>0</ele>
            </trkpt>
            <trkpt lat="44.786831" lon="8.725112">
                <ele>0</ele>
            </trkpt>
            <trkpt lat="44.787236" lon="8.725921">
                <ele>0</ele>
            </trkpt>
            <trkpt lat="44.787819" lon="8.726987">
                <ele>0</ele>
            </trkpt>
            <trkpt lat="44.788494" lon="8.72818">
                <ele>0</ele>
            </trkpt>
            <trkpt lat="44.790585" lon="8.731909">
                <ele>0</ele>
            </trkpt>
            <trkpt lat="44.791868" lon="8.7342">
                <ele>0</ele>
            </trkpt>
            <trkpt lat="44.792524" lon="8.735354">
                <ele>0</ele>
            </trkpt>
            <trkpt lat="44.793201" lon="8.736574">
                <ele>0</ele>
            </trkpt>
            <trkpt lat="44.796256" lon="8.742048">
                <ele>0</ele>
            </trkpt>
            <trkpt lat="44.796456" lon="8.74241">
                <ele>0</ele>
            </trkpt>
            <trkpt lat="44.796641" lon="8.742739">
                <ele>0</ele>
            </trkpt>
            <trkpt lat="44.797369" lon="8.744034">
                <ele>0</ele>
            </trkpt>
            <trkpt lat="44.799096" lon="8.747108">
                <ele>0</ele>
            </trkpt>
            <trkpt lat="44.801031" lon="8.750534">
                <ele>0</ele>
            </trkpt>
            <trkpt lat="44.80233" lon="8.752844">
                <ele>0</ele>
            </trkpt>
            <trkpt lat="44.80388" lon="8.755605">
                <ele>0</ele>
            </trkpt>
            <trkpt lat="44.805747" lon="8.758923">
                <ele>0</ele>
            </trkpt>
            <trkpt lat="44.809443" lon="8.765502">
                <ele>0</ele>
            </trkpt>
            <trkpt lat="44.809577" lon="8.765738">
                <ele>0</ele>
            </trkpt>
            <trkpt lat="44.809755" lon="8.766052">
                <ele>0</ele>
            </trkpt>
            <trkpt lat="44.810748" lon="8.767799">
                <ele>0</ele>
            </trkpt>
            <trkpt lat="44.811674" lon="8.76936">
                <ele>0</ele>
            </trkpt>
            <trkpt lat="44.812859" lon="8.771298">
                <ele>0</ele>
            </trkpt>
            <trkpt lat="44.814004" lon="8.773175">
                <ele>0</ele>
            </trkpt>
            <trkpt lat="44.81592" lon="8.776329">
                <ele>0</ele>
            </trkpt>
            <trkpt lat="44.8169" lon="8.777935">
                <ele>0</ele>
            </trkpt>
            <trkpt lat="44.817223" lon="8.778455">
                <ele>0</ele>
            </trkpt>
            <trkpt lat="44.81897" lon="8.78132">
                <ele>0</ele>
            </trkpt>
            <trkpt lat="44.820743" lon="8.784222">
                <ele>0</ele>
            </trkpt>
            <trkpt lat="44.821319" lon="8.785176">
                <ele>0</ele>
            </trkpt>
            <trkpt lat="44.82181" lon="8.786035">
                <ele>0</ele>
            </trkpt>
            <trkpt lat="44.82236" lon="8.787087">
                <ele>0</ele>
            </trkpt>
            <trkpt lat="44.822754" lon="8.78787">
                <ele>0</ele>
            </trkpt>
            <trkpt lat="44.823169" lon="8.788742">
                <ele>0</ele>
            </trkpt>
            <trkpt lat="44.823743" lon="8.790057">
                <ele>0</ele>
            </trkpt>
            <trkpt lat="44.824209" lon="8.791205">
                <ele>0</ele>
            </trkpt>
            <trkpt lat="44.82459" lon="8.792246">
                <ele>0</ele>
            </trkpt>
            <trkpt lat="44.82494" lon="8.793274">
                <ele>0</ele>
            </trkpt>
            <trkpt lat="44.825189" lon="8.794051">
                <ele>0</ele>
            </trkpt>
            <trkpt lat="44.82544" lon="8.794886">
                <ele>0</ele>
            </trkpt>
            <trkpt lat="44.825665" lon="8.795674">
                <ele>0</ele>
            </trkpt>
            <trkpt lat="44.825813" lon="8.796229">
                <ele>0</ele>
            </trkpt>
            <trkpt lat="44.826371" lon="8.798514">
                <ele>0</ele>
            </trkpt>
            <trkpt lat="44.82686" lon="8.800573">
                <ele>0</ele>
            </trkpt>
            <trkpt lat="44.827261" lon="8.80227">
                <ele>0</ele>
            </trkpt>
            <trkpt lat="44.827406" lon="8.802895">
                <ele>0</ele>
            </trkpt>
            <trkpt lat="44.827512" lon="8.803331">
                <ele>0</ele>
            </trkpt>
            <trkpt lat="44.827582" lon="8.803614">
                <ele>0</ele>
            </trkpt>
            <trkpt lat="44.829295" lon="8.810857">
                <ele>0</ele>
            </trkpt>
            <trkpt lat="44.82975" lon="8.81277">
                <ele>0</ele>
            </trkpt>
            <trkpt lat="44.830097" lon="8.814227">
                <ele>0</ele>
            </trkpt>
            <trkpt lat="44.830482" lon="8.815844">
                <ele>0</ele>
            </trkpt>
            <trkpt lat="44.830663" lon="8.816612">
                <ele>0</ele>
            </trkpt>
            <trkpt lat="44.830959" lon="8.817868">
                <ele>0</ele>
            </trkpt>
            <trkpt lat="44.830982" lon="8.817964">
                <ele>0</ele>
            </trkpt>
            <trkpt lat="44.8315" lon="8.820141">
                <ele>0</ele>
            </trkpt>
            <trkpt lat="44.831501" lon="8.820147">
                <ele>0</ele>
            </trkpt>
            <trkpt lat="44.831628" lon="8.820694">
                <ele>0</ele>
            </trkpt>
            <trkpt lat="44.831865" lon="8.821702">
                <ele>0</ele>
            </trkpt>
            <trkpt lat="44.832192" lon="8.823091">
                <ele>0</ele>
            </trkpt>
            <trkpt lat="44.832384" lon="8.823896">
                <ele>0</ele>
            </trkpt>
            <trkpt lat="44.832442" lon="8.824132">
                <ele>0</ele>
            </trkpt>
            <trkpt lat="44.832573" lon="8.824686">
                <ele>0</ele>
            </trkpt>
            <trkpt lat="44.8326" lon="8.8248">
                <ele>0</ele>
            </trkpt>
            <trkpt lat="44.832881" lon="8.826006">
                <ele>0</ele>
            </trkpt>
            <trkpt lat="44.832901" lon="8.82609">
                <ele>0</ele>
            </trkpt>
            <trkpt lat="44.833328" lon="8.827894">
                <ele>0</ele>
            </trkpt>
            <trkpt lat="44.833374" lon="8.828087">
                <ele>0</ele>
            </trkpt>
            <trkpt lat="44.833436" lon="8.828328">
                <ele>0</ele>
            </trkpt>
            <trkpt lat="44.833497" lon="8.828555">
                <ele>0</ele>
            </trkpt>
            <trkpt lat="44.833572" lon="8.828783">
                <ele>0</ele>
            </trkpt>
            <trkpt lat="44.833576" lon="8.828795">
                <ele>0</ele>
            </trkpt>
            <trkpt lat="44.833679" lon="8.829044">
                <ele>0</ele>
            </trkpt>
            <trkpt lat="44.833791" lon="8.829264">
                <ele>0</ele>
            </trkpt>
            <trkpt lat="44.833929" lon="8.82951">
                <ele>0</ele>
            </trkpt>
            <trkpt lat="44.834069" lon="8.829702">
                <ele>0</ele>
            </trkpt>
            <trkpt lat="44.834206" lon="8.829854">
                <ele>0</ele>
            </trkpt>
            <trkpt lat="44.834345" lon="8.829974">
                <ele>0</ele>
            </trkpt>
            <trkpt lat="44.834504" lon="8.830086">
                <ele>0</ele>
            </trkpt>
            <trkpt lat="44.834652" lon="8.830174">
                <ele>0</ele>
            </trkpt>
            <trkpt lat="44.834816" lon="8.830235">
                <ele>0</ele>
            </trkpt>
            <trkpt lat="44.835017" lon="8.830286">
                <ele>0</ele>
            </trkpt>
            <trkpt lat="44.835207" lon="8.830308">
                <ele>0</ele>
            </trkpt>
            <trkpt lat="44.835326" lon="8.830311">
                <ele>0</ele>
            </trkpt>
            <trkpt lat="44.835473" lon="8.830298">
                <ele>0</ele>
            </trkpt>
            <trkpt lat="44.835649" lon="8.830264">
                <ele>0</ele>
            </trkpt>
            <trkpt lat="44.835819" lon="8.83022">
                <ele>0</ele>
            </trkpt>
            <trkpt lat="44.836071" lon="8.830116">
                <ele>0</ele>
            </trkpt>
            <trkpt lat="44.836313" lon="8.829993">
                <ele>0</ele>
            </trkpt>
            <trkpt lat="44.836708" lon="8.829757">
                <ele>0</ele>
            </trkpt>
            <trkpt lat="44.836998" lon="8.829589">
                <ele>0</ele>
            </trkpt>
            <trkpt lat="44.837283" lon="8.829434">
                <ele>0</ele>
            </trkpt>
            <trkpt lat="44.837558" lon="8.829307">
                <ele>0</ele>
            </trkpt>
            <trkpt lat="44.837873" lon="8.829196">
                <ele>0</ele>
            </trkpt>
            <trkpt lat="44.838242" lon="8.829102">
                <ele>0</ele>
            </trkpt>
            <trkpt lat="44.838556" lon="8.829038">
                <ele>0</ele>
            </trkpt>
            <trkpt lat="44.838902" lon="8.828986">
                <ele>0</ele>
            </trkpt>
            <trkpt lat="44.83917" lon="8.828963">
                <ele>0</ele>
            </trkpt>
            <trkpt lat="44.839411" lon="8.828946">
                <ele>0</ele>
            </trkpt>
            <trkpt lat="44.839918" lon="8.828954">
                <ele>0</ele>
            </trkpt>
            <trkpt lat="44.840295" lon="8.828967">
                <ele>0</ele>
            </trkpt>
            <trkpt lat="44.840571" lon="8.828954">
                <ele>0</ele>
            </trkpt>
            <trkpt lat="44.840841" lon="8.828925">
                <ele>0</ele>
            </trkpt>
            <trkpt lat="44.846331" lon="8.829227">
                <ele>0</ele>
            </trkpt>
            <trkpt lat="44.852612" lon="8.829573">
                <ele>0</ele>
            </trkpt>
            <trkpt lat="44.854198" lon="8.829662">
                <ele>0</ele>
            </trkpt>
            <trkpt lat="44.857204" lon="8.829815">
                <ele>0</ele>
            </trkpt>
            <trkpt lat="44.861565" lon="8.830055">
                <ele>0</ele>
            </trkpt>
            <trkpt lat="44.863098" lon="8.830147">
                <ele>0</ele>
            </trkpt>
            <trkpt lat="44.864426" lon="8.830226">
                <ele>0</ele>
            </trkpt>
            <trkpt lat="44.864964" lon="8.830283">
                <ele>0</ele>
            </trkpt>
            <trkpt lat="44.86554" lon="8.830386">
                <ele>0</ele>
            </trkpt>
            <trkpt lat="44.866223" lon="8.830523">
                <ele>0</ele>
            </trkpt>
            <trkpt lat="44.866853" lon="8.830685">
                <ele>0</ele>
            </trkpt>
            <trkpt lat="44.867549" lon="8.83092">
                <ele>0</ele>
            </trkpt>
            <trkpt lat="44.86784" lon="8.831023">
                <ele>0</ele>
            </trkpt>
            <trkpt lat="44.868608" lon="8.831341">
                <ele>0</ele>
            </trkpt>
            <trkpt lat="44.87316" lon="8.833317">
                <ele>0</ele>
            </trkpt>
            <trkpt lat="44.876889" lon="8.834939">
                <ele>0</ele>
            </trkpt>
            <trkpt lat="44.87785" lon="8.835368">
                <ele>0</ele>
            </trkpt>
            <trkpt lat="44.883018" lon="8.83781">
                <ele>0</ele>
            </trkpt>
            <trkpt lat="44.88687" lon="8.839629">
                <ele>0</ele>
            </trkpt>
            <trkpt lat="44.888337" lon="8.840315">
                <ele>0</ele>
            </trkpt>
            <trkpt lat="44.88863" lon="8.840439">
                <ele>0</ele>
            </trkpt>
            <trkpt lat="44.888986" lon="8.840587">
                <ele>0</ele>
            </trkpt>
            <trkpt lat="44.889226" lon="8.840679">
                <ele>0</ele>
            </trkpt>
            <trkpt lat="44.889636" lon="8.840833">
                <ele>0</ele>
            </trkpt>
            <trkpt lat="44.89005" lon="8.840976">
                <ele>0</ele>
            </trkpt>
            <trkpt lat="44.890519" lon="8.841128">
                <ele>0</ele>
            </trkpt>
            <trkpt lat="44.891287" lon="8.841355">
                <ele>0</ele>
            </trkpt>
            <trkpt lat="44.891864" lon="8.841503">
                <ele>0</ele>
            </trkpt>
            <trkpt lat="44.89249" lon="8.841647">
                <ele>0</ele>
            </trkpt>
            <trkpt lat="44.892991" lon="8.841741">
                <ele>0</ele>
            </trkpt>
            <trkpt lat="44.893435" lon="8.841821">
                <ele>0</ele>
            </trkpt>
            <trkpt lat="44.89435" lon="8.841977">
                <ele>0</ele>
            </trkpt>
            <trkpt lat="44.896359" lon="8.842306">
                <ele>0</ele>
            </trkpt>
            <trkpt lat="44.897617" lon="8.842519">
                <ele>0</ele>
            </trkpt>
            <trkpt lat="44.898561" lon="8.842665">
                <ele>0</ele>
            </trkpt>
            <trkpt lat="44.899323" lon="8.842793">
                <ele>0</ele>
            </trkpt>
            <trkpt lat="44.900296" lon="8.842947">
                <ele>0</ele>
            </trkpt>
            <trkpt lat="44.901003" lon="8.843051">
                <ele>0</ele>
            </trkpt>
            <trkpt lat="44.901744" lon="8.843136">
                <ele>0</ele>
            </trkpt>
            <trkpt lat="44.903178" lon="8.843278">
                <ele>0</ele>
            </trkpt>
            <trkpt lat="44.9045" lon="8.843399">
                <ele>0</ele>
            </trkpt>
            <trkpt lat="44.90552" lon="8.843494">
                <ele>0</ele>
            </trkpt>
            <trkpt lat="44.906298" lon="8.843574">
                <ele>0</ele>
            </trkpt>
            <trkpt lat="44.908952" lon="8.843808">
                <ele>0</ele>
            </trkpt>
            <trkpt lat="44.910866" lon="8.843991">
                <ele>0</ele>
            </trkpt>
            <trkpt lat="44.912253" lon="8.844122">
                <ele>0</ele>
            </trkpt>
            <trkpt lat="44.913758" lon="8.844265">
                <ele>0</ele>
            </trkpt>
            <trkpt lat="44.916974" lon="8.844575">
                <ele>0</ele>
            </trkpt>
            <trkpt lat="44.91809" lon="8.84468">
                <ele>0</ele>
            </trkpt>
            <trkpt lat="44.918756" lon="8.844751">
                <ele>0</ele>
            </trkpt>
            <trkpt lat="44.919677" lon="8.844906">
                <ele>0</ele>
            </trkpt>
            <trkpt lat="44.920361" lon="8.84506">
                <ele>0</ele>
            </trkpt>
            <trkpt lat="44.921207" lon="8.84531">
                <ele>0</ele>
            </trkpt>
            <trkpt lat="44.922" lon="8.845597">
                <ele>0</ele>
            </trkpt>
            <trkpt lat="44.922955" lon="8.846014">
                <ele>0</ele>
            </trkpt>
            <trkpt lat="44.923495" lon="8.846284">
                <ele>0</ele>
            </trkpt>
            <trkpt lat="44.923937" lon="8.846526">
                <ele>0</ele>
            </trkpt>
            <trkpt lat="44.9245" lon="8.846857">
                <ele>0</ele>
            </trkpt>
            <trkpt lat="44.925159" lon="8.84728">
                <ele>0</ele>
            </trkpt>
            <trkpt lat="44.925788" lon="8.847673">
                <ele>0</ele>
            </trkpt>
            <trkpt lat="44.927457" lon="8.848719">
                <ele>0</ele>
            </trkpt>
            <trkpt lat="44.928387" lon="8.849302">
                <ele>0</ele>
            </trkpt>
            <trkpt lat="44.930259" lon="8.850474">
                <ele>0</ele>
            </trkpt>
            <trkpt lat="44.932287" lon="8.85176">
                <ele>0</ele>
            </trkpt>
            <trkpt lat="44.935633" lon="8.853873">
                <ele>0</ele>
            </trkpt>
            <trkpt lat="44.946971" lon="8.861007">
                <ele>0</ele>
            </trkpt>
            <trkpt lat="44.947873" lon="8.861582">
                <ele>0</ele>
            </trkpt>
            <trkpt lat="44.948172" lon="8.86179">
                <ele>0</ele>
            </trkpt>
            <trkpt lat="44.948595" lon="8.862123">
                <ele>0</ele>
            </trkpt>
            <trkpt lat="44.948886" lon="8.862375">
                <ele>0</ele>
            </trkpt>
            <trkpt lat="44.949098" lon="8.862567">
                <ele>0</ele>
            </trkpt>
            <trkpt lat="44.949438" lon="8.862902">
                <ele>0</ele>
            </trkpt>
            <trkpt lat="44.949864" lon="8.863388">
                <ele>0</ele>
            </trkpt>
            <trkpt lat="44.950149" lon="8.863752">
                <ele>0</ele>
            </trkpt>
            <trkpt lat="44.95047" lon="8.864193">
                <ele>0</ele>
            </trkpt>
            <trkpt lat="44.950792" lon="8.864685">
                <ele>0</ele>
            </trkpt>
            <trkpt lat="44.951146" lon="8.86529">
                <ele>0</ele>
            </trkpt>
            <trkpt lat="44.951486" lon="8.865965">
                <ele>0</ele>
            </trkpt>
            <trkpt lat="44.951756" lon="8.866597">
                <ele>0</ele>
            </trkpt>
            <trkpt lat="44.952347" lon="8.86811">
                <ele>0</ele>
            </trkpt>
            <trkpt lat="44.953576" lon="8.871275">
                <ele>0</ele>
            </trkpt>
            <trkpt lat="44.953806" lon="8.871826">
                <ele>0</ele>
            </trkpt>
            <trkpt lat="44.954026" lon="8.872305">
                <ele>0</ele>
            </trkpt>
            <trkpt lat="44.954313" lon="8.872869">
                <ele>0</ele>
            </trkpt>
            <trkpt lat="44.954595" lon="8.87334">
                <ele>0</ele>
            </trkpt>
            <trkpt lat="44.954865" lon="8.873781">
                <ele>0</ele>
            </trkpt>
            <trkpt lat="44.955094" lon="8.874107">
                <ele>0</ele>
            </trkpt>
            <trkpt lat="44.955474" lon="8.874622">
                <ele>0</ele>
            </trkpt>
            <trkpt lat="44.955849" lon="8.875067">
                <ele>0</ele>
            </trkpt>
            <trkpt lat="44.956346" lon="8.875615">
                <ele>0</ele>
            </trkpt>
            <trkpt lat="44.95775" lon="8.877102">
                <ele>0</ele>
            </trkpt>
            <trkpt lat="44.959709" lon="8.879175">
                <ele>0</ele>
            </trkpt>
            <trkpt lat="44.961" lon="8.880549">
                <ele>0</ele>
            </trkpt>
            <trkpt lat="44.961693" lon="8.881285">
                <ele>0</ele>
            </trkpt>
            <trkpt lat="44.96506" lon="8.884858">
                <ele>0</ele>
            </trkpt>
            <trkpt lat="44.967965" lon="8.887942">
                <ele>0</ele>
            </trkpt>
            <trkpt lat="44.96868" lon="8.888701">
                <ele>0</ele>
            </trkpt>
            <trkpt lat="44.970212" lon="8.890335">
                <ele>0</ele>
            </trkpt>
            <trkpt lat="44.971472" lon="8.891667">
                <ele>0</ele>
            </trkpt>
            <trkpt lat="44.97237" lon="8.892624">
                <ele>0</ele>
            </trkpt>
            <trkpt lat="44.974064" lon="8.894433">
                <ele>0</ele>
            </trkpt>
            <trkpt lat="44.975366" lon="8.895824">
                <ele>0</ele>
            </trkpt>
            <trkpt lat="44.975686" lon="8.896149">
                <ele>0</ele>
            </trkpt>
            <trkpt lat="44.976072" lon="8.896519">
                <ele>0</ele>
            </trkpt>
            <trkpt lat="44.97636" lon="8.896763">
                <ele>0</ele>
            </trkpt>
            <trkpt lat="44.97672" lon="8.89704">
                <ele>0</ele>
            </trkpt>
            <trkpt lat="44.977115" lon="8.897329">
                <ele>0</ele>
            </trkpt>
            <trkpt lat="44.977846" lon="8.897855">
                <ele>0</ele>
            </trkpt>
            <trkpt lat="44.979167" lon="8.898797">
                <ele>0</ele>
            </trkpt>
            <trkpt lat="44.980196" lon="8.899531">
                <ele>0</ele>
            </trkpt>
            <trkpt lat="44.981171" lon="8.900239">
                <ele>0</ele>
            </trkpt>
            <trkpt lat="44.9825" lon="8.901185">
                <ele>0</ele>
            </trkpt>
            <trkpt lat="44.987236" lon="8.904562">
                <ele>0</ele>
            </trkpt>
            <trkpt lat="44.989984" lon="8.906542">
                <ele>0</ele>
            </trkpt>
            <trkpt lat="44.993498" lon="8.909049">
                <ele>0</ele>
            </trkpt>
            <trkpt lat="44.994777" lon="8.909975">
                <ele>0</ele>
            </trkpt>
            <trkpt lat="44.996203" lon="8.911">
                <ele>0</ele>
            </trkpt>
            <trkpt lat="45.000136" lon="8.913815">
                <ele>0</ele>
            </trkpt>
            <trkpt lat="45.003192" lon="8.916005">
                <ele>0</ele>
            </trkpt>
            <trkpt lat="45.00421" lon="8.916734">
                <ele>0</ele>
            </trkpt>
            <trkpt lat="45.008786" lon="8.920015">
                <ele>0</ele>
            </trkpt>
            <trkpt lat="45.010305" lon="8.921104">
                <ele>0</ele>
            </trkpt>
            <trkpt lat="45.013155" lon="8.923135">
                <ele>0</ele>
            </trkpt>
            <trkpt lat="45.015692" lon="8.924958">
                <ele>0</ele>
            </trkpt>
            <trkpt lat="45.016914" lon="8.925845">
                <ele>0</ele>
            </trkpt>
            <trkpt lat="45.019013" lon="8.927335">
                <ele>0</ele>
            </trkpt>
            <trkpt lat="45.028417" lon="8.93391">
                <ele>0</ele>
            </trkpt>
            <trkpt lat="45.03225" lon="8.936516">
                <ele>0</ele>
            </trkpt>
            <trkpt lat="45.034462" lon="8.938121">
                <ele>0</ele>
            </trkpt>
            <trkpt lat="45.040477" lon="8.942339">
                <ele>0</ele>
            </trkpt>
            <trkpt lat="45.044196" lon="8.945003">
                <ele>0</ele>
            </trkpt>
            <trkpt lat="45.048343" lon="8.947976">
                <ele>0</ele>
            </trkpt>
            <trkpt lat="45.054387" lon="8.952278">
                <ele>0</ele>
            </trkpt>
            <trkpt lat="45.055533" lon="8.953075">
                <ele>0</ele>
            </trkpt>
            <trkpt lat="45.056198" lon="8.953631">
                <ele>0</ele>
            </trkpt>
            <trkpt lat="45.056841" lon="8.954268">
                <ele>0</ele>
            </trkpt>
            <trkpt lat="45.060259" lon="8.958008">
                <ele>0</ele>
            </trkpt>
            <trkpt lat="45.061091" lon="8.958918">
                <ele>0</ele>
            </trkpt>
            <trkpt lat="45.062172" lon="8.960102">
                <ele>0</ele>
            </trkpt>
            <trkpt lat="45.062966" lon="8.960974">
                <ele>0</ele>
            </trkpt>
            <trkpt lat="45.06439" lon="8.962537">
                <ele>0</ele>
            </trkpt>
            <trkpt lat="45.064727" lon="8.962907">
                <ele>0</ele>
            </trkpt>
            <trkpt lat="45.064846" lon="8.963038">
                <ele>0</ele>
            </trkpt>
            <trkpt lat="45.066894" lon="8.965257">
                <ele>0</ele>
            </trkpt>
            <trkpt lat="45.067011" lon="8.965384">
                <ele>0</ele>
            </trkpt>
            <trkpt lat="45.070574" lon="8.969331">
                <ele>0</ele>
            </trkpt>
            <trkpt lat="45.071688" lon="8.970529">
                <ele>0</ele>
            </trkpt>
            <trkpt lat="45.071713" lon="8.970556">
                <ele>0</ele>
            </trkpt>
            <trkpt lat="45.072921" lon="8.971854">
                <ele>0</ele>
            </trkpt>
            <trkpt lat="45.07326" lon="8.972184">
                <ele>0</ele>
            </trkpt>
            <trkpt lat="45.073671" lon="8.972554">
                <ele>0</ele>
            </trkpt>
            <trkpt lat="45.074041" lon="8.972832">
                <ele>0</ele>
            </trkpt>
            <trkpt lat="45.074261" lon="8.972981">
                <ele>0</ele>
            </trkpt>
            <trkpt lat="45.074308" lon="8.973013">
                <ele>0</ele>
            </trkpt>
            <trkpt lat="45.074336" lon="8.973032">
                <ele>0</ele>
            </trkpt>
            <trkpt lat="45.074434" lon="8.973098">
                <ele>0</ele>
            </trkpt>
            <trkpt lat="45.07482" lon="8.973326">
                <ele>0</ele>
            </trkpt>
            <trkpt lat="45.075253" lon="8.97354">
                <ele>0</ele>
            </trkpt>
            <trkpt lat="45.075675" lon="8.973705">
                <ele>0</ele>
            </trkpt>
            <trkpt lat="45.076103" lon="8.97384">
                <ele>0</ele>
            </trkpt>
            <trkpt lat="45.076606" lon="8.973959">
                <ele>0</ele>
            </trkpt>
            <trkpt lat="45.077033" lon="8.974026">
                <ele>0</ele>
            </trkpt>
            <trkpt lat="45.077455" lon="8.974049">
                <ele>0</ele>
            </trkpt>
            <trkpt lat="45.077927" lon="8.974043">
                <ele>0</ele>
            </trkpt>
            <trkpt lat="45.078306" lon="8.97401">
                <ele>0</ele>
            </trkpt>
            <trkpt lat="45.078768" lon="8.973937">
                <ele>0</ele>
            </trkpt>
            <trkpt lat="45.079212" lon="8.973835">
                <ele>0</ele>
            </trkpt>
            <trkpt lat="45.079638" lon="8.973692">
                <ele>0</ele>
            </trkpt>
            <trkpt lat="45.08023" lon="8.97347">
                <ele>0</ele>
            </trkpt>
            <trkpt lat="45.080232" lon="8.973469">
                <ele>0</ele>
            </trkpt>
            <trkpt lat="45.087118" lon="8.970598">
                <ele>0</ele>
            </trkpt>
            <trkpt lat="45.087129" lon="8.970593">
                <ele>0</ele>
            </trkpt>
            <trkpt lat="45.089163" lon="8.969746">
                <ele>0</ele>
            </trkpt>
            <trkpt lat="45.090181" lon="8.969331">
                <ele>0</ele>
            </trkpt>
            <trkpt lat="45.090707" lon="8.969144">
                <ele>0</ele>
            </trkpt>
            <trkpt lat="45.091217" lon="8.968992">
                <ele>0</ele>
            </trkpt>
            <trkpt lat="45.091655" lon="8.968873">
                <ele>0</ele>
            </trkpt>
            <trkpt lat="45.092222" lon="8.968756">
                <ele>0</ele>
            </trkpt>
            <trkpt lat="45.092677" lon="8.968683">
                <ele>0</ele>
            </trkpt>
            <trkpt lat="45.093167" lon="8.968636">
                <ele>0</ele>
            </trkpt>
            <trkpt lat="45.09364" lon="8.968611">
                <ele>0</ele>
            </trkpt>
            <trkpt lat="45.09417" lon="8.96862">
                <ele>0</ele>
            </trkpt>
            <trkpt lat="45.094653" lon="8.96865">
                <ele>0</ele>
            </trkpt>
            <trkpt lat="45.095161" lon="8.968703">
                <ele>0</ele>
            </trkpt>
            <trkpt lat="45.095756" lon="8.968807">
                <ele>0</ele>
            </trkpt>
            <trkpt lat="45.096478" lon="8.968987">
                <ele>0</ele>
            </trkpt>
            <trkpt lat="45.09702" lon="8.969146">
                <ele>0</ele>
            </trkpt>
            <trkpt lat="45.0975" lon="8.96932">
                <ele>0</ele>
            </trkpt>
            <trkpt lat="45.098251" lon="8.969634">
                <ele>0</ele>
            </trkpt>
            <trkpt lat="45.099443" lon="8.970162">
                <ele>0</ele>
            </trkpt>
            <trkpt lat="45.103828" lon="8.972058">
                <ele>0</ele>
            </trkpt>
            <trkpt lat="45.103987" lon="8.972128">
                <ele>0</ele>
            </trkpt>
            <trkpt lat="45.104001" lon="8.972134">
                <ele>0</ele>
            </trkpt>
            <trkpt lat="45.110079" lon="8.974822">
                <ele>0</ele>
            </trkpt>
            <trkpt lat="45.111674" lon="8.975478">
                <ele>0</ele>
            </trkpt>
            <trkpt lat="45.112984" lon="8.975804">
                <ele>0</ele>
            </trkpt>
            <trkpt lat="45.11464" lon="8.976092">
                <ele>0</ele>
            </trkpt>
            <trkpt lat="45.11606" lon="8.976354">
                <ele>0</ele>
            </trkpt>
            <trkpt lat="45.118584" lon="8.976818">
                <ele>0</ele>
            </trkpt>
            <trkpt lat="45.120481" lon="8.977167">
                <ele>0</ele>
            </trkpt>
            <trkpt lat="45.121002" lon="8.977258">
                <ele>0</ele>
            </trkpt>
            <trkpt lat="45.122542" lon="8.977542">
                <ele>0</ele>
            </trkpt>
            <trkpt lat="45.122659" lon="8.977563">
                <ele>0</ele>
            </trkpt>
            <trkpt lat="45.124355" lon="8.977869">
                <ele>0</ele>
            </trkpt>
            <trkpt lat="45.125011" lon="8.978004">
                <ele>0</ele>
            </trkpt>
            <trkpt lat="45.12583" lon="8.978206">
                <ele>0</ele>
            </trkpt>
            <trkpt lat="45.126614" lon="8.978482">
                <ele>0</ele>
            </trkpt>
            <trkpt lat="45.12718" lon="8.978729">
                <ele>0</ele>
            </trkpt>
            <trkpt lat="45.127662" lon="8.978964">
                <ele>0</ele>
            </trkpt>
            <trkpt lat="45.128028" lon="8.979156">
                <ele>0</ele>
            </trkpt>
            <trkpt lat="45.128386" lon="8.979367">
                <ele>0</ele>
            </trkpt>
            <trkpt lat="45.131087" lon="8.981059">
                <ele>0</ele>
            </trkpt>
            <trkpt lat="45.131228" lon="8.981149">
                <ele>0</ele>
            </trkpt>
            <trkpt lat="45.131937" lon="8.981558">
                <ele>0</ele>
            </trkpt>
            <trkpt lat="45.133178" lon="8.982335">
                <ele>0</ele>
            </trkpt>
            <trkpt lat="45.134092" lon="8.982896">
                <ele>0</ele>
            </trkpt>
            <trkpt lat="45.134269" lon="8.983005">
                <ele>0</ele>
            </trkpt>
            <trkpt lat="45.13523" lon="8.983595">
                <ele>0</ele>
            </trkpt>
            <trkpt lat="45.13692" lon="8.984653">
                <ele>0</ele>
            </trkpt>
            <trkpt lat="45.137092" lon="8.984758">
                <ele>0</ele>
            </trkpt>
            <trkpt lat="45.138501" lon="8.98562">
                <ele>0</ele>
            </trkpt>
            <trkpt lat="45.139317" lon="8.986119">
                <ele>0</ele>
            </trkpt>
            <trkpt lat="45.13985" lon="8.98645">
                <ele>0</ele>
            </trkpt>
            <trkpt lat="45.140403" lon="8.986791">
                <ele>0</ele>
            </trkpt>
            <trkpt lat="45.140544" lon="8.986878">
                <ele>0</ele>
            </trkpt>
            <trkpt lat="45.141776" lon="8.987636">
                <ele>0</ele>
            </trkpt>
            <trkpt lat="45.14422" lon="8.989153">
                <ele>0</ele>
            </trkpt>
            <trkpt lat="45.145932" lon="8.990214">
                <ele>0</ele>
            </trkpt>
            <trkpt lat="45.146287" lon="8.990433">
                <ele>0</ele>
            </trkpt>
            <trkpt lat="45.147375" lon="8.991104">
                <ele>0</ele>
            </trkpt>
            <trkpt lat="45.147915" lon="8.991432">
                <ele>0</ele>
            </trkpt>
            <trkpt lat="45.148069" lon="8.991526">
                <ele>0</ele>
            </trkpt>
            <trkpt lat="45.149466" lon="8.992395">
                <ele>0</ele>
            </trkpt>
            <trkpt lat="45.149975" lon="8.992688">
                <ele>0</ele>
            </trkpt>
            <trkpt lat="45.150088" lon="8.992748">
                <ele>0</ele>
            </trkpt>
            <trkpt lat="45.150543" lon="8.992987">
                <ele>0</ele>
            </trkpt>
            <trkpt lat="45.152471" lon="8.993937">
                <ele>0</ele>
            </trkpt>
            <trkpt lat="45.153633" lon="8.994491">
                <ele>0</ele>
            </trkpt>
            <trkpt lat="45.154615" lon="8.99497">
                <ele>0</ele>
            </trkpt>
            <trkpt lat="45.15571" lon="8.995496">
                <ele>0</ele>
            </trkpt>
            <trkpt lat="45.157842" lon="8.996533">
                <ele>0</ele>
            </trkpt>
            <trkpt lat="45.158706" lon="8.996932">
                <ele>0</ele>
            </trkpt>
            <trkpt lat="45.159669" lon="8.997418">
                <ele>0</ele>
            </trkpt>
            <trkpt lat="45.159838" lon="8.997503">
                <ele>0</ele>
            </trkpt>
            <trkpt lat="45.161928" lon="8.998503">
                <ele>0</ele>
            </trkpt>
            <trkpt lat="45.162392" lon="8.998736">
                <ele>0</ele>
            </trkpt>
            <trkpt lat="45.166074" lon="9.000509">
                <ele>0</ele>
            </trkpt>
            <trkpt lat="45.16616" lon="9.00055">
                <ele>0</ele>
            </trkpt>
            <trkpt lat="45.167069" lon="9.000987">
                <ele>0</ele>
            </trkpt>
            <trkpt lat="45.167816" lon="9.001341">
                <ele>0</ele>
            </trkpt>
            <trkpt lat="45.168468" lon="9.001659">
                <ele>0</ele>
            </trkpt>
            <trkpt lat="45.169256" lon="9.002041">
                <ele>0</ele>
            </trkpt>
            <trkpt lat="45.16955" lon="9.00218">
                <ele>0</ele>
            </trkpt>
            <trkpt lat="45.171416" lon="9.003074">
                <ele>0</ele>
            </trkpt>
            <trkpt lat="45.171818" lon="9.003266">
                <ele>0</ele>
            </trkpt>
            <trkpt lat="45.1727" lon="9.003718">
                <ele>0</ele>
            </trkpt>
            <trkpt lat="45.173002" lon="9.003849">
                <ele>0</ele>
            </trkpt>
            <trkpt lat="45.174822" lon="9.004721">
                <ele>0</ele>
            </trkpt>
            <trkpt lat="45.17524" lon="9.004945">
                <ele>0</ele>
            </trkpt>
            <trkpt lat="45.176319" lon="9.005461">
                <ele>0</ele>
            </trkpt>
            <trkpt lat="45.17663" lon="9.005609">
                <ele>0</ele>
            </trkpt>
            <trkpt lat="45.178857" lon="9.006922">
                <ele>0</ele>
            </trkpt>
            <trkpt lat="45.183225" lon="9.009515">
                <ele>0</ele>
            </trkpt>
            <trkpt lat="45.185926" lon="9.011149">
                <ele>0</ele>
            </trkpt>
            <trkpt lat="45.187293" lon="9.011944">
                <ele>0</ele>
            </trkpt>
            <trkpt lat="45.187448" lon="9.012034">
                <ele>0</ele>
            </trkpt>
            <trkpt lat="45.187455" lon="9.012038">
                <ele>0</ele>
            </trkpt>
            <trkpt lat="45.187616" lon="9.012132">
                <ele>0</ele>
            </trkpt>
            <trkpt lat="45.188038" lon="9.012376">
                <ele>0</ele>
            </trkpt>
            <trkpt lat="45.18822" lon="9.012487">
                <ele>0</ele>
            </trkpt>
            <trkpt lat="45.188647" lon="9.012738">
                <ele>0</ele>
            </trkpt>
            <trkpt lat="45.189328" lon="9.013159">
                <ele>0</ele>
            </trkpt>
            <trkpt lat="45.189502" lon="9.013266">
                <ele>0</ele>
            </trkpt>
            <trkpt lat="45.191481" lon="9.014438">
                <ele>0</ele>
            </trkpt>
            <trkpt lat="45.195571" lon="9.016869">
                <ele>0</ele>
            </trkpt>
            <trkpt lat="45.195617" lon="9.016896">
                <ele>0</ele>
            </trkpt>
            <trkpt lat="45.195641" lon="9.01691">
                <ele>0</ele>
            </trkpt>
            <trkpt lat="45.196346" lon="9.017331">
                <ele>0</ele>
            </trkpt>
            <trkpt lat="45.196581" lon="9.017468">
                <ele>0</ele>
            </trkpt>
            <trkpt lat="45.196877" lon="9.017641">
                <ele>0</ele>
            </trkpt>
            <trkpt lat="45.197368" lon="9.01787">
                <ele>0</ele>
            </trkpt>
            <trkpt lat="45.197615" lon="9.017958">
                <ele>0</ele>
            </trkpt>
            <trkpt lat="45.1978" lon="9.018024">
                <ele>0</ele>
            </trkpt>
            <trkpt lat="45.198289" lon="9.0182">
                <ele>0</ele>
            </trkpt>
            <trkpt lat="45.1987" lon="9.0183">
                <ele>0</ele>
            </trkpt>
            <trkpt lat="45.19898" lon="9.018347">
                <ele>0</ele>
            </trkpt>
            <trkpt lat="45.199029" lon="9.018352">
                <ele>0</ele>
            </trkpt>
            <trkpt lat="45.199228" lon="9.018374">
                <ele>0</ele>
            </trkpt>
            <trkpt lat="45.199905" lon="9.018434">
                <ele>0</ele>
            </trkpt>
            <trkpt lat="45.200582" lon="9.018415">
                <ele>0</ele>
            </trkpt>
            <trkpt lat="45.200611" lon="9.018411">
                <ele>0</ele>
            </trkpt>
            <trkpt lat="45.200661" lon="9.018404">
                <ele>0</ele>
            </trkpt>
            <trkpt lat="45.20131" lon="9.018305">
                <ele>0</ele>
            </trkpt>
            <trkpt lat="45.201724" lon="9.018212">
                <ele>0</ele>
            </trkpt>
            <trkpt lat="45.201853" lon="9.018183">
                <ele>0</ele>
            </trkpt>
            <trkpt lat="45.204883" lon="9.017549">
                <ele>0</ele>
            </trkpt>
            <trkpt lat="45.206243" lon="9.017256">
                <ele>0</ele>
            </trkpt>
            <trkpt lat="45.207727" lon="9.016941">
                <ele>0</ele>
            </trkpt>
            <trkpt lat="45.208768" lon="9.016739">
                <ele>0</ele>
            </trkpt>
            <trkpt lat="45.209205" lon="9.016676">
                <ele>0</ele>
            </trkpt>
            <trkpt lat="45.209213" lon="9.016675">
                <ele>0</ele>
            </trkpt>
            <trkpt lat="45.209864" lon="9.016608">
                <ele>0</ele>
            </trkpt>
            <trkpt lat="45.210539" lon="9.016636">
                <ele>0</ele>
            </trkpt>
            <trkpt lat="45.21115" lon="9.016698">
                <ele>0</ele>
            </trkpt>
            <trkpt lat="45.211264" lon="9.016715">
                <ele>0</ele>
            </trkpt>
            <trkpt lat="45.211634" lon="9.01679">
                <ele>0</ele>
            </trkpt>
            <trkpt lat="45.211683" lon="9.016799">
                <ele>0</ele>
            </trkpt>
            <trkpt lat="45.211923" lon="9.016848">
                <ele>0</ele>
            </trkpt>
            <trkpt lat="45.213089" lon="9.017121">
                <ele>0</ele>
            </trkpt>
            <trkpt lat="45.213116" lon="9.017127">
                <ele>0</ele>
            </trkpt>
            <trkpt lat="45.213167" lon="9.017136">
                <ele>0</ele>
            </trkpt>
            <trkpt lat="45.213376" lon="9.01718">
                <ele>0</ele>
            </trkpt>
            <trkpt lat="45.213892" lon="9.017289">
                <ele>0</ele>
            </trkpt>
            <trkpt lat="45.214153" lon="9.017343">
                <ele>0</ele>
            </trkpt>
            <trkpt lat="45.214497" lon="9.017415">
                <ele>0</ele>
            </trkpt>
            <trkpt lat="45.214552" lon="9.017427">
                <ele>0</ele>
            </trkpt>
            <trkpt lat="45.21616" lon="9.017758">
                <ele>0</ele>
            </trkpt>
            <trkpt lat="45.216962" lon="9.018037">
                <ele>0</ele>
            </trkpt>
            <trkpt lat="45.217686" lon="9.018384">
                <ele>0</ele>
            </trkpt>
            <trkpt lat="45.217817" lon="9.018456">
                <ele>0</ele>
            </trkpt>
            <trkpt lat="45.217864" lon="9.018482">
                <ele>0</ele>
            </trkpt>
            <trkpt lat="45.218198" lon="9.018664">
                <ele>0</ele>
            </trkpt>
            <trkpt lat="45.218661" lon="9.018945">
                <ele>0</ele>
            </trkpt>
            <trkpt lat="45.219018" lon="9.019193">
                <ele>0</ele>
            </trkpt>
            <trkpt lat="45.21935" lon="9.019465">
                <ele>0</ele>
            </trkpt>
            <trkpt lat="45.219394" lon="9.019498">
                <ele>0</ele>
            </trkpt>
            <trkpt lat="45.219481" lon="9.019563">
                <ele>0</ele>
            </trkpt>
            <trkpt lat="45.220601" lon="9.020536">
                <ele>0</ele>
            </trkpt>
            <trkpt lat="45.220644" lon="9.020573">
                <ele>0</ele>
            </trkpt>
            <trkpt lat="45.221028" lon="9.020906">
                <ele>0</ele>
            </trkpt>
            <trkpt lat="45.221836" lon="9.02161">
                <ele>0</ele>
            </trkpt>
            <trkpt lat="45.221919" lon="9.021683">
                <ele>0</ele>
            </trkpt>
            <trkpt lat="45.222984" lon="9.02261">
                <ele>0</ele>
            </trkpt>
            <trkpt lat="45.223195" lon="9.022794">
                <ele>0</ele>
            </trkpt>
            <trkpt lat="45.223238" lon="9.022831">
                <ele>0</ele>
            </trkpt>
            <trkpt lat="45.224966" lon="9.024338">
                <ele>0</ele>
            </trkpt>
            <trkpt lat="45.226025" lon="9.025245">
                <ele>0</ele>
            </trkpt>
            <trkpt lat="45.226852" lon="9.025969">
                <ele>0</ele>
            </trkpt>
            <trkpt lat="45.227581" lon="9.026609">
                <ele>0</ele>
            </trkpt>
            <trkpt lat="45.227623" lon="9.026646">
                <ele>0</ele>
            </trkpt>
            <trkpt lat="45.228801" lon="9.02768">
                <ele>0</ele>
            </trkpt>
            <trkpt lat="45.231251" lon="9.029813">
                <ele>0</ele>
            </trkpt>
            <trkpt lat="45.234602" lon="9.032769">
                <ele>0</ele>
            </trkpt>
            <trkpt lat="45.236074" lon="9.034011">
                <ele>0</ele>
            </trkpt>
            <trkpt lat="45.237527" lon="9.035313">
                <ele>0</ele>
            </trkpt>
            <trkpt lat="45.238938" lon="9.036534">
                <ele>0</ele>
            </trkpt>
            <trkpt lat="45.241341" lon="9.038669">
                <ele>0</ele>
            </trkpt>
            <trkpt lat="45.243829" lon="9.040799">
                <ele>0</ele>
            </trkpt>
            <trkpt lat="45.244774" lon="9.041507">
                <ele>0</ele>
            </trkpt>
            <trkpt lat="45.247632" lon="9.043331">
                <ele>0</ele>
            </trkpt>
            <trkpt lat="45.248205" lon="9.043697">
                <ele>0</ele>
            </trkpt>
            <trkpt lat="45.250324" lon="9.045061">
                <ele>0</ele>
            </trkpt>
            <trkpt lat="45.250922" lon="9.045439">
                <ele>0</ele>
            </trkpt>
            <trkpt lat="45.253024" lon="9.046785">
                <ele>0</ele>
            </trkpt>
            <trkpt lat="45.257209" lon="9.049478">
                <ele>0</ele>
            </trkpt>
            <trkpt lat="45.258753" lon="9.050463">
                <ele>0</ele>
            </trkpt>
            <trkpt lat="45.260264" lon="9.051429">
                <ele>0</ele>
            </trkpt>
            <trkpt lat="45.261211" lon="9.052028">
                <ele>0</ele>
            </trkpt>
            <trkpt lat="45.262155" lon="9.052617">
                <ele>0</ele>
            </trkpt>
            <trkpt lat="45.263427" lon="9.053375">
                <ele>0</ele>
            </trkpt>
            <trkpt lat="45.264652" lon="9.05393">
                <ele>0</ele>
            </trkpt>
            <trkpt lat="45.26923" lon="9.055587">
                <ele>0</ele>
            </trkpt>
            <trkpt lat="45.271803" lon="9.056512">
                <ele>0</ele>
            </trkpt>
            <trkpt lat="45.274436" lon="9.057494">
                <ele>0</ele>
            </trkpt>
            <trkpt lat="45.277251" lon="9.058532">
                <ele>0</ele>
            </trkpt>
            <trkpt lat="45.279855" lon="9.0595">
                <ele>0</ele>
            </trkpt>
            <trkpt lat="45.281365" lon="9.060036">
                <ele>0</ele>
            </trkpt>
            <trkpt lat="45.282819" lon="9.060596">
                <ele>0</ele>
            </trkpt>
            <trkpt lat="45.28437" lon="9.061168">
                <ele>0</ele>
            </trkpt>
            <trkpt lat="45.285684" lon="9.06165">
                <ele>0</ele>
            </trkpt>
            <trkpt lat="45.29188" lon="9.063926">
                <ele>0</ele>
            </trkpt>
            <trkpt lat="45.292803" lon="9.064307">
                <ele>0</ele>
            </trkpt>
            <trkpt lat="45.293491" lon="9.06465">
                <ele>0</ele>
            </trkpt>
            <trkpt lat="45.294586" lon="9.065401">
                <ele>0</ele>
            </trkpt>
            <trkpt lat="45.295834" lon="9.06624">
                <ele>0</ele>
            </trkpt>
            <trkpt lat="45.299615" lon="9.068757">
                <ele>0</ele>
            </trkpt>
            <trkpt lat="45.303235" lon="9.071213">
                <ele>0</ele>
            </trkpt>
            <trkpt lat="45.308705" lon="9.074911">
                <ele>0</ele>
            </trkpt>
            <trkpt lat="45.309572" lon="9.075604">
                <ele>0</ele>
            </trkpt>
            <trkpt lat="45.314449" lon="9.080268">
                <ele>0</ele>
            </trkpt>
            <trkpt lat="45.318729" lon="9.084332">
                <ele>0</ele>
            </trkpt>
            <trkpt lat="45.320064" lon="9.08564">
                <ele>0</ele>
            </trkpt>
            <trkpt lat="45.321597" lon="9.087035">
                <ele>0</ele>
            </trkpt>
            <trkpt lat="45.322363" lon="9.087644">
                <ele>0</ele>
            </trkpt>
            <trkpt lat="45.323294" lon="9.088207">
                <ele>0</ele>
            </trkpt>
            <trkpt lat="45.327337" lon="9.090496">
                <ele>0</ele>
            </trkpt>
            <trkpt lat="45.330098" lon="9.092038">
                <ele>0</ele>
            </trkpt>
            <trkpt lat="45.331471" lon="9.092838">
                <ele>0</ele>
            </trkpt>
            <trkpt lat="45.332932" lon="9.093651">
                <ele>0</ele>
            </trkpt>
            <trkpt lat="45.333594" lon="9.09402">
                <ele>0</ele>
            </trkpt>
            <trkpt lat="45.334606" lon="9.094584">
                <ele>0</ele>
            </trkpt>
            <trkpt lat="45.336053" lon="9.09547">
                <ele>0</ele>
            </trkpt>
            <trkpt lat="45.337177" lon="9.096356">
                <ele>0</ele>
            </trkpt>
            <trkpt lat="45.33754" lon="9.096643">
                <ele>0</ele>
            </trkpt>
            <trkpt lat="45.338604" lon="9.097629">
                <ele>0</ele>
            </trkpt>
            <trkpt lat="45.338817" lon="9.097814">
                <ele>0</ele>
            </trkpt>
            <trkpt lat="45.340656" lon="9.099517">
                <ele>0</ele>
            </trkpt>
            <trkpt lat="45.341253" lon="9.100089">
                <ele>0</ele>
            </trkpt>
            <trkpt lat="45.342723" lon="9.101494">
                <ele>0</ele>
            </trkpt>
            <trkpt lat="45.344725" lon="9.103346">
                <ele>0</ele>
            </trkpt>
            <trkpt lat="45.346778" lon="9.105211">
                <ele>0</ele>
            </trkpt>
            <trkpt lat="45.348357" lon="9.106502">
                <ele>0</ele>
            </trkpt>
            <trkpt lat="45.352322" lon="9.109863">
                <ele>0</ele>
            </trkpt>
            <trkpt lat="45.355312" lon="9.112384">
                <ele>0</ele>
            </trkpt>
            <trkpt lat="45.356698" lon="9.11357">
                <ele>0</ele>
            </trkpt>
            <trkpt lat="45.357682" lon="9.11442">
                <ele>0</ele>
            </trkpt>
            <trkpt lat="45.358267" lon="9.114926">
                <ele>0</ele>
            </trkpt>
            <trkpt lat="45.358594" lon="9.115217">
                <ele>0</ele>
            </trkpt>
            <trkpt lat="45.359749" lon="9.116246">
                <ele>0</ele>
            </trkpt>
            <trkpt lat="45.361073" lon="9.117391">
                <ele>0</ele>
            </trkpt>
            <trkpt lat="45.36202" lon="9.118288">
                <ele>0</ele>
            </trkpt>
            <trkpt lat="45.369929" lon="9.125716">
                <ele>0</ele>
            </trkpt>
            <trkpt lat="45.373824" lon="9.129349">
                <ele>0</ele>
            </trkpt>
            <trkpt lat="45.374495" lon="9.129942">
                <ele>0</ele>
            </trkpt>
            <trkpt lat="45.375451" lon="9.130669">
                <ele>0</ele>
            </trkpt>
            <trkpt lat="45.377563" lon="9.131956">
                <ele>0</ele>
            </trkpt>
            <trkpt lat="45.378332" lon="9.132394">
                <ele>0</ele>
            </trkpt>
            <trkpt lat="45.379678" lon="9.133162">
                <ele>0</ele>
            </trkpt>
            <trkpt lat="45.38073" lon="9.133779">
                <ele>0</ele>
            </trkpt>
            <trkpt lat="45.380801" lon="9.133821">
                <ele>0</ele>
            </trkpt>
            <trkpt lat="45.381134" lon="9.134016">
                <ele>0</ele>
            </trkpt>
            <trkpt lat="45.382334" lon="9.13472">
                <ele>0</ele>
            </trkpt>
            <trkpt lat="45.383557" lon="9.135454">
                <ele>0</ele>
            </trkpt>
            <trkpt lat="45.38377" lon="9.135582">
                <ele>0</ele>
            </trkpt>
            <trkpt lat="45.384231" lon="9.135859">
                <ele>0</ele>
            </trkpt>
            <trkpt lat="45.385006" lon="9.136323">
                <ele>0</ele>
            </trkpt>
            <trkpt lat="45.385915" lon="9.136851">
                <ele>0</ele>
            </trkpt>
            <trkpt lat="45.386324" lon="9.137138">
                <ele>0</ele>
            </trkpt>
            <trkpt lat="45.386889" lon="9.137542">
                <ele>0</ele>
            </trkpt>
            <trkpt lat="45.387295" lon="9.137882">
                <ele>0</ele>
            </trkpt>
            <trkpt lat="45.38798" lon="9.13844">
                <ele>0</ele>
            </trkpt>
            <trkpt lat="45.388635" lon="9.138858">
                <ele>0</ele>
            </trkpt>
            <trkpt lat="45.389064" lon="9.1391">
                <ele>0</ele>
            </trkpt>
            <trkpt lat="45.389288" lon="9.139215">
                <ele>0</ele>
            </trkpt>
            <trkpt lat="45.389535" lon="9.139318">
                <ele>0</ele>
            </trkpt>
            <trkpt lat="45.389914" lon="9.139424">
                <ele>0</ele>
            </trkpt>
            <trkpt lat="45.390384" lon="9.139514">
                <ele>0</ele>
            </trkpt>
            <trkpt lat="45.390472" lon="9.139521">
                <ele>0</ele>
            </trkpt>
            <trkpt lat="45.390592" lon="9.139522">
                <ele>0</ele>
            </trkpt>
            <trkpt lat="45.390712" lon="9.139539">
                <ele>0</ele>
            </trkpt>
            <trkpt lat="45.390903" lon="9.139616">
                <ele>0</ele>
            </trkpt>
            <trkpt lat="45.391491" lon="9.139851">
                <ele>0</ele>
            </trkpt>
            <trkpt lat="45.392091" lon="9.140063">
                <ele>0</ele>
            </trkpt>
            <trkpt lat="45.39382" lon="9.140812">
                <ele>0</ele>
            </trkpt>
            <trkpt lat="45.395035" lon="9.141354">
                <ele>0</ele>
            </trkpt>
            <trkpt lat="45.396211" lon="9.14189">
                <ele>0</ele>
            </trkpt>
            <trkpt lat="45.397548" lon="9.142497">
                <ele>0</ele>
            </trkpt>
            <trkpt lat="45.397666" lon="9.142561">
                <ele>0</ele>
            </trkpt>
            <trkpt lat="45.397745" lon="9.142603">
                <ele>0</ele>
            </trkpt>
            <trkpt lat="45.397943" lon="9.142715">
                <ele>0</ele>
            </trkpt>
            <trkpt lat="45.398133" lon="9.142824">
                <ele>0</ele>
            </trkpt>
            <trkpt lat="45.399624" lon="9.143718">
                <ele>0</ele>
            </trkpt>
            <trkpt lat="45.399814" lon="9.143829">
                <ele>0</ele>
            </trkpt>
            <trkpt lat="45.402429" lon="9.145358">
                <ele>0</ele>
            </trkpt>
            <trkpt lat="45.404031" lon="9.146285">
                <ele>0</ele>
            </trkpt>
            <trkpt lat="45.405661" lon="9.14723">
                <ele>0</ele>
            </trkpt>
            <trkpt lat="45.40611" lon="9.14749">
                <ele>0</ele>
            </trkpt>
            <trkpt lat="45.406854" lon="9.147931">
                <ele>0</ele>
            </trkpt>
            <trkpt lat="45.407623" lon="9.148376">
                <ele>0</ele>
            </trkpt>
            <trkpt lat="45.408105" lon="9.148656">
                <ele>0</ele>
            </trkpt>
            <trkpt lat="45.408974" lon="9.14916">
                <ele>0</ele>
            </trkpt>
            <trkpt lat="45.409546" lon="9.149492">
                <ele>0</ele>
            </trkpt>
            <trkpt lat="45.411215" lon="9.150461">
                <ele>0</ele>
            </trkpt>
            <trkpt lat="45.415077" lon="9.152675">
                <ele>0</ele>
            </trkpt>
            <trkpt lat="45.415084" lon="9.15268">
                <ele>0</ele>
            </trkpt>
            <trkpt lat="45.415924" lon="9.153241">
                <ele>0</ele>
            </trkpt>
            <trkpt lat="45.416591" lon="9.15371">
                <ele>0</ele>
            </trkpt>
            <trkpt lat="45.417275" lon="9.154328">
                <ele>0</ele>
            </trkpt>
            <trkpt lat="45.417736" lon="9.154763">
                <ele>0</ele>
            </trkpt>
            <trkpt lat="45.41805" lon="9.15506">
                <ele>0</ele>
            </trkpt>
            <trkpt lat="45.420589" lon="9.157553">
                <ele>0</ele>
            </trkpt>
            <trkpt lat="45.420859" lon="9.157818">
                <ele>0</ele>
            </trkpt>
            <trkpt lat="45.42207" lon="9.158974">
                <ele>0</ele>
            </trkpt>
            <trkpt lat="45.422255" lon="9.159134">
                <ele>0</ele>
            </trkpt>
            <trkpt lat="45.422433" lon="9.159267">
                <ele>0</ele>
            </trkpt>
            <trkpt lat="45.422627" lon="9.159389">
                <ele>0</ele>
            </trkpt>
            <trkpt lat="45.422805" lon="9.159493">
                <ele>0</ele>
            </trkpt>
            <trkpt lat="45.424394" lon="9.160445">
                <ele>0</ele>
            </trkpt>
            <trkpt lat="45.424783" lon="9.160666">
                <ele>0</ele>
            </trkpt>
            <trkpt lat="45.427969" lon="9.162482">
                <ele>0</ele>
            </trkpt>
            <trkpt lat="45.428625" lon="9.162948">
                <ele>0</ele>
            </trkpt>
            <trkpt lat="45.429139" lon="9.163412">
                <ele>0</ele>
            </trkpt>
            <trkpt lat="45.429759" lon="9.164068">
                <ele>0</ele>
            </trkpt>
            <trkpt lat="45.429808" lon="9.164119">
                <ele>0</ele>
            </trkpt>
            <trkpt lat="45.430145" lon="9.164541">
                <ele>0</ele>
            </trkpt>
            <trkpt lat="45.430809" lon="9.165431">
                <ele>0</ele>
            </trkpt>
            <trkpt lat="45.431908" lon="9.166889">
                <ele>0</ele>
            </trkpt>
            <trkpt lat="45.432353" lon="9.167479">
                <ele>0</ele>
            </trkpt>
            <trkpt lat="45.432478" lon="9.167644">
                <ele>0</ele>
            </trkpt>
            <trkpt lat="45.433036" lon="9.168278">
                <ele>0</ele>
            </trkpt>
            <trkpt lat="45.433439" lon="9.168736">
                <ele>0</ele>
            </trkpt>
            <trkpt lat="45.434195" lon="9.169392">
                <ele>0</ele>
            </trkpt>
            <trkpt lat="45.434787" lon="9.169857">
                <ele>0</ele>
            </trkpt>
            <trkpt lat="45.435145" lon="9.170094">
                <ele>0</ele>
            </trkpt>
            <trkpt lat="45.435455" lon="9.17025">
                <ele>0</ele>
            </trkpt>
            <trkpt lat="45.435838" lon="9.170439">
                <ele>0</ele>
            </trkpt>
            <trkpt lat="45.436876" lon="9.170895">
                <ele>0</ele>
            </trkpt>
            <trkpt lat="45.436982" lon="9.170952">
                <ele>0</ele>
            </trkpt>
            <trkpt lat="45.437185" lon="9.171081">
                <ele>0</ele>
            </trkpt>
            <trkpt lat="45.437314" lon="9.17118">
                <ele>0</ele>
            </trkpt>
            <trkpt lat="45.437317" lon="9.1712">
                <ele>0</ele>
            </trkpt>
            <trkpt lat="45.437329" lon="9.171253">
                <ele>0</ele>
            </trkpt>
            <trkpt lat="45.437346" lon="9.171304">
                <ele>0</ele>
            </trkpt>
            <trkpt lat="45.437368" lon="9.171351">
                <ele>0</ele>
            </trkpt>
            <trkpt lat="45.437393" lon="9.171394">
                <ele>0</ele>
            </trkpt>
            <trkpt lat="45.437422" lon="9.171432">
                <ele>0</ele>
            </trkpt>
            <trkpt lat="45.437454" lon="9.171465">
                <ele>0</ele>
            </trkpt>
            <trkpt lat="45.437476" lon="9.171482">
                <ele>0</ele>
            </trkpt>
            <trkpt lat="45.437488" lon="9.171492">
                <ele>0</ele>
            </trkpt>
            <trkpt lat="45.437525" lon="9.171512">
                <ele>0</ele>
            </trkpt>
            <trkpt lat="45.437563" lon="9.171526">
                <ele>0</ele>
            </trkpt>
            <trkpt lat="45.437602" lon="9.171533">
                <ele>0</ele>
            </trkpt>
            <trkpt lat="45.437622" lon="9.171534">
                <ele>0</ele>
            </trkpt>
            <trkpt lat="45.437661" lon="9.171531">
                <ele>0</ele>
            </trkpt>
            <trkpt lat="45.437699" lon="9.171521">
                <ele>0</ele>
            </trkpt>
            <trkpt lat="45.437737" lon="9.171504">
                <ele>0</ele>
            </trkpt>
            <trkpt lat="45.437773" lon="9.17148">
                <ele>0</ele>
            </trkpt>
            <trkpt lat="45.437791" lon="9.171464">
                <ele>0</ele>
            </trkpt>
            <trkpt lat="45.437806" lon="9.17145">
                <ele>0</ele>
            </trkpt>
            <trkpt lat="45.437837" lon="9.171415">
                <ele>0</ele>
            </trkpt>
            <trkpt lat="45.437917" lon="9.171413">
                <ele>0</ele>
            </trkpt>
            <trkpt lat="45.437974" lon="9.171411">
                <ele>0</ele>
            </trkpt>
            <trkpt lat="45.43799" lon="9.171411">
                <ele>0</ele>
            </trkpt>
            <trkpt lat="45.438012" lon="9.171413">
                <ele>0</ele>
            </trkpt>
            <trkpt lat="45.438025" lon="9.171416">
                <ele>0</ele>
            </trkpt>
            <trkpt lat="45.438038" lon="9.171422">
                <ele>0</ele>
            </trkpt>
            <trkpt lat="45.438057" lon="9.171434">
                <ele>0</ele>
            </trkpt>
            <trkpt lat="45.438226" lon="9.171554">
                <ele>0</ele>
            </trkpt>
            <trkpt lat="45.43827" lon="9.17158">
                <ele>0</ele>
            </trkpt>
            <trkpt lat="45.438864" lon="9.171972">
                <ele>0</ele>
            </trkpt>
            <trkpt lat="45.439635" lon="9.1724">
                <ele>0</ele>
            </trkpt>
            <trkpt lat="45.439675" lon="9.172414">
                <ele>0</ele>
            </trkpt>
            <trkpt lat="45.43968" lon="9.172416">
                <ele>0</ele>
            </trkpt>
            <trkpt lat="45.439867" lon="9.172483">
                <ele>0</ele>
            </trkpt>
            <trkpt lat="45.440003" lon="9.172525">
                <ele>0</ele>
            </trkpt>
            <trkpt lat="45.440175" lon="9.172569">
                <ele>0</ele>
            </trkpt>
            <trkpt lat="45.440176" lon="9.172569">
                <ele>0</ele>
            </trkpt>
            <trkpt lat="45.440346" lon="9.172585">
                <ele>0</ele>
            </trkpt>
            <trkpt lat="45.440408" lon="9.172595">
                <ele>0</ele>
            </trkpt>
            <trkpt lat="45.440468" lon="9.172601">
                <ele>0</ele>
            </trkpt>
            <trkpt lat="45.440519" lon="9.172604">
                <ele>0</ele>
            </trkpt>
            <trkpt lat="45.440599" lon="9.17261">
                <ele>0</ele>
            </trkpt>
            <trkpt lat="45.440639" lon="9.172613">
                <ele>0</ele>
            </trkpt>
            <trkpt lat="45.440731" lon="9.172619">
                <ele>0</ele>
            </trkpt>
            <trkpt lat="45.440832" lon="9.172625">
                <ele>0</ele>
            </trkpt>
            <trkpt lat="45.441529" lon="9.172668">
                <ele>0</ele>
            </trkpt>
            <trkpt lat="45.441665" lon="9.172676">
                <ele>0</ele>
            </trkpt>
            <trkpt lat="45.441765" lon="9.172682">
                <ele>0</ele>
            </trkpt>
            <trkpt lat="45.441881" lon="9.172689">
                <ele>0</ele>
            </trkpt>
            <trkpt lat="45.442003" lon="9.172699">
                <ele>0</ele>
            </trkpt>
            <trkpt lat="45.442814" lon="9.172738">
                <ele>0</ele>
            </trkpt>
            <trkpt lat="45.442986" lon="9.172745">
                <ele>0</ele>
            </trkpt>
            <trkpt lat="45.443013" lon="9.172746">
                <ele>0</ele>
            </trkpt>
            <trkpt lat="45.443078" lon="9.172749">
                <ele>0</ele>
            </trkpt>
            <trkpt lat="45.443237" lon="9.172755">
                <ele>0</ele>
            </trkpt>
            <trkpt lat="45.443303" lon="9.172758">
                <ele>0</ele>
            </trkpt>
            <trkpt lat="45.443355" lon="9.17276">
                <ele>0</ele>
            </trkpt>
            <trkpt lat="45.443432" lon="9.172784">
                <ele>0</ele>
            </trkpt>
            <trkpt lat="45.443491" lon="9.172825">
                <ele>0</ele>
            </trkpt>
            <trkpt lat="45.443585" lon="9.172882">
                <ele>0</ele>
            </trkpt>
            <trkpt lat="45.443655" lon="9.173028">
                <ele>0</ele>
            </trkpt>
            <trkpt lat="45.443673" lon="9.173039">
                <ele>0</ele>
            </trkpt>
            <trkpt lat="45.443718" lon="9.173077">
                <ele>0</ele>
            </trkpt>
            <trkpt lat="45.443759" lon="9.173101">
                <ele>0</ele>
            </trkpt>
            <trkpt lat="45.443823" lon="9.173116">
                <ele>0</ele>
            </trkpt>
            <trkpt lat="45.443869" lon="9.173115">
                <ele>0</ele>
            </trkpt>
            <trkpt lat="45.443918" lon="9.173102">
                <ele>0</ele>
            </trkpt>
            <trkpt lat="45.443967" lon="9.173073">
                <ele>0</ele>
            </trkpt>
            <trkpt lat="45.444002" lon="9.173039">
                <ele>0</ele>
            </trkpt>
            <trkpt lat="45.444027" lon="9.173008">
                <ele>0</ele>
            </trkpt>
            <trkpt lat="45.444059" lon="9.172962">
                <ele>0</ele>
            </trkpt>
            <trkpt lat="45.444088" lon="9.172894">
                <ele>0</ele>
            </trkpt>
            <trkpt lat="45.44411" lon="9.1728">
                <ele>0</ele>
            </trkpt>
            <trkpt lat="45.444114" lon="9.172677">
                <ele>0</ele>
            </trkpt>
            <trkpt lat="45.444089" lon="9.172553">
                <ele>0</ele>
            </trkpt>
            <trkpt lat="45.44405" lon="9.172471">
                <ele>0</ele>
            </trkpt>
            <trkpt lat="45.44403" lon="9.172441">
                <ele>0</ele>
            </trkpt>
            <trkpt lat="45.444" lon="9.172402">
                <ele>0</ele>
            </trkpt>
            <trkpt lat="45.443953" lon="9.172365">
                <ele>0</ele>
            </trkpt>
            <trkpt lat="45.443959" lon="9.172257">
                <ele>0</ele>
            </trkpt>
            <trkpt lat="45.44397" lon="9.17202">
                <ele>0</ele>
            </trkpt>
            <trkpt lat="45.444041" lon="9.170604">
                <ele>0</ele>
            </trkpt>
            <trkpt lat="45.444158" lon="9.168165">
                <ele>0</ele>
            </trkpt>
            <trkpt lat="45.444179" lon="9.167834">
                <ele>0</ele>
            </trkpt>
            <trkpt lat="45.444195" lon="9.167487">
                <ele>0</ele>
            </trkpt>
            <trkpt lat="45.444201" lon="9.167341">
                <ele>0</ele>
            </trkpt>
            <trkpt lat="45.444217" lon="9.167073">
                <ele>0</ele>
            </trkpt>
            <trkpt lat="45.444262" lon="9.166484">
                <ele>0</ele>
            </trkpt>
            <trkpt lat="45.444264" lon="9.166462">
                <ele>0</ele>
            </trkpt>
            <trkpt lat="45.444285" lon="9.166247">
                <ele>0</ele>
            </trkpt>
            <trkpt lat="45.444297" lon="9.16614">
                <ele>0</ele>
            </trkpt>
            <trkpt lat="45.444319" lon="9.165948">
                <ele>0</ele>
            </trkpt>
            <trkpt lat="45.444384" lon="9.165477">
                <ele>0</ele>
            </trkpt>
            <trkpt lat="45.444461" lon="9.165027">
                <ele>0</ele>
            </trkpt>
            <trkpt lat="45.444537" lon="9.164623">
                <ele>0</ele>
            </trkpt>
            <trkpt lat="45.444624" lon="9.164205">
                <ele>0</ele>
            </trkpt>
            <trkpt lat="45.444731" lon="9.16376">
                <ele>0</ele>
            </trkpt>
            <trkpt lat="45.444814" lon="9.163435">
                <ele>0</ele>
            </trkpt>
            <trkpt lat="45.444836" lon="9.163363">
                <ele>0</ele>
            </trkpt>
            <trkpt lat="45.444863" lon="9.163272">
                <ele>0</ele>
            </trkpt>
            <trkpt lat="45.445045" lon="9.162665">
                <ele>0</ele>
            </trkpt>
            <trkpt lat="45.445075" lon="9.162564">
                <ele>0</ele>
            </trkpt>
            <trkpt lat="45.445109" lon="9.162451">
                <ele>0</ele>
            </trkpt>
            <trkpt lat="45.445227" lon="9.162109">
                <ele>0</ele>
            </trkpt>
            <trkpt lat="45.44527" lon="9.161985">
                <ele>0</ele>
            </trkpt>
            <trkpt lat="45.445376" lon="9.16171">
                <ele>0</ele>
            </trkpt>
            <trkpt lat="45.445491" lon="9.161439">
                <ele>0</ele>
            </trkpt>
            <trkpt lat="45.445638" lon="9.16109">
                <ele>0</ele>
            </trkpt>
            <trkpt lat="45.445877" lon="9.160576">
                <ele>0</ele>
            </trkpt>
            <trkpt lat="45.446109" lon="9.160105">
                <ele>0</ele>
            </trkpt>
            <trkpt lat="45.446157" lon="9.160023">
                <ele>0</ele>
            </trkpt>
            <trkpt lat="45.446239" lon="9.15987">
                <ele>0</ele>
            </trkpt>
            <trkpt lat="45.446291" lon="9.159764">
                <ele>0</ele>
            </trkpt>
            <trkpt lat="45.446331" lon="9.159672">
                <ele>0</ele>
            </trkpt>
            <trkpt lat="45.446423" lon="9.15946">
                <ele>0</ele>
            </trkpt>
            <trkpt lat="45.446526" lon="9.159256">
                <ele>0</ele>
            </trkpt>
            <trkpt lat="45.446592" lon="9.159139">
                <ele>0</ele>
            </trkpt>
            <trkpt lat="45.446658" lon="9.159038">
                <ele>0</ele>
            </trkpt>
            <trkpt lat="45.446794" lon="9.15885">
                <ele>0</ele>
            </trkpt>
            <trkpt lat="45.446941" lon="9.158683">
                <ele>0</ele>
            </trkpt>
            <trkpt lat="45.447093" lon="9.158543">
                <ele>0</ele>
            </trkpt>
            <trkpt lat="45.447221" lon="9.158451">
                <ele>0</ele>
            </trkpt>
            <trkpt lat="45.447375" lon="9.158361">
                <ele>0</ele>
            </trkpt>
            <trkpt lat="45.447598" lon="9.158248">
                <ele>0</ele>
            </trkpt>
            <trkpt lat="45.447721" lon="9.158195">
                <ele>0</ele>
            </trkpt>
            <trkpt lat="45.447762" lon="9.158176">
                <ele>0</ele>
            </trkpt>
            <trkpt lat="45.447765" lon="9.158175">
                <ele>0</ele>
            </trkpt>
            <trkpt lat="45.448066" lon="9.158039">
                <ele>0</ele>
            </trkpt>
            <trkpt lat="45.44838" lon="9.157882">
                <ele>0</ele>
            </trkpt>
            <trkpt lat="45.448632" lon="9.157738">
                <ele>0</ele>
            </trkpt>
            <trkpt lat="45.448679" lon="9.157712">
                <ele>0</ele>
            </trkpt>
            <trkpt lat="45.448907" lon="9.157565">
                <ele>0</ele>
            </trkpt>
            <trkpt lat="45.448998" lon="9.157502">
                <ele>0</ele>
            </trkpt>
            <trkpt lat="45.449082" lon="9.157433">
                <ele>0</ele>
            </trkpt>
            <trkpt lat="45.449172" lon="9.157357">
                <ele>0</ele>
            </trkpt>
            <trkpt lat="45.449261" lon="9.157271">
                <ele>0</ele>
            </trkpt>
            <trkpt lat="45.449284" lon="9.157247">
                <ele>0</ele>
            </trkpt>
            <trkpt lat="45.449381" lon="9.157128">
                <ele>0</ele>
            </trkpt>
            <trkpt lat="45.449518" lon="9.156933">
                <ele>0</ele>
            </trkpt>
            <trkpt lat="45.449667" lon="9.156673">
                <ele>0</ele>
            </trkpt>
            <trkpt lat="45.449909" lon="9.156247">
                <ele>0</ele>
            </trkpt>
            <trkpt lat="45.449997" lon="9.156099">
                <ele>0</ele>
            </trkpt>
            <trkpt lat="45.450029" lon="9.156045">
                <ele>0</ele>
            </trkpt>
            <trkpt lat="45.450154" lon="9.155847">
                <ele>0</ele>
            </trkpt>
            <trkpt lat="45.450234" lon="9.155759">
                <ele>0</ele>
            </trkpt>
            <trkpt lat="45.450247" lon="9.155744">
                <ele>0</ele>
            </trkpt>
            <trkpt lat="45.450263" lon="9.155727">
                <ele>0</ele>
            </trkpt>
            <trkpt lat="45.450317" lon="9.155681">
                <ele>0</ele>
            </trkpt>
            <trkpt lat="45.450487" lon="9.155532">
                <ele>0</ele>
            </trkpt>
            <trkpt lat="45.45078" lon="9.155363">
                <ele>0</ele>
            </trkpt>
            <trkpt lat="45.45129" lon="9.15507">
                <ele>0</ele>
            </trkpt>
            <trkpt lat="45.451367" lon="9.155025">
                <ele>0</ele>
            </trkpt>
            <trkpt lat="45.451902" lon="9.154709">
                <ele>0</ele>
            </trkpt>
            <trkpt lat="45.452368" lon="9.154433">
                <ele>0</ele>
            </trkpt>
            <trkpt lat="45.452444" lon="9.154389">
                <ele>0</ele>
            </trkpt>
            <trkpt lat="45.452503" lon="9.154354">
                <ele>0</ele>
            </trkpt>
            <trkpt lat="45.452564" lon="9.154318">
                <ele>0</ele>
            </trkpt>
            <trkpt lat="45.452651" lon="9.154267">
                <ele>0</ele>
            </trkpt>
            <trkpt lat="45.45296" lon="9.154086">
                <ele>0</ele>
            </trkpt>
            <trkpt lat="45.453869" lon="9.153556">
                <ele>0</ele>
            </trkpt>
            <trkpt lat="45.454054" lon="9.153447">
                <ele>0</ele>
            </trkpt>
            <trkpt lat="45.454132" lon="9.153404">
                <ele>0</ele>
            </trkpt>
            <trkpt lat="45.454152" lon="9.153393">
                <ele>0</ele>
            </trkpt>
            <trkpt lat="45.454582" lon="9.153153">
                <ele>0</ele>
            </trkpt>
            <trkpt lat="45.454737" lon="9.153067">
                <ele>0</ele>
            </trkpt>
            <trkpt lat="45.454855" lon="9.153001">
                <ele>0</ele>
            </trkpt>
            <trkpt lat="45.454934" lon="9.152959">
                <ele>0</ele>
            </trkpt>
            <trkpt lat="45.454938" lon="9.152957">
                <ele>0</ele>
            </trkpt>
            <trkpt lat="45.455032" lon="9.15291">
                <ele>0</ele>
            </trkpt>
            <trkpt lat="45.455084" lon="9.152911">
                <ele>0</ele>
            </trkpt>
            <trkpt lat="45.455134" lon="9.152914">
                <ele>0</ele>
            </trkpt>
            <trkpt lat="45.455207" lon="9.152893">
                <ele>0</ele>
            </trkpt>
            <trkpt lat="45.455259" lon="9.152863">
                <ele>0</ele>
            </trkpt>
            <trkpt lat="45.455304" lon="9.152818">
                <ele>0</ele>
            </trkpt>
            <trkpt lat="45.455336" lon="9.152768">
                <ele>0</ele>
            </trkpt>
            <trkpt lat="45.455379" lon="9.152687">
                <ele>0</ele>
            </trkpt>
            <trkpt lat="45.455483" lon="9.152626">
                <ele>0</ele>
            </trkpt>
            <trkpt lat="45.455806" lon="9.152441">
                <ele>0</ele>
            </trkpt>
            <trkpt lat="45.456017" lon="9.152322">
                <ele>0</ele>
            </trkpt>
            <trkpt lat="45.456085" lon="9.152278">
                <ele>0</ele>
            </trkpt>
            <trkpt lat="45.457156" lon="9.151674">
                <ele>0</ele>
            </trkpt>
            <trkpt lat="45.457598" lon="9.151425">
                <ele>0</ele>
            </trkpt>
            <trkpt lat="45.457654" lon="9.151391">
                <ele>0</ele>
            </trkpt>
            <trkpt lat="45.457732" lon="9.151345">
                <ele>0</ele>
            </trkpt>
            <trkpt lat="45.45831" lon="9.151005">
                <ele>0</ele>
            </trkpt>
            <trkpt lat="45.458753" lon="9.150741">
                <ele>0</ele>
            </trkpt>
            <trkpt lat="45.459068" lon="9.150556">
                <ele>0</ele>
            </trkpt>
            <trkpt lat="45.459299" lon="9.150418">
                <ele>0</ele>
            </trkpt>
            <trkpt lat="45.459792" lon="9.150127">
                <ele>0</ele>
            </trkpt>
            <trkpt lat="45.460187" lon="9.149897">
                <ele>0</ele>
            </trkpt>
            <trkpt lat="45.460241" lon="9.149866">
                <ele>0</ele>
            </trkpt>
            <trkpt lat="45.46035" lon="9.149803">
                <ele>0</ele>
            </trkpt>
            <trkpt lat="45.460446" lon="9.149747">
                <ele>0</ele>
            </trkpt>
            <trkpt lat="45.460501" lon="9.149714">
                <ele>0</ele>
            </trkpt>
            <trkpt lat="45.46057" lon="9.149674">
                <ele>0</ele>
            </trkpt>
            <trkpt lat="45.460654" lon="9.149624">
                <ele>0</ele>
            </trkpt>
            <trkpt lat="45.461189" lon="9.149303">
                <ele>0</ele>
            </trkpt>
            <trkpt lat="45.461788" lon="9.148957">
                <ele>0</ele>
            </trkpt>
            <trkpt lat="45.462071" lon="9.148794">
                <ele>0</ele>
            </trkpt>
            <trkpt lat="45.462226" lon="9.148705">
                <ele>0</ele>
            </trkpt>
            <trkpt lat="45.462609" lon="9.148486">
                <ele>0</ele>
            </trkpt>
            <trkpt lat="45.463029" lon="9.148245">
                <ele>0</ele>
            </trkpt>
            <trkpt lat="45.463098" lon="9.148206">
                <ele>0</ele>
            </trkpt>
            <trkpt lat="45.463176" lon="9.148154">
                <ele>0</ele>
            </trkpt>
            <trkpt lat="45.464923" lon="9.147129">
                <ele>0</ele>
            </trkpt>
            <trkpt lat="45.464986" lon="9.147092">
                <ele>0</ele>
            </trkpt>
            <trkpt lat="45.465905" lon="9.14655">
                <ele>0</ele>
            </trkpt>
            <trkpt lat="45.466013" lon="9.146505">
                <ele>0</ele>
            </trkpt>
            <trkpt lat="45.466016" lon="9.146504">
                <ele>0</ele>
            </trkpt>
            <trkpt lat="45.466129" lon="9.146465">
                <ele>0</ele>
            </trkpt>
            <trkpt lat="45.466689" lon="9.14629">
                <ele>0</ele>
            </trkpt>
            <trkpt lat="45.466859" lon="9.146237">
                <ele>0</ele>
            </trkpt>
            <trkpt lat="45.466932" lon="9.146213">
                <ele>0</ele>
            </trkpt>
            <trkpt lat="45.466946" lon="9.146209">
                <ele>0</ele>
            </trkpt>
            <trkpt lat="45.466961" lon="9.146204">
                <ele>0</ele>
            </trkpt>
            <trkpt lat="45.467057" lon="9.146174">
                <ele>0</ele>
            </trkpt>
            <trkpt lat="45.467253" lon="9.146113">
                <ele>0</ele>
            </trkpt>
            <trkpt lat="45.468296" lon="9.145787">
                <ele>0</ele>
            </trkpt>
            <trkpt lat="45.46869" lon="9.145664">
                <ele>0</ele>
            </trkpt>
            <trkpt lat="45.469222" lon="9.145497">
                <ele>0</ele>
            </trkpt>
            <trkpt lat="45.469904" lon="9.145284">
                <ele>0</ele>
            </trkpt>
            <trkpt lat="45.469953" lon="9.145274">
                <ele>0</ele>
            </trkpt>
            <trkpt lat="45.47001" lon="9.14527">
                <ele>0</ele>
            </trkpt>
            <trkpt lat="45.470061" lon="9.145286">
                <ele>0</ele>
            </trkpt>
            <trkpt lat="45.470099" lon="9.14531">
                <ele>0</ele>
            </trkpt>
            <trkpt lat="45.47011" lon="9.145345">
                <ele>0</ele>
            </trkpt>
            <trkpt lat="45.470144" lon="9.145407">
                <ele>0</ele>
            </trkpt>
            <trkpt lat="45.470208" lon="9.145492">
                <ele>0</ele>
            </trkpt>
            <trkpt lat="45.470244" lon="9.145524">
                <ele>0</ele>
            </trkpt>
            <trkpt lat="45.470269" lon="9.145543">
                <ele>0</ele>
            </trkpt>
            <trkpt lat="45.470315" lon="9.145571">
                <ele>0</ele>
            </trkpt>
            <trkpt lat="45.47039" lon="9.145601">
                <ele>0</ele>
            </trkpt>
            <trkpt lat="45.470447" lon="9.145601">
                <ele>0</ele>
            </trkpt>
            <trkpt lat="45.470606" lon="9.145562">
                <ele>0</ele>
            </trkpt>
            <trkpt lat="45.470927" lon="9.145465">
                <ele>0</ele>
            </trkpt>
            <trkpt lat="45.47114" lon="9.145398">
                <ele>0</ele>
            </trkpt>
            <trkpt lat="45.471391" lon="9.145319">
                <ele>0</ele>
            </trkpt>
            <trkpt lat="45.471478" lon="9.145241">
                <ele>0</ele>
            </trkpt>
            <trkpt lat="45.471535" lon="9.145167">
                <ele>0</ele>
            </trkpt>
            <trkpt lat="45.471569" lon="9.145093">
                <ele>0</ele>
            </trkpt>
            <trkpt lat="45.471595" lon="9.14502">
                <ele>0</ele>
            </trkpt>
            <trkpt lat="45.471625" lon="9.144919">
                <ele>0</ele>
            </trkpt>
            <trkpt lat="45.471646" lon="9.144822">
                <ele>0</ele>
            </trkpt>
            <trkpt lat="45.471668" lon="9.144775">
                <ele>0</ele>
            </trkpt>
            <trkpt lat="45.471703" lon="9.144736">
                <ele>0</ele>
            </trkpt>
            <trkpt lat="45.471745" lon="9.144703">
                <ele>0</ele>
            </trkpt>
            <trkpt lat="45.47179" lon="9.14469">
                <ele>0</ele>
            </trkpt>
            <trkpt lat="45.472204" lon="9.144563">
                <ele>0</ele>
            </trkpt>
            <trkpt lat="45.473187" lon="9.144271">
                <ele>0</ele>
            </trkpt>
            <trkpt lat="45.473299" lon="9.144228">
                <ele>0</ele>
            </trkpt>
            <trkpt lat="45.473394" lon="9.144196">
                <ele>0</ele>
            </trkpt>
            <trkpt lat="45.473935" lon="9.144019">
                <ele>0</ele>
            </trkpt>
            <trkpt lat="45.474503" lon="9.14385">
                <ele>0</ele>
            </trkpt>
            <trkpt lat="45.47499" lon="9.14369">
                <ele>0</ele>
            </trkpt>
            <trkpt lat="45.475555" lon="9.143498">
                <ele>0</ele>
            </trkpt>
            <trkpt lat="45.475735" lon="9.143433">
                <ele>0</ele>
            </trkpt>
            <trkpt lat="45.47595" lon="9.1435">
                <ele>0</ele>
            </trkpt>
            <trkpt lat="45.476053" lon="9.143504">
                <ele>0</ele>
            </trkpt>
            <trkpt lat="45.476152" lon="9.143498">
                <ele>0</ele>
            </trkpt>
            <trkpt lat="45.47622" lon="9.143479">
                <ele>0</ele>
            </trkpt>
            <trkpt lat="45.476267" lon="9.143453">
                <ele>0</ele>
            </trkpt>
            <trkpt lat="45.476311" lon="9.143401">
                <ele>0</ele>
            </trkpt>
            <trkpt lat="45.476358" lon="9.1433">
                <ele>0</ele>
            </trkpt>
            <trkpt lat="45.476504" lon="9.143228">
                <ele>0</ele>
            </trkpt>
            <trkpt lat="45.476511" lon="9.143226">
                <ele>0</ele>
            </trkpt>
            <trkpt lat="45.47704" lon="9.143104">
                <ele>0</ele>
            </trkpt>
            <trkpt lat="45.477103" lon="9.14309">
                <ele>0</ele>
            </trkpt>
            <trkpt lat="45.477138" lon="9.143084">
                <ele>0</ele>
            </trkpt>
            <trkpt lat="45.477394" lon="9.143038">
                <ele>0</ele>
            </trkpt>
            <trkpt lat="45.477607" lon="9.143032">
                <ele>0</ele>
            </trkpt>
            <trkpt lat="45.477946" lon="9.143049">
                <ele>0</ele>
            </trkpt>
            <trkpt lat="45.47853" lon="9.143081">
                <ele>0</ele>
            </trkpt>
            <trkpt lat="45.478823" lon="9.143096">
                <ele>0</ele>
            </trkpt>
            <trkpt lat="45.479056" lon="9.143109">
                <ele>0</ele>
            </trkpt>
            <trkpt lat="45.479187" lon="9.143116">
                <ele>0</ele>
            </trkpt>
            <trkpt lat="45.479322" lon="9.143123">
                <ele>0</ele>
            </trkpt>
            <trkpt lat="45.479392" lon="9.143127">
                <ele>0</ele>
            </trkpt>
            <trkpt lat="45.479923" lon="9.143156">
                <ele>0</ele>
            </trkpt>
            <trkpt lat="45.480385" lon="9.143181">
                <ele>0</ele>
            </trkpt>
            <trkpt lat="45.480473" lon="9.143185">
                <ele>0</ele>
            </trkpt>
            <trkpt lat="45.480573" lon="9.143191">
                <ele>0</ele>
            </trkpt>
            <trkpt lat="45.481384" lon="9.143234">
                <ele>0</ele>
            </trkpt>
            <trkpt lat="45.481398" lon="9.143235">
                <ele>0</ele>
            </trkpt>
            <trkpt lat="45.482238" lon="9.143256">
                <ele>0</ele>
            </trkpt>
            <trkpt lat="45.482403" lon="9.14326">
                <ele>0</ele>
            </trkpt>
            <trkpt lat="45.482927" lon="9.143292">
                <ele>0</ele>
            </trkpt>
            <trkpt lat="45.48296" lon="9.143294">
                <ele>0</ele>
            </trkpt>
            <trkpt lat="45.483101" lon="9.143302">
                <ele>0</ele>
            </trkpt>
            <trkpt lat="45.483233" lon="9.143299">
                <ele>0</ele>
            </trkpt>
            <trkpt lat="45.483373" lon="9.143295">
                <ele>0</ele>
            </trkpt>
            <trkpt lat="45.483652" lon="9.143301">
                <ele>0</ele>
            </trkpt>
            <trkpt lat="45.483788" lon="9.143322">
                <ele>0</ele>
            </trkpt>
            <trkpt lat="45.483808" lon="9.143325">
                <ele>0</ele>
            </trkpt>
            <trkpt lat="45.483852" lon="9.143332">
                <ele>0</ele>
            </trkpt>
            <trkpt lat="45.483959" lon="9.143359">
                <ele>0</ele>
            </trkpt>
            <trkpt lat="45.484008" lon="9.143371">
                <ele>0</ele>
            </trkpt>
            <trkpt lat="45.484122" lon="9.143411">
                <ele>0</ele>
            </trkpt>
            <trkpt lat="45.484252" lon="9.143468">
                <ele>0</ele>
            </trkpt>
            <trkpt lat="45.484362" lon="9.143525">
                <ele>0</ele>
            </trkpt>
            <trkpt lat="45.484491" lon="9.143603">
                <ele>0</ele>
            </trkpt>
            <trkpt lat="45.484614" lon="9.143683">
                <ele>0</ele>
            </trkpt>
            <trkpt lat="45.484735" lon="9.143771">
                <ele>0</ele>
            </trkpt>
            <trkpt lat="45.484857" lon="9.14387">
                <ele>0</ele>
            </trkpt>
            <trkpt lat="45.484979" lon="9.143979">
                <ele>0</ele>
            </trkpt>
            <trkpt lat="45.485089" lon="9.144084">
                <ele>0</ele>
            </trkpt>
            <trkpt lat="45.485208" lon="9.144212">
                <ele>0</ele>
            </trkpt>
            <trkpt lat="45.485311" lon="9.144331">
                <ele>0</ele>
            </trkpt>
            <trkpt lat="45.485407" lon="9.144453">
                <ele>0</ele>
            </trkpt>
            <trkpt lat="45.485513" lon="9.144606">
                <ele>0</ele>
            </trkpt>
            <trkpt lat="45.485611" lon="9.144752">
                <ele>0</ele>
            </trkpt>
            <trkpt lat="45.486665" lon="9.14637">
                <ele>0</ele>
            </trkpt>
            <trkpt lat="45.487324" lon="9.147387">
                <ele>0</ele>
            </trkpt>
            <trkpt lat="45.489223" lon="9.150298">
                <ele>0</ele>
            </trkpt>
            <trkpt lat="45.489924" lon="9.151373">
                <ele>0</ele>
            </trkpt>
            <trkpt lat="45.489925" lon="9.151375">
                <ele>0</ele>
            </trkpt>
            <trkpt lat="45.492798" lon="9.155769">
                <ele>0</ele>
            </trkpt>
            <trkpt lat="45.494534" lon="9.158446">
                <ele>0</ele>
            </trkpt>
            <trkpt lat="45.494855" lon="9.158934">
                <ele>0</ele>
            </trkpt>
            <trkpt lat="45.495322" lon="9.159659">
                <ele>0</ele>
            </trkpt>
            <trkpt lat="45.495578" lon="9.160072">
                <ele>0</ele>
            </trkpt>
            <trkpt lat="45.495915" lon="9.160582">
                <ele>0</ele>
            </trkpt>
            <trkpt lat="45.496025" lon="9.16072">
                <ele>0</ele>
            </trkpt>
            <trkpt lat="45.496135" lon="9.160878">
                <ele>0</ele>
            </trkpt>
            <trkpt lat="45.496275" lon="9.161112">
                <ele>0</ele>
            </trkpt>
            <trkpt lat="45.496608" lon="9.161619">
                <ele>0</ele>
            </trkpt>
            <trkpt lat="45.496883" lon="9.162026">
                <ele>0</ele>
            </trkpt>
            <trkpt lat="45.497143" lon="9.162432">
                <ele>0</ele>
            </trkpt>
            <trkpt lat="45.497439" lon="9.162921">
                <ele>0</ele>
            </trkpt>
            <trkpt lat="45.497602" lon="9.163208">
                <ele>0</ele>
            </trkpt>
            <trkpt lat="45.497655" lon="9.163302">
                <ele>0</ele>
            </trkpt>
            <trkpt lat="45.497702" lon="9.163391">
                <ele>0</ele>
            </trkpt>
            <trkpt lat="45.49775" lon="9.163483">
                <ele>0</ele>
            </trkpt>
            <trkpt lat="45.497795" lon="9.163576">
                <ele>0</ele>
            </trkpt>
            <trkpt lat="45.497841" lon="9.163673">
                <ele>0</ele>
            </trkpt>
            <trkpt lat="45.497866" lon="9.163728">
                <ele>0</ele>
            </trkpt>
            <trkpt lat="45.49798" lon="9.163985">
                <ele>0</ele>
            </trkpt>
            <trkpt lat="45.498056" lon="9.164174">
                <ele>0</ele>
            </trkpt>
            <trkpt lat="45.498093" lon="9.16427">
                <ele>0</ele>
            </trkpt>
            <trkpt lat="45.498131" lon="9.164371">
                <ele>0</ele>
            </trkpt>
            <trkpt lat="45.498163" lon="9.164459">
                <ele>0</ele>
            </trkpt>
            <trkpt lat="45.498206" lon="9.164582">
                <ele>0</ele>
            </trkpt>
            <trkpt lat="45.49828" lon="9.164803">
                <ele>0</ele>
            </trkpt>
            <trkpt lat="45.498285" lon="9.164819">
                <ele>0</ele>
            </trkpt>
            <trkpt lat="45.4983" lon="9.164873">
                <ele>0</ele>
            </trkpt>
            <trkpt lat="45.498314" lon="9.164929">
                <ele>0</ele>
            </trkpt>
            <trkpt lat="45.498326" lon="9.16498">
                <ele>0</ele>
            </trkpt>
            <trkpt lat="45.498338" lon="9.165033">
                <ele>0</ele>
            </trkpt>
            <trkpt lat="45.498346" lon="9.165081">
                <ele>0</ele>
            </trkpt>
            <trkpt lat="45.498353" lon="9.165126">
                <ele>0</ele>
            </trkpt>
            <trkpt lat="45.498357" lon="9.165163">
                <ele>0</ele>
            </trkpt>
            <trkpt lat="45.49836" lon="9.165208">
                <ele>0</ele>
            </trkpt>
            <trkpt lat="45.498362" lon="9.16525">
                <ele>0</ele>
            </trkpt>
            <trkpt lat="45.498362" lon="9.165342">
                <ele>0</ele>
            </trkpt>
            <trkpt lat="45.498361" lon="9.165435">
                <ele>0</ele>
            </trkpt>
            <trkpt lat="45.498358" lon="9.16555">
                <ele>0</ele>
            </trkpt>
            <trkpt lat="45.498354" lon="9.165667">
                <ele>0</ele>
            </trkpt>
            <trkpt lat="45.498351" lon="9.165717">
                <ele>0</ele>
            </trkpt>
            <trkpt lat="45.498346" lon="9.165779">
                <ele>0</ele>
            </trkpt>
            <trkpt lat="45.498342" lon="9.165828">
                <ele>0</ele>
            </trkpt>
            <trkpt lat="45.498337" lon="9.165881">
                <ele>0</ele>
            </trkpt>
            <trkpt lat="45.498323" lon="9.165969">
                <ele>0</ele>
            </trkpt>
            <trkpt lat="45.498314" lon="9.166025">
                <ele>0</ele>
            </trkpt>
            <trkpt lat="45.498283" lon="9.166162">
                <ele>0</ele>
            </trkpt>
            <trkpt lat="45.498268" lon="9.166227">
                <ele>0</ele>
            </trkpt>
            <trkpt lat="45.498247" lon="9.166304">
                <ele>0</ele>
            </trkpt>
            <trkpt lat="45.498228" lon="9.166366">
                <ele>0</ele>
            </trkpt>
            <trkpt lat="45.498212" lon="9.166412">
                <ele>0</ele>
            </trkpt>
            <trkpt lat="45.498208" lon="9.166423">
                <ele>0</ele>
            </trkpt>
            <trkpt lat="45.498186" lon="9.166483">
                <ele>0</ele>
            </trkpt>
            <trkpt lat="45.498128" lon="9.166627">
                <ele>0</ele>
            </trkpt>
            <trkpt lat="45.497994" lon="9.166927">
                <ele>0</ele>
            </trkpt>
            <trkpt lat="45.497843" lon="9.167277">
                <ele>0</ele>
            </trkpt>
            <trkpt lat="45.497816" lon="9.167341">
                <ele>0</ele>
            </trkpt>
            <trkpt lat="45.497164" lon="9.168843">
                <ele>0</ele>
            </trkpt>
            <trkpt lat="45.497106" lon="9.168992">
                <ele>0</ele>
            </trkpt>
            <trkpt lat="45.497004" lon="9.169228">
                <ele>0</ele>
            </trkpt>
            <trkpt lat="45.496906" lon="9.169454">
                <ele>0</ele>
            </trkpt>
            <trkpt lat="45.496527" lon="9.170373">
                <ele>0</ele>
            </trkpt>
            <trkpt lat="45.4965" lon="9.170443">
                <ele>0</ele>
            </trkpt>
            <trkpt lat="45.496477" lon="9.170564">
                <ele>0</ele>
            </trkpt>
            <trkpt lat="45.496448" lon="9.170845">
                <ele>0</ele>
            </trkpt>
            <trkpt lat="45.496446" lon="9.170886">
                <ele>0</ele>
            </trkpt>
            <trkpt lat="45.496442" lon="9.171069">
                <ele>0</ele>
            </trkpt>
            <trkpt lat="45.496446" lon="9.17113">
                <ele>0</ele>
            </trkpt>
            <trkpt lat="45.496449" lon="9.17116">
                <ele>0</ele>
            </trkpt>
            <trkpt lat="45.496452" lon="9.171195">
                <ele>0</ele>
            </trkpt>
            <trkpt lat="45.496455" lon="9.171236">
                <ele>0</ele>
            </trkpt>
            <trkpt lat="45.496465" lon="9.171345">
                <ele>0</ele>
            </trkpt>
            <trkpt lat="45.496472" lon="9.171478">
                <ele>0</ele>
            </trkpt>
            <trkpt lat="45.496488" lon="9.171666">
                <ele>0</ele>
            </trkpt>
            <trkpt lat="45.496534" lon="9.172429">
                <ele>0</ele>
            </trkpt>
            <trkpt lat="45.496563" lon="9.17292">
                <ele>0</ele>
            </trkpt>
            <trkpt lat="45.496586" lon="9.173291">
                <ele>0</ele>
            </trkpt>
            <trkpt lat="45.496659" lon="9.174502">
                <ele>0</ele>
            </trkpt>
            <trkpt lat="45.496667" lon="9.17465">
                <ele>0</ele>
            </trkpt>
            <trkpt lat="45.496679" lon="9.174824">
                <ele>0</ele>
            </trkpt>
            <trkpt lat="45.496761" lon="9.176055">
                <ele>0</ele>
            </trkpt>
            <trkpt lat="45.496826" lon="9.177136">
                <ele>0</ele>
            </trkpt>
            <trkpt lat="45.496829" lon="9.177192">
                <ele>0</ele>
            </trkpt>
            <trkpt lat="45.496835" lon="9.177299">
                <ele>0</ele>
            </trkpt>
            <trkpt lat="45.496841" lon="9.177379">
                <ele>0</ele>
            </trkpt>
            <trkpt lat="45.496844" lon="9.177448">
                <ele>0</ele>
            </trkpt>
            <trkpt lat="45.496909" lon="9.178513">
                <ele>0</ele>
            </trkpt>
        </trkseg>
    </trk>
</gpx>