<?xml version="1.0" encoding="UTF-8"?>
<gpx version="1.1" 
    creator="MotoPlanner Route Planner"
    xmlns="http://www.topografix.com/GPX/1/1"
    xmlns:xsi="http://www.w3.org/2001/XMLSchema-instance" 
    xmlns:gpxtpx="http://www.garmin.com/xmlschemas/TrackPointExtension/v1"
    xsi:schemaLocation="http://www.topografix.com/GPX/1/1 http://www.topografix.com/GPX/1/1/gpx.xsd
    http://www.garmin.com/xmlschemas/TrackPointExtension/v1 http://www.garmin.com/xmlschemas/TrackPointExtensionv1.xsd">
    <metadata>
    <name>milano_cogolo</name>
        <desc>Route created with MotoPlanner</desc>
        <time>2026-04-09T19:03:45.057Z</time>
    </metadata>
    <trk>
    <name>milano_cogolo</name>
        <type>Motorcycle Route</type>
        <trkseg>
            <trkpt lat="45.497014" lon="9.180227">
                <ele>0</ele>
            </trkpt>
            <trkpt lat="45.49702" lon="9.180331">
                <ele>0</ele>
            </trkpt>
            <trkpt lat="45.497099" lon="9.181627">
                <ele>0</ele>
            </trkpt>
            <trkpt lat="45.497103" lon="9.181683">
                <ele>0</ele>
            </trkpt>
            <trkpt lat="45.497113" lon="9.181855">
                <ele>0</ele>
            </trkpt>
            <trkpt lat="45.497121" lon="9.181983">
                <ele>0</ele>
            </trkpt>
            <trkpt lat="45.497201" lon="9.18328">
                <ele>0</ele>
            </trkpt>
            <trkpt lat="45.497229" lon="9.183741">
                <ele>0</ele>
            </trkpt>
            <trkpt lat="45.497238" lon="9.183868">
                <ele>0</ele>
            </trkpt>
            <trkpt lat="45.497241" lon="9.183915">
                <ele>0</ele>
            </trkpt>
            <trkpt lat="45.497245" lon="9.183975">
                <ele>0</ele>
            </trkpt>
            <trkpt lat="45.497254" lon="9.184109">
                <ele>0</ele>
            </trkpt>
            <trkpt lat="45.497294" lon="9.184771">
                <ele>0</ele>
            </trkpt>
            <trkpt lat="45.497307" lon="9.185043">
                <ele>0</ele>
            </trkpt>
            <trkpt lat="45.497308" lon="9.185074">
                <ele>0</ele>
            </trkpt>
            <trkpt lat="45.49732" lon="9.185237">
                <ele>0</ele>
            </trkpt>
            <trkpt lat="45.497322" lon="9.185283">
                <ele>0</ele>
            </trkpt>
            <trkpt lat="45.497325" lon="9.185328">
                <ele>0</ele>
            </trkpt>
            <trkpt lat="45.49733" lon="9.185392">
                <ele>0</ele>
            </trkpt>
            <trkpt lat="45.497386" lon="9.186282">
                <ele>0</ele>
            </trkpt>
            <trkpt lat="45.497389" lon="9.186323">
                <ele>0</ele>
            </trkpt>
            <trkpt lat="45.4974" lon="9.186481">
                <ele>0</ele>
            </trkpt>
            <trkpt lat="45.497402" lon="9.18653">
                <ele>0</ele>
            </trkpt>
            <trkpt lat="45.49746" lon="9.186564">
                <ele>0</ele>
            </trkpt>
            <trkpt lat="45.49757" lon="9.186629">
                <ele>0</ele>
            </trkpt>
            <trkpt lat="45.497641" lon="9.186662">
                <ele>0</ele>
            </trkpt>
            <trkpt lat="45.497744" lon="9.186704">
                <ele>0</ele>
            </trkpt>
            <trkpt lat="45.497951" lon="9.186771">
                <ele>0</ele>
            </trkpt>
            <trkpt lat="45.498169" lon="9.186843">
                <ele>0</ele>
            </trkpt>
            <trkpt lat="45.498189" lon="9.186849">
                <ele>0</ele>
            </trkpt>
            <trkpt lat="45.49821" lon="9.18686">
                <ele>0</ele>
            </trkpt>
            <trkpt lat="45.498276" lon="9.186884">
                <ele>0</ele>
            </trkpt>
            <trkpt lat="45.498294" lon="9.186889">
                <ele>0</ele>
            </trkpt>
            <trkpt lat="45.498313" lon="9.186894">
                <ele>0</ele>
            </trkpt>
            <trkpt lat="45.498403" lon="9.18693">
                <ele>0</ele>
            </trkpt>
            <trkpt lat="45.498543" lon="9.186987">
                <ele>0</ele>
            </trkpt>
            <trkpt lat="45.499282" lon="9.18731">
                <ele>0</ele>
            </trkpt>
            <trkpt lat="45.499331" lon="9.18733">
                <ele>0</ele>
            </trkpt>
            <trkpt lat="45.499356" lon="9.187341">
                <ele>0</ele>
            </trkpt>
            <trkpt lat="45.499454" lon="9.187383">
                <ele>0</ele>
            </trkpt>
            <trkpt lat="45.499594" lon="9.187442">
                <ele>0</ele>
            </trkpt>
            <trkpt lat="45.500407" lon="9.187784">
                <ele>0</ele>
            </trkpt>
            <trkpt lat="45.500496" lon="9.187822">
                <ele>0</ele>
            </trkpt>
            <trkpt lat="45.50111" lon="9.188089">
                <ele>0</ele>
            </trkpt>
            <trkpt lat="45.501258" lon="9.188152">
                <ele>0</ele>
            </trkpt>
            <trkpt lat="45.501311" lon="9.188173">
                <ele>0</ele>
            </trkpt>
            <trkpt lat="45.501343" lon="9.188189">
                <ele>0</ele>
            </trkpt>
            <trkpt lat="45.501434" lon="9.188228">
                <ele>0</ele>
            </trkpt>
            <trkpt lat="45.501576" lon="9.18829">
                <ele>0</ele>
            </trkpt>
            <trkpt lat="45.501631" lon="9.188313">
                <ele>0</ele>
            </trkpt>
            <trkpt lat="45.501699" lon="9.188242">
                <ele>0</ele>
            </trkpt>
            <trkpt lat="45.501819" lon="9.188119">
                <ele>0</ele>
            </trkpt>
            <trkpt lat="45.502632" lon="9.187231">
                <ele>0</ele>
            </trkpt>
            <trkpt lat="45.503385" lon="9.18642">
                <ele>0</ele>
            </trkpt>
            <trkpt lat="45.504672" lon="9.185033">
                <ele>0</ele>
            </trkpt>
            <trkpt lat="45.505458" lon="9.184182">
                <ele>0</ele>
            </trkpt>
            <trkpt lat="45.505505" lon="9.184136">
                <ele>0</ele>
            </trkpt>
            <trkpt lat="45.505904" lon="9.183714">
                <ele>0</ele>
            </trkpt>
            <trkpt lat="45.50677" lon="9.182772">
                <ele>0</ele>
            </trkpt>
            <trkpt lat="45.506999" lon="9.182525">
                <ele>0</ele>
            </trkpt>
            <trkpt lat="45.507203" lon="9.182303">
                <ele>0</ele>
            </trkpt>
            <trkpt lat="45.507413" lon="9.182078">
                <ele>0</ele>
            </trkpt>
            <trkpt lat="45.507537" lon="9.181947">
                <ele>0</ele>
            </trkpt>
            <trkpt lat="45.507624" lon="9.181859">
                <ele>0</ele>
            </trkpt>
            <trkpt lat="45.507712" lon="9.181775">
                <ele>0</ele>
            </trkpt>
            <trkpt lat="45.507801" lon="9.181696">
                <ele>0</ele>
            </trkpt>
            <trkpt lat="45.507892" lon="9.181622">
                <ele>0</ele>
            </trkpt>
            <trkpt lat="45.507984" lon="9.18155">
                <ele>0</ele>
            </trkpt>
            <trkpt lat="45.508078" lon="9.181484">
                <ele>0</ele>
            </trkpt>
            <trkpt lat="45.508172" lon="9.181422">
                <ele>0</ele>
            </trkpt>
            <trkpt lat="45.508268" lon="9.181365">
                <ele>0</ele>
            </trkpt>
            <trkpt lat="45.508342" lon="9.181323">
                <ele>0</ele>
            </trkpt>
            <trkpt lat="45.508434" lon="9.181277">
                <ele>0</ele>
            </trkpt>
            <trkpt lat="45.508533" lon="9.181232">
                <ele>0</ele>
            </trkpt>
            <trkpt lat="45.508633" lon="9.181191">
                <ele>0</ele>
            </trkpt>
            <trkpt lat="45.50874" lon="9.181152">
                <ele>0</ele>
            </trkpt>
            <trkpt lat="45.508837" lon="9.181118">
                <ele>0</ele>
            </trkpt>
            <trkpt lat="45.509039" lon="9.181051">
                <ele>0</ele>
            </trkpt>
            <trkpt lat="45.510005" lon="9.180742">
                <ele>0</ele>
            </trkpt>
            <trkpt lat="45.511627" lon="9.180215">
                <ele>0</ele>
            </trkpt>
            <trkpt lat="45.512527" lon="9.179927">
                <ele>0</ele>
            </trkpt>
            <trkpt lat="45.512755" lon="9.179854">
                <ele>0</ele>
            </trkpt>
            <trkpt lat="45.513225" lon="9.179711">
                <ele>0</ele>
            </trkpt>
            <trkpt lat="45.513311" lon="9.179685">
                <ele>0</ele>
            </trkpt>
            <trkpt lat="45.513729" lon="9.179558">
                <ele>0</ele>
            </trkpt>
            <trkpt lat="45.513805" lon="9.179534">
                <ele>0</ele>
            </trkpt>
            <trkpt lat="45.514" lon="9.179475">
                <ele>0</ele>
            </trkpt>
            <trkpt lat="45.514112" lon="9.17944">
                <ele>0</ele>
            </trkpt>
            <trkpt lat="45.514374" lon="9.179361">
                <ele>0</ele>
            </trkpt>
            <trkpt lat="45.515294" lon="9.179091">
                <ele>0</ele>
            </trkpt>
            <trkpt lat="45.515602" lon="9.179001">
                <ele>0</ele>
            </trkpt>
            <trkpt lat="45.515914" lon="9.178906">
                <ele>0</ele>
            </trkpt>
            <trkpt lat="45.516069" lon="9.178859">
                <ele>0</ele>
            </trkpt>
            <trkpt lat="45.516112" lon="9.178847">
                <ele>0</ele>
            </trkpt>
            <trkpt lat="45.516379" lon="9.17877">
                <ele>0</ele>
            </trkpt>
            <trkpt lat="45.516425" lon="9.178757">
                <ele>0</ele>
            </trkpt>
            <trkpt lat="45.516488" lon="9.178738">
                <ele>0</ele>
            </trkpt>
            <trkpt lat="45.516562" lon="9.178717">
                <ele>0</ele>
            </trkpt>
            <trkpt lat="45.51681" lon="9.178648">
                <ele>0</ele>
            </trkpt>
            <trkpt lat="45.516963" lon="9.178605">
                <ele>0</ele>
            </trkpt>
            <trkpt lat="45.517752" lon="9.178385">
                <ele>0</ele>
            </trkpt>
            <trkpt lat="45.518129" lon="9.178268">
                <ele>0</ele>
            </trkpt>
            <trkpt lat="45.518472" lon="9.178125">
                <ele>0</ele>
            </trkpt>
            <trkpt lat="45.518753" lon="9.177967">
                <ele>0</ele>
            </trkpt>
            <trkpt lat="45.51906" lon="9.177774">
                <ele>0</ele>
            </trkpt>
            <trkpt lat="45.519307" lon="9.177567">
                <ele>0</ele>
            </trkpt>
            <trkpt lat="45.519407" lon="9.177484">
                <ele>0</ele>
            </trkpt>
            <trkpt lat="45.519726" lon="9.177189">
                <ele>0</ele>
            </trkpt>
            <trkpt lat="45.519784" lon="9.177121">
                <ele>0</ele>
            </trkpt>
            <trkpt lat="45.520019" lon="9.176845">
                <ele>0</ele>
            </trkpt>
            <trkpt lat="45.520275" lon="9.176487">
                <ele>0</ele>
            </trkpt>
            <trkpt lat="45.520366" lon="9.176334">
                <ele>0</ele>
            </trkpt>
            <trkpt lat="45.52065" lon="9.175857">
                <ele>0</ele>
            </trkpt>
            <trkpt lat="45.520859" lon="9.175543">
                <ele>0</ele>
            </trkpt>
            <trkpt lat="45.520959" lon="9.175383">
                <ele>0</ele>
            </trkpt>
            <trkpt lat="45.521058" lon="9.175223">
                <ele>0</ele>
            </trkpt>
            <trkpt lat="45.521156" lon="9.175064">
                <ele>0</ele>
            </trkpt>
            <trkpt lat="45.521255" lon="9.174904">
                <ele>0</ele>
            </trkpt>
            <trkpt lat="45.521351" lon="9.174755">
                <ele>0</ele>
            </trkpt>
            <trkpt lat="45.521424" lon="9.174642">
                <ele>0</ele>
            </trkpt>
            <trkpt lat="45.521458" lon="9.174589">
                <ele>0</ele>
            </trkpt>
            <trkpt lat="45.521559" lon="9.174432">
                <ele>0</ele>
            </trkpt>
            <trkpt lat="45.521661" lon="9.174275">
                <ele>0</ele>
            </trkpt>
            <trkpt lat="45.521763" lon="9.17412">
                <ele>0</ele>
            </trkpt>
            <trkpt lat="45.521867" lon="9.173967">
                <ele>0</ele>
            </trkpt>
            <trkpt lat="45.521973" lon="9.173818">
                <ele>0</ele>
            </trkpt>
            <trkpt lat="45.522056" lon="9.173704">
                <ele>0</ele>
            </trkpt>
            <trkpt lat="45.522083" lon="9.173668">
                <ele>0</ele>
            </trkpt>
            <trkpt lat="45.522212" lon="9.173495">
                <ele>0</ele>
            </trkpt>
            <trkpt lat="45.522233" lon="9.173467">
                <ele>0</ele>
            </trkpt>
            <trkpt lat="45.522857" lon="9.172635">
                <ele>0</ele>
            </trkpt>
            <trkpt lat="45.52286" lon="9.172631">
                <ele>0</ele>
            </trkpt>
            <trkpt lat="45.523318" lon="9.172031">
                <ele>0</ele>
            </trkpt>
            <trkpt lat="45.523319" lon="9.17203">
                <ele>0</ele>
            </trkpt>
            <trkpt lat="45.52396" lon="9.171189">
                <ele>0</ele>
            </trkpt>
            <trkpt lat="45.523989" lon="9.17115">
                <ele>0</ele>
            </trkpt>
            <trkpt lat="45.525082" lon="9.169691">
                <ele>0</ele>
            </trkpt>
            <trkpt lat="45.525319" lon="9.169379">
                <ele>0</ele>
            </trkpt>
            <trkpt lat="45.526245" lon="9.168151">
                <ele>0</ele>
            </trkpt>
            <trkpt lat="45.526948" lon="9.167208">
                <ele>0</ele>
            </trkpt>
            <trkpt lat="45.527591" lon="9.166343">
                <ele>0</ele>
            </trkpt>
            <trkpt lat="45.527846" lon="9.166003">
                <ele>0</ele>
            </trkpt>
            <trkpt lat="45.528322" lon="9.165361">
                <ele>0</ele>
            </trkpt>
            <trkpt lat="45.528467" lon="9.165171">
                <ele>0</ele>
            </trkpt>
            <trkpt lat="45.528929" lon="9.164584">
                <ele>0</ele>
            </trkpt>
            <trkpt lat="45.529117" lon="9.164376">
                <ele>0</ele>
            </trkpt>
            <trkpt lat="45.529322" lon="9.164197">
                <ele>0</ele>
            </trkpt>
            <trkpt lat="45.529476" lon="9.164096">
                <ele>0</ele>
            </trkpt>
            <trkpt lat="45.529573" lon="9.164035">
                <ele>0</ele>
            </trkpt>
            <trkpt lat="45.52979" lon="9.163916">
                <ele>0</ele>
            </trkpt>
            <trkpt lat="45.530016" lon="9.163822">
                <ele>0</ele>
            </trkpt>
            <trkpt lat="45.530199" lon="9.163761">
                <ele>0</ele>
            </trkpt>
            <trkpt lat="45.530519" lon="9.163764">
                <ele>0</ele>
            </trkpt>
            <trkpt lat="45.530789" lon="9.163698">
                <ele>0</ele>
            </trkpt>
            <trkpt lat="45.530882" lon="9.16368">
                <ele>0</ele>
            </trkpt>
            <trkpt lat="45.531175" lon="9.163625">
                <ele>0</ele>
            </trkpt>
            <trkpt lat="45.531301" lon="9.163638">
                <ele>0</ele>
            </trkpt>
            <trkpt lat="45.531397" lon="9.163665">
                <ele>0</ele>
            </trkpt>
            <trkpt lat="45.531485" lon="9.163708">
                <ele>0</ele>
            </trkpt>
            <trkpt lat="45.53149" lon="9.163711">
                <ele>0</ele>
            </trkpt>
            <trkpt lat="45.53153" lon="9.163737">
                <ele>0</ele>
            </trkpt>
            <trkpt lat="45.531592" lon="9.163778">
                <ele>0</ele>
            </trkpt>
            <trkpt lat="45.531887" lon="9.163992">
                <ele>0</ele>
            </trkpt>
            <trkpt lat="45.532677" lon="9.164582">
                <ele>0</ele>
            </trkpt>
            <trkpt lat="45.533033" lon="9.164783">
                <ele>0</ele>
            </trkpt>
            <trkpt lat="45.533558" lon="9.165163">
                <ele>0</ele>
            </trkpt>
            <trkpt lat="45.533975" lon="9.165335">
                <ele>0</ele>
            </trkpt>
            <trkpt lat="45.534083" lon="9.165387">
                <ele>0</ele>
            </trkpt>
            <trkpt lat="45.53423" lon="9.165435">
                <ele>0</ele>
            </trkpt>
            <trkpt lat="45.534418" lon="9.16547">
                <ele>0</ele>
            </trkpt>
            <trkpt lat="45.534586" lon="9.165492">
                <ele>0</ele>
            </trkpt>
            <trkpt lat="45.534719" lon="9.165492">
                <ele>0</ele>
            </trkpt>
            <trkpt lat="45.534936" lon="9.165467">
                <ele>0</ele>
            </trkpt>
            <trkpt lat="45.535099" lon="9.165437">
                <ele>0</ele>
            </trkpt>
            <trkpt lat="45.535164" lon="9.16542">
                <ele>0</ele>
            </trkpt>
            <trkpt lat="45.535255" lon="9.165395">
                <ele>0</ele>
            </trkpt>
            <trkpt lat="45.535349" lon="9.165371">
                <ele>0</ele>
            </trkpt>
            <trkpt lat="45.53544" lon="9.165343">
                <ele>0</ele>
            </trkpt>
            <trkpt lat="45.53578" lon="9.165318">
                <ele>0</ele>
            </trkpt>
            <trkpt lat="45.536023" lon="9.165292">
                <ele>0</ele>
            </trkpt>
            <trkpt lat="45.536221" lon="9.165265">
                <ele>0</ele>
            </trkpt>
            <trkpt lat="45.536407" lon="9.165239">
                <ele>0</ele>
            </trkpt>
            <trkpt lat="45.536515" lon="9.165232">
                <ele>0</ele>
            </trkpt>
            <trkpt lat="45.536612" lon="9.165231">
                <ele>0</ele>
            </trkpt>
            <trkpt lat="45.536686" lon="9.165239">
                <ele>0</ele>
            </trkpt>
            <trkpt lat="45.536783" lon="9.16526">
                <ele>0</ele>
            </trkpt>
            <trkpt lat="45.536862" lon="9.165288">
                <ele>0</ele>
            </trkpt>
            <trkpt lat="45.536991" lon="9.165344">
                <ele>0</ele>
            </trkpt>
            <trkpt lat="45.537122" lon="9.165425">
                <ele>0</ele>
            </trkpt>
            <trkpt lat="45.537225" lon="9.165505">
                <ele>0</ele>
            </trkpt>
            <trkpt lat="45.537328" lon="9.165604">
                <ele>0</ele>
            </trkpt>
            <trkpt lat="45.537443" lon="9.165752">
                <ele>0</ele>
            </trkpt>
            <trkpt lat="45.53769" lon="9.166103">
                <ele>0</ele>
            </trkpt>
            <trkpt lat="45.538127" lon="9.167035">
                <ele>0</ele>
            </trkpt>
            <trkpt lat="45.538255" lon="9.16732">
                <ele>0</ele>
            </trkpt>
            <trkpt lat="45.538468" lon="9.167772">
                <ele>0</ele>
            </trkpt>
            <trkpt lat="45.538647" lon="9.168145">
                <ele>0</ele>
            </trkpt>
            <trkpt lat="45.538875" lon="9.168668">
                <ele>0</ele>
            </trkpt>
            <trkpt lat="45.539386" lon="9.169804">
                <ele>0</ele>
            </trkpt>
            <trkpt lat="45.539922" lon="9.171198">
                <ele>0</ele>
            </trkpt>
            <trkpt lat="45.540213" lon="9.172001">
                <ele>0</ele>
            </trkpt>
            <trkpt lat="45.540267" lon="9.172153">
                <ele>0</ele>
            </trkpt>
            <trkpt lat="45.540445" lon="9.172651">
                <ele>0</ele>
            </trkpt>
            <trkpt lat="45.54065" lon="9.173237">
                <ele>0</ele>
            </trkpt>
            <trkpt lat="45.540727" lon="9.173479">
                <ele>0</ele>
            </trkpt>
            <trkpt lat="45.541069" lon="9.174577">
                <ele>0</ele>
            </trkpt>
            <trkpt lat="45.541112" lon="9.174715">
                <ele>0</ele>
            </trkpt>
            <trkpt lat="45.541312" lon="9.175404">
                <ele>0</ele>
            </trkpt>
            <trkpt lat="45.541725" lon="9.176883">
                <ele>0</ele>
            </trkpt>
            <trkpt lat="45.542177" lon="9.178496">
                <ele>0</ele>
            </trkpt>
            <trkpt lat="45.542776" lon="9.180591">
                <ele>0</ele>
            </trkpt>
            <trkpt lat="45.542837" lon="9.180802">
                <ele>0</ele>
            </trkpt>
            <trkpt lat="45.543289" lon="9.182466">
                <ele>0</ele>
            </trkpt>
            <trkpt lat="45.544224" lon="9.186101">
                <ele>0</ele>
            </trkpt>
            <trkpt lat="45.544517" lon="9.187237">
                <ele>0</ele>
            </trkpt>
            <trkpt lat="45.544599" lon="9.18755">
                <ele>0</ele>
            </trkpt>
            <trkpt lat="45.546802" lon="9.196065">
                <ele>0</ele>
            </trkpt>
            <trkpt lat="45.547438" lon="9.198545">
                <ele>0</ele>
            </trkpt>
            <trkpt lat="45.547751" lon="9.199926">
                <ele>0</ele>
            </trkpt>
            <trkpt lat="45.54792" lon="9.200829">
                <ele>0</ele>
            </trkpt>
            <trkpt lat="45.547955" lon="9.201075">
                <ele>0</ele>
            </trkpt>
            <trkpt lat="45.54809" lon="9.202029">
                <ele>0</ele>
            </trkpt>
            <trkpt lat="45.54818" lon="9.202965">
                <ele>0</ele>
            </trkpt>
            <trkpt lat="45.548247" lon="9.203925">
                <ele>0</ele>
            </trkpt>
            <trkpt lat="45.548279" lon="9.204793">
                <ele>0</ele>
            </trkpt>
            <trkpt lat="45.548471" lon="9.211228">
                <ele>0</ele>
            </trkpt>
            <trkpt lat="45.548484" lon="9.211649">
                <ele>0</ele>
            </trkpt>
            <trkpt lat="45.54851" lon="9.212413">
                <ele>0</ele>
            </trkpt>
            <trkpt lat="45.548583" lon="9.214874">
                <ele>0</ele>
            </trkpt>
            <trkpt lat="45.548662" lon="9.217591">
                <ele>0</ele>
            </trkpt>
            <trkpt lat="45.548669" lon="9.217807">
                <ele>0</ele>
            </trkpt>
            <trkpt lat="45.548745" lon="9.218935">
                <ele>0</ele>
            </trkpt>
            <trkpt lat="45.548843" lon="9.220062">
                <ele>0</ele>
            </trkpt>
            <trkpt lat="45.548857" lon="9.220204">
                <ele>0</ele>
            </trkpt>
            <trkpt lat="45.54909" lon="9.221989">
                <ele>0</ele>
            </trkpt>
            <trkpt lat="45.549116" lon="9.222165">
                <ele>0</ele>
            </trkpt>
            <trkpt lat="45.549567" lon="9.225207">
                <ele>0</ele>
            </trkpt>
            <trkpt lat="45.550054" lon="9.228269">
                <ele>0</ele>
            </trkpt>
            <trkpt lat="45.55042" lon="9.230567">
                <ele>0</ele>
            </trkpt>
            <trkpt lat="45.550451" lon="9.230775">
                <ele>0</ele>
            </trkpt>
            <trkpt lat="45.550732" lon="9.232833">
                <ele>0</ele>
            </trkpt>
            <trkpt lat="45.550964" lon="9.234531">
                <ele>0</ele>
            </trkpt>
            <trkpt lat="45.551121" lon="9.235653">
                <ele>0</ele>
            </trkpt>
            <trkpt lat="45.551166" lon="9.235981">
                <ele>0</ele>
            </trkpt>
            <trkpt lat="45.551212" lon="9.236336">
                <ele>0</ele>
            </trkpt>
            <trkpt lat="45.551445" lon="9.237906">
                <ele>0</ele>
            </trkpt>
            <trkpt lat="45.551526" lon="9.238451">
                <ele>0</ele>
            </trkpt>
            <trkpt lat="45.552628" lon="9.245867">
                <ele>0</ele>
            </trkpt>
            <trkpt lat="45.553008" lon="9.248407">
                <ele>0</ele>
            </trkpt>
            <trkpt lat="45.553362" lon="9.250771">
                <ele>0</ele>
            </trkpt>
            <trkpt lat="45.553543" lon="9.251983">
                <ele>0</ele>
            </trkpt>
            <trkpt lat="45.553599" lon="9.252358">
                <ele>0</ele>
            </trkpt>
            <trkpt lat="45.553953" lon="9.25471">
                <ele>0</ele>
            </trkpt>
            <trkpt lat="45.554127" lon="9.255872">
                <ele>0</ele>
            </trkpt>
            <trkpt lat="45.554257" lon="9.256735">
                <ele>0</ele>
            </trkpt>
            <trkpt lat="45.55456" lon="9.258697">
                <ele>0</ele>
            </trkpt>
            <trkpt lat="45.554786" lon="9.260167">
                <ele>0</ele>
            </trkpt>
            <trkpt lat="45.555089" lon="9.262197">
                <ele>0</ele>
            </trkpt>
            <trkpt lat="45.555522" lon="9.265118">
                <ele>0</ele>
            </trkpt>
            <trkpt lat="45.555602" lon="9.265688">
                <ele>0</ele>
            </trkpt>
            <trkpt lat="45.555641" lon="9.266138">
                <ele>0</ele>
            </trkpt>
            <trkpt lat="45.555642" lon="9.26616">
                <ele>0</ele>
            </trkpt>
            <trkpt lat="45.555654" lon="9.266407">
                <ele>0</ele>
            </trkpt>
            <trkpt lat="45.555659" lon="9.266655">
                <ele>0</ele>
            </trkpt>
            <trkpt lat="45.555663" lon="9.266835">
                <ele>0</ele>
            </trkpt>
            <trkpt lat="45.555677" lon="9.267439">
                <ele>0</ele>
            </trkpt>
            <trkpt lat="45.555678" lon="9.267455">
                <ele>0</ele>
            </trkpt>
            <trkpt lat="45.555696" lon="9.267741">
                <ele>0</ele>
            </trkpt>
            <trkpt lat="45.555737" lon="9.268098">
                <ele>0</ele>
            </trkpt>
            <trkpt lat="45.555801" lon="9.268544">
                <ele>0</ele>
            </trkpt>
            <trkpt lat="45.555812" lon="9.268615">
                <ele>0</ele>
            </trkpt>
            <trkpt lat="45.555825" lon="9.268689">
                <ele>0</ele>
            </trkpt>
            <trkpt lat="45.555909" lon="9.269187">
                <ele>0</ele>
            </trkpt>
            <trkpt lat="45.555958" lon="9.26944">
                <ele>0</ele>
            </trkpt>
            <trkpt lat="45.556021" lon="9.26973">
                <ele>0</ele>
            </trkpt>
            <trkpt lat="45.556226" lon="9.270465">
                <ele>0</ele>
            </trkpt>
            <trkpt lat="45.556355" lon="9.270843">
                <ele>0</ele>
            </trkpt>
            <trkpt lat="45.556428" lon="9.271181">
                <ele>0</ele>
            </trkpt>
            <trkpt lat="45.556477" lon="9.271503">
                <ele>0</ele>
            </trkpt>
            <trkpt lat="45.556547" lon="9.272086">
                <ele>0</ele>
            </trkpt>
            <trkpt lat="45.556668" lon="9.272906">
                <ele>0</ele>
            </trkpt>
            <trkpt lat="45.556974" lon="9.274844">
                <ele>0</ele>
            </trkpt>
            <trkpt lat="45.557154" lon="9.276087">
                <ele>0</ele>
            </trkpt>
            <trkpt lat="45.557243" lon="9.2767">
                <ele>0</ele>
            </trkpt>
            <trkpt lat="45.558017" lon="9.282032">
                <ele>0</ele>
            </trkpt>
            <trkpt lat="45.559193" lon="9.289985">
                <ele>0</ele>
            </trkpt>
            <trkpt lat="45.559471" lon="9.291859">
                <ele>0</ele>
            </trkpt>
            <trkpt lat="45.560182" lon="9.296776">
                <ele>0</ele>
            </trkpt>
            <trkpt lat="45.560391" lon="9.298242">
                <ele>0</ele>
            </trkpt>
            <trkpt lat="45.561164" lon="9.302793">
                <ele>0</ele>
            </trkpt>
            <trkpt lat="45.561445" lon="9.304583">
                <ele>0</ele>
            </trkpt>
            <trkpt lat="45.561725" lon="9.306509">
                <ele>0</ele>
            </trkpt>
            <trkpt lat="45.561956" lon="9.308104">
                <ele>0</ele>
            </trkpt>
            <trkpt lat="45.562955" lon="9.314977">
                <ele>0</ele>
            </trkpt>
            <trkpt lat="45.563212" lon="9.316749">
                <ele>0</ele>
            </trkpt>
            <trkpt lat="45.563392" lon="9.317986">
                <ele>0</ele>
            </trkpt>
            <trkpt lat="45.563433" lon="9.31826">
                <ele>0</ele>
            </trkpt>
            <trkpt lat="45.564133" lon="9.322923">
                <ele>0</ele>
            </trkpt>
            <trkpt lat="45.564304" lon="9.32407">
                <ele>0</ele>
            </trkpt>
            <trkpt lat="45.56437" lon="9.324511">
                <ele>0</ele>
            </trkpt>
            <trkpt lat="45.564665" lon="9.326476">
                <ele>0</ele>
            </trkpt>
            <trkpt lat="45.565316" lon="9.331197">
                <ele>0</ele>
            </trkpt>
            <trkpt lat="45.565881" lon="9.334898">
                <ele>0</ele>
            </trkpt>
            <trkpt lat="45.565975" lon="9.335515">
                <ele>0</ele>
            </trkpt>
            <trkpt lat="45.566309" lon="9.337698">
                <ele>0</ele>
            </trkpt>
            <trkpt lat="45.566579" lon="9.339464">
                <ele>0</ele>
            </trkpt>
            <trkpt lat="45.567496" lon="9.34576">
                <ele>0</ele>
            </trkpt>
            <trkpt lat="45.56813" lon="9.350193">
                <ele>0</ele>
            </trkpt>
            <trkpt lat="45.568162" lon="9.350418">
                <ele>0</ele>
            </trkpt>
            <trkpt lat="45.568288" lon="9.351276">
                <ele>0</ele>
            </trkpt>
            <trkpt lat="45.568743" lon="9.354393">
                <ele>0</ele>
            </trkpt>
            <trkpt lat="45.568886" lon="9.355408">
                <ele>0</ele>
            </trkpt>
            <trkpt lat="45.56928" lon="9.358054">
                <ele>0</ele>
            </trkpt>
            <trkpt lat="45.569611" lon="9.360684">
                <ele>0</ele>
            </trkpt>
            <trkpt lat="45.570381" lon="9.365692">
                <ele>0</ele>
            </trkpt>
            <trkpt lat="45.57095" lon="9.369528">
                <ele>0</ele>
            </trkpt>
            <trkpt lat="45.571817" lon="9.375023">
                <ele>0</ele>
            </trkpt>
            <trkpt lat="45.571994" lon="9.376261">
                <ele>0</ele>
            </trkpt>
            <trkpt lat="45.572092" lon="9.376947">
                <ele>0</ele>
            </trkpt>
            <trkpt lat="45.572142" lon="9.377288">
                <ele>0</ele>
            </trkpt>
            <trkpt lat="45.572185" lon="9.377583">
                <ele>0</ele>
            </trkpt>
            <trkpt lat="45.573122" lon="9.383958">
                <ele>0</ele>
            </trkpt>
            <trkpt lat="45.573147" lon="9.38416">
                <ele>0</ele>
            </trkpt>
            <trkpt lat="45.573485" lon="9.386492">
                <ele>0</ele>
            </trkpt>
            <trkpt lat="45.574037" lon="9.390305">
                <ele>0</ele>
            </trkpt>
            <trkpt lat="45.574717" lon="9.393792">
                <ele>0</ele>
            </trkpt>
            <trkpt lat="45.575283" lon="9.396757">
                <ele>0</ele>
            </trkpt>
            <trkpt lat="45.575753" lon="9.399283">
                <ele>0</ele>
            </trkpt>
            <trkpt lat="45.576002" lon="9.400617">
                <ele>0</ele>
            </trkpt>
            <trkpt lat="45.577002" lon="9.405798">
                <ele>0</ele>
            </trkpt>
            <trkpt lat="45.577011" lon="9.405846">
                <ele>0</ele>
            </trkpt>
            <trkpt lat="45.577041" lon="9.405974">
                <ele>0</ele>
            </trkpt>
            <trkpt lat="45.577286" lon="9.407385">
                <ele>0</ele>
            </trkpt>
            <trkpt lat="45.577364" lon="9.407832">
                <ele>0</ele>
            </trkpt>
            <trkpt lat="45.579349" lon="9.418167">
                <ele>0</ele>
            </trkpt>
            <trkpt lat="45.579702" lon="9.420007">
                <ele>0</ele>
            </trkpt>
            <trkpt lat="45.580559" lon="9.42447">
                <ele>0</ele>
            </trkpt>
            <trkpt lat="45.582078" lon="9.432377">
                <ele>0</ele>
            </trkpt>
            <trkpt lat="45.583265" lon="9.438558">
                <ele>0</ele>
            </trkpt>
            <trkpt lat="45.58443" lon="9.444626">
                <ele>0</ele>
            </trkpt>
            <trkpt lat="45.584716" lon="9.446114">
                <ele>0</ele>
            </trkpt>
            <trkpt lat="45.586184" lon="9.453758">
                <ele>0</ele>
            </trkpt>
            <trkpt lat="45.586802" lon="9.456979">
                <ele>0</ele>
            </trkpt>
            <trkpt lat="45.587262" lon="9.459312">
                <ele>0</ele>
            </trkpt>
            <trkpt lat="45.588513" lon="9.46566">
                <ele>0</ele>
            </trkpt>
            <trkpt lat="45.58859" lon="9.466079">
                <ele>0</ele>
            </trkpt>
            <trkpt lat="45.58888" lon="9.467603">
                <ele>0</ele>
            </trkpt>
            <trkpt lat="45.590152" lon="9.474288">
                <ele>0</ele>
            </trkpt>
            <trkpt lat="45.591435" lon="9.48103">
                <ele>0</ele>
            </trkpt>
            <trkpt lat="45.592615" lon="9.487237">
                <ele>0</ele>
            </trkpt>
            <trkpt lat="45.592899" lon="9.488728">
                <ele>0</ele>
            </trkpt>
            <trkpt lat="45.594151" lon="9.495132">
                <ele>0</ele>
            </trkpt>
            <trkpt lat="45.594588" lon="9.497372">
                <ele>0</ele>
            </trkpt>
            <trkpt lat="45.594998" lon="9.499028">
                <ele>0</ele>
            </trkpt>
            <trkpt lat="45.595206" lon="9.49973">
                <ele>0</ele>
            </trkpt>
            <trkpt lat="45.595528" lon="9.500815">
                <ele>0</ele>
            </trkpt>
            <trkpt lat="45.596048" lon="9.502422">
                <ele>0</ele>
            </trkpt>
            <trkpt lat="45.596215" lon="9.502954">
                <ele>0</ele>
            </trkpt>
            <trkpt lat="45.597027" lon="9.505163">
                <ele>0</ele>
            </trkpt>
            <trkpt lat="45.597156" lon="9.505697">
                <ele>0</ele>
            </trkpt>
            <trkpt lat="45.599477" lon="9.512607">
                <ele>0</ele>
            </trkpt>
            <trkpt lat="45.599961" lon="9.513985">
                <ele>0</ele>
            </trkpt>
            <trkpt lat="45.601194" lon="9.51784">
                <ele>0</ele>
            </trkpt>
            <trkpt lat="45.602232" lon="9.520928">
                <ele>0</ele>
            </trkpt>
            <trkpt lat="45.602561" lon="9.52189">
                <ele>0</ele>
            </trkpt>
            <trkpt lat="45.603589" lon="9.525003">
                <ele>0</ele>
            </trkpt>
            <trkpt lat="45.604115" lon="9.526546">
                <ele>0</ele>
            </trkpt>
            <trkpt lat="45.604407" lon="9.527503">
                <ele>0</ele>
            </trkpt>
            <trkpt lat="45.605159" lon="9.529712">
                <ele>0</ele>
            </trkpt>
            <trkpt lat="45.605739" lon="9.531388">
                <ele>0</ele>
            </trkpt>
            <trkpt lat="45.608223" lon="9.53857">
                <ele>0</ele>
            </trkpt>
            <trkpt lat="45.609872" lon="9.543497">
                <ele>0</ele>
            </trkpt>
            <trkpt lat="45.61011" lon="9.544206">
                <ele>0</ele>
            </trkpt>
            <trkpt lat="45.610753" lon="9.546121">
                <ele>0</ele>
            </trkpt>
            <trkpt lat="45.611335" lon="9.547849">
                <ele>0</ele>
            </trkpt>
            <trkpt lat="45.612748" lon="9.552041">
                <ele>0</ele>
            </trkpt>
            <trkpt lat="45.612924" lon="9.552587">
                <ele>0</ele>
            </trkpt>
            <trkpt lat="45.614729" lon="9.558169">
                <ele>0</ele>
            </trkpt>
            <trkpt lat="45.615073" lon="9.559232">
                <ele>0</ele>
            </trkpt>
            <trkpt lat="45.615442" lon="9.560297">
                <ele>0</ele>
            </trkpt>
            <trkpt lat="45.617427" lon="9.566057">
                <ele>0</ele>
            </trkpt>
            <trkpt lat="45.621698" lon="9.578455">
                <ele>0</ele>
            </trkpt>
            <trkpt lat="45.622344" lon="9.580378">
                <ele>0</ele>
            </trkpt>
            <trkpt lat="45.623228" lon="9.582827">
                <ele>0</ele>
            </trkpt>
            <trkpt lat="45.623563" lon="9.583601">
                <ele>0</ele>
            </trkpt>
            <trkpt lat="45.624134" lon="9.584917">
                <ele>0</ele>
            </trkpt>
            <trkpt lat="45.626165" lon="9.588733">
                <ele>0</ele>
            </trkpt>
            <trkpt lat="45.62818" lon="9.5923">
                <ele>0</ele>
            </trkpt>
            <trkpt lat="45.630286" lon="9.596028">
                <ele>0</ele>
            </trkpt>
            <trkpt lat="45.630868" lon="9.597035">
                <ele>0</ele>
            </trkpt>
            <trkpt lat="45.631917" lon="9.598902">
                <ele>0</ele>
            </trkpt>
            <trkpt lat="45.63239" lon="9.599758">
                <ele>0</ele>
            </trkpt>
            <trkpt lat="45.633436" lon="9.601645">
                <ele>0</ele>
            </trkpt>
            <trkpt lat="45.636676" lon="9.607503">
                <ele>0</ele>
            </trkpt>
            <trkpt lat="45.637928" lon="9.609766">
                <ele>0</ele>
            </trkpt>
            <trkpt lat="45.638485" lon="9.610753">
                <ele>0</ele>
            </trkpt>
            <trkpt lat="45.639669" lon="9.612874">
                <ele>0</ele>
            </trkpt>
            <trkpt lat="45.639885" lon="9.613262">
                <ele>0</ele>
            </trkpt>
            <trkpt lat="45.640062" lon="9.613578">
                <ele>0</ele>
            </trkpt>
            <trkpt lat="45.640396" lon="9.614198">
                <ele>0</ele>
            </trkpt>
            <trkpt lat="45.640544" lon="9.614475">
                <ele>0</ele>
            </trkpt>
            <trkpt lat="45.641542" lon="9.616261">
                <ele>0</ele>
            </trkpt>
            <trkpt lat="45.643589" lon="9.619928">
                <ele>0</ele>
            </trkpt>
            <trkpt lat="45.644603" lon="9.621746">
                <ele>0</ele>
            </trkpt>
            <trkpt lat="45.646001" lon="9.624273">
                <ele>0</ele>
            </trkpt>
            <trkpt lat="45.648371" lon="9.628557">
                <ele>0</ele>
            </trkpt>
            <trkpt lat="45.651479" lon="9.634174">
                <ele>0</ele>
            </trkpt>
            <trkpt lat="45.651834" lon="9.634815">
                <ele>0</ele>
            </trkpt>
            <trkpt lat="45.655891" lon="9.642132">
                <ele>0</ele>
            </trkpt>
            <trkpt lat="45.6592" lon="9.648101">
                <ele>0</ele>
            </trkpt>
            <trkpt lat="45.660314" lon="9.650102">
                <ele>0</ele>
            </trkpt>
            <trkpt lat="45.662768" lon="9.654516">
                <ele>0</ele>
            </trkpt>
            <trkpt lat="45.665221" lon="9.658925">
                <ele>0</ele>
            </trkpt>
            <trkpt lat="45.66548" lon="9.659382">
                <ele>0</ele>
            </trkpt>
            <trkpt lat="45.665648" lon="9.659695">
                <ele>0</ele>
            </trkpt>
            <trkpt lat="45.666245" lon="9.660808">
                <ele>0</ele>
            </trkpt>
            <trkpt lat="45.667815" lon="9.663622">
                <ele>0</ele>
            </trkpt>
            <trkpt lat="45.667883" lon="9.663743">
                <ele>0</ele>
            </trkpt>
            <trkpt lat="45.668373" lon="9.66462">
                <ele>0</ele>
            </trkpt>
            <trkpt lat="45.668557" lon="9.664942">
                <ele>0</ele>
            </trkpt>
            <trkpt lat="45.668827" lon="9.665421">
                <ele>0</ele>
            </trkpt>
            <trkpt lat="45.668972" lon="9.665712">
                <ele>0</ele>
            </trkpt>
            <trkpt lat="45.66911" lon="9.665988">
                <ele>0</ele>
            </trkpt>
            <trkpt lat="45.669305" lon="9.666464">
                <ele>0</ele>
            </trkpt>
            <trkpt lat="45.669464" lon="9.666914">
                <ele>0</ele>
            </trkpt>
            <trkpt lat="45.669673" lon="9.667688">
                <ele>0</ele>
            </trkpt>
            <trkpt lat="45.669789" lon="9.668364">
                <ele>0</ele>
            </trkpt>
            <trkpt lat="45.669834" lon="9.668866">
                <ele>0</ele>
            </trkpt>
            <trkpt lat="45.669854" lon="9.669499">
                <ele>0</ele>
            </trkpt>
            <trkpt lat="45.669836" lon="9.670134">
                <ele>0</ele>
            </trkpt>
            <trkpt lat="45.669752" lon="9.670856">
                <ele>0</ele>
            </trkpt>
            <trkpt lat="45.669461" lon="9.672412">
                <ele>0</ele>
            </trkpt>
            <trkpt lat="45.668191" lon="9.679224">
                <ele>0</ele>
            </trkpt>
            <trkpt lat="45.666658" lon="9.687526">
                <ele>0</ele>
            </trkpt>
            <trkpt lat="45.666111" lon="9.69046">
                <ele>0</ele>
            </trkpt>
            <trkpt lat="45.664392" lon="9.699677">
                <ele>0</ele>
            </trkpt>
            <trkpt lat="45.663752" lon="9.703115">
                <ele>0</ele>
            </trkpt>
            <trkpt lat="45.663723" lon="9.703287">
                <ele>0</ele>
            </trkpt>
            <trkpt lat="45.663118" lon="9.706548">
                <ele>0</ele>
            </trkpt>
            <trkpt lat="45.662755" lon="9.708489">
                <ele>0</ele>
            </trkpt>
            <trkpt lat="45.66247" lon="9.710012">
                <ele>0</ele>
            </trkpt>
            <trkpt lat="45.661917" lon="9.712971">
                <ele>0</ele>
            </trkpt>
            <trkpt lat="45.661021" lon="9.717767">
                <ele>0</ele>
            </trkpt>
            <trkpt lat="45.659664" lon="9.725032">
                <ele>0</ele>
            </trkpt>
            <trkpt lat="45.659043" lon="9.728355">
                <ele>0</ele>
            </trkpt>
            <trkpt lat="45.658637" lon="9.730529">
                <ele>0</ele>
            </trkpt>
            <trkpt lat="45.658229" lon="9.732721">
                <ele>0</ele>
            </trkpt>
            <trkpt lat="45.657795" lon="9.735029">
                <ele>0</ele>
            </trkpt>
            <trkpt lat="45.655765" lon="9.745833">
                <ele>0</ele>
            </trkpt>
            <trkpt lat="45.655678" lon="9.746025">
                <ele>0</ele>
            </trkpt>
            <trkpt lat="45.655569" lon="9.746603">
                <ele>0</ele>
            </trkpt>
            <trkpt lat="45.655384" lon="9.747628">
                <ele>0</ele>
            </trkpt>
            <trkpt lat="45.655318" lon="9.747829">
                <ele>0</ele>
            </trkpt>
            <trkpt lat="45.655258" lon="9.74797">
                <ele>0</ele>
            </trkpt>
            <trkpt lat="45.655148" lon="9.748122">
                <ele>0</ele>
            </trkpt>
            <trkpt lat="45.655015" lon="9.748258">
                <ele>0</ele>
            </trkpt>
            <trkpt lat="45.654888" lon="9.748336">
                <ele>0</ele>
            </trkpt>
            <trkpt lat="45.654728" lon="9.748377">
                <ele>0</ele>
            </trkpt>
            <trkpt lat="45.65455" lon="9.748368">
                <ele>0</ele>
            </trkpt>
            <trkpt lat="45.654379" lon="9.748299">
                <ele>0</ele>
            </trkpt>
            <trkpt lat="45.6543" lon="9.74824">
                <ele>0</ele>
            </trkpt>
            <trkpt lat="45.654193" lon="9.748128">
                <ele>0</ele>
            </trkpt>
            <trkpt lat="45.654086" lon="9.747973">
                <ele>0</ele>
            </trkpt>
            <trkpt lat="45.654029" lon="9.747838">
                <ele>0</ele>
            </trkpt>
            <trkpt lat="45.653974" lon="9.747671">
                <ele>0</ele>
            </trkpt>
            <trkpt lat="45.65392" lon="9.747439">
                <ele>0</ele>
            </trkpt>
            <trkpt lat="45.653729" lon="9.745926">
                <ele>0</ele>
            </trkpt>
            <trkpt lat="45.653723" lon="9.745683">
                <ele>0</ele>
            </trkpt>
            <trkpt lat="45.653731" lon="9.745452">
                <ele>0</ele>
            </trkpt>
            <trkpt lat="45.653747" lon="9.745206">
                <ele>0</ele>
            </trkpt>
            <trkpt lat="45.653754" lon="9.744957">
                <ele>0</ele>
            </trkpt>
            <trkpt lat="45.653731" lon="9.744654">
                <ele>0</ele>
            </trkpt>
            <trkpt lat="45.653657" lon="9.744089">
                <ele>0</ele>
            </trkpt>
            <trkpt lat="45.653607" lon="9.743699">
                <ele>0</ele>
            </trkpt>
            <trkpt lat="45.653566" lon="9.743488">
                <ele>0</ele>
            </trkpt>
            <trkpt lat="45.653512" lon="9.743249">
                <ele>0</ele>
            </trkpt>
            <trkpt lat="45.653442" lon="9.742994">
                <ele>0</ele>
            </trkpt>
            <trkpt lat="45.65335" lon="9.742655">
                <ele>0</ele>
            </trkpt>
            <trkpt lat="45.653279" lon="9.742409">
                <ele>0</ele>
            </trkpt>
            <trkpt lat="45.653237" lon="9.742169">
                <ele>0</ele>
            </trkpt>
            <trkpt lat="45.653196" lon="9.741894">
                <ele>0</ele>
            </trkpt>
            <trkpt lat="45.653161" lon="9.741544">
                <ele>0</ele>
            </trkpt>
            <trkpt lat="45.65315" lon="9.741373">
                <ele>0</ele>
            </trkpt>
            <trkpt lat="45.653145" lon="9.741165">
                <ele>0</ele>
            </trkpt>
            <trkpt lat="45.65315" lon="9.740903">
                <ele>0</ele>
            </trkpt>
            <trkpt lat="45.653168" lon="9.740678">
                <ele>0</ele>
            </trkpt>
            <trkpt lat="45.653201" lon="9.740406">
                <ele>0</ele>
            </trkpt>
            <trkpt lat="45.653231" lon="9.740236">
                <ele>0</ele>
            </trkpt>
            <trkpt lat="45.653267" lon="9.740074">
                <ele>0</ele>
            </trkpt>
            <trkpt lat="45.653351" lon="9.739778">
                <ele>0</ele>
            </trkpt>
            <trkpt lat="45.653422" lon="9.739571">
                <ele>0</ele>
            </trkpt>
            <trkpt lat="45.653496" lon="9.739397">
                <ele>0</ele>
            </trkpt>
            <trkpt lat="45.653584" lon="9.739197">
                <ele>0</ele>
            </trkpt>
            <trkpt lat="45.653703" lon="9.738983">
                <ele>0</ele>
            </trkpt>
            <trkpt lat="45.653802" lon="9.738841">
                <ele>0</ele>
            </trkpt>
            <trkpt lat="45.653952" lon="9.738654">
                <ele>0</ele>
            </trkpt>
            <trkpt lat="45.654122" lon="9.738467">
                <ele>0</ele>
            </trkpt>
            <trkpt lat="45.654147" lon="9.73844">
                <ele>0</ele>
            </trkpt>
            <trkpt lat="45.65433" lon="9.738239">
                <ele>0</ele>
            </trkpt>
            <trkpt lat="45.654468" lon="9.738002">
                <ele>0</ele>
            </trkpt>
            <trkpt lat="45.655479" lon="9.736915">
                <ele>0</ele>
            </trkpt>
            <trkpt lat="45.655508" lon="9.736887">
                <ele>0</ele>
            </trkpt>
            <trkpt lat="45.655619" lon="9.736849">
                <ele>0</ele>
            </trkpt>
            <trkpt lat="45.6559" lon="9.736531">
                <ele>0</ele>
            </trkpt>
            <trkpt lat="45.656024" lon="9.736399">
                <ele>0</ele>
            </trkpt>
            <trkpt lat="45.656117" lon="9.736295">
                <ele>0</ele>
            </trkpt>
            <trkpt lat="45.656237" lon="9.736161">
                <ele>0</ele>
            </trkpt>
            <trkpt lat="45.656437" lon="9.735962">
                <ele>0</ele>
            </trkpt>
            <trkpt lat="45.656623" lon="9.735815">
                <ele>0</ele>
            </trkpt>
            <trkpt lat="45.656764" lon="9.735744">
                <ele>0</ele>
            </trkpt>
            <trkpt lat="45.656871" lon="9.735709">
                <ele>0</ele>
            </trkpt>
            <trkpt lat="45.656999" lon="9.735684">
                <ele>0</ele>
            </trkpt>
            <trkpt lat="45.657132" lon="9.735683">
                <ele>0</ele>
            </trkpt>
            <trkpt lat="45.65738" lon="9.735738">
                <ele>0</ele>
            </trkpt>
            <trkpt lat="45.657572" lon="9.735807">
                <ele>0</ele>
            </trkpt>
            <trkpt lat="45.658013" lon="9.73599">
                <ele>0</ele>
            </trkpt>
            <trkpt lat="45.65851" lon="9.736185">
                <ele>0</ele>
            </trkpt>
            <trkpt lat="45.659008" lon="9.736376">
                <ele>0</ele>
            </trkpt>
            <trkpt lat="45.659525" lon="9.736557">
                <ele>0</ele>
            </trkpt>
            <trkpt lat="45.660042" lon="9.736716">
                <ele>0</ele>
            </trkpt>
            <trkpt lat="45.66049" lon="9.736833">
                <ele>0</ele>
            </trkpt>
            <trkpt lat="45.660937" lon="9.73693">
                <ele>0</ele>
            </trkpt>
            <trkpt lat="45.661374" lon="9.737">
                <ele>0</ele>
            </trkpt>
            <trkpt lat="45.661679" lon="9.737033">
                <ele>0</ele>
            </trkpt>
            <trkpt lat="45.661904" lon="9.737054">
                <ele>0</ele>
            </trkpt>
            <trkpt lat="45.662055" lon="9.737064">
                <ele>0</ele>
            </trkpt>
            <trkpt lat="45.662764" lon="9.737086">
                <ele>0</ele>
            </trkpt>
            <trkpt lat="45.662922" lon="9.737091">
                <ele>0</ele>
            </trkpt>
            <trkpt lat="45.663164" lon="9.737108">
                <ele>0</ele>
            </trkpt>
            <trkpt lat="45.663381" lon="9.737147">
                <ele>0</ele>
            </trkpt>
            <trkpt lat="45.66382" lon="9.737258">
                <ele>0</ele>
            </trkpt>
            <trkpt lat="45.664247" lon="9.737469">
                <ele>0</ele>
            </trkpt>
            <trkpt lat="45.664438" lon="9.737583">
                <ele>0</ele>
            </trkpt>
            <trkpt lat="45.664639" lon="9.737727">
                <ele>0</ele>
            </trkpt>
            <trkpt lat="45.664835" lon="9.737892">
                <ele>0</ele>
            </trkpt>
            <trkpt lat="45.665014" lon="9.738066">
                <ele>0</ele>
            </trkpt>
            <trkpt lat="45.665191" lon="9.738257">
                <ele>0</ele>
            </trkpt>
            <trkpt lat="45.665529" lon="9.738685">
                <ele>0</ele>
            </trkpt>
            <trkpt lat="45.665603" lon="9.738876">
                <ele>0</ele>
            </trkpt>
            <trkpt lat="45.665663" lon="9.738921">
                <ele>0</ele>
            </trkpt>
            <trkpt lat="45.665852" lon="9.739081">
                <ele>0</ele>
            </trkpt>
            <trkpt lat="45.666038" lon="9.739223">
                <ele>0</ele>
            </trkpt>
            <trkpt lat="45.666222" lon="9.739366">
                <ele>0</ele>
            </trkpt>
            <trkpt lat="45.66658" lon="9.739661">
                <ele>0</ele>
            </trkpt>
            <trkpt lat="45.667304" lon="9.740246">
                <ele>0</ele>
            </trkpt>
            <trkpt lat="45.668674" lon="9.741366">
                <ele>0</ele>
            </trkpt>
            <trkpt lat="45.668749" lon="9.741419">
                <ele>0</ele>
            </trkpt>
            <trkpt lat="45.668788" lon="9.741447">
                <ele>0</ele>
            </trkpt>
            <trkpt lat="45.668985" lon="9.741552">
                <ele>0</ele>
            </trkpt>
            <trkpt lat="45.669147" lon="9.74162">
                <ele>0</ele>
            </trkpt>
            <trkpt lat="45.669528" lon="9.741733">
                <ele>0</ele>
            </trkpt>
            <trkpt lat="45.669813" lon="9.741789">
                <ele>0</ele>
            </trkpt>
            <trkpt lat="45.669852" lon="9.741803">
                <ele>0</ele>
            </trkpt>
            <trkpt lat="45.669916" lon="9.741827">
                <ele>0</ele>
            </trkpt>
            <trkpt lat="45.66999" lon="9.741855">
                <ele>0</ele>
            </trkpt>
            <trkpt lat="45.670155" lon="9.741949">
                <ele>0</ele>
            </trkpt>
            <trkpt lat="45.671223" lon="9.742575">
                <ele>0</ele>
            </trkpt>
            <trkpt lat="45.671259" lon="9.742595">
                <ele>0</ele>
            </trkpt>
            <trkpt lat="45.671299" lon="9.742615">
                <ele>0</ele>
            </trkpt>
            <trkpt lat="45.67137" lon="9.742646">
                <ele>0</ele>
            </trkpt>
            <trkpt lat="45.671682" lon="9.742763">
                <ele>0</ele>
            </trkpt>
            <trkpt lat="45.671873" lon="9.742888">
                <ele>0</ele>
            </trkpt>
            <trkpt lat="45.672067" lon="9.743014">
                <ele>0</ele>
            </trkpt>
            <trkpt lat="45.672442" lon="9.743315">
                <ele>0</ele>
            </trkpt>
            <trkpt lat="45.672792" lon="9.74362">
                <ele>0</ele>
            </trkpt>
            <trkpt lat="45.673134" lon="9.743956">
                <ele>0</ele>
            </trkpt>
            <trkpt lat="45.674061" lon="9.744943">
                <ele>0</ele>
            </trkpt>
            <trkpt lat="45.674342" lon="9.74522">
                <ele>0</ele>
            </trkpt>
            <trkpt lat="45.674565" lon="9.745407">
                <ele>0</ele>
            </trkpt>
            <trkpt lat="45.674824" lon="9.7456">
                <ele>0</ele>
            </trkpt>
            <trkpt lat="45.675106" lon="9.745777">
                <ele>0</ele>
            </trkpt>
            <trkpt lat="45.675355" lon="9.745908">
                <ele>0</ele>
            </trkpt>
            <trkpt lat="45.67553" lon="9.745987">
                <ele>0</ele>
            </trkpt>
            <trkpt lat="45.675814" lon="9.746092">
                <ele>0</ele>
            </trkpt>
            <trkpt lat="45.676097" lon="9.746183">
                <ele>0</ele>
            </trkpt>
            <trkpt lat="45.677107" lon="9.746511">
                <ele>0</ele>
            </trkpt>
            <trkpt lat="45.677248" lon="9.746567">
                <ele>0</ele>
            </trkpt>
            <trkpt lat="45.677419" lon="9.746647">
                <ele>0</ele>
            </trkpt>
            <trkpt lat="45.677599" lon="9.746736">
                <ele>0</ele>
            </trkpt>
            <trkpt lat="45.677742" lon="9.746817">
                <ele>0</ele>
            </trkpt>
            <trkpt lat="45.677897" lon="9.746918">
                <ele>0</ele>
            </trkpt>
            <trkpt lat="45.678031" lon="9.747016">
                <ele>0</ele>
            </trkpt>
            <trkpt lat="45.678143" lon="9.7471">
                <ele>0</ele>
            </trkpt>
            <trkpt lat="45.678326" lon="9.747258">
                <ele>0</ele>
            </trkpt>
            <trkpt lat="45.678528" lon="9.747452">
                <ele>0</ele>
            </trkpt>
            <trkpt lat="45.67886" lon="9.747816">
                <ele>0</ele>
            </trkpt>
            <trkpt lat="45.678991" lon="9.748">
                <ele>0</ele>
            </trkpt>
            <trkpt lat="45.679184" lon="9.748286">
                <ele>0</ele>
            </trkpt>
            <trkpt lat="45.679423" lon="9.748685">
                <ele>0</ele>
            </trkpt>
            <trkpt lat="45.679606" lon="9.749048">
                <ele>0</ele>
            </trkpt>
            <trkpt lat="45.679649" lon="9.749133">
                <ele>0</ele>
            </trkpt>
            <trkpt lat="45.679753" lon="9.749361">
                <ele>0</ele>
            </trkpt>
            <trkpt lat="45.679871" lon="9.749632">
                <ele>0</ele>
            </trkpt>
            <trkpt lat="45.680003" lon="9.75">
                <ele>0</ele>
            </trkpt>
            <trkpt lat="45.680068" lon="9.750209">
                <ele>0</ele>
            </trkpt>
            <trkpt lat="45.680128" lon="9.750403">
                <ele>0</ele>
            </trkpt>
            <trkpt lat="45.680147" lon="9.750468">
                <ele>0</ele>
            </trkpt>
            <trkpt lat="45.680208" lon="9.750674">
                <ele>0</ele>
            </trkpt>
            <trkpt lat="45.680323" lon="9.751124">
                <ele>0</ele>
            </trkpt>
            <trkpt lat="45.680718" lon="9.753007">
                <ele>0</ele>
            </trkpt>
            <trkpt lat="45.680827" lon="9.75358">
                <ele>0</ele>
            </trkpt>
            <trkpt lat="45.680946" lon="9.754139">
                <ele>0</ele>
            </trkpt>
            <trkpt lat="45.681189" lon="9.755264">
                <ele>0</ele>
            </trkpt>
            <trkpt lat="45.681191" lon="9.755275">
                <ele>0</ele>
            </trkpt>
            <trkpt lat="45.681496" lon="9.756526">
                <ele>0</ele>
            </trkpt>
            <trkpt lat="45.681605" lon="9.756894">
                <ele>0</ele>
            </trkpt>
            <trkpt lat="45.681742" lon="9.757509">
                <ele>0</ele>
            </trkpt>
            <trkpt lat="45.682007" lon="9.758814">
                <ele>0</ele>
            </trkpt>
            <trkpt lat="45.682078" lon="9.759194">
                <ele>0</ele>
            </trkpt>
            <trkpt lat="45.682133" lon="9.759565">
                <ele>0</ele>
            </trkpt>
            <trkpt lat="45.682169" lon="9.760108">
                <ele>0</ele>
            </trkpt>
            <trkpt lat="45.682187" lon="9.760651">
                <ele>0</ele>
            </trkpt>
            <trkpt lat="45.68218" lon="9.760779">
                <ele>0</ele>
            </trkpt>
            <trkpt lat="45.682149" lon="9.761362">
                <ele>0</ele>
            </trkpt>
            <trkpt lat="45.682079" lon="9.762035">
                <ele>0</ele>
            </trkpt>
            <trkpt lat="45.681939" lon="9.762751">
                <ele>0</ele>
            </trkpt>
            <trkpt lat="45.681655" lon="9.764045">
                <ele>0</ele>
            </trkpt>
            <trkpt lat="45.681605" lon="9.764278">
                <ele>0</ele>
            </trkpt>
            <trkpt lat="45.680864" lon="9.767698">
                <ele>0</ele>
            </trkpt>
            <trkpt lat="45.680435" lon="9.769764">
                <ele>0</ele>
            </trkpt>
            <trkpt lat="45.679968" lon="9.771913">
                <ele>0</ele>
            </trkpt>
            <trkpt lat="45.679696" lon="9.773168">
                <ele>0</ele>
            </trkpt>
            <trkpt lat="45.679644" lon="9.773397">
                <ele>0</ele>
            </trkpt>
            <trkpt lat="45.679435" lon="9.774473">
                <ele>0</ele>
            </trkpt>
            <trkpt lat="45.679383" lon="9.775258">
                <ele>0</ele>
            </trkpt>
            <trkpt lat="45.67938" lon="9.77599">
                <ele>0</ele>
            </trkpt>
            <trkpt lat="45.679452" lon="9.776693">
                <ele>0</ele>
            </trkpt>
            <trkpt lat="45.679614" lon="9.777607">
                <ele>0</ele>
            </trkpt>
            <trkpt lat="45.679806" lon="9.778332">
                <ele>0</ele>
            </trkpt>
            <trkpt lat="45.680013" lon="9.778935">
                <ele>0</ele>
            </trkpt>
            <trkpt lat="45.680135" lon="9.779296">
                <ele>0</ele>
            </trkpt>
            <trkpt lat="45.680402" lon="9.78009">
                <ele>0</ele>
            </trkpt>
            <trkpt lat="45.680568" lon="9.780582">
                <ele>0</ele>
            </trkpt>
            <trkpt lat="45.680602" lon="9.780693">
                <ele>0</ele>
            </trkpt>
            <trkpt lat="45.680814" lon="9.781338">
                <ele>0</ele>
            </trkpt>
            <trkpt lat="45.680886" lon="9.781575">
                <ele>0</ele>
            </trkpt>
            <trkpt lat="45.680948" lon="9.781818">
                <ele>0</ele>
            </trkpt>
            <trkpt lat="45.681" lon="9.782066">
                <ele>0</ele>
            </trkpt>
            <trkpt lat="45.681042" lon="9.782318">
                <ele>0</ele>
            </trkpt>
            <trkpt lat="45.681074" lon="9.782572">
                <ele>0</ele>
            </trkpt>
            <trkpt lat="45.681095" lon="9.782829">
                <ele>0</ele>
            </trkpt>
            <trkpt lat="45.681106" lon="9.783084">
                <ele>0</ele>
            </trkpt>
            <trkpt lat="45.681105" lon="9.783351">
                <ele>0</ele>
            </trkpt>
            <trkpt lat="45.681097" lon="9.783617">
                <ele>0</ele>
            </trkpt>
            <trkpt lat="45.681081" lon="9.783882">
                <ele>0</ele>
            </trkpt>
            <trkpt lat="45.681057" lon="9.784082">
                <ele>0</ele>
            </trkpt>
            <trkpt lat="45.681027" lon="9.784316">
                <ele>0</ele>
            </trkpt>
            <trkpt lat="45.680987" lon="9.784547">
                <ele>0</ele>
            </trkpt>
            <trkpt lat="45.680939" lon="9.784776">
                <ele>0</ele>
            </trkpt>
            <trkpt lat="45.680883" lon="9.785">
                <ele>0</ele>
            </trkpt>
            <trkpt lat="45.680818" lon="9.785219">
                <ele>0</ele>
            </trkpt>
            <trkpt lat="45.680745" lon="9.785433">
                <ele>0</ele>
            </trkpt>
            <trkpt lat="45.680664" lon="9.785641">
                <ele>0</ele>
            </trkpt>
            <trkpt lat="45.680576" lon="9.785843">
                <ele>0</ele>
            </trkpt>
            <trkpt lat="45.68048" lon="9.786037">
                <ele>0</ele>
            </trkpt>
            <trkpt lat="45.680377" lon="9.786224">
                <ele>0</ele>
            </trkpt>
            <trkpt lat="45.680267" lon="9.786403">
                <ele>0</ele>
            </trkpt>
            <trkpt lat="45.680041" lon="9.786787">
                <ele>0</ele>
            </trkpt>
            <trkpt lat="45.679765" lon="9.787196">
                <ele>0</ele>
            </trkpt>
            <trkpt lat="45.679496" lon="9.787797">
                <ele>0</ele>
            </trkpt>
            <trkpt lat="45.67939" lon="9.788035">
                <ele>0</ele>
            </trkpt>
            <trkpt lat="45.679189" lon="9.788556">
                <ele>0</ele>
            </trkpt>
            <trkpt lat="45.678968" lon="9.789562">
                <ele>0</ele>
            </trkpt>
            <trkpt lat="45.678758" lon="9.790646">
                <ele>0</ele>
            </trkpt>
            <trkpt lat="45.678568" lon="9.791686">
                <ele>0</ele>
            </trkpt>
            <trkpt lat="45.678483" lon="9.792149">
                <ele>0</ele>
            </trkpt>
            <trkpt lat="45.678253" lon="9.793405">
                <ele>0</ele>
            </trkpt>
            <trkpt lat="45.678207" lon="9.793657">
                <ele>0</ele>
            </trkpt>
            <trkpt lat="45.678119" lon="9.794137">
                <ele>0</ele>
            </trkpt>
            <trkpt lat="45.678045" lon="9.794615">
                <ele>0</ele>
            </trkpt>
            <trkpt lat="45.678006" lon="9.794932">
                <ele>0</ele>
            </trkpt>
            <trkpt lat="45.677982" lon="9.795248">
                <ele>0</ele>
            </trkpt>
            <trkpt lat="45.677971" lon="9.795515">
                <ele>0</ele>
            </trkpt>
            <trkpt lat="45.677977" lon="9.795936">
                <ele>0</ele>
            </trkpt>
            <trkpt lat="45.678016" lon="9.796434">
                <ele>0</ele>
            </trkpt>
            <trkpt lat="45.678047" lon="9.796667">
                <ele>0</ele>
            </trkpt>
            <trkpt lat="45.678071" lon="9.796856">
                <ele>0</ele>
            </trkpt>
            <trkpt lat="45.678127" lon="9.797189">
                <ele>0</ele>
            </trkpt>
            <trkpt lat="45.67821" lon="9.797578">
                <ele>0</ele>
            </trkpt>
            <trkpt lat="45.678316" lon="9.797961">
                <ele>0</ele>
            </trkpt>
            <trkpt lat="45.678318" lon="9.797969">
                <ele>0</ele>
            </trkpt>
            <trkpt lat="45.678348" lon="9.798086">
                <ele>0</ele>
            </trkpt>
            <trkpt lat="45.678944" lon="9.800417">
                <ele>0</ele>
            </trkpt>
            <trkpt lat="45.67949" lon="9.802493">
                <ele>0</ele>
            </trkpt>
            <trkpt lat="45.679993" lon="9.804405">
                <ele>0</ele>
            </trkpt>
            <trkpt lat="45.680042" lon="9.804615">
                <ele>0</ele>
            </trkpt>
            <trkpt lat="45.680196" lon="9.805266">
                <ele>0</ele>
            </trkpt>
            <trkpt lat="45.680428" lon="9.806382">
                <ele>0</ele>
            </trkpt>
            <trkpt lat="45.68059" lon="9.807727">
                <ele>0</ele>
            </trkpt>
            <trkpt lat="45.680639" lon="9.808443">
                <ele>0</ele>
            </trkpt>
            <trkpt lat="45.680663" lon="9.808973">
                <ele>0</ele>
            </trkpt>
            <trkpt lat="45.680785" lon="9.810845">
                <ele>0</ele>
            </trkpt>
            <trkpt lat="45.680825" lon="9.811223">
                <ele>0</ele>
            </trkpt>
            <trkpt lat="45.680844" lon="9.811319">
                <ele>0</ele>
            </trkpt>
            <trkpt lat="45.680908" lon="9.811649">
                <ele>0</ele>
            </trkpt>
            <trkpt lat="45.681399" lon="9.813901">
                <ele>0</ele>
            </trkpt>
            <trkpt lat="45.681562" lon="9.814555">
                <ele>0</ele>
            </trkpt>
            <trkpt lat="45.682835" lon="9.81938">
                <ele>0</ele>
            </trkpt>
            <trkpt lat="45.683134" lon="9.820511">
                <ele>0</ele>
            </trkpt>
            <trkpt lat="45.6833" lon="9.821138">
                <ele>0</ele>
            </trkpt>
            <trkpt lat="45.683483" lon="9.821937">
                <ele>0</ele>
            </trkpt>
            <trkpt lat="45.683599" lon="9.822544">
                <ele>0</ele>
            </trkpt>
            <trkpt lat="45.683679" lon="9.823086">
                <ele>0</ele>
            </trkpt>
            <trkpt lat="45.683749" lon="9.823751">
                <ele>0</ele>
            </trkpt>
            <trkpt lat="45.683772" lon="9.824203">
                <ele>0</ele>
            </trkpt>
            <trkpt lat="45.683788" lon="9.82467">
                <ele>0</ele>
            </trkpt>
            <trkpt lat="45.683788" lon="9.825087">
                <ele>0</ele>
            </trkpt>
            <trkpt lat="45.68377" lon="9.825675">
                <ele>0</ele>
            </trkpt>
            <trkpt lat="45.683541" lon="9.828844">
                <ele>0</ele>
            </trkpt>
            <trkpt lat="45.683525" lon="9.828978">
                <ele>0</ele>
            </trkpt>
            <trkpt lat="45.683101" lon="9.832507">
                <ele>0</ele>
            </trkpt>
            <trkpt lat="45.683092" lon="9.832583">
                <ele>0</ele>
            </trkpt>
            <trkpt lat="45.682973" lon="9.833584">
                <ele>0</ele>
            </trkpt>
            <trkpt lat="45.682905" lon="9.834222">
                <ele>0</ele>
            </trkpt>
            <trkpt lat="45.682859" lon="9.834885">
                <ele>0</ele>
            </trkpt>
            <trkpt lat="45.682849" lon="9.835273">
                <ele>0</ele>
            </trkpt>
            <trkpt lat="45.682841" lon="9.835556">
                <ele>0</ele>
            </trkpt>
            <trkpt lat="45.682785" lon="9.835879">
                <ele>0</ele>
            </trkpt>
            <trkpt lat="45.682731" lon="9.836066">
                <ele>0</ele>
            </trkpt>
            <trkpt lat="45.682654" lon="9.836109">
                <ele>0</ele>
            </trkpt>
            <trkpt lat="45.682588" lon="9.836178">
                <ele>0</ele>
            </trkpt>
            <trkpt lat="45.682536" lon="9.83627">
                <ele>0</ele>
            </trkpt>
            <trkpt lat="45.682503" lon="9.836377">
                <ele>0</ele>
            </trkpt>
            <trkpt lat="45.68249" lon="9.836484">
                <ele>0</ele>
            </trkpt>
            <trkpt lat="45.682495" lon="9.836593">
                <ele>0</ele>
            </trkpt>
            <trkpt lat="45.682518" lon="9.836696">
                <ele>0</ele>
            </trkpt>
            <trkpt lat="45.682558" lon="9.836789">
                <ele>0</ele>
            </trkpt>
            <trkpt lat="45.68263" lon="9.836884">
                <ele>0</ele>
            </trkpt>
            <trkpt lat="45.682719" lon="9.836944">
                <ele>0</ele>
            </trkpt>
            <trkpt lat="45.682816" lon="9.836961">
                <ele>0</ele>
            </trkpt>
            <trkpt lat="45.682912" lon="9.836936">
                <ele>0</ele>
            </trkpt>
            <trkpt lat="45.682998" lon="9.83687">
                <ele>0</ele>
            </trkpt>
            <trkpt lat="45.683067" lon="9.836769">
                <ele>0</ele>
            </trkpt>
            <trkpt lat="45.68311" lon="9.836643">
                <ele>0</ele>
            </trkpt>
            <trkpt lat="45.683263" lon="9.83645">
                <ele>0</ele>
            </trkpt>
            <trkpt lat="45.683388" lon="9.836318">
                <ele>0</ele>
            </trkpt>
            <trkpt lat="45.683467" lon="9.836311">
                <ele>0</ele>
            </trkpt>
            <trkpt lat="45.683588" lon="9.836327">
                <ele>0</ele>
            </trkpt>
            <trkpt lat="45.683679" lon="9.836388">
                <ele>0</ele>
            </trkpt>
            <trkpt lat="45.683808" lon="9.836531">
                <ele>0</ele>
            </trkpt>
            <trkpt lat="45.684383" lon="9.837261">
                <ele>0</ele>
            </trkpt>
            <trkpt lat="45.684639" lon="9.837581">
                <ele>0</ele>
            </trkpt>
            <trkpt lat="45.684739" lon="9.837719">
                <ele>0</ele>
            </trkpt>
            <trkpt lat="45.68484" lon="9.83786">
                <ele>0</ele>
            </trkpt>
            <trkpt lat="45.684883" lon="9.837932">
                <ele>0</ele>
            </trkpt>
            <trkpt lat="45.68508" lon="9.838267">
                <ele>0</ele>
            </trkpt>
            <trkpt lat="45.685166" lon="9.838473">
                <ele>0</ele>
            </trkpt>
            <trkpt lat="45.685548" lon="9.839387">
                <ele>0</ele>
            </trkpt>
            <trkpt lat="45.685578" lon="9.839465">
                <ele>0</ele>
            </trkpt>
            <trkpt lat="45.686024" lon="9.840626">
                <ele>0</ele>
            </trkpt>
            <trkpt lat="45.686241" lon="9.841141">
                <ele>0</ele>
            </trkpt>
            <trkpt lat="45.68645" lon="9.841636">
                <ele>0</ele>
            </trkpt>
            <trkpt lat="45.686608" lon="9.841975">
                <ele>0</ele>
            </trkpt>
            <trkpt lat="45.6868" lon="9.842341">
                <ele>0</ele>
            </trkpt>
            <trkpt lat="45.688234" lon="9.844775">
                <ele>0</ele>
            </trkpt>
            <trkpt lat="45.68888" lon="9.846133">
                <ele>0</ele>
            </trkpt>
            <trkpt lat="45.689491" lon="9.847515">
                <ele>0</ele>
            </trkpt>
            <trkpt lat="45.689655" lon="9.847885">
                <ele>0</ele>
            </trkpt>
            <trkpt lat="45.689781" lon="9.848135">
                <ele>0</ele>
            </trkpt>
            <trkpt lat="45.689868" lon="9.848259">
                <ele>0</ele>
            </trkpt>
            <trkpt lat="45.689959" lon="9.848376">
                <ele>0</ele>
            </trkpt>
            <trkpt lat="45.690045" lon="9.84846">
                <ele>0</ele>
            </trkpt>
            <trkpt lat="45.690136" lon="9.848534">
                <ele>0</ele>
            </trkpt>
            <trkpt lat="45.690237" lon="9.848606">
                <ele>0</ele>
            </trkpt>
            <trkpt lat="45.690338" lon="9.848669">
                <ele>0</ele>
            </trkpt>
            <trkpt lat="45.690482" lon="9.848738">
                <ele>0</ele>
            </trkpt>
            <trkpt lat="45.690922" lon="9.848882">
                <ele>0</ele>
            </trkpt>
            <trkpt lat="45.691065" lon="9.848929">
                <ele>0</ele>
            </trkpt>
            <trkpt lat="45.691108" lon="9.848943">
                <ele>0</ele>
            </trkpt>
            <trkpt lat="45.691701" lon="9.849168">
                <ele>0</ele>
            </trkpt>
            <trkpt lat="45.692151" lon="9.849351">
                <ele>0</ele>
            </trkpt>
            <trkpt lat="45.692538" lon="9.84955">
                <ele>0</ele>
            </trkpt>
            <trkpt lat="45.692803" lon="9.849715">
                <ele>0</ele>
            </trkpt>
            <trkpt lat="45.693067" lon="9.849902">
                <ele>0</ele>
            </trkpt>
            <trkpt lat="45.693274" lon="9.850079">
                <ele>0</ele>
            </trkpt>
            <trkpt lat="45.693474" lon="9.850252">
                <ele>0</ele>
            </trkpt>
            <trkpt lat="45.693831" lon="9.850628">
                <ele>0</ele>
            </trkpt>
            <trkpt lat="45.694431" lon="9.851388">
                <ele>0</ele>
            </trkpt>
            <trkpt lat="45.694498" lon="9.851476">
                <ele>0</ele>
            </trkpt>
            <trkpt lat="45.695435" lon="9.85271">
                <ele>0</ele>
            </trkpt>
            <trkpt lat="45.695489" lon="9.852782">
                <ele>0</ele>
            </trkpt>
            <trkpt lat="45.695518" lon="9.85282">
                <ele>0</ele>
            </trkpt>
            <trkpt lat="45.696078" lon="9.853577">
                <ele>0</ele>
            </trkpt>
            <trkpt lat="45.696372" lon="9.853957">
                <ele>0</ele>
            </trkpt>
            <trkpt lat="45.696473" lon="9.854086">
                <ele>0</ele>
            </trkpt>
            <trkpt lat="45.69667" lon="9.854337">
                <ele>0</ele>
            </trkpt>
            <trkpt lat="45.697078" lon="9.854772">
                <ele>0</ele>
            </trkpt>
            <trkpt lat="45.697492" lon="9.855189">
                <ele>0</ele>
            </trkpt>
            <trkpt lat="45.698299" lon="9.856029">
                <ele>0</ele>
            </trkpt>
            <trkpt lat="45.69928" lon="9.857167">
                <ele>0</ele>
            </trkpt>
            <trkpt lat="45.700342" lon="9.85842">
                <ele>0</ele>
            </trkpt>
            <trkpt lat="45.700478" lon="9.858596">
                <ele>0</ele>
            </trkpt>
            <trkpt lat="45.700687" lon="9.858815">
                <ele>0</ele>
            </trkpt>
            <trkpt lat="45.700976" lon="9.859037">
                <ele>0</ele>
            </trkpt>
            <trkpt lat="45.701198" lon="9.859137">
                <ele>0</ele>
            </trkpt>
            <trkpt lat="45.701331" lon="9.859165">
                <ele>0</ele>
            </trkpt>
            <trkpt lat="45.701584" lon="9.859179">
                <ele>0</ele>
            </trkpt>
            <trkpt lat="45.702309" lon="9.859113">
                <ele>0</ele>
            </trkpt>
            <trkpt lat="45.702456" lon="9.859083">
                <ele>0</ele>
            </trkpt>
            <trkpt lat="45.702563" lon="9.859052">
                <ele>0</ele>
            </trkpt>
            <trkpt lat="45.702615" lon="9.85902">
                <ele>0</ele>
            </trkpt>
            <trkpt lat="45.702662" lon="9.85897">
                <ele>0</ele>
            </trkpt>
            <trkpt lat="45.702723" lon="9.858869">
                <ele>0</ele>
            </trkpt>
            <trkpt lat="45.70278" lon="9.858752">
                <ele>0</ele>
            </trkpt>
            <trkpt lat="45.702833" lon="9.858751">
                <ele>0</ele>
            </trkpt>
            <trkpt lat="45.702884" lon="9.858727">
                <ele>0</ele>
            </trkpt>
            <trkpt lat="45.702927" lon="9.858683">
                <ele>0</ele>
            </trkpt>
            <trkpt lat="45.702959" lon="9.858621">
                <ele>0</ele>
            </trkpt>
            <trkpt lat="45.703105" lon="9.858456">
                <ele>0</ele>
            </trkpt>
            <trkpt lat="45.703209" lon="9.858374">
                <ele>0</ele>
            </trkpt>
            <trkpt lat="45.703282" lon="9.858335">
                <ele>0</ele>
            </trkpt>
            <trkpt lat="45.70348" lon="9.858347">
                <ele>0</ele>
            </trkpt>
            <trkpt lat="45.703618" lon="9.858384">
                <ele>0</ele>
            </trkpt>
            <trkpt lat="45.703802" lon="9.858437">
                <ele>0</ele>
            </trkpt>
            <trkpt lat="45.703872" lon="9.85846">
                <ele>0</ele>
            </trkpt>
            <trkpt lat="45.704087" lon="9.858533">
                <ele>0</ele>
            </trkpt>
            <trkpt lat="45.704115" lon="9.858543">
                <ele>0</ele>
            </trkpt>
            <trkpt lat="45.704309" lon="9.858613">
                <ele>0</ele>
            </trkpt>
            <trkpt lat="45.704396" lon="9.858644">
                <ele>0</ele>
            </trkpt>
            <trkpt lat="45.704587" lon="9.858715">
                <ele>0</ele>
            </trkpt>
            <trkpt lat="45.704774" lon="9.858795">
                <ele>0</ele>
            </trkpt>
            <trkpt lat="45.704895" lon="9.858864">
                <ele>0</ele>
            </trkpt>
            <trkpt lat="45.704911" lon="9.858876">
                <ele>0</ele>
            </trkpt>
            <trkpt lat="45.704942" lon="9.858898">
                <ele>0</ele>
            </trkpt>
            <trkpt lat="45.705008" lon="9.858946">
                <ele>0</ele>
            </trkpt>
            <trkpt lat="45.705188" lon="9.859145">
                <ele>0</ele>
            </trkpt>
            <trkpt lat="45.705302" lon="9.859293">
                <ele>0</ele>
            </trkpt>
            <trkpt lat="45.705323" lon="9.859333">
                <ele>0</ele>
            </trkpt>
            <trkpt lat="45.705416" lon="9.859513">
                <ele>0</ele>
            </trkpt>
            <trkpt lat="45.705603" lon="9.859952">
                <ele>0</ele>
            </trkpt>
            <trkpt lat="45.705798" lon="9.860511">
                <ele>0</ele>
            </trkpt>
            <trkpt lat="45.70587" lon="9.860798">
                <ele>0</ele>
            </trkpt>
            <trkpt lat="45.705947" lon="9.861434">
                <ele>0</ele>
            </trkpt>
            <trkpt lat="45.705987" lon="9.861779">
                <ele>0</ele>
            </trkpt>
            <trkpt lat="45.706002" lon="9.861917">
                <ele>0</ele>
            </trkpt>
            <trkpt lat="45.706003" lon="9.861923">
                <ele>0</ele>
            </trkpt>
            <trkpt lat="45.706004" lon="9.861933">
                <ele>0</ele>
            </trkpt>
            <trkpt lat="45.706036" lon="9.862254">
                <ele>0</ele>
            </trkpt>
            <trkpt lat="45.706078" lon="9.862669">
                <ele>0</ele>
            </trkpt>
            <trkpt lat="45.706141" lon="9.863216">
                <ele>0</ele>
            </trkpt>
            <trkpt lat="45.706149" lon="9.863285">
                <ele>0</ele>
            </trkpt>
            <trkpt lat="45.706199" lon="9.863764">
                <ele>0</ele>
            </trkpt>
            <trkpt lat="45.706226" lon="9.86401">
                <ele>0</ele>
            </trkpt>
            <trkpt lat="45.706282" lon="9.864533">
                <ele>0</ele>
            </trkpt>
            <trkpt lat="45.706377" lon="9.865412">
                <ele>0</ele>
            </trkpt>
            <trkpt lat="45.706423" lon="9.865822">
                <ele>0</ele>
            </trkpt>
            <trkpt lat="45.706479" lon="9.866224">
                <ele>0</ele>
            </trkpt>
            <trkpt lat="45.706507" lon="9.866404">
                <ele>0</ele>
            </trkpt>
            <trkpt lat="45.706517" lon="9.866561">
                <ele>0</ele>
            </trkpt>
            <trkpt lat="45.706649" lon="9.867237">
                <ele>0</ele>
            </trkpt>
            <trkpt lat="45.706673" lon="9.867359">
                <ele>0</ele>
            </trkpt>
            <trkpt lat="45.706796" lon="9.86797">
                <ele>0</ele>
            </trkpt>
            <trkpt lat="45.70683" lon="9.868149">
                <ele>0</ele>
            </trkpt>
            <trkpt lat="45.706891" lon="9.868463">
                <ele>0</ele>
            </trkpt>
            <trkpt lat="45.707038" lon="9.869224">
                <ele>0</ele>
            </trkpt>
            <trkpt lat="45.707074" lon="9.869361">
                <ele>0</ele>
            </trkpt>
            <trkpt lat="45.707111" lon="9.869468">
                <ele>0</ele>
            </trkpt>
            <trkpt lat="45.707159" lon="9.869703">
                <ele>0</ele>
            </trkpt>
            <trkpt lat="45.707223" lon="9.869935">
                <ele>0</ele>
            </trkpt>
            <trkpt lat="45.707396" lon="9.870455">
                <ele>0</ele>
            </trkpt>
            <trkpt lat="45.70751" lon="9.870709">
                <ele>0</ele>
            </trkpt>
            <trkpt lat="45.707629" lon="9.870956">
                <ele>0</ele>
            </trkpt>
            <trkpt lat="45.707657" lon="9.871006">
                <ele>0</ele>
            </trkpt>
            <trkpt lat="45.707772" lon="9.871207">
                <ele>0</ele>
            </trkpt>
            <trkpt lat="45.707919" lon="9.871445">
                <ele>0</ele>
            </trkpt>
            <trkpt lat="45.708024" lon="9.87159">
                <ele>0</ele>
            </trkpt>
            <trkpt lat="45.708083" lon="9.871664">
                <ele>0</ele>
            </trkpt>
            <trkpt lat="45.708117" lon="9.871741">
                <ele>0</ele>
            </trkpt>
            <trkpt lat="45.708167" lon="9.871813">
                <ele>0</ele>
            </trkpt>
            <trkpt lat="45.708213" lon="9.871887">
                <ele>0</ele>
            </trkpt>
            <trkpt lat="45.70831" lon="9.872016">
                <ele>0</ele>
            </trkpt>
            <trkpt lat="45.708437" lon="9.872168">
                <ele>0</ele>
            </trkpt>
            <trkpt lat="45.708747" lon="9.872593">
                <ele>0</ele>
            </trkpt>
            <trkpt lat="45.708769" lon="9.872625">
                <ele>0</ele>
            </trkpt>
            <trkpt lat="45.708796" lon="9.872677">
                <ele>0</ele>
            </trkpt>
            <trkpt lat="45.708874" lon="9.872801">
                <ele>0</ele>
            </trkpt>
            <trkpt lat="45.709024" lon="9.873091">
                <ele>0</ele>
            </trkpt>
            <trkpt lat="45.70924" lon="9.873461">
                <ele>0</ele>
            </trkpt>
            <trkpt lat="45.709284" lon="9.873493">
                <ele>0</ele>
            </trkpt>
            <trkpt lat="45.709323" lon="9.873559">
                <ele>0</ele>
            </trkpt>
            <trkpt lat="45.709761" lon="9.874352">
                <ele>0</ele>
            </trkpt>
            <trkpt lat="45.709763" lon="9.874355">
                <ele>0</ele>
            </trkpt>
            <trkpt lat="45.709942" lon="9.874679">
                <ele>0</ele>
            </trkpt>
            <trkpt lat="45.710001" lon="9.874786">
                <ele>0</ele>
            </trkpt>
            <trkpt lat="45.710248" lon="9.875233">
                <ele>0</ele>
            </trkpt>
            <trkpt lat="45.710431" lon="9.875491">
                <ele>0</ele>
            </trkpt>
            <trkpt lat="45.710559" lon="9.875662">
                <ele>0</ele>
            </trkpt>
            <trkpt lat="45.710606" lon="9.875726">
                <ele>0</ele>
            </trkpt>
            <trkpt lat="45.710658" lon="9.875826">
                <ele>0</ele>
            </trkpt>
            <trkpt lat="45.710861" lon="9.876084">
                <ele>0</ele>
            </trkpt>
            <trkpt lat="45.710888" lon="9.876118">
                <ele>0</ele>
            </trkpt>
            <trkpt lat="45.711041" lon="9.876318">
                <ele>0</ele>
            </trkpt>
            <trkpt lat="45.711186" lon="9.876507">
                <ele>0</ele>
            </trkpt>
            <trkpt lat="45.711282" lon="9.876639">
                <ele>0</ele>
            </trkpt>
            <trkpt lat="45.711495" lon="9.876969">
                <ele>0</ele>
            </trkpt>
            <trkpt lat="45.711609" lon="9.877149">
                <ele>0</ele>
            </trkpt>
            <trkpt lat="45.711702" lon="9.877267">
                <ele>0</ele>
            </trkpt>
            <trkpt lat="45.711727" lon="9.877299">
                <ele>0</ele>
            </trkpt>
            <trkpt lat="45.711772" lon="9.877387">
                <ele>0</ele>
            </trkpt>
            <trkpt lat="45.712216" lon="9.878183">
                <ele>0</ele>
            </trkpt>
            <trkpt lat="45.712335" lon="9.87841">
                <ele>0</ele>
            </trkpt>
            <trkpt lat="45.712422" lon="9.878571">
                <ele>0</ele>
            </trkpt>
            <trkpt lat="45.713014" lon="9.879645">
                <ele>0</ele>
            </trkpt>
            <trkpt lat="45.713124" lon="9.879854">
                <ele>0</ele>
            </trkpt>
            <trkpt lat="45.713329" lon="9.880228">
                <ele>0</ele>
            </trkpt>
            <trkpt lat="45.713524" lon="9.880584">
                <ele>0</ele>
            </trkpt>
            <trkpt lat="45.713588" lon="9.880699">
                <ele>0</ele>
            </trkpt>
            <trkpt lat="45.713606" lon="9.880732">
                <ele>0</ele>
            </trkpt>
            <trkpt lat="45.713668" lon="9.88084">
                <ele>0</ele>
            </trkpt>
            <trkpt lat="45.713689" lon="9.880876">
                <ele>0</ele>
            </trkpt>
            <trkpt lat="45.713738" lon="9.880962">
                <ele>0</ele>
            </trkpt>
            <trkpt lat="45.713838" lon="9.881137">
                <ele>0</ele>
            </trkpt>
            <trkpt lat="45.713937" lon="9.881309">
                <ele>0</ele>
            </trkpt>
            <trkpt lat="45.714038" lon="9.881476">
                <ele>0</ele>
            </trkpt>
            <trkpt lat="45.714139" lon="9.881634">
                <ele>0</ele>
            </trkpt>
            <trkpt lat="45.714206" lon="9.881747">
                <ele>0</ele>
            </trkpt>
            <trkpt lat="45.71425" lon="9.881821">
                <ele>0</ele>
            </trkpt>
            <trkpt lat="45.71436" lon="9.881996">
                <ele>0</ele>
            </trkpt>
            <trkpt lat="45.714471" lon="9.882171">
                <ele>0</ele>
            </trkpt>
            <trkpt lat="45.714536" lon="9.882278">
                <ele>0</ele>
            </trkpt>
            <trkpt lat="45.714573" lon="9.882339">
                <ele>0</ele>
            </trkpt>
            <trkpt lat="45.714641" lon="9.882445">
                <ele>0</ele>
            </trkpt>
            <trkpt lat="45.714885" lon="9.882836">
                <ele>0</ele>
            </trkpt>
            <trkpt lat="45.715198" lon="9.883339">
                <ele>0</ele>
            </trkpt>
            <trkpt lat="45.715265" lon="9.883449">
                <ele>0</ele>
            </trkpt>
            <trkpt lat="45.715303" lon="9.88351">
                <ele>0</ele>
            </trkpt>
            <trkpt lat="45.715534" lon="9.883887">
                <ele>0</ele>
            </trkpt>
            <trkpt lat="45.715562" lon="9.883932">
                <ele>0</ele>
            </trkpt>
            <trkpt lat="45.715855" lon="9.884408">
                <ele>0</ele>
            </trkpt>
            <trkpt lat="45.715987" lon="9.884622">
                <ele>0</ele>
            </trkpt>
            <trkpt lat="45.716135" lon="9.884863">
                <ele>0</ele>
            </trkpt>
            <trkpt lat="45.716221" lon="9.885002">
                <ele>0</ele>
            </trkpt>
            <trkpt lat="45.716292" lon="9.885118">
                <ele>0</ele>
            </trkpt>
            <trkpt lat="45.716571" lon="9.885577">
                <ele>0</ele>
            </trkpt>
            <trkpt lat="45.716613" lon="9.885643">
                <ele>0</ele>
            </trkpt>
            <trkpt lat="45.716615" lon="9.885647">
                <ele>0</ele>
            </trkpt>
            <trkpt lat="45.716637" lon="9.885682">
                <ele>0</ele>
            </trkpt>
            <trkpt lat="45.716872" lon="9.88606">
                <ele>0</ele>
            </trkpt>
            <trkpt lat="45.716905" lon="9.886113">
                <ele>0</ele>
            </trkpt>
            <trkpt lat="45.717049" lon="9.886354">
                <ele>0</ele>
            </trkpt>
            <trkpt lat="45.717169" lon="9.88654">
                <ele>0</ele>
            </trkpt>
            <trkpt lat="45.717196" lon="9.886582">
                <ele>0</ele>
            </trkpt>
            <trkpt lat="45.717219" lon="9.886617">
                <ele>0</ele>
            </trkpt>
            <trkpt lat="45.717622" lon="9.887268">
                <ele>0</ele>
            </trkpt>
            <trkpt lat="45.717685" lon="9.887369">
                <ele>0</ele>
            </trkpt>
            <trkpt lat="45.717902" lon="9.88771">
                <ele>0</ele>
            </trkpt>
            <trkpt lat="45.717944" lon="9.887777">
                <ele>0</ele>
            </trkpt>
            <trkpt lat="45.718216" lon="9.888205">
                <ele>0</ele>
            </trkpt>
            <trkpt lat="45.718483" lon="9.888559">
                <ele>0</ele>
            </trkpt>
            <trkpt lat="45.718571" lon="9.888684">
                <ele>0</ele>
            </trkpt>
            <trkpt lat="45.718663" lon="9.888824">
                <ele>0</ele>
            </trkpt>
            <trkpt lat="45.718664" lon="9.888825">
                <ele>0</ele>
            </trkpt>
            <trkpt lat="45.718701" lon="9.888894">
                <ele>0</ele>
            </trkpt>
            <trkpt lat="45.718715" lon="9.888948">
                <ele>0</ele>
            </trkpt>
            <trkpt lat="45.718755" lon="9.889104">
                <ele>0</ele>
            </trkpt>
            <trkpt lat="45.718729" lon="9.889286">
                <ele>0</ele>
            </trkpt>
            <trkpt lat="45.718709" lon="9.889362">
                <ele>0</ele>
            </trkpt>
            <trkpt lat="45.718708" lon="9.889443">
                <ele>0</ele>
            </trkpt>
            <trkpt lat="45.718722" lon="9.889507">
                <ele>0</ele>
            </trkpt>
            <trkpt lat="45.718747" lon="9.889563">
                <ele>0</ele>
            </trkpt>
            <trkpt lat="45.718783" lon="9.889606">
                <ele>0</ele>
            </trkpt>
            <trkpt lat="45.718825" lon="9.889634">
                <ele>0</ele>
            </trkpt>
            <trkpt lat="45.718871" lon="9.889643">
                <ele>0</ele>
            </trkpt>
            <trkpt lat="45.718918" lon="9.889634">
                <ele>0</ele>
            </trkpt>
            <trkpt lat="45.71896" lon="9.889606">
                <ele>0</ele>
            </trkpt>
            <trkpt lat="45.719104" lon="9.889614">
                <ele>0</ele>
            </trkpt>
            <trkpt lat="45.719237" lon="9.889666">
                <ele>0</ele>
            </trkpt>
            <trkpt lat="45.719253" lon="9.889672">
                <ele>0</ele>
            </trkpt>
            <trkpt lat="45.719677" lon="9.890361">
                <ele>0</ele>
            </trkpt>
            <trkpt lat="45.719685" lon="9.890374">
                <ele>0</ele>
            </trkpt>
            <trkpt lat="45.719865" lon="9.890675">
                <ele>0</ele>
            </trkpt>
            <trkpt lat="45.720024" lon="9.891031">
                <ele>0</ele>
            </trkpt>
            <trkpt lat="45.720174" lon="9.891489">
                <ele>0</ele>
            </trkpt>
            <trkpt lat="45.720205" lon="9.891582">
                <ele>0</ele>
            </trkpt>
            <trkpt lat="45.720237" lon="9.891694">
                <ele>0</ele>
            </trkpt>
            <trkpt lat="45.720253" lon="9.891748">
                <ele>0</ele>
            </trkpt>
            <trkpt lat="45.720267" lon="9.891797">
                <ele>0</ele>
            </trkpt>
            <trkpt lat="45.720317" lon="9.891967">
                <ele>0</ele>
            </trkpt>
            <trkpt lat="45.720418" lon="9.892326">
                <ele>0</ele>
            </trkpt>
            <trkpt lat="45.720556" lon="9.892821">
                <ele>0</ele>
            </trkpt>
            <trkpt lat="45.720583" lon="9.892919">
                <ele>0</ele>
            </trkpt>
            <trkpt lat="45.720709" lon="9.893382">
                <ele>0</ele>
            </trkpt>
            <trkpt lat="45.72076" lon="9.893576">
                <ele>0</ele>
            </trkpt>
            <trkpt lat="45.720857" lon="9.893876">
                <ele>0</ele>
            </trkpt>
            <trkpt lat="45.720951" lon="9.894142">
                <ele>0</ele>
            </trkpt>
            <trkpt lat="45.721002" lon="9.894287">
                <ele>0</ele>
            </trkpt>
            <trkpt lat="45.721065" lon="9.894485">
                <ele>0</ele>
            </trkpt>
            <trkpt lat="45.721114" lon="9.894721">
                <ele>0</ele>
            </trkpt>
            <trkpt lat="45.721162" lon="9.895008">
                <ele>0</ele>
            </trkpt>
            <trkpt lat="45.721224" lon="9.895445">
                <ele>0</ele>
            </trkpt>
            <trkpt lat="45.721332" lon="9.896202">
                <ele>0</ele>
            </trkpt>
            <trkpt lat="45.72147" lon="9.896788">
                <ele>0</ele>
            </trkpt>
            <trkpt lat="45.721563" lon="9.897045">
                <ele>0</ele>
            </trkpt>
            <trkpt lat="45.721674" lon="9.897319">
                <ele>0</ele>
            </trkpt>
            <trkpt lat="45.721823" lon="9.897641">
                <ele>0</ele>
            </trkpt>
            <trkpt lat="45.721995" lon="9.897922">
                <ele>0</ele>
            </trkpt>
            <trkpt lat="45.722109" lon="9.898082">
                <ele>0</ele>
            </trkpt>
            <trkpt lat="45.722144" lon="9.898132">
                <ele>0</ele>
            </trkpt>
            <trkpt lat="45.722152" lon="9.898143">
                <ele>0</ele>
            </trkpt>
            <trkpt lat="45.722318" lon="9.898342">
                <ele>0</ele>
            </trkpt>
            <trkpt lat="45.722457" lon="9.89849">
                <ele>0</ele>
            </trkpt>
            <trkpt lat="45.722609" lon="9.89863">
                <ele>0</ele>
            </trkpt>
            <trkpt lat="45.722707" lon="9.898714">
                <ele>0</ele>
            </trkpt>
            <trkpt lat="45.722939" lon="9.898912">
                <ele>0</ele>
            </trkpt>
            <trkpt lat="45.722982" lon="9.898949">
                <ele>0</ele>
            </trkpt>
            <trkpt lat="45.723079" lon="9.89904">
                <ele>0</ele>
            </trkpt>
            <trkpt lat="45.72331" lon="9.899231">
                <ele>0</ele>
            </trkpt>
            <trkpt lat="45.723623" lon="9.899501">
                <ele>0</ele>
            </trkpt>
            <trkpt lat="45.723663" lon="9.899536">
                <ele>0</ele>
            </trkpt>
            <trkpt lat="45.723764" lon="9.899623">
                <ele>0</ele>
            </trkpt>
            <trkpt lat="45.72421" lon="9.900009">
                <ele>0</ele>
            </trkpt>
            <trkpt lat="45.724364" lon="9.900141">
                <ele>0</ele>
            </trkpt>
            <trkpt lat="45.724907" lon="9.90059">
                <ele>0</ele>
            </trkpt>
            <trkpt lat="45.725017" lon="9.900681">
                <ele>0</ele>
            </trkpt>
            <trkpt lat="45.725251" lon="9.900893">
                <ele>0</ele>
            </trkpt>
            <trkpt lat="45.725386" lon="9.901003">
                <ele>0</ele>
            </trkpt>
            <trkpt lat="45.725507" lon="9.901102">
                <ele>0</ele>
            </trkpt>
            <trkpt lat="45.725716" lon="9.901275">
                <ele>0</ele>
            </trkpt>
            <trkpt lat="45.725933" lon="9.90142">
                <ele>0</ele>
            </trkpt>
            <trkpt lat="45.726098" lon="9.901479">
                <ele>0</ele>
            </trkpt>
            <trkpt lat="45.726288" lon="9.901529">
                <ele>0</ele>
            </trkpt>
            <trkpt lat="45.72642" lon="9.901561">
                <ele>0</ele>
            </trkpt>
            <trkpt lat="45.726552" lon="9.901594">
                <ele>0</ele>
            </trkpt>
            <trkpt lat="45.726706" lon="9.901643">
                <ele>0</ele>
            </trkpt>
            <trkpt lat="45.726851" lon="9.901699">
                <ele>0</ele>
            </trkpt>
            <trkpt lat="45.726913" lon="9.901735">
                <ele>0</ele>
            </trkpt>
            <trkpt lat="45.726979" lon="9.90178">
                <ele>0</ele>
            </trkpt>
            <trkpt lat="45.727204" lon="9.901966">
                <ele>0</ele>
            </trkpt>
            <trkpt lat="45.727244" lon="9.901998">
                <ele>0</ele>
            </trkpt>
            <trkpt lat="45.727518" lon="9.902218">
                <ele>0</ele>
            </trkpt>
            <trkpt lat="45.727575" lon="9.902264">
                <ele>0</ele>
            </trkpt>
            <trkpt lat="45.727576" lon="9.902265">
                <ele>0</ele>
            </trkpt>
            <trkpt lat="45.727653" lon="9.902327">
                <ele>0</ele>
            </trkpt>
            <trkpt lat="45.728356" lon="9.902956">
                <ele>0</ele>
            </trkpt>
            <trkpt lat="45.72836" lon="9.90296">
                <ele>0</ele>
            </trkpt>
            <trkpt lat="45.728397" lon="9.902998">
                <ele>0</ele>
            </trkpt>
            <trkpt lat="45.728483" lon="9.903085">
                <ele>0</ele>
            </trkpt>
            <trkpt lat="45.728626" lon="9.903302">
                <ele>0</ele>
            </trkpt>
            <trkpt lat="45.728732" lon="9.903463">
                <ele>0</ele>
            </trkpt>
            <trkpt lat="45.729081" lon="9.904047">
                <ele>0</ele>
            </trkpt>
            <trkpt lat="45.729129" lon="9.904127">
                <ele>0</ele>
            </trkpt>
            <trkpt lat="45.729417" lon="9.904575">
                <ele>0</ele>
            </trkpt>
            <trkpt lat="45.729581" lon="9.904831">
                <ele>0</ele>
            </trkpt>
            <trkpt lat="45.729857" lon="9.905276">
                <ele>0</ele>
            </trkpt>
            <trkpt lat="45.730092" lon="9.905656">
                <ele>0</ele>
            </trkpt>
            <trkpt lat="45.730424" lon="9.906193">
                <ele>0</ele>
            </trkpt>
            <trkpt lat="45.730637" lon="9.906471">
                <ele>0</ele>
            </trkpt>
            <trkpt lat="45.730908" lon="9.906712">
                <ele>0</ele>
            </trkpt>
            <trkpt lat="45.731285" lon="9.90691">
                <ele>0</ele>
            </trkpt>
            <trkpt lat="45.731311" lon="9.906916">
                <ele>0</ele>
            </trkpt>
            <trkpt lat="45.731406" lon="9.906938">
                <ele>0</ele>
            </trkpt>
            <trkpt lat="45.731555" lon="9.906973">
                <ele>0</ele>
            </trkpt>
            <trkpt lat="45.731833" lon="9.907004">
                <ele>0</ele>
            </trkpt>
            <trkpt lat="45.732379" lon="9.907071">
                <ele>0</ele>
            </trkpt>
            <trkpt lat="45.733295" lon="9.907178">
                <ele>0</ele>
            </trkpt>
            <trkpt lat="45.73347" lon="9.907199">
                <ele>0</ele>
            </trkpt>
            <trkpt lat="45.733597" lon="9.907209">
                <ele>0</ele>
            </trkpt>
            <trkpt lat="45.733689" lon="9.907217">
                <ele>0</ele>
            </trkpt>
            <trkpt lat="45.733976" lon="9.907214">
                <ele>0</ele>
            </trkpt>
            <trkpt lat="45.734202" lon="9.907161">
                <ele>0</ele>
            </trkpt>
            <trkpt lat="45.734283" lon="9.907131">
                <ele>0</ele>
            </trkpt>
            <trkpt lat="45.734439" lon="9.90705">
                <ele>0</ele>
            </trkpt>
            <trkpt lat="45.734591" lon="9.906955">
                <ele>0</ele>
            </trkpt>
            <trkpt lat="45.734798" lon="9.906752">
                <ele>0</ele>
            </trkpt>
            <trkpt lat="45.735" lon="9.906529">
                <ele>0</ele>
            </trkpt>
            <trkpt lat="45.735171" lon="9.906331">
                <ele>0</ele>
            </trkpt>
            <trkpt lat="45.735351" lon="9.906163">
                <ele>0</ele>
            </trkpt>
            <trkpt lat="45.735455" lon="9.906079">
                <ele>0</ele>
            </trkpt>
            <trkpt lat="45.735569" lon="9.90601">
                <ele>0</ele>
            </trkpt>
            <trkpt lat="45.735668" lon="9.905971">
                <ele>0</ele>
            </trkpt>
            <trkpt lat="45.735764" lon="9.905951">
                <ele>0</ele>
            </trkpt>
            <trkpt lat="45.735937" lon="9.905944">
                <ele>0</ele>
            </trkpt>
            <trkpt lat="45.736112" lon="9.905952">
                <ele>0</ele>
            </trkpt>
            <trkpt lat="45.736832" lon="9.906013">
                <ele>0</ele>
            </trkpt>
            <trkpt lat="45.736981" lon="9.906021">
                <ele>0</ele>
            </trkpt>
            <trkpt lat="45.737199" lon="9.906034">
                <ele>0</ele>
            </trkpt>
            <trkpt lat="45.737429" lon="9.906056">
                <ele>0</ele>
            </trkpt>
            <trkpt lat="45.737553" lon="9.906068">
                <ele>0</ele>
            </trkpt>
            <trkpt lat="45.737562" lon="9.906069">
                <ele>0</ele>
            </trkpt>
            <trkpt lat="45.737635" lon="9.906076">
                <ele>0</ele>
            </trkpt>
            <trkpt lat="45.737638" lon="9.906076">
                <ele>0</ele>
            </trkpt>
            <trkpt lat="45.73793" lon="9.906106">
                <ele>0</ele>
            </trkpt>
            <trkpt lat="45.73808" lon="9.906125">
                <ele>0</ele>
            </trkpt>
            <trkpt lat="45.738143" lon="9.906167">
                <ele>0</ele>
            </trkpt>
            <trkpt lat="45.738313" lon="9.906218">
                <ele>0</ele>
            </trkpt>
            <trkpt lat="45.738541" lon="9.906311">
                <ele>0</ele>
            </trkpt>
            <trkpt lat="45.738617" lon="9.90636">
                <ele>0</ele>
            </trkpt>
            <trkpt lat="45.738748" lon="9.906443">
                <ele>0</ele>
            </trkpt>
            <trkpt lat="45.738895" lon="9.906536">
                <ele>0</ele>
            </trkpt>
            <trkpt lat="45.739296" lon="9.90679">
                <ele>0</ele>
            </trkpt>
            <trkpt lat="45.739466" lon="9.906917">
                <ele>0</ele>
            </trkpt>
            <trkpt lat="45.73962" lon="9.907023">
                <ele>0</ele>
            </trkpt>
            <trkpt lat="45.739622" lon="9.907065">
                <ele>0</ele>
            </trkpt>
            <trkpt lat="45.739631" lon="9.907106">
                <ele>0</ele>
            </trkpt>
            <trkpt lat="45.739644" lon="9.907144">
                <ele>0</ele>
            </trkpt>
            <trkpt lat="45.739663" lon="9.907178">
                <ele>0</ele>
            </trkpt>
            <trkpt lat="45.739688" lon="9.907207">
                <ele>0</ele>
            </trkpt>
            <trkpt lat="45.739716" lon="9.907229">
                <ele>0</ele>
            </trkpt>
            <trkpt lat="45.739748" lon="9.907241">
                <ele>0</ele>
            </trkpt>
            <trkpt lat="45.739781" lon="9.907243">
                <ele>0</ele>
            </trkpt>
            <trkpt lat="45.739814" lon="9.907235">
                <ele>0</ele>
            </trkpt>
            <trkpt lat="45.739845" lon="9.907217">
                <ele>0</ele>
            </trkpt>
            <trkpt lat="45.739946" lon="9.907202">
                <ele>0</ele>
            </trkpt>
            <trkpt lat="45.740238" lon="9.907342">
                <ele>0</ele>
            </trkpt>
            <trkpt lat="45.740505" lon="9.907463">
                <ele>0</ele>
            </trkpt>
            <trkpt lat="45.741224" lon="9.907894">
                <ele>0</ele>
            </trkpt>
            <trkpt lat="45.741914" lon="9.908151">
                <ele>0</ele>
            </trkpt>
            <trkpt lat="45.7421" lon="9.908221">
                <ele>0</ele>
            </trkpt>
            <trkpt lat="45.742601" lon="9.90841">
                <ele>0</ele>
            </trkpt>
            <trkpt lat="45.743772" lon="9.908852">
                <ele>0</ele>
            </trkpt>
            <trkpt lat="45.74392" lon="9.908912">
                <ele>0</ele>
            </trkpt>
            <trkpt lat="45.743993" lon="9.908941">
                <ele>0</ele>
            </trkpt>
            <trkpt lat="45.744119" lon="9.908981">
                <ele>0</ele>
            </trkpt>
            <trkpt lat="45.744274" lon="9.909028">
                <ele>0</ele>
            </trkpt>
            <trkpt lat="45.744371" lon="9.909057">
                <ele>0</ele>
            </trkpt>
            <trkpt lat="45.744553" lon="9.90909">
                <ele>0</ele>
            </trkpt>
            <trkpt lat="45.744678" lon="9.909089">
                <ele>0</ele>
            </trkpt>
            <trkpt lat="45.74507" lon="9.90908">
                <ele>0</ele>
            </trkpt>
            <trkpt lat="45.745353" lon="9.909006">
                <ele>0</ele>
            </trkpt>
            <trkpt lat="45.745519" lon="9.90896">
                <ele>0</ele>
            </trkpt>
            <trkpt lat="45.745678" lon="9.908903">
                <ele>0</ele>
            </trkpt>
            <trkpt lat="45.745746" lon="9.908872">
                <ele>0</ele>
            </trkpt>
            <trkpt lat="45.745847" lon="9.908822">
                <ele>0</ele>
            </trkpt>
            <trkpt lat="45.746873" lon="9.908353">
                <ele>0</ele>
            </trkpt>
            <trkpt lat="45.747061" lon="9.908273">
                <ele>0</ele>
            </trkpt>
            <trkpt lat="45.747228" lon="9.90822">
                <ele>0</ele>
            </trkpt>
            <trkpt lat="45.747323" lon="9.90819">
                <ele>0</ele>
            </trkpt>
            <trkpt lat="45.747475" lon="9.908167">
                <ele>0</ele>
            </trkpt>
            <trkpt lat="45.747654" lon="9.908159">
                <ele>0</ele>
            </trkpt>
            <trkpt lat="45.747835" lon="9.908162">
                <ele>0</ele>
            </trkpt>
            <trkpt lat="45.748196" lon="9.908173">
                <ele>0</ele>
            </trkpt>
            <trkpt lat="45.748295" lon="9.908178">
                <ele>0</ele>
            </trkpt>
            <trkpt lat="45.748343" lon="9.90818">
                <ele>0</ele>
            </trkpt>
            <trkpt lat="45.748419" lon="9.908212">
                <ele>0</ele>
            </trkpt>
            <trkpt lat="45.748626" lon="9.908219">
                <ele>0</ele>
            </trkpt>
            <trkpt lat="45.748822" lon="9.90823">
                <ele>0</ele>
            </trkpt>
            <trkpt lat="45.748878" lon="9.908238">
                <ele>0</ele>
            </trkpt>
            <trkpt lat="45.74927" lon="9.908287">
                <ele>0</ele>
            </trkpt>
            <trkpt lat="45.749449" lon="9.908313">
                <ele>0</ele>
            </trkpt>
            <trkpt lat="45.749628" lon="9.908339">
                <ele>0</ele>
            </trkpt>
            <trkpt lat="45.749754" lon="9.908346">
                <ele>0</ele>
            </trkpt>
            <trkpt lat="45.749856" lon="9.908385">
                <ele>0</ele>
            </trkpt>
            <trkpt lat="45.749958" lon="9.908427">
                <ele>0</ele>
            </trkpt>
            <trkpt lat="45.750127" lon="9.908502">
                <ele>0</ele>
            </trkpt>
            <trkpt lat="45.750201" lon="9.908528">
                <ele>0</ele>
            </trkpt>
            <trkpt lat="45.750518" lon="9.908638">
                <ele>0</ele>
            </trkpt>
            <trkpt lat="45.750666" lon="9.908683">
                <ele>0</ele>
            </trkpt>
            <trkpt lat="45.7509" lon="9.908753">
                <ele>0</ele>
            </trkpt>
            <trkpt lat="45.750932" lon="9.908762">
                <ele>0</ele>
            </trkpt>
            <trkpt lat="45.751065" lon="9.908818">
                <ele>0</ele>
            </trkpt>
            <trkpt lat="45.751474" lon="9.908988">
                <ele>0</ele>
            </trkpt>
            <trkpt lat="45.751654" lon="9.909046">
                <ele>0</ele>
            </trkpt>
            <trkpt lat="45.751664" lon="9.909049">
                <ele>0</ele>
            </trkpt>
            <trkpt lat="45.751756" lon="9.909079">
                <ele>0</ele>
            </trkpt>
            <trkpt lat="45.751848" lon="9.909109">
                <ele>0</ele>
            </trkpt>
            <trkpt lat="45.752215" lon="9.909256">
                <ele>0</ele>
            </trkpt>
            <trkpt lat="45.752405" lon="9.909332">
                <ele>0</ele>
            </trkpt>
            <trkpt lat="45.75255" lon="9.909398">
                <ele>0</ele>
            </trkpt>
            <trkpt lat="45.752693" lon="9.909484">
                <ele>0</ele>
            </trkpt>
            <trkpt lat="45.752978" lon="9.9097">
                <ele>0</ele>
            </trkpt>
            <trkpt lat="45.753116" lon="9.909826">
                <ele>0</ele>
            </trkpt>
            <trkpt lat="45.753199" lon="9.909913">
                <ele>0</ele>
            </trkpt>
            <trkpt lat="45.75367" lon="9.910473">
                <ele>0</ele>
            </trkpt>
            <trkpt lat="45.753705" lon="9.910514">
                <ele>0</ele>
            </trkpt>
            <trkpt lat="45.754197" lon="9.911066">
                <ele>0</ele>
            </trkpt>
            <trkpt lat="45.754267" lon="9.91115">
                <ele>0</ele>
            </trkpt>
            <trkpt lat="45.754348" lon="9.911244">
                <ele>0</ele>
            </trkpt>
            <trkpt lat="45.754646" lon="9.911573">
                <ele>0</ele>
            </trkpt>
            <trkpt lat="45.754672" lon="9.911602">
                <ele>0</ele>
            </trkpt>
            <trkpt lat="45.754833" lon="9.911751">
                <ele>0</ele>
            </trkpt>
            <trkpt lat="45.755031" lon="9.911916">
                <ele>0</ele>
            </trkpt>
            <trkpt lat="45.755213" lon="9.91204">
                <ele>0</ele>
            </trkpt>
            <trkpt lat="45.755272" lon="9.91208">
                <ele>0</ele>
            </trkpt>
            <trkpt lat="45.75556" lon="9.912214">
                <ele>0</ele>
            </trkpt>
            <trkpt lat="45.75577" lon="9.912285">
                <ele>0</ele>
            </trkpt>
            <trkpt lat="45.755976" lon="9.912353">
                <ele>0</ele>
            </trkpt>
            <trkpt lat="45.75639" lon="9.912493">
                <ele>0</ele>
            </trkpt>
            <trkpt lat="45.756598" lon="9.91258">
                <ele>0</ele>
            </trkpt>
            <trkpt lat="45.756697" lon="9.912631">
                <ele>0</ele>
            </trkpt>
            <trkpt lat="45.756797" lon="9.912687">
                <ele>0</ele>
            </trkpt>
            <trkpt lat="45.756898" lon="9.912743">
                <ele>0</ele>
            </trkpt>
            <trkpt lat="45.757075" lon="9.912875">
                <ele>0</ele>
            </trkpt>
            <trkpt lat="45.757184" lon="9.912961">
                <ele>0</ele>
            </trkpt>
            <trkpt lat="45.757296" lon="9.913048">
                <ele>0</ele>
            </trkpt>
            <trkpt lat="45.757461" lon="9.913176">
                <ele>0</ele>
            </trkpt>
            <trkpt lat="45.757496" lon="9.913203">
                <ele>0</ele>
            </trkpt>
            <trkpt lat="45.757654" lon="9.91338">
                <ele>0</ele>
            </trkpt>
            <trkpt lat="45.75777" lon="9.913534">
                <ele>0</ele>
            </trkpt>
            <trkpt lat="45.757848" lon="9.913637">
                <ele>0</ele>
            </trkpt>
            <trkpt lat="45.758043" lon="9.913895">
                <ele>0</ele>
            </trkpt>
            <trkpt lat="45.758171" lon="9.914107">
                <ele>0</ele>
            </trkpt>
            <trkpt lat="45.758401" lon="9.914506">
                <ele>0</ele>
            </trkpt>
            <trkpt lat="45.758551" lon="9.914842">
                <ele>0</ele>
            </trkpt>
            <trkpt lat="45.758779" lon="9.915413">
                <ele>0</ele>
            </trkpt>
            <trkpt lat="45.758872" lon="9.91565">
                <ele>0</ele>
            </trkpt>
            <trkpt lat="45.758963" lon="9.915892">
                <ele>0</ele>
            </trkpt>
            <trkpt lat="45.759333" lon="9.916885">
                <ele>0</ele>
            </trkpt>
            <trkpt lat="45.759411" lon="9.917097">
                <ele>0</ele>
            </trkpt>
            <trkpt lat="45.759423" lon="9.917126">
                <ele>0</ele>
            </trkpt>
            <trkpt lat="45.759426" lon="9.917132">
                <ele>0</ele>
            </trkpt>
            <trkpt lat="45.759528" lon="9.917375">
                <ele>0</ele>
            </trkpt>
            <trkpt lat="45.759692" lon="9.917645">
                <ele>0</ele>
            </trkpt>
            <trkpt lat="45.759892" lon="9.917843">
                <ele>0</ele>
            </trkpt>
            <trkpt lat="45.760062" lon="9.917943">
                <ele>0</ele>
            </trkpt>
            <trkpt lat="45.76045" lon="9.918158">
                <ele>0</ele>
            </trkpt>
            <trkpt lat="45.760663" lon="9.918268">
                <ele>0</ele>
            </trkpt>
            <trkpt lat="45.760691" lon="9.918292">
                <ele>0</ele>
            </trkpt>
            <trkpt lat="45.760749" lon="9.918338">
                <ele>0</ele>
            </trkpt>
            <trkpt lat="45.760838" lon="9.918405">
                <ele>0</ele>
            </trkpt>
            <trkpt lat="45.760841" lon="9.918455">
                <ele>0</ele>
            </trkpt>
            <trkpt lat="45.760855" lon="9.918501">
                <ele>0</ele>
            </trkpt>
            <trkpt lat="45.760877" lon="9.918539">
                <ele>0</ele>
            </trkpt>
            <trkpt lat="45.760903" lon="9.918565">
                <ele>0</ele>
            </trkpt>
            <trkpt lat="45.760933" lon="9.91858">
                <ele>0</ele>
            </trkpt>
            <trkpt lat="45.760965" lon="9.918583">
                <ele>0</ele>
            </trkpt>
            <trkpt lat="45.760992" lon="9.918576">
                <ele>0</ele>
            </trkpt>
            <trkpt lat="45.761018" lon="9.91856">
                <ele>0</ele>
            </trkpt>
            <trkpt lat="45.761041" lon="9.918535">
                <ele>0</ele>
            </trkpt>
            <trkpt lat="45.761059" lon="9.918504">
                <ele>0</ele>
            </trkpt>
            <trkpt lat="45.761213" lon="9.918559">
                <ele>0</ele>
            </trkpt>
            <trkpt lat="45.76137" lon="9.918679">
                <ele>0</ele>
            </trkpt>
            <trkpt lat="45.761653" lon="9.918974">
                <ele>0</ele>
            </trkpt>
            <trkpt lat="45.761814" lon="9.919216">
                <ele>0</ele>
            </trkpt>
            <trkpt lat="45.761875" lon="9.919343">
                <ele>0</ele>
            </trkpt>
            <trkpt lat="45.762058" lon="9.919721">
                <ele>0</ele>
            </trkpt>
            <trkpt lat="45.762271" lon="9.920159">
                <ele>0</ele>
            </trkpt>
            <trkpt lat="45.762315" lon="9.92025">
                <ele>0</ele>
            </trkpt>
            <trkpt lat="45.76253" lon="9.920692">
                <ele>0</ele>
            </trkpt>
            <trkpt lat="45.762555" lon="9.920745">
                <ele>0</ele>
            </trkpt>
            <trkpt lat="45.762625" lon="9.920847">
                <ele>0</ele>
            </trkpt>
            <trkpt lat="45.762716" lon="9.920985">
                <ele>0</ele>
            </trkpt>
            <trkpt lat="45.762858" lon="9.921201">
                <ele>0</ele>
            </trkpt>
            <trkpt lat="45.762883" lon="9.921234">
                <ele>0</ele>
            </trkpt>
            <trkpt lat="45.762885" lon="9.921237">
                <ele>0</ele>
            </trkpt>
            <trkpt lat="45.763043" lon="9.921447">
                <ele>0</ele>
            </trkpt>
            <trkpt lat="45.763312" lon="9.921805">
                <ele>0</ele>
            </trkpt>
            <trkpt lat="45.763422" lon="9.921952">
                <ele>0</ele>
            </trkpt>
            <trkpt lat="45.763442" lon="9.921978">
                <ele>0</ele>
            </trkpt>
            <trkpt lat="45.763516" lon="9.922078">
                <ele>0</ele>
            </trkpt>
            <trkpt lat="45.763733" lon="9.922368">
                <ele>0</ele>
            </trkpt>
            <trkpt lat="45.76388" lon="9.922566">
                <ele>0</ele>
            </trkpt>
            <trkpt lat="45.764011" lon="9.922739">
                <ele>0</ele>
            </trkpt>
            <trkpt lat="45.764021" lon="9.922752">
                <ele>0</ele>
            </trkpt>
            <trkpt lat="45.764057" lon="9.9228">
                <ele>0</ele>
            </trkpt>
            <trkpt lat="45.765407" lon="9.924595">
                <ele>0</ele>
            </trkpt>
            <trkpt lat="45.765539" lon="9.924881">
                <ele>0</ele>
            </trkpt>
            <trkpt lat="45.765628" lon="9.925213">
                <ele>0</ele>
            </trkpt>
            <trkpt lat="45.765708" lon="9.925525">
                <ele>0</ele>
            </trkpt>
            <trkpt lat="45.7658" lon="9.92584">
                <ele>0</ele>
            </trkpt>
            <trkpt lat="45.765895" lon="9.926048">
                <ele>0</ele>
            </trkpt>
            <trkpt lat="45.76601" lon="9.92621">
                <ele>0</ele>
            </trkpt>
            <trkpt lat="45.766102" lon="9.926312">
                <ele>0</ele>
            </trkpt>
            <trkpt lat="45.766147" lon="9.92635">
                <ele>0</ele>
            </trkpt>
            <trkpt lat="45.766205" lon="9.9264">
                <ele>0</ele>
            </trkpt>
            <trkpt lat="45.766405" lon="9.926534">
                <ele>0</ele>
            </trkpt>
            <trkpt lat="45.766594" lon="9.926646">
                <ele>0</ele>
            </trkpt>
            <trkpt lat="45.767017" lon="9.926877">
                <ele>0</ele>
            </trkpt>
            <trkpt lat="45.767436" lon="9.927115">
                <ele>0</ele>
            </trkpt>
            <trkpt lat="45.767929" lon="9.927397">
                <ele>0</ele>
            </trkpt>
            <trkpt lat="45.768213" lon="9.92764">
                <ele>0</ele>
            </trkpt>
            <trkpt lat="45.76833" lon="9.927771">
                <ele>0</ele>
            </trkpt>
            <trkpt lat="45.768485" lon="9.927972">
                <ele>0</ele>
            </trkpt>
            <trkpt lat="45.768634" lon="9.928185">
                <ele>0</ele>
            </trkpt>
            <trkpt lat="45.768666" lon="9.928235">
                <ele>0</ele>
            </trkpt>
            <trkpt lat="45.769" lon="9.928767">
                <ele>0</ele>
            </trkpt>
            <trkpt lat="45.769276" lon="9.929197">
                <ele>0</ele>
            </trkpt>
            <trkpt lat="45.769357" lon="9.929316">
                <ele>0</ele>
            </trkpt>
            <trkpt lat="45.769431" lon="9.929442">
                <ele>0</ele>
            </trkpt>
            <trkpt lat="45.7696" lon="9.929731">
                <ele>0</ele>
            </trkpt>
            <trkpt lat="45.769656" lon="9.929873">
                <ele>0</ele>
            </trkpt>
            <trkpt lat="45.769723" lon="9.930073">
                <ele>0</ele>
            </trkpt>
            <trkpt lat="45.769785" lon="9.930267">
                <ele>0</ele>
            </trkpt>
            <trkpt lat="45.770091" lon="9.931291">
                <ele>0</ele>
            </trkpt>
            <trkpt lat="45.770215" lon="9.931613">
                <ele>0</ele>
            </trkpt>
            <trkpt lat="45.770229" lon="9.931639">
                <ele>0</ele>
            </trkpt>
            <trkpt lat="45.770345" lon="9.93186">
                <ele>0</ele>
            </trkpt>
            <trkpt lat="45.770502" lon="9.932092">
                <ele>0</ele>
            </trkpt>
            <trkpt lat="45.770657" lon="9.932269">
                <ele>0</ele>
            </trkpt>
            <trkpt lat="45.770815" lon="9.932398">
                <ele>0</ele>
            </trkpt>
            <trkpt lat="45.770968" lon="9.932525">
                <ele>0</ele>
            </trkpt>
            <trkpt lat="45.771351" lon="9.932756">
                <ele>0</ele>
            </trkpt>
            <trkpt lat="45.771402" lon="9.932786">
                <ele>0</ele>
            </trkpt>
            <trkpt lat="45.771665" lon="9.932938">
                <ele>0</ele>
            </trkpt>
            <trkpt lat="45.772078" lon="9.933172">
                <ele>0</ele>
            </trkpt>
            <trkpt lat="45.772484" lon="9.933417">
                <ele>0</ele>
            </trkpt>
            <trkpt lat="45.772744" lon="9.933647">
                <ele>0</ele>
            </trkpt>
            <trkpt lat="45.772965" lon="9.933924">
                <ele>0</ele>
            </trkpt>
            <trkpt lat="45.772989" lon="9.933961">
                <ele>0</ele>
            </trkpt>
            <trkpt lat="45.773157" lon="9.93427">
                <ele>0</ele>
            </trkpt>
            <trkpt lat="45.773314" lon="9.934732">
                <ele>0</ele>
            </trkpt>
            <trkpt lat="45.773387" lon="9.935002">
                <ele>0</ele>
            </trkpt>
            <trkpt lat="45.773472" lon="9.935364">
                <ele>0</ele>
            </trkpt>
            <trkpt lat="45.773559" lon="9.935762">
                <ele>0</ele>
            </trkpt>
            <trkpt lat="45.773632" lon="9.935985">
                <ele>0</ele>
            </trkpt>
            <trkpt lat="45.773733" lon="9.936231">
                <ele>0</ele>
            </trkpt>
            <trkpt lat="45.773825" lon="9.936386">
                <ele>0</ele>
            </trkpt>
            <trkpt lat="45.773925" lon="9.93651">
                <ele>0</ele>
            </trkpt>
            <trkpt lat="45.774068" lon="9.936643">
                <ele>0</ele>
            </trkpt>
            <trkpt lat="45.774206" lon="9.936741">
                <ele>0</ele>
            </trkpt>
            <trkpt lat="45.774376" lon="9.936809">
                <ele>0</ele>
            </trkpt>
            <trkpt lat="45.774535" lon="9.936828">
                <ele>0</ele>
            </trkpt>
            <trkpt lat="45.774719" lon="9.936811">
                <ele>0</ele>
            </trkpt>
            <trkpt lat="45.774888" lon="9.936786">
                <ele>0</ele>
            </trkpt>
            <trkpt lat="45.775043" lon="9.93675">
                <ele>0</ele>
            </trkpt>
            <trkpt lat="45.775206" lon="9.936718">
                <ele>0</ele>
            </trkpt>
            <trkpt lat="45.775493" lon="9.936662">
                <ele>0</ele>
            </trkpt>
            <trkpt lat="45.775741" lon="9.936667">
                <ele>0</ele>
            </trkpt>
            <trkpt lat="45.775965" lon="9.936679">
                <ele>0</ele>
            </trkpt>
            <trkpt lat="45.776174" lon="9.936719">
                <ele>0</ele>
            </trkpt>
            <trkpt lat="45.776531" lon="9.936739">
                <ele>0</ele>
            </trkpt>
            <trkpt lat="45.776738" lon="9.936698">
                <ele>0</ele>
            </trkpt>
            <trkpt lat="45.776895" lon="9.936643">
                <ele>0</ele>
            </trkpt>
            <trkpt lat="45.777044" lon="9.936568">
                <ele>0</ele>
            </trkpt>
            <trkpt lat="45.777286" lon="9.936423">
                <ele>0</ele>
            </trkpt>
            <trkpt lat="45.77766" lon="9.936176">
                <ele>0</ele>
            </trkpt>
            <trkpt lat="45.778095" lon="9.935911">
                <ele>0</ele>
            </trkpt>
            <trkpt lat="45.778409" lon="9.935816">
                <ele>0</ele>
            </trkpt>
            <trkpt lat="45.77857" lon="9.935771">
                <ele>0</ele>
            </trkpt>
            <trkpt lat="45.779508" lon="9.935511">
                <ele>0</ele>
            </trkpt>
            <trkpt lat="45.779632" lon="9.935477">
                <ele>0</ele>
            </trkpt>
            <trkpt lat="45.779963" lon="9.935395">
                <ele>0</ele>
            </trkpt>
            <trkpt lat="45.780213" lon="9.935361">
                <ele>0</ele>
            </trkpt>
            <trkpt lat="45.780363" lon="9.935383">
                <ele>0</ele>
            </trkpt>
            <trkpt lat="45.780497" lon="9.935424">
                <ele>0</ele>
            </trkpt>
            <trkpt lat="45.780763" lon="9.935589">
                <ele>0</ele>
            </trkpt>
            <trkpt lat="45.78081" lon="9.935639">
                <ele>0</ele>
            </trkpt>
            <trkpt lat="45.780977" lon="9.93582">
                <ele>0</ele>
            </trkpt>
            <trkpt lat="45.78154" lon="9.936608">
                <ele>0</ele>
            </trkpt>
            <trkpt lat="45.781792" lon="9.936898">
                <ele>0</ele>
            </trkpt>
            <trkpt lat="45.782048" lon="9.937158">
                <ele>0</ele>
            </trkpt>
            <trkpt lat="45.782341" lon="9.937427">
                <ele>0</ele>
            </trkpt>
            <trkpt lat="45.782594" lon="9.937585">
                <ele>0</ele>
            </trkpt>
            <trkpt lat="45.782849" lon="9.93772">
                <ele>0</ele>
            </trkpt>
            <trkpt lat="45.783111" lon="9.937863">
                <ele>0</ele>
            </trkpt>
            <trkpt lat="45.783315" lon="9.938055">
                <ele>0</ele>
            </trkpt>
            <trkpt lat="45.783719" lon="9.938482">
                <ele>0</ele>
            </trkpt>
            <trkpt lat="45.783888" lon="9.938666">
                <ele>0</ele>
            </trkpt>
            <trkpt lat="45.78404" lon="9.938844">
                <ele>0</ele>
            </trkpt>
            <trkpt lat="45.784158" lon="9.938985">
                <ele>0</ele>
            </trkpt>
            <trkpt lat="45.784264" lon="9.939142">
                <ele>0</ele>
            </trkpt>
            <trkpt lat="45.784477" lon="9.939455">
                <ele>0</ele>
            </trkpt>
            <trkpt lat="45.784894" lon="9.94008">
                <ele>0</ele>
            </trkpt>
            <trkpt lat="45.785245" lon="9.940621">
                <ele>0</ele>
            </trkpt>
            <trkpt lat="45.785366" lon="9.940824">
                <ele>0</ele>
            </trkpt>
            <trkpt lat="45.785445" lon="9.941032">
                <ele>0</ele>
            </trkpt>
            <trkpt lat="45.785511" lon="9.941256">
                <ele>0</ele>
            </trkpt>
            <trkpt lat="45.785547" lon="9.941518">
                <ele>0</ele>
            </trkpt>
            <trkpt lat="45.785552" lon="9.94177">
                <ele>0</ele>
            </trkpt>
            <trkpt lat="45.785512" lon="9.942143">
                <ele>0</ele>
            </trkpt>
            <trkpt lat="45.785485" lon="9.942505">
                <ele>0</ele>
            </trkpt>
            <trkpt lat="45.785475" lon="9.942791">
                <ele>0</ele>
            </trkpt>
            <trkpt lat="45.785477" lon="9.942831">
                <ele>0</ele>
            </trkpt>
            <trkpt lat="45.785477" lon="9.942834">
                <ele>0</ele>
            </trkpt>
            <trkpt lat="45.785492" lon="9.943064">
                <ele>0</ele>
            </trkpt>
            <trkpt lat="45.785558" lon="9.943478">
                <ele>0</ele>
            </trkpt>
            <trkpt lat="45.785616" lon="9.943814">
                <ele>0</ele>
            </trkpt>
            <trkpt lat="45.785683" lon="9.944132">
                <ele>0</ele>
            </trkpt>
            <trkpt lat="45.785744" lon="9.944318">
                <ele>0</ele>
            </trkpt>
            <trkpt lat="45.785901" lon="9.944612">
                <ele>0</ele>
            </trkpt>
            <trkpt lat="45.786081" lon="9.944911">
                <ele>0</ele>
            </trkpt>
            <trkpt lat="45.78632" lon="9.945247">
                <ele>0</ele>
            </trkpt>
            <trkpt lat="45.78656" lon="9.945554">
                <ele>0</ele>
            </trkpt>
            <trkpt lat="45.786773" lon="9.945802">
                <ele>0</ele>
            </trkpt>
            <trkpt lat="45.786817" lon="9.945853">
                <ele>0</ele>
            </trkpt>
            <trkpt lat="45.786987" lon="9.946033">
                <ele>0</ele>
            </trkpt>
            <trkpt lat="45.787076" lon="9.946127">
                <ele>0</ele>
            </trkpt>
            <trkpt lat="45.787329" lon="9.946389">
                <ele>0</ele>
            </trkpt>
            <trkpt lat="45.78761" lon="9.946678">
                <ele>0</ele>
            </trkpt>
            <trkpt lat="45.787881" lon="9.946938">
                <ele>0</ele>
            </trkpt>
            <trkpt lat="45.788038" lon="9.947062">
                <ele>0</ele>
            </trkpt>
            <trkpt lat="45.788158" lon="9.947157">
                <ele>0</ele>
            </trkpt>
            <trkpt lat="45.788394" lon="9.947275">
                <ele>0</ele>
            </trkpt>
            <trkpt lat="45.788788" lon="9.947415">
                <ele>0</ele>
            </trkpt>
            <trkpt lat="45.788963" lon="9.947507">
                <ele>0</ele>
            </trkpt>
            <trkpt lat="45.789117" lon="9.947653">
                <ele>0</ele>
            </trkpt>
            <trkpt lat="45.789216" lon="9.947791">
                <ele>0</ele>
            </trkpt>
            <trkpt lat="45.789253" lon="9.947842">
                <ele>0</ele>
            </trkpt>
            <trkpt lat="45.78937" lon="9.948128">
                <ele>0</ele>
            </trkpt>
            <trkpt lat="45.789438" lon="9.948321">
                <ele>0</ele>
            </trkpt>
            <trkpt lat="45.789805" lon="9.949367">
                <ele>0</ele>
            </trkpt>
            <trkpt lat="45.789877" lon="9.949573">
                <ele>0</ele>
            </trkpt>
            <trkpt lat="45.789953" lon="9.949788">
                <ele>0</ele>
            </trkpt>
            <trkpt lat="45.789988" lon="9.949887">
                <ele>0</ele>
            </trkpt>
            <trkpt lat="45.79016" lon="9.950364">
                <ele>0</ele>
            </trkpt>
            <trkpt lat="45.790318" lon="9.950696">
                <ele>0</ele>
            </trkpt>
            <trkpt lat="45.790553" lon="9.951105">
                <ele>0</ele>
            </trkpt>
            <trkpt lat="45.790692" lon="9.951347">
                <ele>0</ele>
            </trkpt>
            <trkpt lat="45.79082" lon="9.951569">
                <ele>0</ele>
            </trkpt>
            <trkpt lat="45.790948" lon="9.951809">
                <ele>0</ele>
            </trkpt>
            <trkpt lat="45.791056" lon="9.952047">
                <ele>0</ele>
            </trkpt>
            <trkpt lat="45.791103" lon="9.952199">
                <ele>0</ele>
            </trkpt>
            <trkpt lat="45.791131" lon="9.952348">
                <ele>0</ele>
            </trkpt>
            <trkpt lat="45.791162" lon="9.952599">
                <ele>0</ele>
            </trkpt>
            <trkpt lat="45.791193" lon="9.953821">
                <ele>0</ele>
            </trkpt>
            <trkpt lat="45.791216" lon="9.954272">
                <ele>0</ele>
            </trkpt>
            <trkpt lat="45.791242" lon="9.954487">
                <ele>0</ele>
            </trkpt>
            <trkpt lat="45.791297" lon="9.954709">
                <ele>0</ele>
            </trkpt>
            <trkpt lat="45.791357" lon="9.954877">
                <ele>0</ele>
            </trkpt>
            <trkpt lat="45.791855" lon="9.9561">
                <ele>0</ele>
            </trkpt>
            <trkpt lat="45.791976" lon="9.956399">
                <ele>0</ele>
            </trkpt>
            <trkpt lat="45.792044" lon="9.956648">
                <ele>0</ele>
            </trkpt>
            <trkpt lat="45.792094" lon="9.956906">
                <ele>0</ele>
            </trkpt>
            <trkpt lat="45.792115" lon="9.957156">
                <ele>0</ele>
            </trkpt>
            <trkpt lat="45.792116" lon="9.957403">
                <ele>0</ele>
            </trkpt>
            <trkpt lat="45.792077" lon="9.958055">
                <ele>0</ele>
            </trkpt>
            <trkpt lat="45.792067" lon="9.958186">
                <ele>0</ele>
            </trkpt>
            <trkpt lat="45.792038" lon="9.958555">
                <ele>0</ele>
            </trkpt>
            <trkpt lat="45.791991" lon="9.958927">
                <ele>0</ele>
            </trkpt>
            <trkpt lat="45.791974" lon="9.959066">
                <ele>0</ele>
            </trkpt>
            <trkpt lat="45.791934" lon="9.959226">
                <ele>0</ele>
            </trkpt>
            <trkpt lat="45.791932" lon="9.959233">
                <ele>0</ele>
            </trkpt>
            <trkpt lat="45.791842" lon="9.959588">
                <ele>0</ele>
            </trkpt>
            <trkpt lat="45.791679" lon="9.960011">
                <ele>0</ele>
            </trkpt>
            <trkpt lat="45.791141" lon="9.961066">
                <ele>0</ele>
            </trkpt>
            <trkpt lat="45.790955" lon="9.96143">
                <ele>0</ele>
            </trkpt>
            <trkpt lat="45.790776" lon="9.961867">
                <ele>0</ele>
            </trkpt>
            <trkpt lat="45.79069" lon="9.9622">
                <ele>0</ele>
            </trkpt>
            <trkpt lat="45.790616" lon="9.962487">
                <ele>0</ele>
            </trkpt>
            <trkpt lat="45.790579" lon="9.962765">
                <ele>0</ele>
            </trkpt>
            <trkpt lat="45.790552" lon="9.963099">
                <ele>0</ele>
            </trkpt>
            <trkpt lat="45.790531" lon="9.964582">
                <ele>0</ele>
            </trkpt>
            <trkpt lat="45.790528" lon="9.964812">
                <ele>0</ele>
            </trkpt>
            <trkpt lat="45.790527" lon="9.964869">
                <ele>0</ele>
            </trkpt>
            <trkpt lat="45.790506" lon="9.964961">
                <ele>0</ele>
            </trkpt>
            <trkpt lat="45.790502" lon="9.965447">
                <ele>0</ele>
            </trkpt>
            <trkpt lat="45.790496" lon="9.966201">
                <ele>0</ele>
            </trkpt>
            <trkpt lat="45.790492" lon="9.966406">
                <ele>0</ele>
            </trkpt>
            <trkpt lat="45.79049" lon="9.96653">
                <ele>0</ele>
            </trkpt>
            <trkpt lat="45.790482" lon="9.966961">
                <ele>0</ele>
            </trkpt>
            <trkpt lat="45.790503" lon="9.967082">
                <ele>0</ele>
            </trkpt>
            <trkpt lat="45.790491" lon="9.968128">
                <ele>0</ele>
            </trkpt>
            <trkpt lat="45.790459" lon="9.970346">
                <ele>0</ele>
            </trkpt>
            <trkpt lat="45.790463" lon="9.970846">
                <ele>0</ele>
            </trkpt>
            <trkpt lat="45.790464" lon="9.970906">
                <ele>0</ele>
            </trkpt>
            <trkpt lat="45.790467" lon="9.971245">
                <ele>0</ele>
            </trkpt>
            <trkpt lat="45.790504" lon="9.972083">
                <ele>0</ele>
            </trkpt>
            <trkpt lat="45.790536" lon="9.972801">
                <ele>0</ele>
            </trkpt>
            <trkpt lat="45.790562" lon="9.973342">
                <ele>0</ele>
            </trkpt>
            <trkpt lat="45.790564" lon="9.97353">
                <ele>0</ele>
            </trkpt>
            <trkpt lat="45.790548" lon="9.97414">
                <ele>0</ele>
            </trkpt>
            <trkpt lat="45.790527" lon="9.974771">
                <ele>0</ele>
            </trkpt>
            <trkpt lat="45.790526" lon="9.975193">
                <ele>0</ele>
            </trkpt>
            <trkpt lat="45.790545" lon="9.97569">
                <ele>0</ele>
            </trkpt>
            <trkpt lat="45.790565" lon="9.976207">
                <ele>0</ele>
            </trkpt>
            <trkpt lat="45.790572" lon="9.976651">
                <ele>0</ele>
            </trkpt>
            <trkpt lat="45.790581" lon="9.977265">
                <ele>0</ele>
            </trkpt>
            <trkpt lat="45.790574" lon="9.97777">
                <ele>0</ele>
            </trkpt>
            <trkpt lat="45.790547" lon="9.97886">
                <ele>0</ele>
            </trkpt>
            <trkpt lat="45.790541" lon="9.979108">
                <ele>0</ele>
            </trkpt>
            <trkpt lat="45.790517" lon="9.979436">
                <ele>0</ele>
            </trkpt>
            <trkpt lat="45.79044" lon="9.980126">
                <ele>0</ele>
            </trkpt>
            <trkpt lat="45.790401" lon="9.980476">
                <ele>0</ele>
            </trkpt>
            <trkpt lat="45.790263" lon="9.981465">
                <ele>0</ele>
            </trkpt>
            <trkpt lat="45.790243" lon="9.981786">
                <ele>0</ele>
            </trkpt>
            <trkpt lat="45.79024" lon="9.982172">
                <ele>0</ele>
            </trkpt>
            <trkpt lat="45.790374" lon="9.98364">
                <ele>0</ele>
            </trkpt>
            <trkpt lat="45.790422" lon="9.984335">
                <ele>0</ele>
            </trkpt>
            <trkpt lat="45.790414" lon="9.984613">
                <ele>0</ele>
            </trkpt>
            <trkpt lat="45.790378" lon="9.984866">
                <ele>0</ele>
            </trkpt>
            <trkpt lat="45.790341" lon="9.985032">
                <ele>0</ele>
            </trkpt>
            <trkpt lat="45.790213" lon="9.985597">
                <ele>0</ele>
            </trkpt>
            <trkpt lat="45.790189" lon="9.985714">
                <ele>0</ele>
            </trkpt>
            <trkpt lat="45.79018" lon="9.985757">
                <ele>0</ele>
            </trkpt>
            <trkpt lat="45.790158" lon="9.985943">
                <ele>0</ele>
            </trkpt>
            <trkpt lat="45.79015" lon="9.986281">
                <ele>0</ele>
            </trkpt>
            <trkpt lat="45.790211" lon="9.98684">
                <ele>0</ele>
            </trkpt>
            <trkpt lat="45.790279" lon="9.987374">
                <ele>0</ele>
            </trkpt>
            <trkpt lat="45.790298" lon="9.987553">
                <ele>0</ele>
            </trkpt>
            <trkpt lat="45.790308" lon="9.987629">
                <ele>0</ele>
            </trkpt>
            <trkpt lat="45.790304" lon="9.987651">
                <ele>0</ele>
            </trkpt>
            <trkpt lat="45.790294" lon="9.987714">
                <ele>0</ele>
            </trkpt>
            <trkpt lat="45.790292" lon="9.98775">
                <ele>0</ele>
            </trkpt>
            <trkpt lat="45.7903" lon="9.98793">
                <ele>0</ele>
            </trkpt>
            <trkpt lat="45.790293" lon="9.988132">
                <ele>0</ele>
            </trkpt>
            <trkpt lat="45.790273" lon="9.988341">
                <ele>0</ele>
            </trkpt>
            <trkpt lat="45.790232" lon="9.98864">
                <ele>0</ele>
            </trkpt>
            <trkpt lat="45.790152" lon="9.988901">
                <ele>0</ele>
            </trkpt>
            <trkpt lat="45.790084" lon="9.989084">
                <ele>0</ele>
            </trkpt>
            <trkpt lat="45.789977" lon="9.989337">
                <ele>0</ele>
            </trkpt>
            <trkpt lat="45.789793" lon="9.98977">
                <ele>0</ele>
            </trkpt>
            <trkpt lat="45.789774" lon="9.989848">
                <ele>0</ele>
            </trkpt>
            <trkpt lat="45.789452" lon="9.990636">
                <ele>0</ele>
            </trkpt>
            <trkpt lat="45.78941" lon="9.990739">
                <ele>0</ele>
            </trkpt>
            <trkpt lat="45.789018" lon="9.991719">
                <ele>0</ele>
            </trkpt>
            <trkpt lat="45.788857" lon="9.992123">
                <ele>0</ele>
            </trkpt>
            <trkpt lat="45.78871" lon="9.9925">
                <ele>0</ele>
            </trkpt>
            <trkpt lat="45.788635" lon="9.992759">
                <ele>0</ele>
            </trkpt>
            <trkpt lat="45.78857" lon="9.993036">
                <ele>0</ele>
            </trkpt>
            <trkpt lat="45.788476" lon="9.993485">
                <ele>0</ele>
            </trkpt>
            <trkpt lat="45.788414" lon="9.993781">
                <ele>0</ele>
            </trkpt>
            <trkpt lat="45.788376" lon="9.994014">
                <ele>0</ele>
            </trkpt>
            <trkpt lat="45.788302" lon="9.994476">
                <ele>0</ele>
            </trkpt>
            <trkpt lat="45.788189" lon="9.995186">
                <ele>0</ele>
            </trkpt>
            <trkpt lat="45.788162" lon="9.995352">
                <ele>0</ele>
            </trkpt>
            <trkpt lat="45.788033" lon="9.996686">
                <ele>0</ele>
            </trkpt>
            <trkpt lat="45.788007" lon="9.996964">
                <ele>0</ele>
            </trkpt>
            <trkpt lat="45.787953" lon="9.997692">
                <ele>0</ele>
            </trkpt>
            <trkpt lat="45.787948" lon="9.997758">
                <ele>0</ele>
            </trkpt>
            <trkpt lat="45.787929" lon="9.998057">
                <ele>0</ele>
            </trkpt>
            <trkpt lat="45.787931" lon="9.998399">
                <ele>0</ele>
            </trkpt>
            <trkpt lat="45.787944" lon="9.998558">
                <ele>0</ele>
            </trkpt>
            <trkpt lat="45.787964" lon="9.998658">
                <ele>0</ele>
            </trkpt>
            <trkpt lat="45.788018" lon="9.998824">
                <ele>0</ele>
            </trkpt>
            <trkpt lat="45.788115" lon="9.999052">
                <ele>0</ele>
            </trkpt>
            <trkpt lat="45.788449" lon="9.999613">
                <ele>0</ele>
            </trkpt>
            <trkpt lat="45.788664" lon="10.000002">
                <ele>0</ele>
            </trkpt>
            <trkpt lat="45.788707" lon="10.000076">
                <ele>0</ele>
            </trkpt>
            <trkpt lat="45.788848" lon="10.000318">
                <ele>0</ele>
            </trkpt>
            <trkpt lat="45.788985" lon="10.000551">
                <ele>0</ele>
            </trkpt>
            <trkpt lat="45.789267" lon="10.000994">
                <ele>0</ele>
            </trkpt>
            <trkpt lat="45.789409" lon="10.001169">
                <ele>0</ele>
            </trkpt>
            <trkpt lat="45.789535" lon="10.00132">
                <ele>0</ele>
            </trkpt>
            <trkpt lat="45.789751" lon="10.001458">
                <ele>0</ele>
            </trkpt>
            <trkpt lat="45.789917" lon="10.001567">
                <ele>0</ele>
            </trkpt>
            <trkpt lat="45.790045" lon="10.001706">
                <ele>0</ele>
            </trkpt>
            <trkpt lat="45.790167" lon="10.001852">
                <ele>0</ele>
            </trkpt>
            <trkpt lat="45.790243" lon="10.001985">
                <ele>0</ele>
            </trkpt>
            <trkpt lat="45.790291" lon="10.002181">
                <ele>0</ele>
            </trkpt>
            <trkpt lat="45.790296" lon="10.002347">
                <ele>0</ele>
            </trkpt>
            <trkpt lat="45.790286" lon="10.002428">
                <ele>0</ele>
            </trkpt>
            <trkpt lat="45.790294" lon="10.00251">
                <ele>0</ele>
            </trkpt>
            <trkpt lat="45.790319" lon="10.002584">
                <ele>0</ele>
            </trkpt>
            <trkpt lat="45.790359" lon="10.002644">
                <ele>0</ele>
            </trkpt>
            <trkpt lat="45.7904" lon="10.002677">
                <ele>0</ele>
            </trkpt>
            <trkpt lat="45.790446" lon="10.002695">
                <ele>0</ele>
            </trkpt>
            <trkpt lat="45.790493" lon="10.002695">
                <ele>0</ele>
            </trkpt>
            <trkpt lat="45.790539" lon="10.002677">
                <ele>0</ele>
            </trkpt>
            <trkpt lat="45.79058" lon="10.002643">
                <ele>0</ele>
            </trkpt>
            <trkpt lat="45.790719" lon="10.002567">
                <ele>0</ele>
            </trkpt>
            <trkpt lat="45.790888" lon="10.002539">
                <ele>0</ele>
            </trkpt>
            <trkpt lat="45.790981" lon="10.002557">
                <ele>0</ele>
            </trkpt>
            <trkpt lat="45.791117" lon="10.002632">
                <ele>0</ele>
            </trkpt>
            <trkpt lat="45.791254" lon="10.002771">
                <ele>0</ele>
            </trkpt>
            <trkpt lat="45.791373" lon="10.002911">
                <ele>0</ele>
            </trkpt>
            <trkpt lat="45.79168" lon="10.003253">
                <ele>0</ele>
            </trkpt>
            <trkpt lat="45.792116" lon="10.003727">
                <ele>0</ele>
            </trkpt>
            <trkpt lat="45.792598" lon="10.004273">
                <ele>0</ele>
            </trkpt>
            <trkpt lat="45.793217" lon="10.004973">
                <ele>0</ele>
            </trkpt>
            <trkpt lat="45.793614" lon="10.005426">
                <ele>0</ele>
            </trkpt>
            <trkpt lat="45.793808" lon="10.005793">
                <ele>0</ele>
            </trkpt>
            <trkpt lat="45.793845" lon="10.005933">
                <ele>0</ele>
            </trkpt>
            <trkpt lat="45.793911" lon="10.006185">
                <ele>0</ele>
            </trkpt>
            <trkpt lat="45.793944" lon="10.006559">
                <ele>0</ele>
            </trkpt>
            <trkpt lat="45.794016" lon="10.007468">
                <ele>0</ele>
            </trkpt>
            <trkpt lat="45.794076" lon="10.008035">
                <ele>0</ele>
            </trkpt>
            <trkpt lat="45.794145" lon="10.008333">
                <ele>0</ele>
            </trkpt>
            <trkpt lat="45.794289" lon="10.008649">
                <ele>0</ele>
            </trkpt>
            <trkpt lat="45.794547" lon="10.009013">
                <ele>0</ele>
            </trkpt>
            <trkpt lat="45.794705" lon="10.009168">
                <ele>0</ele>
            </trkpt>
            <trkpt lat="45.79562" lon="10.010067">
                <ele>0</ele>
            </trkpt>
            <trkpt lat="45.796246" lon="10.010761">
                <ele>0</ele>
            </trkpt>
            <trkpt lat="45.796824" lon="10.011474">
                <ele>0</ele>
            </trkpt>
            <trkpt lat="45.797263" lon="10.012047">
                <ele>0</ele>
            </trkpt>
            <trkpt lat="45.797693" lon="10.012601">
                <ele>0</ele>
            </trkpt>
            <trkpt lat="45.797792" lon="10.012735">
                <ele>0</ele>
            </trkpt>
            <trkpt lat="45.797907" lon="10.012903">
                <ele>0</ele>
            </trkpt>
            <trkpt lat="45.798004" lon="10.013085">
                <ele>0</ele>
            </trkpt>
            <trkpt lat="45.798117" lon="10.013308">
                <ele>0</ele>
            </trkpt>
            <trkpt lat="45.798204" lon="10.013522">
                <ele>0</ele>
            </trkpt>
            <trkpt lat="45.798322" lon="10.013832">
                <ele>0</ele>
            </trkpt>
            <trkpt lat="45.79845" lon="10.014199">
                <ele>0</ele>
            </trkpt>
            <trkpt lat="45.798651" lon="10.014776">
                <ele>0</ele>
            </trkpt>
            <trkpt lat="45.79889" lon="10.015436">
                <ele>0</ele>
            </trkpt>
            <trkpt lat="45.799073" lon="10.015964">
                <ele>0</ele>
            </trkpt>
            <trkpt lat="45.799436" lon="10.017049">
                <ele>0</ele>
            </trkpt>
            <trkpt lat="45.799461" lon="10.017125">
                <ele>0</ele>
            </trkpt>
            <trkpt lat="45.79953" lon="10.017333">
                <ele>0</ele>
            </trkpt>
            <trkpt lat="45.799552" lon="10.017397">
                <ele>0</ele>
            </trkpt>
            <trkpt lat="45.799736" lon="10.01793">
                <ele>0</ele>
            </trkpt>
            <trkpt lat="45.799803" lon="10.018089">
                <ele>0</ele>
            </trkpt>
            <trkpt lat="45.799836" lon="10.018155">
                <ele>0</ele>
            </trkpt>
            <trkpt lat="45.800051" lon="10.018791">
                <ele>0</ele>
            </trkpt>
            <trkpt lat="45.800059" lon="10.018824">
                <ele>0</ele>
            </trkpt>
            <trkpt lat="45.800075" lon="10.018892">
                <ele>0</ele>
            </trkpt>
            <trkpt lat="45.800086" lon="10.018939">
                <ele>0</ele>
            </trkpt>
            <trkpt lat="45.800125" lon="10.01906">
                <ele>0</ele>
            </trkpt>
            <trkpt lat="45.800168" lon="10.01918">
                <ele>0</ele>
            </trkpt>
            <trkpt lat="45.800221" lon="10.01928">
                <ele>0</ele>
            </trkpt>
            <trkpt lat="45.800301" lon="10.01941">
                <ele>0</ele>
            </trkpt>
            <trkpt lat="45.800348" lon="10.019471">
                <ele>0</ele>
            </trkpt>
            <trkpt lat="45.800396" lon="10.019521">
                <ele>0</ele>
            </trkpt>
            <trkpt lat="45.800852" lon="10.019961">
                <ele>0</ele>
            </trkpt>
            <trkpt lat="45.801012" lon="10.02009">
                <ele>0</ele>
            </trkpt>
            <trkpt lat="45.80127" lon="10.020256">
                <ele>0</ele>
            </trkpt>
            <trkpt lat="45.801357" lon="10.02032">
                <ele>0</ele>
            </trkpt>
            <trkpt lat="45.801458" lon="10.020387">
                <ele>0</ele>
            </trkpt>
            <trkpt lat="45.801552" lon="10.020445">
                <ele>0</ele>
            </trkpt>
            <trkpt lat="45.802836" lon="10.021161">
                <ele>0</ele>
            </trkpt>
            <trkpt lat="45.802934" lon="10.021222">
                <ele>0</ele>
            </trkpt>
            <trkpt lat="45.803034" lon="10.021284">
                <ele>0</ele>
            </trkpt>
            <trkpt lat="45.80314" lon="10.02136">
                <ele>0</ele>
            </trkpt>
            <trkpt lat="45.803224" lon="10.021428">
                <ele>0</ele>
            </trkpt>
            <trkpt lat="45.803302" lon="10.021494">
                <ele>0</ele>
            </trkpt>
            <trkpt lat="45.803376" lon="10.021562">
                <ele>0</ele>
            </trkpt>
            <trkpt lat="45.803474" lon="10.021659">
                <ele>0</ele>
            </trkpt>
            <trkpt lat="45.803545" lon="10.021736">
                <ele>0</ele>
            </trkpt>
            <trkpt lat="45.803617" lon="10.021822">
                <ele>0</ele>
            </trkpt>
            <trkpt lat="45.803692" lon="10.021919">
                <ele>0</ele>
            </trkpt>
            <trkpt lat="45.803763" lon="10.022015">
                <ele>0</ele>
            </trkpt>
            <trkpt lat="45.803821" lon="10.022106">
                <ele>0</ele>
            </trkpt>
            <trkpt lat="45.803882" lon="10.022205">
                <ele>0</ele>
            </trkpt>
            <trkpt lat="45.804008" lon="10.022418">
                <ele>0</ele>
            </trkpt>
            <trkpt lat="45.80425" lon="10.022848">
                <ele>0</ele>
            </trkpt>
            <trkpt lat="45.804421" lon="10.023147">
                <ele>0</ele>
            </trkpt>
            <trkpt lat="45.804473" lon="10.023234">
                <ele>0</ele>
            </trkpt>
            <trkpt lat="45.804512" lon="10.023297">
                <ele>0</ele>
            </trkpt>
            <trkpt lat="45.804725" lon="10.023609">
                <ele>0</ele>
            </trkpt>
            <trkpt lat="45.804999" lon="10.023899">
                <ele>0</ele>
            </trkpt>
            <trkpt lat="45.805241" lon="10.024116">
                <ele>0</ele>
            </trkpt>
            <trkpt lat="45.805287" lon="10.024152">
                <ele>0</ele>
            </trkpt>
            <trkpt lat="45.805595" lon="10.024498">
                <ele>0</ele>
            </trkpt>
            <trkpt lat="45.805976" lon="10.025026">
                <ele>0</ele>
            </trkpt>
            <trkpt lat="45.806341" lon="10.025712">
                <ele>0</ele>
            </trkpt>
            <trkpt lat="45.806361" lon="10.025749">
                <ele>0</ele>
            </trkpt>
            <trkpt lat="45.8065" lon="10.026086">
                <ele>0</ele>
            </trkpt>
            <trkpt lat="45.806528" lon="10.026181">
                <ele>0</ele>
            </trkpt>
            <trkpt lat="45.806543" lon="10.026249">
                <ele>0</ele>
            </trkpt>
            <trkpt lat="45.806699" lon="10.027183">
                <ele>0</ele>
            </trkpt>
            <trkpt lat="45.806908" lon="10.028435">
                <ele>0</ele>
            </trkpt>
            <trkpt lat="45.807242" lon="10.030816">
                <ele>0</ele>
            </trkpt>
            <trkpt lat="45.807366" lon="10.032088">
                <ele>0</ele>
            </trkpt>
            <trkpt lat="45.807416" lon="10.032652">
                <ele>0</ele>
            </trkpt>
            <trkpt lat="45.807437" lon="10.033051">
                <ele>0</ele>
            </trkpt>
            <trkpt lat="45.807441" lon="10.033469">
                <ele>0</ele>
            </trkpt>
            <trkpt lat="45.80744" lon="10.033581">
                <ele>0</ele>
            </trkpt>
            <trkpt lat="45.807439" lon="10.033682">
                <ele>0</ele>
            </trkpt>
            <trkpt lat="45.807434" lon="10.033859">
                <ele>0</ele>
            </trkpt>
            <trkpt lat="45.807406" lon="10.034298">
                <ele>0</ele>
            </trkpt>
            <trkpt lat="45.80737" lon="10.034692">
                <ele>0</ele>
            </trkpt>
            <trkpt lat="45.807339" lon="10.03494">
                <ele>0</ele>
            </trkpt>
            <trkpt lat="45.807333" lon="10.034977">
                <ele>0</ele>
            </trkpt>
            <trkpt lat="45.807257" lon="10.035457">
                <ele>0</ele>
            </trkpt>
            <trkpt lat="45.807112" lon="10.036173">
                <ele>0</ele>
            </trkpt>
            <trkpt lat="45.807042" lon="10.036516">
                <ele>0</ele>
            </trkpt>
            <trkpt lat="45.806956" lon="10.03693">
                <ele>0</ele>
            </trkpt>
            <trkpt lat="45.806745" lon="10.037854">
                <ele>0</ele>
            </trkpt>
            <trkpt lat="45.806253" lon="10.039848">
                <ele>0</ele>
            </trkpt>
            <trkpt lat="45.805806" lon="10.041415">
                <ele>0</ele>
            </trkpt>
            <trkpt lat="45.805326" lon="10.043167">
                <ele>0</ele>
            </trkpt>
            <trkpt lat="45.805274" lon="10.043364">
                <ele>0</ele>
            </trkpt>
            <trkpt lat="45.805215" lon="10.04362">
                <ele>0</ele>
            </trkpt>
            <trkpt lat="45.805147" lon="10.043995">
                <ele>0</ele>
            </trkpt>
            <trkpt lat="45.8051" lon="10.044372">
                <ele>0</ele>
            </trkpt>
            <trkpt lat="45.805055" lon="10.04489">
                <ele>0</ele>
            </trkpt>
            <trkpt lat="45.805042" lon="10.045128">
                <ele>0</ele>
            </trkpt>
            <trkpt lat="45.805037" lon="10.045389">
                <ele>0</ele>
            </trkpt>
            <trkpt lat="45.80504" lon="10.045704">
                <ele>0</ele>
            </trkpt>
            <trkpt lat="45.805062" lon="10.046109">
                <ele>0</ele>
            </trkpt>
            <trkpt lat="45.805096" lon="10.046436">
                <ele>0</ele>
            </trkpt>
            <trkpt lat="45.805131" lon="10.046737">
                <ele>0</ele>
            </trkpt>
            <trkpt lat="45.805162" lon="10.046944">
                <ele>0</ele>
            </trkpt>
            <trkpt lat="45.805234" lon="10.047336">
                <ele>0</ele>
            </trkpt>
            <trkpt lat="45.805298" lon="10.047603">
                <ele>0</ele>
            </trkpt>
            <trkpt lat="45.805382" lon="10.047901">
                <ele>0</ele>
            </trkpt>
            <trkpt lat="45.805514" lon="10.048321">
                <ele>0</ele>
            </trkpt>
            <trkpt lat="45.805611" lon="10.048596">
                <ele>0</ele>
            </trkpt>
            <trkpt lat="45.805724" lon="10.048878">
                <ele>0</ele>
            </trkpt>
            <trkpt lat="45.80587" lon="10.049193">
                <ele>0</ele>
            </trkpt>
            <trkpt lat="45.806044" lon="10.049522">
                <ele>0</ele>
            </trkpt>
            <trkpt lat="45.806089" lon="10.049594">
                <ele>0</ele>
            </trkpt>
            <trkpt lat="45.806352" lon="10.050013">
                <ele>0</ele>
            </trkpt>
            <trkpt lat="45.806704" lon="10.050484">
                <ele>0</ele>
            </trkpt>
            <trkpt lat="45.806782" lon="10.050579">
                <ele>0</ele>
            </trkpt>
            <trkpt lat="45.807767" lon="10.051776">
                <ele>0</ele>
            </trkpt>
            <trkpt lat="45.80847" lon="10.052662">
                <ele>0</ele>
            </trkpt>
            <trkpt lat="45.808721" lon="10.052945">
                <ele>0</ele>
            </trkpt>
            <trkpt lat="45.808761" lon="10.05299">
                <ele>0</ele>
            </trkpt>
            <trkpt lat="45.808858" lon="10.0531">
                <ele>0</ele>
            </trkpt>
            <trkpt lat="45.808973" lon="10.053224">
                <ele>0</ele>
            </trkpt>
            <trkpt lat="45.809412" lon="10.053736">
                <ele>0</ele>
            </trkpt>
            <trkpt lat="45.809474" lon="10.053802">
                <ele>0</ele>
            </trkpt>
            <trkpt lat="45.809597" lon="10.053933">
                <ele>0</ele>
            </trkpt>
            <trkpt lat="45.809685" lon="10.054025">
                <ele>0</ele>
            </trkpt>
            <trkpt lat="45.809984" lon="10.054349">
                <ele>0</ele>
            </trkpt>
            <trkpt lat="45.810349" lon="10.054745">
                <ele>0</ele>
            </trkpt>
            <trkpt lat="45.810443" lon="10.054848">
                <ele>0</ele>
            </trkpt>
            <trkpt lat="45.810462" lon="10.054868">
                <ele>0</ele>
            </trkpt>
            <trkpt lat="45.81157" lon="10.056082">
                <ele>0</ele>
            </trkpt>
            <trkpt lat="45.811782" lon="10.056319">
                <ele>0</ele>
            </trkpt>
            <trkpt lat="45.814603" lon="10.060352">
                <ele>0</ele>
            </trkpt>
            <trkpt lat="45.815557" lon="10.061856">
                <ele>0</ele>
            </trkpt>
            <trkpt lat="45.81641" lon="10.06323">
                <ele>0</ele>
            </trkpt>
            <trkpt lat="45.817113" lon="10.064346">
                <ele>0</ele>
            </trkpt>
            <trkpt lat="45.817686" lon="10.065241">
                <ele>0</ele>
            </trkpt>
            <trkpt lat="45.818724" lon="10.066919">
                <ele>0</ele>
            </trkpt>
            <trkpt lat="45.819653" lon="10.068382">
                <ele>0</ele>
            </trkpt>
            <trkpt lat="45.820605" lon="10.069839">
                <ele>0</ele>
            </trkpt>
            <trkpt lat="45.82127" lon="10.070933">
                <ele>0</ele>
            </trkpt>
            <trkpt lat="45.821838" lon="10.071912">
                <ele>0</ele>
            </trkpt>
            <trkpt lat="45.822294" lon="10.072888">
                <ele>0</ele>
            </trkpt>
            <trkpt lat="45.822891" lon="10.074417">
                <ele>0</ele>
            </trkpt>
            <trkpt lat="45.823164" lon="10.075245">
                <ele>0</ele>
            </trkpt>
            <trkpt lat="45.823409" lon="10.076072">
                <ele>0</ele>
            </trkpt>
            <trkpt lat="45.823656" lon="10.076984">
                <ele>0</ele>
            </trkpt>
            <trkpt lat="45.823887" lon="10.078111">
                <ele>0</ele>
            </trkpt>
            <trkpt lat="45.824022" lon="10.078947">
                <ele>0</ele>
            </trkpt>
            <trkpt lat="45.824153" lon="10.080043">
                <ele>0</ele>
            </trkpt>
            <trkpt lat="45.824237" lon="10.080879">
                <ele>0</ele>
            </trkpt>
            <trkpt lat="45.82428" lon="10.081394">
                <ele>0</ele>
            </trkpt>
            <trkpt lat="45.824569" lon="10.085157">
                <ele>0</ele>
            </trkpt>
            <trkpt lat="45.824588" lon="10.085346">
                <ele>0</ele>
            </trkpt>
            <trkpt lat="45.824884" lon="10.086667">
                <ele>0</ele>
            </trkpt>
            <trkpt lat="45.824899" lon="10.08673">
                <ele>0</ele>
            </trkpt>
            <trkpt lat="45.824966" lon="10.086952">
                <ele>0</ele>
            </trkpt>
            <trkpt lat="45.825009" lon="10.087089">
                <ele>0</ele>
            </trkpt>
            <trkpt lat="45.825045" lon="10.087194">
                <ele>0</ele>
            </trkpt>
            <trkpt lat="45.825088" lon="10.087299">
                <ele>0</ele>
            </trkpt>
            <trkpt lat="45.825143" lon="10.087431">
                <ele>0</ele>
            </trkpt>
            <trkpt lat="45.825194" lon="10.087546">
                <ele>0</ele>
            </trkpt>
            <trkpt lat="45.825482" lon="10.088054">
                <ele>0</ele>
            </trkpt>
            <trkpt lat="45.825653" lon="10.088338">
                <ele>0</ele>
            </trkpt>
            <trkpt lat="45.825793" lon="10.088549">
                <ele>0</ele>
            </trkpt>
            <trkpt lat="45.825956" lon="10.08877">
                <ele>0</ele>
            </trkpt>
            <trkpt lat="45.826089" lon="10.08896">
                <ele>0</ele>
            </trkpt>
            <trkpt lat="45.826272" lon="10.089164">
                <ele>0</ele>
            </trkpt>
            <trkpt lat="45.82648" lon="10.08937">
                <ele>0</ele>
            </trkpt>
            <trkpt lat="45.826897" lon="10.089714">
                <ele>0</ele>
            </trkpt>
            <trkpt lat="45.827211" lon="10.089936">
                <ele>0</ele>
            </trkpt>
            <trkpt lat="45.827487" lon="10.090087">
                <ele>0</ele>
            </trkpt>
            <trkpt lat="45.827879" lon="10.090238">
                <ele>0</ele>
            </trkpt>
            <trkpt lat="45.828167" lon="10.090317">
                <ele>0</ele>
            </trkpt>
            <trkpt lat="45.829609" lon="10.090629">
                <ele>0</ele>
            </trkpt>
            <trkpt lat="45.830303" lon="10.0908">
                <ele>0</ele>
            </trkpt>
            <trkpt lat="45.830994" lon="10.090972">
                <ele>0</ele>
            </trkpt>
            <trkpt lat="45.831548" lon="10.091201">
                <ele>0</ele>
            </trkpt>
            <trkpt lat="45.832048" lon="10.091418">
                <ele>0</ele>
            </trkpt>
            <trkpt lat="45.832462" lon="10.091656">
                <ele>0</ele>
            </trkpt>
            <trkpt lat="45.832825" lon="10.091865">
                <ele>0</ele>
            </trkpt>
            <trkpt lat="45.83337" lon="10.092256">
                <ele>0</ele>
            </trkpt>
            <trkpt lat="45.833647" lon="10.092483">
                <ele>0</ele>
            </trkpt>
            <trkpt lat="45.833987" lon="10.092777">
                <ele>0</ele>
            </trkpt>
            <trkpt lat="45.834264" lon="10.093049">
                <ele>0</ele>
            </trkpt>
            <trkpt lat="45.834675" lon="10.09348">
                <ele>0</ele>
            </trkpt>
            <trkpt lat="45.834892" lon="10.093721">
                <ele>0</ele>
            </trkpt>
            <trkpt lat="45.835049" lon="10.093936">
                <ele>0</ele>
            </trkpt>
            <trkpt lat="45.835411" lon="10.094433">
                <ele>0</ele>
            </trkpt>
            <trkpt lat="45.835964" lon="10.095218">
                <ele>0</ele>
            </trkpt>
            <trkpt lat="45.836529" lon="10.096055">
                <ele>0</ele>
            </trkpt>
            <trkpt lat="45.837128" lon="10.097007">
                <ele>0</ele>
            </trkpt>
            <trkpt lat="45.837526" lon="10.097608">
                <ele>0</ele>
            </trkpt>
            <trkpt lat="45.838031" lon="10.098317">
                <ele>0</ele>
            </trkpt>
            <trkpt lat="45.83844" lon="10.09901">
                <ele>0</ele>
            </trkpt>
            <trkpt lat="45.838619" lon="10.099362">
                <ele>0</ele>
            </trkpt>
            <trkpt lat="45.838764" lon="10.099702">
                <ele>0</ele>
            </trkpt>
            <trkpt lat="45.838898" lon="10.100056">
                <ele>0</ele>
            </trkpt>
            <trkpt lat="45.839025" lon="10.100496">
                <ele>0</ele>
            </trkpt>
            <trkpt lat="45.839149" lon="10.100979">
                <ele>0</ele>
            </trkpt>
            <trkpt lat="45.839258" lon="10.101481">
                <ele>0</ele>
            </trkpt>
            <trkpt lat="45.839331" lon="10.10193">
                <ele>0</ele>
            </trkpt>
            <trkpt lat="45.839377" lon="10.102336">
                <ele>0</ele>
            </trkpt>
            <trkpt lat="45.839406" lon="10.102727">
                <ele>0</ele>
            </trkpt>
            <trkpt lat="45.839431" lon="10.103115">
                <ele>0</ele>
            </trkpt>
            <trkpt lat="45.839429" lon="10.103553">
                <ele>0</ele>
            </trkpt>
            <trkpt lat="45.839413" lon="10.104153">
                <ele>0</ele>
            </trkpt>
            <trkpt lat="45.839374" lon="10.104668">
                <ele>0</ele>
            </trkpt>
            <trkpt lat="45.839283" lon="10.105255">
                <ele>0</ele>
            </trkpt>
            <trkpt lat="45.839179" lon="10.10578">
                <ele>0</ele>
            </trkpt>
            <trkpt lat="45.839046" lon="10.106308">
                <ele>0</ele>
            </trkpt>
            <trkpt lat="45.838996" lon="10.106452">
                <ele>0</ele>
            </trkpt>
            <trkpt lat="45.838967" lon="10.106545">
                <ele>0</ele>
            </trkpt>
            <trkpt lat="45.838887" lon="10.106802">
                <ele>0</ele>
            </trkpt>
            <trkpt lat="45.838879" lon="10.106828">
                <ele>0</ele>
            </trkpt>
            <trkpt lat="45.838855" lon="10.106899">
                <ele>0</ele>
            </trkpt>
            <trkpt lat="45.838812" lon="10.10703">
                <ele>0</ele>
            </trkpt>
            <trkpt lat="45.838604" lon="10.107617">
                <ele>0</ele>
            </trkpt>
            <trkpt lat="45.83839" lon="10.108191">
                <ele>0</ele>
            </trkpt>
            <trkpt lat="45.837946" lon="10.109352">
                <ele>0</ele>
            </trkpt>
            <trkpt lat="45.837901" lon="10.109469">
                <ele>0</ele>
            </trkpt>
            <trkpt lat="45.837678" lon="10.110027">
                <ele>0</ele>
            </trkpt>
            <trkpt lat="45.83759" lon="10.110267">
                <ele>0</ele>
            </trkpt>
            <trkpt lat="45.837455" lon="10.110639">
                <ele>0</ele>
            </trkpt>
            <trkpt lat="45.837441" lon="10.110678">
                <ele>0</ele>
            </trkpt>
            <trkpt lat="45.837248" lon="10.111208">
                <ele>0</ele>
            </trkpt>
            <trkpt lat="45.837134" lon="10.111512">
                <ele>0</ele>
            </trkpt>
            <trkpt lat="45.836377" lon="10.11352">
                <ele>0</ele>
            </trkpt>
            <trkpt lat="45.836226" lon="10.114006">
                <ele>0</ele>
            </trkpt>
            <trkpt lat="45.836209" lon="10.114078">
                <ele>0</ele>
            </trkpt>
            <trkpt lat="45.836085" lon="10.114605">
                <ele>0</ele>
            </trkpt>
            <trkpt lat="45.835986" lon="10.115202">
                <ele>0</ele>
            </trkpt>
            <trkpt lat="45.835941" lon="10.116008">
                <ele>0</ele>
            </trkpt>
            <trkpt lat="45.835959" lon="10.116922">
                <ele>0</ele>
            </trkpt>
            <trkpt lat="45.836022" lon="10.117561">
                <ele>0</ele>
            </trkpt>
            <trkpt lat="45.836111" lon="10.118071">
                <ele>0</ele>
            </trkpt>
            <trkpt lat="45.836173" lon="10.118377">
                <ele>0</ele>
            </trkpt>
            <trkpt lat="45.836239" lon="10.118705">
                <ele>0</ele>
            </trkpt>
            <trkpt lat="45.836547" lon="10.120157">
                <ele>0</ele>
            </trkpt>
            <trkpt lat="45.83665" lon="10.120652">
                <ele>0</ele>
            </trkpt>
            <trkpt lat="45.836774" lon="10.12124">
                <ele>0</ele>
            </trkpt>
            <trkpt lat="45.837069" lon="10.12264">
                <ele>0</ele>
            </trkpt>
            <trkpt lat="45.837253" lon="10.123478">
                <ele>0</ele>
            </trkpt>
            <trkpt lat="45.837515" lon="10.124596">
                <ele>0</ele>
            </trkpt>
            <trkpt lat="45.837665" lon="10.125115">
                <ele>0</ele>
            </trkpt>
            <trkpt lat="45.837831" lon="10.125623">
                <ele>0</ele>
            </trkpt>
            <trkpt lat="45.837917" lon="10.125873">
                <ele>0</ele>
            </trkpt>
            <trkpt lat="45.837966" lon="10.125997">
                <ele>0</ele>
            </trkpt>
            <trkpt lat="45.837967" lon="10.126001">
                <ele>0</ele>
            </trkpt>
            <trkpt lat="45.838231" lon="10.126682">
                <ele>0</ele>
            </trkpt>
            <trkpt lat="45.838483" lon="10.127246">
                <ele>0</ele>
            </trkpt>
            <trkpt lat="45.838631" lon="10.127555">
                <ele>0</ele>
            </trkpt>
            <trkpt lat="45.838774" lon="10.127844">
                <ele>0</ele>
            </trkpt>
            <trkpt lat="45.838922" lon="10.128143">
                <ele>0</ele>
            </trkpt>
            <trkpt lat="45.839276" lon="10.128891">
                <ele>0</ele>
            </trkpt>
            <trkpt lat="45.839477" lon="10.1293">
                <ele>0</ele>
            </trkpt>
            <trkpt lat="45.839806" lon="10.129979">
                <ele>0</ele>
            </trkpt>
            <trkpt lat="45.840265" lon="10.130887">
                <ele>0</ele>
            </trkpt>
            <trkpt lat="45.840626" lon="10.131505">
                <ele>0</ele>
            </trkpt>
            <trkpt lat="45.840879" lon="10.131866">
                <ele>0</ele>
            </trkpt>
            <trkpt lat="45.841119" lon="10.132156">
                <ele>0</ele>
            </trkpt>
            <trkpt lat="45.841379" lon="10.132429">
                <ele>0</ele>
            </trkpt>
            <trkpt lat="45.841538" lon="10.132588">
                <ele>0</ele>
            </trkpt>
            <trkpt lat="45.842213" lon="10.133182">
                <ele>0</ele>
            </trkpt>
            <trkpt lat="45.842656" lon="10.13357">
                <ele>0</ele>
            </trkpt>
            <trkpt lat="45.842774" lon="10.133672">
                <ele>0</ele>
            </trkpt>
            <trkpt lat="45.843547" lon="10.134364">
                <ele>0</ele>
            </trkpt>
            <trkpt lat="45.843955" lon="10.134729">
                <ele>0</ele>
            </trkpt>
            <trkpt lat="45.84489" lon="10.135538">
                <ele>0</ele>
            </trkpt>
            <trkpt lat="45.845123" lon="10.135746">
                <ele>0</ele>
            </trkpt>
            <trkpt lat="45.84563" lon="10.136198">
                <ele>0</ele>
            </trkpt>
            <trkpt lat="45.845993" lon="10.136515">
                <ele>0</ele>
            </trkpt>
            <trkpt lat="45.846633" lon="10.137093">
                <ele>0</ele>
            </trkpt>
            <trkpt lat="45.84698" lon="10.137399">
                <ele>0</ele>
            </trkpt>
            <trkpt lat="45.847394" lon="10.137768">
                <ele>0</ele>
            </trkpt>
            <trkpt lat="45.84793" lon="10.138308">
                <ele>0</ele>
            </trkpt>
            <trkpt lat="45.848123" lon="10.138509">
                <ele>0</ele>
            </trkpt>
            <trkpt lat="45.848299" lon="10.138696">
                <ele>0</ele>
            </trkpt>
            <trkpt lat="45.848875" lon="10.139383">
                <ele>0</ele>
            </trkpt>
            <trkpt lat="45.849179" lon="10.139765">
                <ele>0</ele>
            </trkpt>
            <trkpt lat="45.849976" lon="10.140759">
                <ele>0</ele>
            </trkpt>
            <trkpt lat="45.85023" lon="10.141077">
                <ele>0</ele>
            </trkpt>
            <trkpt lat="45.850376" lon="10.141273">
                <ele>0</ele>
            </trkpt>
            <trkpt lat="45.850667" lon="10.141666">
                <ele>0</ele>
            </trkpt>
            <trkpt lat="45.852269" lon="10.143675">
                <ele>0</ele>
            </trkpt>
            <trkpt lat="45.853078" lon="10.144692">
                <ele>0</ele>
            </trkpt>
            <trkpt lat="45.855631" lon="10.147883">
                <ele>0</ele>
            </trkpt>
            <trkpt lat="45.856194" lon="10.148594">
                <ele>0</ele>
            </trkpt>
            <trkpt lat="45.856434" lon="10.148903">
                <ele>0</ele>
            </trkpt>
            <trkpt lat="45.857392" lon="10.150103">
                <ele>0</ele>
            </trkpt>
            <trkpt lat="45.858902" lon="10.152028">
                <ele>0</ele>
            </trkpt>
            <trkpt lat="45.859609" lon="10.152923">
                <ele>0</ele>
            </trkpt>
            <trkpt lat="45.860094" lon="10.153481">
                <ele>0</ele>
            </trkpt>
            <trkpt lat="45.860564" lon="10.153998">
                <ele>0</ele>
            </trkpt>
            <trkpt lat="45.861022" lon="10.154435">
                <ele>0</ele>
            </trkpt>
            <trkpt lat="45.861463" lon="10.154821">
                <ele>0</ele>
            </trkpt>
            <trkpt lat="45.862071" lon="10.155308">
                <ele>0</ele>
            </trkpt>
            <trkpt lat="45.86242" lon="10.155556">
                <ele>0</ele>
            </trkpt>
            <trkpt lat="45.862716" lon="10.155757">
                <ele>0</ele>
            </trkpt>
            <trkpt lat="45.86381" lon="10.156484">
                <ele>0</ele>
            </trkpt>
            <trkpt lat="45.865815" lon="10.157782">
                <ele>0</ele>
            </trkpt>
            <trkpt lat="45.867948" lon="10.15918">
                <ele>0</ele>
            </trkpt>
            <trkpt lat="45.868208" lon="10.159354">
                <ele>0</ele>
            </trkpt>
            <trkpt lat="45.86823" lon="10.159369">
                <ele>0</ele>
            </trkpt>
            <trkpt lat="45.868372" lon="10.159465">
                <ele>0</ele>
            </trkpt>
            <trkpt lat="45.868823" lon="10.159762">
                <ele>0</ele>
            </trkpt>
            <trkpt lat="45.869667" lon="10.160312">
                <ele>0</ele>
            </trkpt>
            <trkpt lat="45.869973" lon="10.160523">
                <ele>0</ele>
            </trkpt>
            <trkpt lat="45.870264" lon="10.160729">
                <ele>0</ele>
            </trkpt>
            <trkpt lat="45.870481" lon="10.160924">
                <ele>0</ele>
            </trkpt>
            <trkpt lat="45.870754" lon="10.161213">
                <ele>0</ele>
            </trkpt>
            <trkpt lat="45.871007" lon="10.161526">
                <ele>0</ele>
            </trkpt>
            <trkpt lat="45.871224" lon="10.161865">
                <ele>0</ele>
            </trkpt>
            <trkpt lat="45.871405" lon="10.16217">
                <ele>0</ele>
            </trkpt>
            <trkpt lat="45.871527" lon="10.162403">
                <ele>0</ele>
            </trkpt>
            <trkpt lat="45.871714" lon="10.162821">
                <ele>0</ele>
            </trkpt>
            <trkpt lat="45.871816" lon="10.163097">
                <ele>0</ele>
            </trkpt>
            <trkpt lat="45.871892" lon="10.163313">
                <ele>0</ele>
            </trkpt>
            <trkpt lat="45.872017" lon="10.163729">
                <ele>0</ele>
            </trkpt>
            <trkpt lat="45.872119" lon="10.164201">
                <ele>0</ele>
            </trkpt>
            <trkpt lat="45.872184" lon="10.164642">
                <ele>0</ele>
            </trkpt>
            <trkpt lat="45.872241" lon="10.16513">
                <ele>0</ele>
            </trkpt>
            <trkpt lat="45.872267" lon="10.165643">
                <ele>0</ele>
            </trkpt>
            <trkpt lat="45.872272" lon="10.166239">
                <ele>0</ele>
            </trkpt>
            <trkpt lat="45.872258" lon="10.166726">
                <ele>0</ele>
            </trkpt>
            <trkpt lat="45.872211" lon="10.167594">
                <ele>0</ele>
            </trkpt>
            <trkpt lat="45.872197" lon="10.167842">
                <ele>0</ele>
            </trkpt>
            <trkpt lat="45.872102" lon="10.169349">
                <ele>0</ele>
            </trkpt>
            <trkpt lat="45.872078" lon="10.169678">
                <ele>0</ele>
            </trkpt>
            <trkpt lat="45.871995" lon="10.171041">
                <ele>0</ele>
            </trkpt>
            <trkpt lat="45.871947" lon="10.171797">
                <ele>0</ele>
            </trkpt>
            <trkpt lat="45.871898" lon="10.172521">
                <ele>0</ele>
            </trkpt>
            <trkpt lat="45.871869" lon="10.172959">
                <ele>0</ele>
            </trkpt>
            <trkpt lat="45.871789" lon="10.174242">
                <ele>0</ele>
            </trkpt>
            <trkpt lat="45.871765" lon="10.174734">
                <ele>0</ele>
            </trkpt>
            <trkpt lat="45.871751" lon="10.175288">
                <ele>0</ele>
            </trkpt>
            <trkpt lat="45.871756" lon="10.175699">
                <ele>0</ele>
            </trkpt>
            <trkpt lat="45.871795" lon="10.176111">
                <ele>0</ele>
            </trkpt>
            <trkpt lat="45.871872" lon="10.176669">
                <ele>0</ele>
            </trkpt>
            <trkpt lat="45.871968" lon="10.177162">
                <ele>0</ele>
            </trkpt>
            <trkpt lat="45.872054" lon="10.177497">
                <ele>0</ele>
            </trkpt>
            <trkpt lat="45.872136" lon="10.177773">
                <ele>0</ele>
            </trkpt>
            <trkpt lat="45.872236" lon="10.178068">
                <ele>0</ele>
            </trkpt>
            <trkpt lat="45.872308" lon="10.178254">
                <ele>0</ele>
            </trkpt>
            <trkpt lat="45.872425" lon="10.178556">
                <ele>0</ele>
            </trkpt>
            <trkpt lat="45.87261" lon="10.178963">
                <ele>0</ele>
            </trkpt>
            <trkpt lat="45.872945" lon="10.17955">
                <ele>0</ele>
            </trkpt>
            <trkpt lat="45.873626" lon="10.180603">
                <ele>0</ele>
            </trkpt>
            <trkpt lat="45.874481" lon="10.18192">
                <ele>0</ele>
            </trkpt>
            <trkpt lat="45.874734" lon="10.182319">
                <ele>0</ele>
            </trkpt>
            <trkpt lat="45.8754" lon="10.18336">
                <ele>0</ele>
            </trkpt>
            <trkpt lat="45.875823" lon="10.184028">
                <ele>0</ele>
            </trkpt>
            <trkpt lat="45.876121" lon="10.184499">
                <ele>0</ele>
            </trkpt>
            <trkpt lat="45.876524" lon="10.18513">
                <ele>0</ele>
            </trkpt>
            <trkpt lat="45.876659" lon="10.185344">
                <ele>0</ele>
            </trkpt>
            <trkpt lat="45.877067" lon="10.185986">
                <ele>0</ele>
            </trkpt>
            <trkpt lat="45.877577" lon="10.186776">
                <ele>0</ele>
            </trkpt>
            <trkpt lat="45.877767" lon="10.187049">
                <ele>0</ele>
            </trkpt>
            <trkpt lat="45.877845" lon="10.187161">
                <ele>0</ele>
            </trkpt>
            <trkpt lat="45.877939" lon="10.187308">
                <ele>0</ele>
            </trkpt>
            <trkpt lat="45.878199" lon="10.187672">
                <ele>0</ele>
            </trkpt>
            <trkpt lat="45.878448" lon="10.187954">
                <ele>0</ele>
            </trkpt>
            <trkpt lat="45.878615" lon="10.188139">
                <ele>0</ele>
            </trkpt>
            <trkpt lat="45.878791" lon="10.188301">
                <ele>0</ele>
            </trkpt>
            <trkpt lat="45.878799" lon="10.188309">
                <ele>0</ele>
            </trkpt>
            <trkpt lat="45.87888" lon="10.188391">
                <ele>0</ele>
            </trkpt>
            <trkpt lat="45.878888" lon="10.188399">
                <ele>0</ele>
            </trkpt>
            <trkpt lat="45.879201" lon="10.188731">
                <ele>0</ele>
            </trkpt>
            <trkpt lat="45.880552" lon="10.190083">
                <ele>0</ele>
            </trkpt>
            <trkpt lat="45.881287" lon="10.190837">
                <ele>0</ele>
            </trkpt>
            <trkpt lat="45.881558" lon="10.191115">
                <ele>0</ele>
            </trkpt>
            <trkpt lat="45.881925" lon="10.191496">
                <ele>0</ele>
            </trkpt>
            <trkpt lat="45.882279" lon="10.191907">
                <ele>0</ele>
            </trkpt>
            <trkpt lat="45.882475" lon="10.192176">
                <ele>0</ele>
            </trkpt>
            <trkpt lat="45.882576" lon="10.192332">
                <ele>0</ele>
            </trkpt>
            <trkpt lat="45.882881" lon="10.192884">
                <ele>0</ele>
            </trkpt>
            <trkpt lat="45.883218" lon="10.193637">
                <ele>0</ele>
            </trkpt>
            <trkpt lat="45.883641" lon="10.194619">
                <ele>0</ele>
            </trkpt>
            <trkpt lat="45.883996" lon="10.195433">
                <ele>0</ele>
            </trkpt>
            <trkpt lat="45.884323" lon="10.196119">
                <ele>0</ele>
            </trkpt>
            <trkpt lat="45.884613" lon="10.19654">
                <ele>0</ele>
            </trkpt>
            <trkpt lat="45.884958" lon="10.196956">
                <ele>0</ele>
            </trkpt>
            <trkpt lat="45.885278" lon="10.197238">
                <ele>0</ele>
            </trkpt>
            <trkpt lat="45.885459" lon="10.197371">
                <ele>0</ele>
            </trkpt>
            <trkpt lat="45.885653" lon="10.197492">
                <ele>0</ele>
            </trkpt>
            <trkpt lat="45.885934" lon="10.197644">
                <ele>0</ele>
            </trkpt>
            <trkpt lat="45.886996" lon="10.198224">
                <ele>0</ele>
            </trkpt>
            <trkpt lat="45.887291" lon="10.198388">
                <ele>0</ele>
            </trkpt>
            <trkpt lat="45.887778" lon="10.198654">
                <ele>0</ele>
            </trkpt>
            <trkpt lat="45.888039" lon="10.198797">
                <ele>0</ele>
            </trkpt>
            <trkpt lat="45.888198" lon="10.198886">
                <ele>0</ele>
            </trkpt>
            <trkpt lat="45.888741" lon="10.199187">
                <ele>0</ele>
            </trkpt>
            <trkpt lat="45.889235" lon="10.199465">
                <ele>0</ele>
            </trkpt>
            <trkpt lat="45.889661" lon="10.199711">
                <ele>0</ele>
            </trkpt>
            <trkpt lat="45.88985" lon="10.199834">
                <ele>0</ele>
            </trkpt>
            <trkpt lat="45.8901" lon="10.200008">
                <ele>0</ele>
            </trkpt>
            <trkpt lat="45.890227" lon="10.200103">
                <ele>0</ele>
            </trkpt>
            <trkpt lat="45.890414" lon="10.200259">
                <ele>0</ele>
            </trkpt>
            <trkpt lat="45.890856" lon="10.200653">
                <ele>0</ele>
            </trkpt>
            <trkpt lat="45.891257" lon="10.201065">
                <ele>0</ele>
            </trkpt>
            <trkpt lat="45.891322" lon="10.201132">
                <ele>0</ele>
            </trkpt>
            <trkpt lat="45.891917" lon="10.201821">
                <ele>0</ele>
            </trkpt>
            <trkpt lat="45.892005" lon="10.201933">
                <ele>0</ele>
            </trkpt>
            <trkpt lat="45.892238" lon="10.202229">
                <ele>0</ele>
            </trkpt>
            <trkpt lat="45.892815" lon="10.202964">
                <ele>0</ele>
            </trkpt>
            <trkpt lat="45.893388" lon="10.203683">
                <ele>0</ele>
            </trkpt>
            <trkpt lat="45.894294" lon="10.204825">
                <ele>0</ele>
            </trkpt>
            <trkpt lat="45.894939" lon="10.205631">
                <ele>0</ele>
            </trkpt>
            <trkpt lat="45.895279" lon="10.206087">
                <ele>0</ele>
            </trkpt>
            <trkpt lat="45.895715" lon="10.206694">
                <ele>0</ele>
            </trkpt>
            <trkpt lat="45.896116" lon="10.207294">
                <ele>0</ele>
            </trkpt>
            <trkpt lat="45.897077" lon="10.208826">
                <ele>0</ele>
            </trkpt>
            <trkpt lat="45.897591" lon="10.209667">
                <ele>0</ele>
            </trkpt>
            <trkpt lat="45.898312" lon="10.210844">
                <ele>0</ele>
            </trkpt>
            <trkpt lat="45.898655" lon="10.211406">
                <ele>0</ele>
            </trkpt>
            <trkpt lat="45.901047" lon="10.215341">
                <ele>0</ele>
            </trkpt>
            <trkpt lat="45.901081" lon="10.215396">
                <ele>0</ele>
            </trkpt>
            <trkpt lat="45.902131" lon="10.217108">
                <ele>0</ele>
            </trkpt>
            <trkpt lat="45.902402" lon="10.217553">
                <ele>0</ele>
            </trkpt>
            <trkpt lat="45.90274" lon="10.218113">
                <ele>0</ele>
            </trkpt>
            <trkpt lat="45.903563" lon="10.219453">
                <ele>0</ele>
            </trkpt>
            <trkpt lat="45.903693" lon="10.219666">
                <ele>0</ele>
            </trkpt>
            <trkpt lat="45.903976" lon="10.220139">
                <ele>0</ele>
            </trkpt>
            <trkpt lat="45.904168" lon="10.220451">
                <ele>0</ele>
            </trkpt>
            <trkpt lat="45.904309" lon="10.220685">
                <ele>0</ele>
            </trkpt>
            <trkpt lat="45.904554" lon="10.221089">
                <ele>0</ele>
            </trkpt>
            <trkpt lat="45.904806" lon="10.221496">
                <ele>0</ele>
            </trkpt>
            <trkpt lat="45.90506" lon="10.221907">
                <ele>0</ele>
            </trkpt>
            <trkpt lat="45.90535" lon="10.222329">
                <ele>0</ele>
            </trkpt>
            <trkpt lat="45.9055" lon="10.222531">
                <ele>0</ele>
            </trkpt>
            <trkpt lat="45.905653" lon="10.222739">
                <ele>0</ele>
            </trkpt>
            <trkpt lat="45.905866" lon="10.223012">
                <ele>0</ele>
            </trkpt>
            <trkpt lat="45.906089" lon="10.223281">
                <ele>0</ele>
            </trkpt>
            <trkpt lat="45.906432" lon="10.223649">
                <ele>0</ele>
            </trkpt>
            <trkpt lat="45.906929" lon="10.224169">
                <ele>0</ele>
            </trkpt>
            <trkpt lat="45.907451" lon="10.224702">
                <ele>0</ele>
            </trkpt>
            <trkpt lat="45.908609" lon="10.225903">
                <ele>0</ele>
            </trkpt>
            <trkpt lat="45.909771" lon="10.22711">
                <ele>0</ele>
            </trkpt>
            <trkpt lat="45.912118" lon="10.229545">
                <ele>0</ele>
            </trkpt>
            <trkpt lat="45.914651" lon="10.23215">
                <ele>0</ele>
            </trkpt>
            <trkpt lat="45.914995" lon="10.232479">
                <ele>0</ele>
            </trkpt>
            <trkpt lat="45.915346" lon="10.232838">
                <ele>0</ele>
            </trkpt>
            <trkpt lat="45.916019" lon="10.233537">
                <ele>0</ele>
            </trkpt>
            <trkpt lat="45.916758" lon="10.234293">
                <ele>0</ele>
            </trkpt>
            <trkpt lat="45.91719" lon="10.234734">
                <ele>0</ele>
            </trkpt>
            <trkpt lat="45.917632" lon="10.235192">
                <ele>0</ele>
            </trkpt>
            <trkpt lat="45.918511" lon="10.236102">
                <ele>0</ele>
            </trkpt>
            <trkpt lat="45.919655" lon="10.237279">
                <ele>0</ele>
            </trkpt>
            <trkpt lat="45.919728" lon="10.237355">
                <ele>0</ele>
            </trkpt>
            <trkpt lat="45.920279" lon="10.237926">
                <ele>0</ele>
            </trkpt>
            <trkpt lat="45.920807" lon="10.238461">
                <ele>0</ele>
            </trkpt>
            <trkpt lat="45.920826" lon="10.238481">
                <ele>0</ele>
            </trkpt>
            <trkpt lat="45.920945" lon="10.238601">
                <ele>0</ele>
            </trkpt>
            <trkpt lat="45.920969" lon="10.238626">
                <ele>0</ele>
            </trkpt>
            <trkpt lat="45.921197" lon="10.238869">
                <ele>0</ele>
            </trkpt>
            <trkpt lat="45.921205" lon="10.238878">
                <ele>0</ele>
            </trkpt>
            <trkpt lat="45.921352" lon="10.23902">
                <ele>0</ele>
            </trkpt>
            <trkpt lat="45.921371" lon="10.239038">
                <ele>0</ele>
            </trkpt>
            <trkpt lat="45.921905" lon="10.239548">
                <ele>0</ele>
            </trkpt>
            <trkpt lat="45.922121" lon="10.239753">
                <ele>0</ele>
            </trkpt>
            <trkpt lat="45.922322" lon="10.239928">
                <ele>0</ele>
            </trkpt>
            <trkpt lat="45.922514" lon="10.24008">
                <ele>0</ele>
            </trkpt>
            <trkpt lat="45.923605" lon="10.240954">
                <ele>0</ele>
            </trkpt>
            <trkpt lat="45.923886" lon="10.241185">
                <ele>0</ele>
            </trkpt>
            <trkpt lat="45.924066" lon="10.241332">
                <ele>0</ele>
            </trkpt>
            <trkpt lat="45.925064" lon="10.242151">
                <ele>0</ele>
            </trkpt>
            <trkpt lat="45.92594" lon="10.242861">
                <ele>0</ele>
            </trkpt>
            <trkpt lat="45.926005" lon="10.242913">
                <ele>0</ele>
            </trkpt>
            <trkpt lat="45.926142" lon="10.243023">
                <ele>0</ele>
            </trkpt>
            <trkpt lat="45.926754" lon="10.243513">
                <ele>0</ele>
            </trkpt>
            <trkpt lat="45.927198" lon="10.24387">
                <ele>0</ele>
            </trkpt>
            <trkpt lat="45.927775" lon="10.244352">
                <ele>0</ele>
            </trkpt>
            <trkpt lat="45.928159" lon="10.244715">
                <ele>0</ele>
            </trkpt>
            <trkpt lat="45.928461" lon="10.245052">
                <ele>0</ele>
            </trkpt>
            <trkpt lat="45.92867" lon="10.245336">
                <ele>0</ele>
            </trkpt>
            <trkpt lat="45.928816" lon="10.24554">
                <ele>0</ele>
            </trkpt>
            <trkpt lat="45.929024" lon="10.245827">
                <ele>0</ele>
            </trkpt>
            <trkpt lat="45.929223" lon="10.246147">
                <ele>0</ele>
            </trkpt>
            <trkpt lat="45.929308" lon="10.246305">
                <ele>0</ele>
            </trkpt>
            <trkpt lat="45.929327" lon="10.246345">
                <ele>0</ele>
            </trkpt>
            <trkpt lat="45.929428" lon="10.246552">
                <ele>0</ele>
            </trkpt>
            <trkpt lat="45.929552" lon="10.246847">
                <ele>0</ele>
            </trkpt>
            <trkpt lat="45.930217" lon="10.248481">
                <ele>0</ele>
            </trkpt>
            <trkpt lat="45.931097" lon="10.250549">
                <ele>0</ele>
            </trkpt>
            <trkpt lat="45.931424" lon="10.25134">
                <ele>0</ele>
            </trkpt>
            <trkpt lat="45.931597" lon="10.251765">
                <ele>0</ele>
            </trkpt>
            <trkpt lat="45.932619" lon="10.254258">
                <ele>0</ele>
            </trkpt>
            <trkpt lat="45.932887" lon="10.254947">
                <ele>0</ele>
            </trkpt>
            <trkpt lat="45.93312" lon="10.255574">
                <ele>0</ele>
            </trkpt>
            <trkpt lat="45.933556" lon="10.256819">
                <ele>0</ele>
            </trkpt>
            <trkpt lat="45.933958" lon="10.258125">
                <ele>0</ele>
            </trkpt>
            <trkpt lat="45.934351" lon="10.25942">
                <ele>0</ele>
            </trkpt>
            <trkpt lat="45.934916" lon="10.261245">
                <ele>0</ele>
            </trkpt>
            <trkpt lat="45.93539" lon="10.262858">
                <ele>0</ele>
            </trkpt>
            <trkpt lat="45.93546" lon="10.263096">
                <ele>0</ele>
            </trkpt>
            <trkpt lat="45.935588" lon="10.263513">
                <ele>0</ele>
            </trkpt>
            <trkpt lat="45.93581" lon="10.264257">
                <ele>0</ele>
            </trkpt>
            <trkpt lat="45.936072" lon="10.265173">
                <ele>0</ele>
            </trkpt>
            <trkpt lat="45.936247" lon="10.265773">
                <ele>0</ele>
            </trkpt>
            <trkpt lat="45.936405" lon="10.266316">
                <ele>0</ele>
            </trkpt>
            <trkpt lat="45.936593" lon="10.266935">
                <ele>0</ele>
            </trkpt>
            <trkpt lat="45.936743" lon="10.267492">
                <ele>0</ele>
            </trkpt>
            <trkpt lat="45.936861" lon="10.267882">
                <ele>0</ele>
            </trkpt>
            <trkpt lat="45.936925" lon="10.268097">
                <ele>0</ele>
            </trkpt>
            <trkpt lat="45.937289" lon="10.26931">
                <ele>0</ele>
            </trkpt>
            <trkpt lat="45.937614" lon="10.2704">
                <ele>0</ele>
            </trkpt>
            <trkpt lat="45.938013" lon="10.271739">
                <ele>0</ele>
            </trkpt>
            <trkpt lat="45.938167" lon="10.272247">
                <ele>0</ele>
            </trkpt>
            <trkpt lat="45.938246" lon="10.272503">
                <ele>0</ele>
            </trkpt>
            <trkpt lat="45.938285" lon="10.272635">
                <ele>0</ele>
            </trkpt>
            <trkpt lat="45.938306" lon="10.272706">
                <ele>0</ele>
            </trkpt>
            <trkpt lat="45.939418" lon="10.276446">
                <ele>0</ele>
            </trkpt>
            <trkpt lat="45.939998" lon="10.278334">
                <ele>0</ele>
            </trkpt>
            <trkpt lat="45.940025" lon="10.278422">
                <ele>0</ele>
            </trkpt>
            <trkpt lat="45.940259" lon="10.279184">
                <ele>0</ele>
            </trkpt>
            <trkpt lat="45.940339" lon="10.279441">
                <ele>0</ele>
            </trkpt>
            <trkpt lat="45.940523" lon="10.279955">
                <ele>0</ele>
            </trkpt>
            <trkpt lat="45.940725" lon="10.280406">
                <ele>0</ele>
            </trkpt>
            <trkpt lat="45.940967" lon="10.280828">
                <ele>0</ele>
            </trkpt>
            <trkpt lat="45.94116" lon="10.281128">
                <ele>0</ele>
            </trkpt>
            <trkpt lat="45.941178" lon="10.281151">
                <ele>0</ele>
            </trkpt>
            <trkpt lat="45.941454" lon="10.281506">
                <ele>0</ele>
            </trkpt>
            <trkpt lat="45.941585" lon="10.281646">
                <ele>0</ele>
            </trkpt>
            <trkpt lat="45.941695" lon="10.281766">
                <ele>0</ele>
            </trkpt>
            <trkpt lat="45.941835" lon="10.281898">
                <ele>0</ele>
            </trkpt>
            <trkpt lat="45.941984" lon="10.282029">
                <ele>0</ele>
            </trkpt>
            <trkpt lat="45.942152" lon="10.282163">
                <ele>0</ele>
            </trkpt>
            <trkpt lat="45.942336" lon="10.282292">
                <ele>0</ele>
            </trkpt>
            <trkpt lat="45.944148" lon="10.283107">
                <ele>0</ele>
            </trkpt>
            <trkpt lat="45.945843" lon="10.283683">
                <ele>0</ele>
            </trkpt>
            <trkpt lat="45.951141" lon="10.284971">
                <ele>0</ele>
            </trkpt>
            <trkpt lat="45.952175" lon="10.285354">
                <ele>0</ele>
            </trkpt>
            <trkpt lat="45.952856" lon="10.285652">
                <ele>0</ele>
            </trkpt>
            <trkpt lat="45.953455" lon="10.285946">
                <ele>0</ele>
            </trkpt>
            <trkpt lat="45.95376" lon="10.286095">
                <ele>0</ele>
            </trkpt>
            <trkpt lat="45.954118" lon="10.286307">
                <ele>0</ele>
            </trkpt>
            <trkpt lat="45.954481" lon="10.286562">
                <ele>0</ele>
            </trkpt>
            <trkpt lat="45.955058" lon="10.287142">
                <ele>0</ele>
            </trkpt>
            <trkpt lat="45.955339" lon="10.287488">
                <ele>0</ele>
            </trkpt>
            <trkpt lat="45.955555" lon="10.287831">
                <ele>0</ele>
            </trkpt>
            <trkpt lat="45.955572" lon="10.287859">
                <ele>0</ele>
            </trkpt>
            <trkpt lat="45.955954" lon="10.288501">
                <ele>0</ele>
            </trkpt>
            <trkpt lat="45.956532" lon="10.289641">
                <ele>0</ele>
            </trkpt>
            <trkpt lat="45.95677" lon="10.290095">
                <ele>0</ele>
            </trkpt>
            <trkpt lat="45.957007" lon="10.29055">
                <ele>0</ele>
            </trkpt>
            <trkpt lat="45.95738" lon="10.291267">
                <ele>0</ele>
            </trkpt>
            <trkpt lat="45.957746" lon="10.291995">
                <ele>0</ele>
            </trkpt>
            <trkpt lat="45.958799" lon="10.294012">
                <ele>0</ele>
            </trkpt>
            <trkpt lat="45.959266" lon="10.295041">
                <ele>0</ele>
            </trkpt>
            <trkpt lat="45.959597" lon="10.295928">
                <ele>0</ele>
            </trkpt>
            <trkpt lat="45.960319" lon="10.29813">
                <ele>0</ele>
            </trkpt>
            <trkpt lat="45.960585" lon="10.29893">
                <ele>0</ele>
            </trkpt>
            <trkpt lat="45.961004" lon="10.300244">
                <ele>0</ele>
            </trkpt>
            <trkpt lat="45.961554" lon="10.301978">
                <ele>0</ele>
            </trkpt>
            <trkpt lat="45.963051" lon="10.306625">
                <ele>0</ele>
            </trkpt>
            <trkpt lat="45.963081" lon="10.306718">
                <ele>0</ele>
            </trkpt>
            <trkpt lat="45.963271" lon="10.307312">
                <ele>0</ele>
            </trkpt>
            <trkpt lat="45.963676" lon="10.308552">
                <ele>0</ele>
            </trkpt>
            <trkpt lat="45.96406" lon="10.309749">
                <ele>0</ele>
            </trkpt>
            <trkpt lat="45.964217" lon="10.310235">
                <ele>0</ele>
            </trkpt>
            <trkpt lat="45.964406" lon="10.310806">
                <ele>0</ele>
            </trkpt>
            <trkpt lat="45.964585" lon="10.311363">
                <ele>0</ele>
            </trkpt>
            <trkpt lat="45.964615" lon="10.311454">
                <ele>0</ele>
            </trkpt>
            <trkpt lat="45.964799" lon="10.31201">
                <ele>0</ele>
            </trkpt>
            <trkpt lat="45.964892" lon="10.312286">
                <ele>0</ele>
            </trkpt>
            <trkpt lat="45.965094" lon="10.312911">
                <ele>0</ele>
            </trkpt>
            <trkpt lat="45.965268" lon="10.313502">
                <ele>0</ele>
            </trkpt>
            <trkpt lat="45.965403" lon="10.313876">
                <ele>0</ele>
            </trkpt>
            <trkpt lat="45.965594" lon="10.314322">
                <ele>0</ele>
            </trkpt>
            <trkpt lat="45.965806" lon="10.314742">
                <ele>0</ele>
            </trkpt>
            <trkpt lat="45.965966" lon="10.31502">
                <ele>0</ele>
            </trkpt>
            <trkpt lat="45.966253" lon="10.315519">
                <ele>0</ele>
            </trkpt>
            <trkpt lat="45.966625" lon="10.316043">
                <ele>0</ele>
            </trkpt>
            <trkpt lat="45.966931" lon="10.316511">
                <ele>0</ele>
            </trkpt>
            <trkpt lat="45.967255" lon="10.316956">
                <ele>0</ele>
            </trkpt>
            <trkpt lat="45.967627" lon="10.317435">
                <ele>0</ele>
            </trkpt>
            <trkpt lat="45.968015" lon="10.317894">
                <ele>0</ele>
            </trkpt>
            <trkpt lat="45.96847" lon="10.318382">
                <ele>0</ele>
            </trkpt>
            <trkpt lat="45.968938" lon="10.318846">
                <ele>0</ele>
            </trkpt>
            <trkpt lat="45.969335" lon="10.319199">
                <ele>0</ele>
            </trkpt>
            <trkpt lat="45.969736" lon="10.319535">
                <ele>0</ele>
            </trkpt>
            <trkpt lat="45.970783" lon="10.320268">
                <ele>0</ele>
            </trkpt>
            <trkpt lat="45.972233" lon="10.321249">
                <ele>0</ele>
            </trkpt>
            <trkpt lat="45.972555" lon="10.321461">
                <ele>0</ele>
            </trkpt>
            <trkpt lat="45.973241" lon="10.321906">
                <ele>0</ele>
            </trkpt>
            <trkpt lat="45.974229" lon="10.322551">
                <ele>0</ele>
            </trkpt>
            <trkpt lat="45.975047" lon="10.323094">
                <ele>0</ele>
            </trkpt>
            <trkpt lat="45.975866" lon="10.323633">
                <ele>0</ele>
            </trkpt>
            <trkpt lat="45.977041" lon="10.324399">
                <ele>0</ele>
            </trkpt>
            <trkpt lat="45.977646" lon="10.324795">
                <ele>0</ele>
            </trkpt>
            <trkpt lat="45.977893" lon="10.324951">
                <ele>0</ele>
            </trkpt>
            <trkpt lat="45.978215" lon="10.325165">
                <ele>0</ele>
            </trkpt>
            <trkpt lat="45.97852" lon="10.325379">
                <ele>0</ele>
            </trkpt>
            <trkpt lat="45.97882" lon="10.325603">
                <ele>0</ele>
            </trkpt>
            <trkpt lat="45.979094" lon="10.325827">
                <ele>0</ele>
            </trkpt>
            <trkpt lat="45.97936" lon="10.326071">
                <ele>0</ele>
            </trkpt>
            <trkpt lat="45.979619" lon="10.326324">
                <ele>0</ele>
            </trkpt>
            <trkpt lat="45.979864" lon="10.326606">
                <ele>0</ele>
            </trkpt>
            <trkpt lat="45.980163" lon="10.326976">
                <ele>0</ele>
            </trkpt>
            <trkpt lat="45.980487" lon="10.327426">
                <ele>0</ele>
            </trkpt>
            <trkpt lat="45.98056" lon="10.327537">
                <ele>0</ele>
            </trkpt>
            <trkpt lat="45.980948" lon="10.328171">
                <ele>0</ele>
            </trkpt>
            <trkpt lat="45.981126" lon="10.328467">
                <ele>0</ele>
            </trkpt>
            <trkpt lat="45.981335" lon="10.328838">
                <ele>0</ele>
            </trkpt>
            <trkpt lat="45.981464" lon="10.329062">
                <ele>0</ele>
            </trkpt>
            <trkpt lat="45.981754" lon="10.329564">
                <ele>0</ele>
            </trkpt>
            <trkpt lat="45.981822" lon="10.32968">
                <ele>0</ele>
            </trkpt>
            <trkpt lat="45.982117" lon="10.330192">
                <ele>0</ele>
            </trkpt>
            <trkpt lat="45.982295" lon="10.330498">
                <ele>0</ele>
            </trkpt>
            <trkpt lat="45.982396" lon="10.330674">
                <ele>0</ele>
            </trkpt>
            <trkpt lat="45.982748" lon="10.331282">
                <ele>0</ele>
            </trkpt>
            <trkpt lat="45.982991" lon="10.331696">
                <ele>0</ele>
            </trkpt>
            <trkpt lat="45.983024" lon="10.331755">
                <ele>0</ele>
            </trkpt>
            <trkpt lat="45.983378" lon="10.332377">
                <ele>0</ele>
            </trkpt>
            <trkpt lat="45.983759" lon="10.333011">
                <ele>0</ele>
            </trkpt>
            <trkpt lat="45.9839" lon="10.333227">
                <ele>0</ele>
            </trkpt>
            <trkpt lat="45.98416" lon="10.333626">
                <ele>0</ele>
            </trkpt>
            <trkpt lat="45.984457" lon="10.334021">
                <ele>0</ele>
            </trkpt>
            <trkpt lat="45.984759" lon="10.334379">
                <ele>0</ele>
            </trkpt>
            <trkpt lat="45.985057" lon="10.334679">
                <ele>0</ele>
            </trkpt>
            <trkpt lat="45.985373" lon="10.334962">
                <ele>0</ele>
            </trkpt>
            <trkpt lat="45.985879" lon="10.33533">
                <ele>0</ele>
            </trkpt>
            <trkpt lat="45.986173" lon="10.335506">
                <ele>0</ele>
            </trkpt>
            <trkpt lat="45.986391" lon="10.335624">
                <ele>0</ele>
            </trkpt>
            <trkpt lat="45.986651" lon="10.335742">
                <ele>0</ele>
            </trkpt>
            <trkpt lat="45.986771" lon="10.335788">
                <ele>0</ele>
            </trkpt>
            <trkpt lat="45.987066" lon="10.335891">
                <ele>0</ele>
            </trkpt>
            <trkpt lat="45.987828" lon="10.336135">
                <ele>0</ele>
            </trkpt>
            <trkpt lat="45.988392" lon="10.336311">
                <ele>0</ele>
            </trkpt>
            <trkpt lat="45.988823" lon="10.336444">
                <ele>0</ele>
            </trkpt>
            <trkpt lat="45.989262" lon="10.336569">
                <ele>0</ele>
            </trkpt>
            <trkpt lat="45.989539" lon="10.336663">
                <ele>0</ele>
            </trkpt>
            <trkpt lat="45.989837" lon="10.336776">
                <ele>0</ele>
            </trkpt>
            <trkpt lat="45.989936" lon="10.336826">
                <ele>0</ele>
            </trkpt>
            <trkpt lat="45.990043" lon="10.336881">
                <ele>0</ele>
            </trkpt>
            <trkpt lat="45.990249" lon="10.336987">
                <ele>0</ele>
            </trkpt>
            <trkpt lat="45.990429" lon="10.337083">
                <ele>0</ele>
            </trkpt>
            <trkpt lat="45.991246" lon="10.337549">
                <ele>0</ele>
            </trkpt>
            <trkpt lat="45.991652" lon="10.337782">
                <ele>0</ele>
            </trkpt>
            <trkpt lat="45.991915" lon="10.337933">
                <ele>0</ele>
            </trkpt>
            <trkpt lat="45.991997" lon="10.337974">
                <ele>0</ele>
            </trkpt>
            <trkpt lat="45.992666" lon="10.338352">
                <ele>0</ele>
            </trkpt>
            <trkpt lat="45.99303" lon="10.338561">
                <ele>0</ele>
            </trkpt>
            <trkpt lat="45.99361" lon="10.338892">
                <ele>0</ele>
            </trkpt>
            <trkpt lat="45.993812" lon="10.339006">
                <ele>0</ele>
            </trkpt>
            <trkpt lat="45.994517" lon="10.33941">
                <ele>0</ele>
            </trkpt>
            <trkpt lat="45.994732" lon="10.339531">
                <ele>0</ele>
            </trkpt>
            <trkpt lat="45.994842" lon="10.339593">
                <ele>0</ele>
            </trkpt>
            <trkpt lat="45.995062" lon="10.339738">
                <ele>0</ele>
            </trkpt>
            <trkpt lat="45.995357" lon="10.339932">
                <ele>0</ele>
            </trkpt>
            <trkpt lat="45.995603" lon="10.340085">
                <ele>0</ele>
            </trkpt>
            <trkpt lat="45.995878" lon="10.340335">
                <ele>0</ele>
            </trkpt>
            <trkpt lat="45.996325" lon="10.340824">
                <ele>0</ele>
            </trkpt>
            <trkpt lat="45.996718" lon="10.341277">
                <ele>0</ele>
            </trkpt>
            <trkpt lat="45.997133" lon="10.341917">
                <ele>0</ele>
            </trkpt>
            <trkpt lat="45.997388" lon="10.342433">
                <ele>0</ele>
            </trkpt>
            <trkpt lat="45.99785" lon="10.343429">
                <ele>0</ele>
            </trkpt>
            <trkpt lat="45.998365" lon="10.344471">
                <ele>0</ele>
            </trkpt>
            <trkpt lat="45.998808" lon="10.345492">
                <ele>0</ele>
            </trkpt>
            <trkpt lat="45.999132" lon="10.346082">
                <ele>0</ele>
            </trkpt>
            <trkpt lat="45.99941" lon="10.346471">
                <ele>0</ele>
            </trkpt>
            <trkpt lat="45.999718" lon="10.346931">
                <ele>0</ele>
            </trkpt>
            <trkpt lat="45.99994" lon="10.347221">
                <ele>0</ele>
            </trkpt>
            <trkpt lat="46.00005" lon="10.347372">
                <ele>0</ele>
            </trkpt>
            <trkpt lat="46.000318" lon="10.347659">
                <ele>0</ele>
            </trkpt>
            <trkpt lat="46.000496" lon="10.347815">
                <ele>0</ele>
            </trkpt>
            <trkpt lat="46.000692" lon="10.347961">
                <ele>0</ele>
            </trkpt>
            <trkpt lat="46.000966" lon="10.348151">
                <ele>0</ele>
            </trkpt>
            <trkpt lat="46.001251" lon="10.348317">
                <ele>0</ele>
            </trkpt>
            <trkpt lat="46.001504" lon="10.348434">
                <ele>0</ele>
            </trkpt>
            <trkpt lat="46.001785" lon="10.348531">
                <ele>0</ele>
            </trkpt>
            <trkpt lat="46.002066" lon="10.348603">
                <ele>0</ele>
            </trkpt>
            <trkpt lat="46.002355" lon="10.348649">
                <ele>0</ele>
            </trkpt>
            <trkpt lat="46.002641" lon="10.348666">
                <ele>0</ele>
            </trkpt>
            <trkpt lat="46.002931" lon="10.348646">
                <ele>0</ele>
            </trkpt>
            <trkpt lat="46.003238" lon="10.348598">
                <ele>0</ele>
            </trkpt>
            <trkpt lat="46.003536" lon="10.348542">
                <ele>0</ele>
            </trkpt>
            <trkpt lat="46.003576" lon="10.348535">
                <ele>0</ele>
            </trkpt>
            <trkpt lat="46.00374" lon="10.348505">
                <ele>0</ele>
            </trkpt>
            <trkpt lat="46.007902" lon="10.34757">
                <ele>0</ele>
            </trkpt>
            <trkpt lat="46.008156" lon="10.347514">
                <ele>0</ele>
            </trkpt>
            <trkpt lat="46.008428" lon="10.347454">
                <ele>0</ele>
            </trkpt>
            <trkpt lat="46.008804" lon="10.34739">
                <ele>0</ele>
            </trkpt>
            <trkpt lat="46.009161" lon="10.347346">
                <ele>0</ele>
            </trkpt>
            <trkpt lat="46.009439" lon="10.347335">
                <ele>0</ele>
            </trkpt>
            <trkpt lat="46.009746" lon="10.34734">
                <ele>0</ele>
            </trkpt>
            <trkpt lat="46.010042" lon="10.347371">
                <ele>0</ele>
            </trkpt>
            <trkpt lat="46.010515" lon="10.347467">
                <ele>0</ele>
            </trkpt>
            <trkpt lat="46.010864" lon="10.347585">
                <ele>0</ele>
            </trkpt>
            <trkpt lat="46.011059" lon="10.347669">
                <ele>0</ele>
            </trkpt>
            <trkpt lat="46.011428" lon="10.347827">
                <ele>0</ele>
            </trkpt>
            <trkpt lat="46.011894" lon="10.348071">
                <ele>0</ele>
            </trkpt>
            <trkpt lat="46.012225" lon="10.348269">
                <ele>0</ele>
            </trkpt>
            <trkpt lat="46.01281" lon="10.348615">
                <ele>0</ele>
            </trkpt>
            <trkpt lat="46.014381" lon="10.349571">
                <ele>0</ele>
            </trkpt>
            <trkpt lat="46.01439" lon="10.349576">
                <ele>0</ele>
            </trkpt>
            <trkpt lat="46.01507" lon="10.349907">
                <ele>0</ele>
            </trkpt>
            <trkpt lat="46.015473" lon="10.349991">
                <ele>0</ele>
            </trkpt>
            <trkpt lat="46.015881" lon="10.350024">
                <ele>0</ele>
            </trkpt>
            <trkpt lat="46.016048" lon="10.350038">
                <ele>0</ele>
            </trkpt>
            <trkpt lat="46.016713" lon="10.349987">
                <ele>0</ele>
            </trkpt>
            <trkpt lat="46.017104" lon="10.349881">
                <ele>0</ele>
            </trkpt>
            <trkpt lat="46.017387" lon="10.349811">
                <ele>0</ele>
            </trkpt>
            <trkpt lat="46.017941" lon="10.349696">
                <ele>0</ele>
            </trkpt>
            <trkpt lat="46.01995" lon="10.349631">
                <ele>0</ele>
            </trkpt>
            <trkpt lat="46.021034" lon="10.349706">
                <ele>0</ele>
            </trkpt>
            <trkpt lat="46.021798" lon="10.349883">
                <ele>0</ele>
            </trkpt>
            <trkpt lat="46.022763" lon="10.350178">
                <ele>0</ele>
            </trkpt>
            <trkpt lat="46.023857" lon="10.350705">
                <ele>0</ele>
            </trkpt>
            <trkpt lat="46.02489" lon="10.351183">
                <ele>0</ele>
            </trkpt>
            <trkpt lat="46.026549" lon="10.351734">
                <ele>0</ele>
            </trkpt>
            <trkpt lat="46.027624" lon="10.351948">
                <ele>0</ele>
            </trkpt>
            <trkpt lat="46.02864" lon="10.352039">
                <ele>0</ele>
            </trkpt>
            <trkpt lat="46.029724" lon="10.351953">
                <ele>0</ele>
            </trkpt>
            <trkpt lat="46.030971" lon="10.351677">
                <ele>0</ele>
            </trkpt>
            <trkpt lat="46.031784" lon="10.351428">
                <ele>0</ele>
            </trkpt>
            <trkpt lat="46.032499" lon="10.351106">
                <ele>0</ele>
            </trkpt>
            <trkpt lat="46.033317" lon="10.35066">
                <ele>0</ele>
            </trkpt>
            <trkpt lat="46.033821" lon="10.350353">
                <ele>0</ele>
            </trkpt>
            <trkpt lat="46.03429" lon="10.350002">
                <ele>0</ele>
            </trkpt>
            <trkpt lat="46.034716" lon="10.349637">
                <ele>0</ele>
            </trkpt>
            <trkpt lat="46.035491" lon="10.348948">
                <ele>0</ele>
            </trkpt>
            <trkpt lat="46.035738" lon="10.348716">
                <ele>0</ele>
            </trkpt>
            <trkpt lat="46.03577" lon="10.348686">
                <ele>0</ele>
            </trkpt>
            <trkpt lat="46.036121" lon="10.348351">
                <ele>0</ele>
            </trkpt>
            <trkpt lat="46.037234" lon="10.347342">
                <ele>0</ele>
            </trkpt>
            <trkpt lat="46.037452" lon="10.347139">
                <ele>0</ele>
            </trkpt>
            <trkpt lat="46.037827" lon="10.346776">
                <ele>0</ele>
            </trkpt>
            <trkpt lat="46.037981" lon="10.346627">
                <ele>0</ele>
            </trkpt>
            <trkpt lat="46.038067" lon="10.346546">
                <ele>0</ele>
            </trkpt>
            <trkpt lat="46.038084" lon="10.34653">
                <ele>0</ele>
            </trkpt>
            <trkpt lat="46.038951" lon="10.345719">
                <ele>0</ele>
            </trkpt>
            <trkpt lat="46.039248" lon="10.345442">
                <ele>0</ele>
            </trkpt>
            <trkpt lat="46.039881" lon="10.344849">
                <ele>0</ele>
            </trkpt>
            <trkpt lat="46.040873" lon="10.343944">
                <ele>0</ele>
            </trkpt>
            <trkpt lat="46.041076" lon="10.343735">
                <ele>0</ele>
            </trkpt>
            <trkpt lat="46.044706" lon="10.341388">
                <ele>0</ele>
            </trkpt>
            <trkpt lat="46.046606" lon="10.340706">
                <ele>0</ele>
            </trkpt>
            <trkpt lat="46.049234" lon="10.340026">
                <ele>0</ele>
            </trkpt>
            <trkpt lat="46.056572" lon="10.338933">
                <ele>0</ele>
            </trkpt>
            <trkpt lat="46.061965" lon="10.33809">
                <ele>0</ele>
            </trkpt>
            <trkpt lat="46.066482" lon="10.337388">
                <ele>0</ele>
            </trkpt>
            <trkpt lat="46.07098" lon="10.336668">
                <ele>0</ele>
            </trkpt>
            <trkpt lat="46.077012" lon="10.335515">
                <ele>0</ele>
            </trkpt>
            <trkpt lat="46.077608" lon="10.335246">
                <ele>0</ele>
            </trkpt>
            <trkpt lat="46.08171" lon="10.333388">
                <ele>0</ele>
            </trkpt>
            <trkpt lat="46.082938" lon="10.33221">
                <ele>0</ele>
            </trkpt>
            <trkpt lat="46.084224" lon="10.330827">
                <ele>0</ele>
            </trkpt>
            <trkpt lat="46.084391" lon="10.330653">
                <ele>0</ele>
            </trkpt>
            <trkpt lat="46.085611" lon="10.329401">
                <ele>0</ele>
            </trkpt>
            <trkpt lat="46.086036" lon="10.328958">
                <ele>0</ele>
            </trkpt>
            <trkpt lat="46.08617" lon="10.328898">
                <ele>0</ele>
            </trkpt>
            <trkpt lat="46.08639" lon="10.328802">
                <ele>0</ele>
            </trkpt>
            <trkpt lat="46.086782" lon="10.328619">
                <ele>0</ele>
            </trkpt>
            <trkpt lat="46.0871" lon="10.328482">
                <ele>0</ele>
            </trkpt>
            <trkpt lat="46.087463" lon="10.328269">
                <ele>0</ele>
            </trkpt>
            <trkpt lat="46.08753" lon="10.328203">
                <ele>0</ele>
            </trkpt>
            <trkpt lat="46.087592" lon="10.328129">
                <ele>0</ele>
            </trkpt>
            <trkpt lat="46.087649" lon="10.328046">
                <ele>0</ele>
            </trkpt>
            <trkpt lat="46.087701" lon="10.327955">
                <ele>0</ele>
            </trkpt>
            <trkpt lat="46.087745" lon="10.327857">
                <ele>0</ele>
            </trkpt>
            <trkpt lat="46.087783" lon="10.327754">
                <ele>0</ele>
            </trkpt>
            <trkpt lat="46.087816" lon="10.327638">
                <ele>0</ele>
            </trkpt>
            <trkpt lat="46.08784" lon="10.327519">
                <ele>0</ele>
            </trkpt>
            <trkpt lat="46.087856" lon="10.327396">
                <ele>0</ele>
            </trkpt>
            <trkpt lat="46.087862" lon="10.327271">
                <ele>0</ele>
            </trkpt>
            <trkpt lat="46.08786" lon="10.327147">
                <ele>0</ele>
            </trkpt>
            <trkpt lat="46.087848" lon="10.327023">
                <ele>0</ele>
            </trkpt>
            <trkpt lat="46.087774" lon="10.32655">
                <ele>0</ele>
            </trkpt>
            <trkpt lat="46.087383" lon="10.324765">
                <ele>0</ele>
            </trkpt>
            <trkpt lat="46.087287" lon="10.324232">
                <ele>0</ele>
            </trkpt>
            <trkpt lat="46.087271" lon="10.324054">
                <ele>0</ele>
            </trkpt>
            <trkpt lat="46.087262" lon="10.323874">
                <ele>0</ele>
            </trkpt>
            <trkpt lat="46.08726" lon="10.323694">
                <ele>0</ele>
            </trkpt>
            <trkpt lat="46.087264" lon="10.323514">
                <ele>0</ele>
            </trkpt>
            <trkpt lat="46.087273" lon="10.323371">
                <ele>0</ele>
            </trkpt>
            <trkpt lat="46.087285" lon="10.32323">
                <ele>0</ele>
            </trkpt>
            <trkpt lat="46.087477" lon="10.322244">
                <ele>0</ele>
            </trkpt>
            <trkpt lat="46.087543" lon="10.321795">
                <ele>0</ele>
            </trkpt>
            <trkpt lat="46.087902" lon="10.320032">
                <ele>0</ele>
            </trkpt>
            <trkpt lat="46.087939" lon="10.319879">
                <ele>0</ele>
            </trkpt>
            <trkpt lat="46.087975" lon="10.319775">
                <ele>0</ele>
            </trkpt>
            <trkpt lat="46.088018" lon="10.31967">
                <ele>0</ele>
            </trkpt>
            <trkpt lat="46.088103" lon="10.319504">
                <ele>0</ele>
            </trkpt>
            <trkpt lat="46.088238" lon="10.319395">
                <ele>0</ele>
            </trkpt>
            <trkpt lat="46.088301" lon="10.319345">
                <ele>0</ele>
            </trkpt>
            <trkpt lat="46.088342" lon="10.319357">
                <ele>0</ele>
            </trkpt>
            <trkpt lat="46.088383" lon="10.319353">
                <ele>0</ele>
            </trkpt>
            <trkpt lat="46.088422" lon="10.31933">
                <ele>0</ele>
            </trkpt>
            <trkpt lat="46.088455" lon="10.319293">
                <ele>0</ele>
            </trkpt>
            <trkpt lat="46.088479" lon="10.319243">
                <ele>0</ele>
            </trkpt>
            <trkpt lat="46.088492" lon="10.319186">
                <ele>0</ele>
            </trkpt>
            <trkpt lat="46.088559" lon="10.319041">
                <ele>0</ele>
            </trkpt>
            <trkpt lat="46.08866" lon="10.318901">
                <ele>0</ele>
            </trkpt>
            <trkpt lat="46.088865" lon="10.318695">
                <ele>0</ele>
            </trkpt>
            <trkpt lat="46.089225" lon="10.318353">
                <ele>0</ele>
            </trkpt>
            <trkpt lat="46.089553" lon="10.31803">
                <ele>0</ele>
            </trkpt>
            <trkpt lat="46.089613" lon="10.317969">
                <ele>0</ele>
            </trkpt>
            <trkpt lat="46.089687" lon="10.317869">
                <ele>0</ele>
            </trkpt>
            <trkpt lat="46.089726" lon="10.317802">
                <ele>0</ele>
            </trkpt>
            <trkpt lat="46.089795" lon="10.317676">
                <ele>0</ele>
            </trkpt>
            <trkpt lat="46.089855" lon="10.317527">
                <ele>0</ele>
            </trkpt>
            <trkpt lat="46.089916" lon="10.317322">
                <ele>0</ele>
            </trkpt>
            <trkpt lat="46.089973" lon="10.317158">
                <ele>0</ele>
            </trkpt>
            <trkpt lat="46.089989" lon="10.317127">
                <ele>0</ele>
            </trkpt>
            <trkpt lat="46.090048" lon="10.317017">
                <ele>0</ele>
            </trkpt>
            <trkpt lat="46.090121" lon="10.316906">
                <ele>0</ele>
            </trkpt>
            <trkpt lat="46.090213" lon="10.316795">
                <ele>0</ele>
            </trkpt>
            <trkpt lat="46.090362" lon="10.316653">
                <ele>0</ele>
            </trkpt>
            <trkpt lat="46.090488" lon="10.316547">
                <ele>0</ele>
            </trkpt>
            <trkpt lat="46.090643" lon="10.316444">
                <ele>0</ele>
            </trkpt>
            <trkpt lat="46.090774" lon="10.316378">
                <ele>0</ele>
            </trkpt>
            <trkpt lat="46.090906" lon="10.316341">
                <ele>0</ele>
            </trkpt>
            <trkpt lat="46.092024" lon="10.316313">
                <ele>0</ele>
            </trkpt>
            <trkpt lat="46.092336" lon="10.316257">
                <ele>0</ele>
            </trkpt>
            <trkpt lat="46.092651" lon="10.316184">
                <ele>0</ele>
            </trkpt>
            <trkpt lat="46.092846" lon="10.316128">
                <ele>0</ele>
            </trkpt>
            <trkpt lat="46.093423" lon="10.315825">
                <ele>0</ele>
            </trkpt>
            <trkpt lat="46.093671" lon="10.31569">
                <ele>0</ele>
            </trkpt>
            <trkpt lat="46.094029" lon="10.315482">
                <ele>0</ele>
            </trkpt>
            <trkpt lat="46.094623" lon="10.315126">
                <ele>0</ele>
            </trkpt>
            <trkpt lat="46.095468" lon="10.314602">
                <ele>0</ele>
            </trkpt>
            <trkpt lat="46.095596" lon="10.314534">
                <ele>0</ele>
            </trkpt>
            <trkpt lat="46.095725" lon="10.314459">
                <ele>0</ele>
            </trkpt>
            <trkpt lat="46.095861" lon="10.314422">
                <ele>0</ele>
            </trkpt>
            <trkpt lat="46.095967" lon="10.314405">
                <ele>0</ele>
            </trkpt>
            <trkpt lat="46.096143" lon="10.314428">
                <ele>0</ele>
            </trkpt>
            <trkpt lat="46.096257" lon="10.314434">
                <ele>0</ele>
            </trkpt>
            <trkpt lat="46.096774" lon="10.314511">
                <ele>0</ele>
            </trkpt>
            <trkpt lat="46.097296" lon="10.314625">
                <ele>0</ele>
            </trkpt>
            <trkpt lat="46.097568" lon="10.314685">
                <ele>0</ele>
            </trkpt>
            <trkpt lat="46.097844" lon="10.31473">
                <ele>0</ele>
            </trkpt>
            <trkpt lat="46.098223" lon="10.314795">
                <ele>0</ele>
            </trkpt>
            <trkpt lat="46.098345" lon="10.314809">
                <ele>0</ele>
            </trkpt>
            <trkpt lat="46.098477" lon="10.3148">
                <ele>0</ele>
            </trkpt>
            <trkpt lat="46.098616" lon="10.314764">
                <ele>0</ele>
            </trkpt>
            <trkpt lat="46.098788" lon="10.314674">
                <ele>0</ele>
            </trkpt>
            <trkpt lat="46.098917" lon="10.314582">
                <ele>0</ele>
            </trkpt>
            <trkpt lat="46.099062" lon="10.314474">
                <ele>0</ele>
            </trkpt>
            <trkpt lat="46.099202" lon="10.314338">
                <ele>0</ele>
            </trkpt>
            <trkpt lat="46.099339" lon="10.314152">
                <ele>0</ele>
            </trkpt>
            <trkpt lat="46.09953" lon="10.313885">
                <ele>0</ele>
            </trkpt>
            <trkpt lat="46.099672" lon="10.313752">
                <ele>0</ele>
            </trkpt>
            <trkpt lat="46.099767" lon="10.313685">
                <ele>0</ele>
            </trkpt>
            <trkpt lat="46.099867" lon="10.313624">
                <ele>0</ele>
            </trkpt>
            <trkpt lat="46.099999" lon="10.313572">
                <ele>0</ele>
            </trkpt>
            <trkpt lat="46.100091" lon="10.313547">
                <ele>0</ele>
            </trkpt>
            <trkpt lat="46.100189" lon="10.313523">
                <ele>0</ele>
            </trkpt>
            <trkpt lat="46.100358" lon="10.313518">
                <ele>0</ele>
            </trkpt>
            <trkpt lat="46.100516" lon="10.313542">
                <ele>0</ele>
            </trkpt>
            <trkpt lat="46.100658" lon="10.313594">
                <ele>0</ele>
            </trkpt>
            <trkpt lat="46.10084" lon="10.313692">
                <ele>0</ele>
            </trkpt>
            <trkpt lat="46.101449" lon="10.314128">
                <ele>0</ele>
            </trkpt>
            <trkpt lat="46.101777" lon="10.314357">
                <ele>0</ele>
            </trkpt>
            <trkpt lat="46.10189" lon="10.314419">
                <ele>0</ele>
            </trkpt>
            <trkpt lat="46.101983" lon="10.314443">
                <ele>0</ele>
            </trkpt>
            <trkpt lat="46.102017" lon="10.314446">
                <ele>0</ele>
            </trkpt>
            <trkpt lat="46.102123" lon="10.314455">
                <ele>0</ele>
            </trkpt>
            <trkpt lat="46.10219" lon="10.31443">
                <ele>0</ele>
            </trkpt>
            <trkpt lat="46.102271" lon="10.314378">
                <ele>0</ele>
            </trkpt>
            <trkpt lat="46.102387" lon="10.314262">
                <ele>0</ele>
            </trkpt>
            <trkpt lat="46.102472" lon="10.314128">
                <ele>0</ele>
            </trkpt>
            <trkpt lat="46.10255" lon="10.313974">
                <ele>0</ele>
            </trkpt>
            <trkpt lat="46.102694" lon="10.313754">
                <ele>0</ele>
            </trkpt>
            <trkpt lat="46.102829" lon="10.313611">
                <ele>0</ele>
            </trkpt>
            <trkpt lat="46.103104" lon="10.313427">
                <ele>0</ele>
            </trkpt>
            <trkpt lat="46.103362" lon="10.313282">
                <ele>0</ele>
            </trkpt>
            <trkpt lat="46.103794" lon="10.313146">
                <ele>0</ele>
            </trkpt>
            <trkpt lat="46.104001" lon="10.313082">
                <ele>0</ele>
            </trkpt>
            <trkpt lat="46.104073" lon="10.31307">
                <ele>0</ele>
            </trkpt>
            <trkpt lat="46.104183" lon="10.313051">
                <ele>0</ele>
            </trkpt>
            <trkpt lat="46.104367" lon="10.313045">
                <ele>0</ele>
            </trkpt>
            <trkpt lat="46.104548" lon="10.313081">
                <ele>0</ele>
            </trkpt>
            <trkpt lat="46.104818" lon="10.31312">
                <ele>0</ele>
            </trkpt>
            <trkpt lat="46.10508" lon="10.313135">
                <ele>0</ele>
            </trkpt>
            <trkpt lat="46.105189" lon="10.313135">
                <ele>0</ele>
            </trkpt>
            <trkpt lat="46.105302" lon="10.313125">
                <ele>0</ele>
            </trkpt>
            <trkpt lat="46.105417" lon="10.313103">
                <ele>0</ele>
            </trkpt>
            <trkpt lat="46.105666" lon="10.313056">
                <ele>0</ele>
            </trkpt>
            <trkpt lat="46.105877" lon="10.313033">
                <ele>0</ele>
            </trkpt>
            <trkpt lat="46.105985" lon="10.31304">
                <ele>0</ele>
            </trkpt>
            <trkpt lat="46.106157" lon="10.313081">
                <ele>0</ele>
            </trkpt>
            <trkpt lat="46.106392" lon="10.313203">
                <ele>0</ele>
            </trkpt>
            <trkpt lat="46.106632" lon="10.31334">
                <ele>0</ele>
            </trkpt>
            <trkpt lat="46.107746" lon="10.314045">
                <ele>0</ele>
            </trkpt>
            <trkpt lat="46.108313" lon="10.3143">
                <ele>0</ele>
            </trkpt>
            <trkpt lat="46.108418" lon="10.314319">
                <ele>0</ele>
            </trkpt>
            <trkpt lat="46.108519" lon="10.314319">
                <ele>0</ele>
            </trkpt>
            <trkpt lat="46.108605" lon="10.314312">
                <ele>0</ele>
            </trkpt>
            <trkpt lat="46.108684" lon="10.314269">
                <ele>0</ele>
            </trkpt>
            <trkpt lat="46.108738" lon="10.314219">
                <ele>0</ele>
            </trkpt>
            <trkpt lat="46.108797" lon="10.314135">
                <ele>0</ele>
            </trkpt>
            <trkpt lat="46.108938" lon="10.313841">
                <ele>0</ele>
            </trkpt>
            <trkpt lat="46.109093" lon="10.313461">
                <ele>0</ele>
            </trkpt>
            <trkpt lat="46.10922" lon="10.313151">
                <ele>0</ele>
            </trkpt>
            <trkpt lat="46.109319" lon="10.31292">
                <ele>0</ele>
            </trkpt>
            <trkpt lat="46.109443" lon="10.312652">
                <ele>0</ele>
            </trkpt>
            <trkpt lat="46.109574" lon="10.312458">
                <ele>0</ele>
            </trkpt>
            <trkpt lat="46.109739" lon="10.312307">
                <ele>0</ele>
            </trkpt>
            <trkpt lat="46.109907" lon="10.31222">
                <ele>0</ele>
            </trkpt>
            <trkpt lat="46.110096" lon="10.312182">
                <ele>0</ele>
            </trkpt>
            <trkpt lat="46.110289" lon="10.3122">
                <ele>0</ele>
            </trkpt>
            <trkpt lat="46.110466" lon="10.312262">
                <ele>0</ele>
            </trkpt>
            <trkpt lat="46.11064" lon="10.312352">
                <ele>0</ele>
            </trkpt>
            <trkpt lat="46.110791" lon="10.312437">
                <ele>0</ele>
            </trkpt>
            <trkpt lat="46.11122" lon="10.312703">
                <ele>0</ele>
            </trkpt>
            <trkpt lat="46.111875" lon="10.313081">
                <ele>0</ele>
            </trkpt>
            <trkpt lat="46.112175" lon="10.313253">
                <ele>0</ele>
            </trkpt>
            <trkpt lat="46.112382" lon="10.31337">
                <ele>0</ele>
            </trkpt>
            <trkpt lat="46.112507" lon="10.313472">
                <ele>0</ele>
            </trkpt>
            <trkpt lat="46.112598" lon="10.313554">
                <ele>0</ele>
            </trkpt>
            <trkpt lat="46.112739" lon="10.313681">
                <ele>0</ele>
            </trkpt>
            <trkpt lat="46.112776" lon="10.313721">
                <ele>0</ele>
            </trkpt>
            <trkpt lat="46.112794" lon="10.313741">
                <ele>0</ele>
            </trkpt>
            <trkpt lat="46.112988" lon="10.313955">
                <ele>0</ele>
            </trkpt>
            <trkpt lat="46.114028" lon="10.315287">
                <ele>0</ele>
            </trkpt>
            <trkpt lat="46.114919" lon="10.316445">
                <ele>0</ele>
            </trkpt>
            <trkpt lat="46.115833" lon="10.317582">
                <ele>0</ele>
            </trkpt>
            <trkpt lat="46.116" lon="10.317739">
                <ele>0</ele>
            </trkpt>
            <trkpt lat="46.116179" lon="10.317874">
                <ele>0</ele>
            </trkpt>
            <trkpt lat="46.116546" lon="10.318153">
                <ele>0</ele>
            </trkpt>
            <trkpt lat="46.116827" lon="10.31836">
                <ele>0</ele>
            </trkpt>
            <trkpt lat="46.117104" lon="10.318523">
                <ele>0</ele>
            </trkpt>
            <trkpt lat="46.117106" lon="10.318524">
                <ele>0</ele>
            </trkpt>
            <trkpt lat="46.117116" lon="10.31853">
                <ele>0</ele>
            </trkpt>
            <trkpt lat="46.117309" lon="10.318588">
                <ele>0</ele>
            </trkpt>
            <trkpt lat="46.117525" lon="10.318625">
                <ele>0</ele>
            </trkpt>
            <trkpt lat="46.117851" lon="10.318637">
                <ele>0</ele>
            </trkpt>
            <trkpt lat="46.117937" lon="10.31864">
                <ele>0</ele>
            </trkpt>
            <trkpt lat="46.11837" lon="10.318648">
                <ele>0</ele>
            </trkpt>
            <trkpt lat="46.118549" lon="10.318694">
                <ele>0</ele>
            </trkpt>
            <trkpt lat="46.118743" lon="10.318751">
                <ele>0</ele>
            </trkpt>
            <trkpt lat="46.118842" lon="10.318797">
                <ele>0</ele>
            </trkpt>
            <trkpt lat="46.118896" lon="10.318822">
                <ele>0</ele>
            </trkpt>
            <trkpt lat="46.119" lon="10.318879">
                <ele>0</ele>
            </trkpt>
            <trkpt lat="46.119186" lon="10.319003">
                <ele>0</ele>
            </trkpt>
            <trkpt lat="46.119332" lon="10.319132">
                <ele>0</ele>
            </trkpt>
            <trkpt lat="46.119832" lon="10.319637">
                <ele>0</ele>
            </trkpt>
            <trkpt lat="46.119895" lon="10.319705">
                <ele>0</ele>
            </trkpt>
            <trkpt lat="46.119913" lon="10.319725">
                <ele>0</ele>
            </trkpt>
            <trkpt lat="46.119988" lon="10.319805">
                <ele>0</ele>
            </trkpt>
            <trkpt lat="46.120114" lon="10.319943">
                <ele>0</ele>
            </trkpt>
            <trkpt lat="46.120255" lon="10.320088">
                <ele>0</ele>
            </trkpt>
            <trkpt lat="46.120294" lon="10.32013">
                <ele>0</ele>
            </trkpt>
            <trkpt lat="46.120315" lon="10.320153">
                <ele>0</ele>
            </trkpt>
            <trkpt lat="46.120781" lon="10.32065">
                <ele>0</ele>
            </trkpt>
            <trkpt lat="46.120986" lon="10.320865">
                <ele>0</ele>
            </trkpt>
            <trkpt lat="46.121059" lon="10.320944">
                <ele>0</ele>
            </trkpt>
            <trkpt lat="46.121125" lon="10.321012">
                <ele>0</ele>
            </trkpt>
            <trkpt lat="46.121627" lon="10.321542">
                <ele>0</ele>
            </trkpt>
            <trkpt lat="46.121691" lon="10.32161">
                <ele>0</ele>
            </trkpt>
            <trkpt lat="46.121742" lon="10.321664">
                <ele>0</ele>
            </trkpt>
            <trkpt lat="46.122164" lon="10.322124">
                <ele>0</ele>
            </trkpt>
            <trkpt lat="46.122769" lon="10.322741">
                <ele>0</ele>
            </trkpt>
            <trkpt lat="46.122862" lon="10.322846">
                <ele>0</ele>
            </trkpt>
            <trkpt lat="46.123803" lon="10.323828">
                <ele>0</ele>
            </trkpt>
            <trkpt lat="46.124415" lon="10.324485">
                <ele>0</ele>
            </trkpt>
            <trkpt lat="46.124459" lon="10.324528">
                <ele>0</ele>
            </trkpt>
            <trkpt lat="46.124486" lon="10.32456">
                <ele>0</ele>
            </trkpt>
            <trkpt lat="46.124571" lon="10.324649">
                <ele>0</ele>
            </trkpt>
            <trkpt lat="46.125483" lon="10.325608">
                <ele>0</ele>
            </trkpt>
            <trkpt lat="46.125867" lon="10.326011">
                <ele>0</ele>
            </trkpt>
            <trkpt lat="46.125877" lon="10.326022">
                <ele>0</ele>
            </trkpt>
            <trkpt lat="46.126549" lon="10.326728">
                <ele>0</ele>
            </trkpt>
            <trkpt lat="46.126958" lon="10.327148">
                <ele>0</ele>
            </trkpt>
            <trkpt lat="46.127427" lon="10.327657">
                <ele>0</ele>
            </trkpt>
            <trkpt lat="46.128503" lon="10.328779">
                <ele>0</ele>
            </trkpt>
            <trkpt lat="46.132536" lon="10.333015">
                <ele>0</ele>
            </trkpt>
            <trkpt lat="46.132968" lon="10.333468">
                <ele>0</ele>
            </trkpt>
            <trkpt lat="46.13309" lon="10.333676">
                <ele>0</ele>
            </trkpt>
            <trkpt lat="46.133157" lon="10.333804">
                <ele>0</ele>
            </trkpt>
            <trkpt lat="46.133177" lon="10.333859">
                <ele>0</ele>
            </trkpt>
            <trkpt lat="46.133206" lon="10.333904">
                <ele>0</ele>
            </trkpt>
            <trkpt lat="46.133243" lon="10.333936">
                <ele>0</ele>
            </trkpt>
            <trkpt lat="46.133284" lon="10.333953">
                <ele>0</ele>
            </trkpt>
            <trkpt lat="46.133326" lon="10.333953">
                <ele>0</ele>
            </trkpt>
            <trkpt lat="46.133588" lon="10.334132">
                <ele>0</ele>
            </trkpt>
            <trkpt lat="46.134627" lon="10.33517">
                <ele>0</ele>
            </trkpt>
            <trkpt lat="46.134954" lon="10.335514">
                <ele>0</ele>
            </trkpt>
            <trkpt lat="46.135275" lon="10.335819">
                <ele>0</ele>
            </trkpt>
            <trkpt lat="46.135539" lon="10.336018">
                <ele>0</ele>
            </trkpt>
            <trkpt lat="46.136467" lon="10.336611">
                <ele>0</ele>
            </trkpt>
            <trkpt lat="46.137416" lon="10.337161">
                <ele>0</ele>
            </trkpt>
            <trkpt lat="46.138272" lon="10.337659">
                <ele>0</ele>
            </trkpt>
            <trkpt lat="46.139116" lon="10.338137">
                <ele>0</ele>
            </trkpt>
            <trkpt lat="46.14033" lon="10.338859">
                <ele>0</ele>
            </trkpt>
            <trkpt lat="46.141405" lon="10.339478">
                <ele>0</ele>
            </trkpt>
            <trkpt lat="46.141518" lon="10.339543">
                <ele>0</ele>
            </trkpt>
            <trkpt lat="46.141837" lon="10.339764">
                <ele>0</ele>
            </trkpt>
            <trkpt lat="46.142468" lon="10.34023">
                <ele>0</ele>
            </trkpt>
            <trkpt lat="46.143091" lon="10.340719">
                <ele>0</ele>
            </trkpt>
            <trkpt lat="46.14433" lon="10.341706">
                <ele>0</ele>
            </trkpt>
            <trkpt lat="46.145641" lon="10.342716">
                <ele>0</ele>
            </trkpt>
            <trkpt lat="46.14623" lon="10.34317">
                <ele>0</ele>
            </trkpt>
            <trkpt lat="46.146527" lon="10.343336">
                <ele>0</ele>
            </trkpt>
            <trkpt lat="46.146799" lon="10.343423">
                <ele>0</ele>
            </trkpt>
            <trkpt lat="46.14688" lon="10.343457">
                <ele>0</ele>
            </trkpt>
            <trkpt lat="46.146991" lon="10.343504">
                <ele>0</ele>
            </trkpt>
            <trkpt lat="46.147174" lon="10.343624">
                <ele>0</ele>
            </trkpt>
            <trkpt lat="46.147905" lon="10.344275">
                <ele>0</ele>
            </trkpt>
            <trkpt lat="46.148077" lon="10.344421">
                <ele>0</ele>
            </trkpt>
            <trkpt lat="46.148254" lon="10.344559">
                <ele>0</ele>
            </trkpt>
            <trkpt lat="46.148564" lon="10.344752">
                <ele>0</ele>
            </trkpt>
            <trkpt lat="46.148709" lon="10.344836">
                <ele>0</ele>
            </trkpt>
            <trkpt lat="46.148851" lon="10.344897">
                <ele>0</ele>
            </trkpt>
            <trkpt lat="46.14896" lon="10.344927">
                <ele>0</ele>
            </trkpt>
            <trkpt lat="46.149072" lon="10.34493">
                <ele>0</ele>
            </trkpt>
            <trkpt lat="46.149332" lon="10.344878">
                <ele>0</ele>
            </trkpt>
            <trkpt lat="46.14955" lon="10.344861">
                <ele>0</ele>
            </trkpt>
            <trkpt lat="46.149767" lon="10.344897">
                <ele>0</ele>
            </trkpt>
            <trkpt lat="46.150116" lon="10.344977">
                <ele>0</ele>
            </trkpt>
            <trkpt lat="46.150593" lon="10.345151">
                <ele>0</ele>
            </trkpt>
            <trkpt lat="46.15153" lon="10.345505">
                <ele>0</ele>
            </trkpt>
            <trkpt lat="46.151584" lon="10.345526">
                <ele>0</ele>
            </trkpt>
            <trkpt lat="46.152094" lon="10.34572">
                <ele>0</ele>
            </trkpt>
            <trkpt lat="46.152233" lon="10.345764">
                <ele>0</ele>
            </trkpt>
            <trkpt lat="46.152372" lon="10.345775">
                <ele>0</ele>
            </trkpt>
            <trkpt lat="46.152537" lon="10.345766">
                <ele>0</ele>
            </trkpt>
            <trkpt lat="46.152697" lon="10.345724">
                <ele>0</ele>
            </trkpt>
            <trkpt lat="46.152904" lon="10.345656">
                <ele>0</ele>
            </trkpt>
            <trkpt lat="46.153232" lon="10.345547">
                <ele>0</ele>
            </trkpt>
            <trkpt lat="46.153416" lon="10.345527">
                <ele>0</ele>
            </trkpt>
            <trkpt lat="46.153615" lon="10.345587">
                <ele>0</ele>
            </trkpt>
            <trkpt lat="46.15422" lon="10.345965">
                <ele>0</ele>
            </trkpt>
            <trkpt lat="46.154448" lon="10.346071">
                <ele>0</ele>
            </trkpt>
            <trkpt lat="46.15458" lon="10.3461">
                <ele>0</ele>
            </trkpt>
            <trkpt lat="46.155569" lon="10.346146">
                <ele>0</ele>
            </trkpt>
            <trkpt lat="46.155623" lon="10.346148">
                <ele>0</ele>
            </trkpt>
            <trkpt lat="46.155739" lon="10.346162">
                <ele>0</ele>
            </trkpt>
            <trkpt lat="46.155846" lon="10.346197">
                <ele>0</ele>
            </trkpt>
            <trkpt lat="46.156006" lon="10.346284">
                <ele>0</ele>
            </trkpt>
            <trkpt lat="46.156458" lon="10.34667">
                <ele>0</ele>
            </trkpt>
            <trkpt lat="46.15663" lon="10.346817">
                <ele>0</ele>
            </trkpt>
            <trkpt lat="46.157284" lon="10.34738">
                <ele>0</ele>
            </trkpt>
            <trkpt lat="46.157402" lon="10.347482">
                <ele>0</ele>
            </trkpt>
            <trkpt lat="46.157475" lon="10.347581">
                <ele>0</ele>
            </trkpt>
            <trkpt lat="46.157525" lon="10.347668">
                <ele>0</ele>
            </trkpt>
            <trkpt lat="46.157549" lon="10.347764">
                <ele>0</ele>
            </trkpt>
            <trkpt lat="46.157557" lon="10.347795">
                <ele>0</ele>
            </trkpt>
            <trkpt lat="46.157555" lon="10.348335">
                <ele>0</ele>
            </trkpt>
            <trkpt lat="46.157573" lon="10.348456">
                <ele>0</ele>
            </trkpt>
            <trkpt lat="46.15762" lon="10.348597">
                <ele>0</ele>
            </trkpt>
            <trkpt lat="46.157693" lon="10.348716">
                <ele>0</ele>
            </trkpt>
            <trkpt lat="46.157771" lon="10.348805">
                <ele>0</ele>
            </trkpt>
            <trkpt lat="46.157862" lon="10.348838">
                <ele>0</ele>
            </trkpt>
            <trkpt lat="46.157968" lon="10.348839">
                <ele>0</ele>
            </trkpt>
            <trkpt lat="46.158266" lon="10.348771">
                <ele>0</ele>
            </trkpt>
            <trkpt lat="46.158777" lon="10.348664">
                <ele>0</ele>
            </trkpt>
            <trkpt lat="46.159071" lon="10.348615">
                <ele>0</ele>
            </trkpt>
            <trkpt lat="46.1591" lon="10.348613">
                <ele>0</ele>
            </trkpt>
            <trkpt lat="46.15928" lon="10.3486">
                <ele>0</ele>
            </trkpt>
            <trkpt lat="46.159461" lon="10.348619">
                <ele>0</ele>
            </trkpt>
            <trkpt lat="46.159681" lon="10.348692">
                <ele>0</ele>
            </trkpt>
            <trkpt lat="46.159986" lon="10.348862">
                <ele>0</ele>
            </trkpt>
            <trkpt lat="46.160365" lon="10.349169">
                <ele>0</ele>
            </trkpt>
            <trkpt lat="46.160744" lon="10.349476">
                <ele>0</ele>
            </trkpt>
            <trkpt lat="46.161465" lon="10.35006">
                <ele>0</ele>
            </trkpt>
            <trkpt lat="46.161603" lon="10.350168">
                <ele>0</ele>
            </trkpt>
            <trkpt lat="46.161761" lon="10.350291">
                <ele>0</ele>
            </trkpt>
            <trkpt lat="46.162042" lon="10.350448">
                <ele>0</ele>
            </trkpt>
            <trkpt lat="46.162178" lon="10.350498">
                <ele>0</ele>
            </trkpt>
            <trkpt lat="46.162181" lon="10.350499">
                <ele>0</ele>
            </trkpt>
            <trkpt lat="46.162186" lon="10.350501">
                <ele>0</ele>
            </trkpt>
            <trkpt lat="46.162248" lon="10.350524">
                <ele>0</ele>
            </trkpt>
            <trkpt lat="46.162429" lon="10.350562">
                <ele>0</ele>
            </trkpt>
            <trkpt lat="46.162488" lon="10.350565">
                <ele>0</ele>
            </trkpt>
            <trkpt lat="46.162681" lon="10.350576">
                <ele>0</ele>
            </trkpt>
            <trkpt lat="46.162866" lon="10.350576">
                <ele>0</ele>
            </trkpt>
            <trkpt lat="46.163021" lon="10.350556">
                <ele>0</ele>
            </trkpt>
            <trkpt lat="46.163264" lon="10.350513">
                <ele>0</ele>
            </trkpt>
            <trkpt lat="46.164027" lon="10.350316">
                <ele>0</ele>
            </trkpt>
            <trkpt lat="46.164506" lon="10.350188">
                <ele>0</ele>
            </trkpt>
            <trkpt lat="46.164627" lon="10.350217">
                <ele>0</ele>
            </trkpt>
            <trkpt lat="46.164691" lon="10.350251">
                <ele>0</ele>
            </trkpt>
            <trkpt lat="46.164765" lon="10.350329">
                <ele>0</ele>
            </trkpt>
            <trkpt lat="46.164809" lon="10.350382">
                <ele>0</ele>
            </trkpt>
            <trkpt lat="46.164818" lon="10.350407">
                <ele>0</ele>
            </trkpt>
            <trkpt lat="46.16483" lon="10.350444">
                <ele>0</ele>
            </trkpt>
            <trkpt lat="46.164863" lon="10.350494">
                <ele>0</ele>
            </trkpt>
            <trkpt lat="46.164905" lon="10.350527">
                <ele>0</ele>
            </trkpt>
            <trkpt lat="46.164951" lon="10.350541">
                <ele>0</ele>
            </trkpt>
            <trkpt lat="46.164999" lon="10.350534">
                <ele>0</ele>
            </trkpt>
            <trkpt lat="46.165042" lon="10.350507">
                <ele>0</ele>
            </trkpt>
            <trkpt lat="46.165078" lon="10.350462">
                <ele>0</ele>
            </trkpt>
            <trkpt lat="46.165103" lon="10.350404">
                <ele>0</ele>
            </trkpt>
            <trkpt lat="46.165115" lon="10.350338">
                <ele>0</ele>
            </trkpt>
            <trkpt lat="46.165169" lon="10.35024">
                <ele>0</ele>
            </trkpt>
            <trkpt lat="46.165229" lon="10.350162">
                <ele>0</ele>
            </trkpt>
            <trkpt lat="46.165335" lon="10.350064">
                <ele>0</ele>
            </trkpt>
            <trkpt lat="46.165514" lon="10.349947">
                <ele>0</ele>
            </trkpt>
            <trkpt lat="46.165828" lon="10.349855">
                <ele>0</ele>
            </trkpt>
            <trkpt lat="46.166954" lon="10.349561">
                <ele>0</ele>
            </trkpt>
            <trkpt lat="46.167203" lon="10.349489">
                <ele>0</ele>
            </trkpt>
            <trkpt lat="46.16745" lon="10.349378">
                <ele>0</ele>
            </trkpt>
            <trkpt lat="46.167661" lon="10.349218">
                <ele>0</ele>
            </trkpt>
            <trkpt lat="46.167857" lon="10.349015">
                <ele>0</ele>
            </trkpt>
            <trkpt lat="46.168309" lon="10.348263">
                <ele>0</ele>
            </trkpt>
            <trkpt lat="46.168532" lon="10.347917">
                <ele>0</ele>
            </trkpt>
            <trkpt lat="46.168698" lon="10.34766">
                <ele>0</ele>
            </trkpt>
            <trkpt lat="46.168742" lon="10.347595">
                <ele>0</ele>
            </trkpt>
            <trkpt lat="46.169046" lon="10.347145">
                <ele>0</ele>
            </trkpt>
            <trkpt lat="46.169089" lon="10.347086">
                <ele>0</ele>
            </trkpt>
            <trkpt lat="46.169129" lon="10.347055">
                <ele>0</ele>
            </trkpt>
            <trkpt lat="46.169178" lon="10.347034">
                <ele>0</ele>
            </trkpt>
            <trkpt lat="46.169227" lon="10.347025">
                <ele>0</ele>
            </trkpt>
            <trkpt lat="46.169265" lon="10.347023">
                <ele>0</ele>
            </trkpt>
            <trkpt lat="46.169301" lon="10.347002">
                <ele>0</ele>
            </trkpt>
            <trkpt lat="46.16933" lon="10.346964">
                <ele>0</ele>
            </trkpt>
            <trkpt lat="46.169347" lon="10.346923">
                <ele>0</ele>
            </trkpt>
            <trkpt lat="46.169355" lon="10.346877">
                <ele>0</ele>
            </trkpt>
            <trkpt lat="46.169354" lon="10.346829">
                <ele>0</ele>
            </trkpt>
            <trkpt lat="46.169343" lon="10.346784">
                <ele>0</ele>
            </trkpt>
            <trkpt lat="46.169345" lon="10.346727">
                <ele>0</ele>
            </trkpt>
            <trkpt lat="46.169356" lon="10.346667">
                <ele>0</ele>
            </trkpt>
            <trkpt lat="46.169369" lon="10.346619">
                <ele>0</ele>
            </trkpt>
            <trkpt lat="46.169387" lon="10.346597">
                <ele>0</ele>
            </trkpt>
            <trkpt lat="46.169694" lon="10.346128">
                <ele>0</ele>
            </trkpt>
            <trkpt lat="46.170018" lon="10.345624">
                <ele>0</ele>
            </trkpt>
            <trkpt lat="46.170142" lon="10.345425">
                <ele>0</ele>
            </trkpt>
            <trkpt lat="46.170354" lon="10.345085">
                <ele>0</ele>
            </trkpt>
            <trkpt lat="46.170391" lon="10.345025">
                <ele>0</ele>
            </trkpt>
            <trkpt lat="46.170726" lon="10.344489">
                <ele>0</ele>
            </trkpt>
            <trkpt lat="46.170818" lon="10.344343">
                <ele>0</ele>
            </trkpt>
            <trkpt lat="46.171012" lon="10.344035">
                <ele>0</ele>
            </trkpt>
            <trkpt lat="46.171049" lon="10.343968">
                <ele>0</ele>
            </trkpt>
            <trkpt lat="46.171178" lon="10.343736">
                <ele>0</ele>
            </trkpt>
            <trkpt lat="46.171397" lon="10.343479">
                <ele>0</ele>
            </trkpt>
            <trkpt lat="46.171521" lon="10.343358">
                <ele>0</ele>
            </trkpt>
            <trkpt lat="46.171618" lon="10.343293">
                <ele>0</ele>
            </trkpt>
            <trkpt lat="46.171647" lon="10.343281">
                <ele>0</ele>
            </trkpt>
            <trkpt lat="46.171673" lon="10.343262">
                <ele>0</ele>
            </trkpt>
            <trkpt lat="46.171803" lon="10.343109">
                <ele>0</ele>
            </trkpt>
            <trkpt lat="46.17182" lon="10.343084">
                <ele>0</ele>
            </trkpt>
            <trkpt lat="46.171838" lon="10.343049">
                <ele>0</ele>
            </trkpt>
            <trkpt lat="46.171851" lon="10.34301">
                <ele>0</ele>
            </trkpt>
            <trkpt lat="46.17186" lon="10.342969">
                <ele>0</ele>
            </trkpt>
            <trkpt lat="46.171863" lon="10.342941">
                <ele>0</ele>
            </trkpt>
            <trkpt lat="46.171864" lon="10.342926">
                <ele>0</ele>
            </trkpt>
            <trkpt lat="46.171887" lon="10.342698">
                <ele>0</ele>
            </trkpt>
            <trkpt lat="46.171964" lon="10.342483">
                <ele>0</ele>
            </trkpt>
            <trkpt lat="46.172065" lon="10.342291">
                <ele>0</ele>
            </trkpt>
            <trkpt lat="46.17233" lon="10.341924">
                <ele>0</ele>
            </trkpt>
            <trkpt lat="46.172364" lon="10.341877">
                <ele>0</ele>
            </trkpt>
            <trkpt lat="46.172593" lon="10.341516">
                <ele>0</ele>
            </trkpt>
            <trkpt lat="46.17285" lon="10.34111">
                <ele>0</ele>
            </trkpt>
            <trkpt lat="46.172864" lon="10.341087">
                <ele>0</ele>
            </trkpt>
            <trkpt lat="46.173181" lon="10.340587">
                <ele>0</ele>
            </trkpt>
            <trkpt lat="46.173275" lon="10.340439">
                <ele>0</ele>
            </trkpt>
            <trkpt lat="46.173733" lon="10.339731">
                <ele>0</ele>
            </trkpt>
            <trkpt lat="46.173862" lon="10.339525">
                <ele>0</ele>
            </trkpt>
            <trkpt lat="46.174264" lon="10.338881">
                <ele>0</ele>
            </trkpt>
            <trkpt lat="46.174413" lon="10.338669">
                <ele>0</ele>
            </trkpt>
            <trkpt lat="46.174793" lon="10.338069">
                <ele>0</ele>
            </trkpt>
            <trkpt lat="46.174827" lon="10.338015">
                <ele>0</ele>
            </trkpt>
            <trkpt lat="46.174855" lon="10.337971">
                <ele>0</ele>
            </trkpt>
            <trkpt lat="46.174935" lon="10.337846">
                <ele>0</ele>
            </trkpt>
            <trkpt lat="46.175116" lon="10.337581">
                <ele>0</ele>
            </trkpt>
            <trkpt lat="46.175158" lon="10.33752">
                <ele>0</ele>
            </trkpt>
            <trkpt lat="46.175276" lon="10.337346">
                <ele>0</ele>
            </trkpt>
            <trkpt lat="46.175311" lon="10.337304">
                <ele>0</ele>
            </trkpt>
            <trkpt lat="46.175344" lon="10.337265">
                <ele>0</ele>
            </trkpt>
            <trkpt lat="46.175597" lon="10.337028">
                <ele>0</ele>
            </trkpt>
            <trkpt lat="46.176022" lon="10.336634">
                <ele>0</ele>
            </trkpt>
            <trkpt lat="46.176162" lon="10.336516">
                <ele>0</ele>
            </trkpt>
            <trkpt lat="46.176169" lon="10.336509">
                <ele>0</ele>
            </trkpt>
            <trkpt lat="46.17627" lon="10.336403">
                <ele>0</ele>
            </trkpt>
            <trkpt lat="46.176366" lon="10.336321">
                <ele>0</ele>
            </trkpt>
            <trkpt lat="46.176483" lon="10.336214">
                <ele>0</ele>
            </trkpt>
            <trkpt lat="46.176652" lon="10.336073">
                <ele>0</ele>
            </trkpt>
            <trkpt lat="46.176662" lon="10.336064">
                <ele>0</ele>
            </trkpt>
            <trkpt lat="46.176669" lon="10.336057">
                <ele>0</ele>
            </trkpt>
            <trkpt lat="46.176701" lon="10.336025">
                <ele>0</ele>
            </trkpt>
            <trkpt lat="46.176778" lon="10.335954">
                <ele>0</ele>
            </trkpt>
            <trkpt lat="46.177034" lon="10.33572">
                <ele>0</ele>
            </trkpt>
            <trkpt lat="46.177179" lon="10.33562">
                <ele>0</ele>
            </trkpt>
            <trkpt lat="46.177293" lon="10.335568">
                <ele>0</ele>
            </trkpt>
            <trkpt lat="46.177383" lon="10.335537">
                <ele>0</ele>
            </trkpt>
            <trkpt lat="46.177472" lon="10.335515">
                <ele>0</ele>
            </trkpt>
            <trkpt lat="46.177526" lon="10.33551">
                <ele>0</ele>
            </trkpt>
            <trkpt lat="46.177664" lon="10.335493">
                <ele>0</ele>
            </trkpt>
            <trkpt lat="46.17785" lon="10.335514">
                <ele>0</ele>
            </trkpt>
            <trkpt lat="46.178047" lon="10.335575">
                <ele>0</ele>
            </trkpt>
            <trkpt lat="46.178048" lon="10.335575">
                <ele>0</ele>
            </trkpt>
            <trkpt lat="46.178067" lon="10.335581">
                <ele>0</ele>
            </trkpt>
            <trkpt lat="46.178079" lon="10.335585">
                <ele>0</ele>
            </trkpt>
            <trkpt lat="46.178157" lon="10.335582">
                <ele>0</ele>
            </trkpt>
            <trkpt lat="46.178245" lon="10.335567">
                <ele>0</ele>
            </trkpt>
            <trkpt lat="46.178344" lon="10.335528">
                <ele>0</ele>
            </trkpt>
            <trkpt lat="46.178659" lon="10.33541">
                <ele>0</ele>
            </trkpt>
            <trkpt lat="46.178953" lon="10.335276">
                <ele>0</ele>
            </trkpt>
            <trkpt lat="46.178967" lon="10.335269">
                <ele>0</ele>
            </trkpt>
            <trkpt lat="46.179293" lon="10.33512">
                <ele>0</ele>
            </trkpt>
            <trkpt lat="46.179345" lon="10.335096">
                <ele>0</ele>
            </trkpt>
            <trkpt lat="46.180094" lon="10.334754">
                <ele>0</ele>
            </trkpt>
            <trkpt lat="46.180121" lon="10.334741">
                <ele>0</ele>
            </trkpt>
            <trkpt lat="46.180151" lon="10.334726">
                <ele>0</ele>
            </trkpt>
            <trkpt lat="46.180411" lon="10.334598">
                <ele>0</ele>
            </trkpt>
            <trkpt lat="46.180568" lon="10.334557">
                <ele>0</ele>
            </trkpt>
            <trkpt lat="46.180741" lon="10.334513">
                <ele>0</ele>
            </trkpt>
            <trkpt lat="46.180928" lon="10.334461">
                <ele>0</ele>
            </trkpt>
            <trkpt lat="46.181136" lon="10.334302">
                <ele>0</ele>
            </trkpt>
            <trkpt lat="46.181262" lon="10.334207">
                <ele>0</ele>
            </trkpt>
            <trkpt lat="46.181403" lon="10.334062">
                <ele>0</ele>
            </trkpt>
            <trkpt lat="46.181432" lon="10.333999">
                <ele>0</ele>
            </trkpt>
            <trkpt lat="46.181447" lon="10.333937">
                <ele>0</ele>
            </trkpt>
            <trkpt lat="46.181467" lon="10.333838">
                <ele>0</ele>
            </trkpt>
            <trkpt lat="46.181475" lon="10.333796">
                <ele>0</ele>
            </trkpt>
            <trkpt lat="46.18148" lon="10.333779">
                <ele>0</ele>
            </trkpt>
            <trkpt lat="46.181489" lon="10.333748">
                <ele>0</ele>
            </trkpt>
            <trkpt lat="46.181536" lon="10.333577">
                <ele>0</ele>
            </trkpt>
            <trkpt lat="46.181554" lon="10.33349">
                <ele>0</ele>
            </trkpt>
            <trkpt lat="46.181834" lon="10.333625">
                <ele>0</ele>
            </trkpt>
            <trkpt lat="46.182153" lon="10.333841">
                <ele>0</ele>
            </trkpt>
            <trkpt lat="46.182481" lon="10.334127">
                <ele>0</ele>
            </trkpt>
            <trkpt lat="46.1826" lon="10.33423">
                <ele>0</ele>
            </trkpt>
            <trkpt lat="46.182634" lon="10.334267">
                <ele>0</ele>
            </trkpt>
            <trkpt lat="46.182853" lon="10.334504">
                <ele>0</ele>
            </trkpt>
            <trkpt lat="46.183066" lon="10.334667">
                <ele>0</ele>
            </trkpt>
            <trkpt lat="46.183123" lon="10.334711">
                <ele>0</ele>
            </trkpt>
            <trkpt lat="46.1835" lon="10.334951">
                <ele>0</ele>
            </trkpt>
            <trkpt lat="46.18364" lon="10.335044">
                <ele>0</ele>
            </trkpt>
            <trkpt lat="46.18379" lon="10.335144">
                <ele>0</ele>
            </trkpt>
            <trkpt lat="46.183943" lon="10.335281">
                <ele>0</ele>
            </trkpt>
            <trkpt lat="46.184073" lon="10.335506">
                <ele>0</ele>
            </trkpt>
            <trkpt lat="46.184172" lon="10.335746">
                <ele>0</ele>
            </trkpt>
            <trkpt lat="46.184263" lon="10.335998">
                <ele>0</ele>
            </trkpt>
            <trkpt lat="46.184307" lon="10.33626">
                <ele>0</ele>
            </trkpt>
            <trkpt lat="46.184339" lon="10.336585">
                <ele>0</ele>
            </trkpt>
            <trkpt lat="46.184383" lon="10.336731">
                <ele>0</ele>
            </trkpt>
            <trkpt lat="46.18445" lon="10.336849">
                <ele>0</ele>
            </trkpt>
            <trkpt lat="46.18453" lon="10.336941">
                <ele>0</ele>
            </trkpt>
            <trkpt lat="46.184619" lon="10.337003">
                <ele>0</ele>
            </trkpt>
            <trkpt lat="46.185193" lon="10.337275">
                <ele>0</ele>
            </trkpt>
            <trkpt lat="46.185252" lon="10.337324">
                <ele>0</ele>
            </trkpt>
            <trkpt lat="46.186006" lon="10.337953">
                <ele>0</ele>
            </trkpt>
            <trkpt lat="46.18636" lon="10.338246">
                <ele>0</ele>
            </trkpt>
            <trkpt lat="46.186363" lon="10.338249">
                <ele>0</ele>
            </trkpt>
            <trkpt lat="46.186491" lon="10.338354">
                <ele>0</ele>
            </trkpt>
            <trkpt lat="46.187277" lon="10.339233">
                <ele>0</ele>
            </trkpt>
            <trkpt lat="46.18765" lon="10.339669">
                <ele>0</ele>
            </trkpt>
            <trkpt lat="46.187833" lon="10.339853">
                <ele>0</ele>
            </trkpt>
            <trkpt lat="46.188074" lon="10.340008">
                <ele>0</ele>
            </trkpt>
            <trkpt lat="46.188344" lon="10.340153">
                <ele>0</ele>
            </trkpt>
            <trkpt lat="46.188508" lon="10.340235">
                <ele>0</ele>
            </trkpt>
            <trkpt lat="46.188591" lon="10.340295">
                <ele>0</ele>
            </trkpt>
            <trkpt lat="46.188676" lon="10.340386">
                <ele>0</ele>
            </trkpt>
            <trkpt lat="46.188783" lon="10.340524">
                <ele>0</ele>
            </trkpt>
            <trkpt lat="46.188891" lon="10.34069">
                <ele>0</ele>
            </trkpt>
            <trkpt lat="46.18893" lon="10.34075">
                <ele>0</ele>
            </trkpt>
            <trkpt lat="46.189062" lon="10.340952">
                <ele>0</ele>
            </trkpt>
            <trkpt lat="46.189164" lon="10.34106">
                <ele>0</ele>
            </trkpt>
            <trkpt lat="46.189276" lon="10.341135">
                <ele>0</ele>
            </trkpt>
            <trkpt lat="46.189425" lon="10.341182">
                <ele>0</ele>
            </trkpt>
            <trkpt lat="46.189569" lon="10.341217">
                <ele>0</ele>
            </trkpt>
            <trkpt lat="46.189762" lon="10.341251">
                <ele>0</ele>
            </trkpt>
            <trkpt lat="46.189938" lon="10.341352">
                <ele>0</ele>
            </trkpt>
            <trkpt lat="46.190081" lon="10.341474">
                <ele>0</ele>
            </trkpt>
            <trkpt lat="46.190428" lon="10.341805">
                <ele>0</ele>
            </trkpt>
            <trkpt lat="46.191621" lon="10.34293">
                <ele>0</ele>
            </trkpt>
            <trkpt lat="46.19185" lon="10.343134">
                <ele>0</ele>
            </trkpt>
            <trkpt lat="46.191965" lon="10.343229">
                <ele>0</ele>
            </trkpt>
            <trkpt lat="46.192089" lon="10.343309">
                <ele>0</ele>
            </trkpt>
            <trkpt lat="46.193163" lon="10.3439">
                <ele>0</ele>
            </trkpt>
            <trkpt lat="46.193698" lon="10.344188">
                <ele>0</ele>
            </trkpt>
            <trkpt lat="46.193701" lon="10.34419">
                <ele>0</ele>
            </trkpt>
            <trkpt lat="46.194304" lon="10.344514">
                <ele>0</ele>
            </trkpt>
            <trkpt lat="46.194497" lon="10.344613">
                <ele>0</ele>
            </trkpt>
            <trkpt lat="46.194706" lon="10.344652">
                <ele>0</ele>
            </trkpt>
            <trkpt lat="46.194882" lon="10.344658">
                <ele>0</ele>
            </trkpt>
            <trkpt lat="46.194993" lon="10.344647">
                <ele>0</ele>
            </trkpt>
            <trkpt lat="46.194996" lon="10.344647">
                <ele>0</ele>
            </trkpt>
            <trkpt lat="46.19505" lon="10.344642">
                <ele>0</ele>
            </trkpt>
            <trkpt lat="46.195203" lon="10.344594">
                <ele>0</ele>
            </trkpt>
            <trkpt lat="46.195649" lon="10.344339">
                <ele>0</ele>
            </trkpt>
            <trkpt lat="46.195779" lon="10.344302">
                <ele>0</ele>
            </trkpt>
            <trkpt lat="46.195888" lon="10.344298">
                <ele>0</ele>
            </trkpt>
            <trkpt lat="46.196032" lon="10.344358">
                <ele>0</ele>
            </trkpt>
            <trkpt lat="46.1967" lon="10.344997">
                <ele>0</ele>
            </trkpt>
            <trkpt lat="46.197566" lon="10.345539">
                <ele>0</ele>
            </trkpt>
            <trkpt lat="46.197621" lon="10.34554">
                <ele>0</ele>
            </trkpt>
            <trkpt lat="46.197685" lon="10.345474">
                <ele>0</ele>
            </trkpt>
            <trkpt lat="46.197709" lon="10.345359">
                <ele>0</ele>
            </trkpt>
            <trkpt lat="46.197691" lon="10.345254">
                <ele>0</ele>
            </trkpt>
            <trkpt lat="46.197648" lon="10.34519">
                <ele>0</ele>
            </trkpt>
            <trkpt lat="46.19759" lon="10.345177">
                <ele>0</ele>
            </trkpt>
            <trkpt lat="46.197424" lon="10.345144">
                <ele>0</ele>
            </trkpt>
            <trkpt lat="46.197307" lon="10.345112">
                <ele>0</ele>
            </trkpt>
            <trkpt lat="46.197204" lon="10.345021">
                <ele>0</ele>
            </trkpt>
            <trkpt lat="46.197092" lon="10.344942">
                <ele>0</ele>
            </trkpt>
            <trkpt lat="46.196948" lon="10.344913">
                <ele>0</ele>
            </trkpt>
            <trkpt lat="46.196801" lon="10.344881">
                <ele>0</ele>
            </trkpt>
            <trkpt lat="46.196711" lon="10.344848">
                <ele>0</ele>
            </trkpt>
            <trkpt lat="46.19668" lon="10.34477">
                <ele>0</ele>
            </trkpt>
            <trkpt lat="46.196684" lon="10.344677">
                <ele>0</ele>
            </trkpt>
            <trkpt lat="46.196704" lon="10.344613">
                <ele>0</ele>
            </trkpt>
            <trkpt lat="46.196731" lon="10.344584">
                <ele>0</ele>
            </trkpt>
            <trkpt lat="46.196761" lon="10.34457">
                <ele>0</ele>
            </trkpt>
            <trkpt lat="46.196803" lon="10.344577">
                <ele>0</ele>
            </trkpt>
            <trkpt lat="46.196852" lon="10.344605">
                <ele>0</ele>
            </trkpt>
            <trkpt lat="46.197246" lon="10.344914">
                <ele>0</ele>
            </trkpt>
            <trkpt lat="46.197327" lon="10.34498">
                <ele>0</ele>
            </trkpt>
            <trkpt lat="46.197428" lon="10.345031">
                <ele>0</ele>
            </trkpt>
            <trkpt lat="46.197665" lon="10.345093">
                <ele>0</ele>
            </trkpt>
            <trkpt lat="46.197746" lon="10.345142">
                <ele>0</ele>
            </trkpt>
            <trkpt lat="46.197874" lon="10.345249">
                <ele>0</ele>
            </trkpt>
            <trkpt lat="46.198183" lon="10.345589">
                <ele>0</ele>
            </trkpt>
            <trkpt lat="46.198265" lon="10.345635">
                <ele>0</ele>
            </trkpt>
            <trkpt lat="46.198321" lon="10.345647">
                <ele>0</ele>
            </trkpt>
            <trkpt lat="46.198378" lon="10.345651">
                <ele>0</ele>
            </trkpt>
            <trkpt lat="46.198548" lon="10.345638">
                <ele>0</ele>
            </trkpt>
            <trkpt lat="46.198673" lon="10.345653">
                <ele>0</ele>
            </trkpt>
            <trkpt lat="46.198768" lon="10.345683">
                <ele>0</ele>
            </trkpt>
            <trkpt lat="46.198854" lon="10.345734">
                <ele>0</ele>
            </trkpt>
            <trkpt lat="46.199089" lon="10.34591">
                <ele>0</ele>
            </trkpt>
            <trkpt lat="46.199192" lon="10.345959">
                <ele>0</ele>
            </trkpt>
            <trkpt lat="46.199299" lon="10.345989">
                <ele>0</ele>
            </trkpt>
            <trkpt lat="46.199731" lon="10.346086">
                <ele>0</ele>
            </trkpt>
            <trkpt lat="46.199974" lon="10.346155">
                <ele>0</ele>
            </trkpt>
            <trkpt lat="46.200233" lon="10.34624">
                <ele>0</ele>
            </trkpt>
            <trkpt lat="46.200421" lon="10.346276">
                <ele>0</ele>
            </trkpt>
            <trkpt lat="46.200619" lon="10.346276">
                <ele>0</ele>
            </trkpt>
            <trkpt lat="46.200792" lon="10.346279">
                <ele>0</ele>
            </trkpt>
            <trkpt lat="46.200957" lon="10.346305">
                <ele>0</ele>
            </trkpt>
            <trkpt lat="46.2011" lon="10.346346">
                <ele>0</ele>
            </trkpt>
            <trkpt lat="46.201241" lon="10.346417">
                <ele>0</ele>
            </trkpt>
            <trkpt lat="46.201427" lon="10.34654">
                <ele>0</ele>
            </trkpt>
            <trkpt lat="46.201766" lon="10.346831">
                <ele>0</ele>
            </trkpt>
            <trkpt lat="46.202123" lon="10.34718">
                <ele>0</ele>
            </trkpt>
            <trkpt lat="46.202469" lon="10.347521">
                <ele>0</ele>
            </trkpt>
            <trkpt lat="46.202677" lon="10.347694">
                <ele>0</ele>
            </trkpt>
            <trkpt lat="46.202897" lon="10.347821">
                <ele>0</ele>
            </trkpt>
            <trkpt lat="46.203409" lon="10.348039">
                <ele>0</ele>
            </trkpt>
            <trkpt lat="46.203553" lon="10.348062">
                <ele>0</ele>
            </trkpt>
            <trkpt lat="46.203559" lon="10.348063">
                <ele>0</ele>
            </trkpt>
            <trkpt lat="46.203578" lon="10.348066">
                <ele>0</ele>
            </trkpt>
            <trkpt lat="46.203746" lon="10.348052">
                <ele>0</ele>
            </trkpt>
            <trkpt lat="46.204193" lon="10.347915">
                <ele>0</ele>
            </trkpt>
            <trkpt lat="46.204634" lon="10.34779">
                <ele>0</ele>
            </trkpt>
            <trkpt lat="46.204882" lon="10.347752">
                <ele>0</ele>
            </trkpt>
            <trkpt lat="46.205043" lon="10.347727">
                <ele>0</ele>
            </trkpt>
            <trkpt lat="46.205208" lon="10.34772">
                <ele>0</ele>
            </trkpt>
            <trkpt lat="46.20526" lon="10.347726">
                <ele>0</ele>
            </trkpt>
            <trkpt lat="46.205351" lon="10.347736">
                <ele>0</ele>
            </trkpt>
            <trkpt lat="46.205483" lon="10.347768">
                <ele>0</ele>
            </trkpt>
            <trkpt lat="46.205989" lon="10.348001">
                <ele>0</ele>
            </trkpt>
            <trkpt lat="46.206158" lon="10.348079">
                <ele>0</ele>
            </trkpt>
            <trkpt lat="46.206291" lon="10.348162">
                <ele>0</ele>
            </trkpt>
            <trkpt lat="46.206408" lon="10.348253">
                <ele>0</ele>
            </trkpt>
            <trkpt lat="46.206504" lon="10.348346">
                <ele>0</ele>
            </trkpt>
            <trkpt lat="46.206547" lon="10.348399">
                <ele>0</ele>
            </trkpt>
            <trkpt lat="46.206572" lon="10.34843">
                <ele>0</ele>
            </trkpt>
            <trkpt lat="46.206709" lon="10.348601">
                <ele>0</ele>
            </trkpt>
            <trkpt lat="46.206715" lon="10.348609">
                <ele>0</ele>
            </trkpt>
            <trkpt lat="46.206812" lon="10.34873">
                <ele>0</ele>
            </trkpt>
            <trkpt lat="46.206858" lon="10.348789">
                <ele>0</ele>
            </trkpt>
            <trkpt lat="46.207134" lon="10.349137">
                <ele>0</ele>
            </trkpt>
            <trkpt lat="46.207241" lon="10.349257">
                <ele>0</ele>
            </trkpt>
            <trkpt lat="46.20735" lon="10.349339">
                <ele>0</ele>
            </trkpt>
            <trkpt lat="46.207485" lon="10.349421">
                <ele>0</ele>
            </trkpt>
            <trkpt lat="46.207644" lon="10.349516">
                <ele>0</ele>
            </trkpt>
            <trkpt lat="46.207741" lon="10.349598">
                <ele>0</ele>
            </trkpt>
            <trkpt lat="46.207826" lon="10.349681">
                <ele>0</ele>
            </trkpt>
            <trkpt lat="46.208047" lon="10.350024">
                <ele>0</ele>
            </trkpt>
            <trkpt lat="46.208178" lon="10.350214">
                <ele>0</ele>
            </trkpt>
            <trkpt lat="46.208329" lon="10.350378">
                <ele>0</ele>
            </trkpt>
            <trkpt lat="46.208418" lon="10.350448">
                <ele>0</ele>
            </trkpt>
            <trkpt lat="46.208515" lon="10.350484">
                <ele>0</ele>
            </trkpt>
            <trkpt lat="46.208607" lon="10.3505">
                <ele>0</ele>
            </trkpt>
            <trkpt lat="46.208699" lon="10.3505">
                <ele>0</ele>
            </trkpt>
            <trkpt lat="46.208789" lon="10.350484">
                <ele>0</ele>
            </trkpt>
            <trkpt lat="46.208881" lon="10.350437">
                <ele>0</ele>
            </trkpt>
            <trkpt lat="46.209272" lon="10.350167">
                <ele>0</ele>
            </trkpt>
            <trkpt lat="46.209709" lon="10.350015">
                <ele>0</ele>
            </trkpt>
            <trkpt lat="46.209937" lon="10.350024">
                <ele>0</ele>
            </trkpt>
            <trkpt lat="46.211401" lon="10.350234">
                <ele>0</ele>
            </trkpt>
            <trkpt lat="46.21203" lon="10.350217">
                <ele>0</ele>
            </trkpt>
            <trkpt lat="46.212951" lon="10.350273">
                <ele>0</ele>
            </trkpt>
            <trkpt lat="46.213135" lon="10.350326">
                <ele>0</ele>
            </trkpt>
            <trkpt lat="46.213281" lon="10.350449">
                <ele>0</ele>
            </trkpt>
            <trkpt lat="46.213389" lon="10.350595">
                <ele>0</ele>
            </trkpt>
            <trkpt lat="46.213512" lon="10.350883">
                <ele>0</ele>
            </trkpt>
            <trkpt lat="46.213601" lon="10.351106">
                <ele>0</ele>
            </trkpt>
            <trkpt lat="46.213723" lon="10.351344">
                <ele>0</ele>
            </trkpt>
            <trkpt lat="46.213853" lon="10.351504">
                <ele>0</ele>
            </trkpt>
            <trkpt lat="46.214019" lon="10.351625">
                <ele>0</ele>
            </trkpt>
            <trkpt lat="46.214233" lon="10.351746">
                <ele>0</ele>
            </trkpt>
            <trkpt lat="46.214445" lon="10.351844">
                <ele>0</ele>
            </trkpt>
            <trkpt lat="46.214615" lon="10.351877">
                <ele>0</ele>
            </trkpt>
            <trkpt lat="46.214795" lon="10.351873">
                <ele>0</ele>
            </trkpt>
            <trkpt lat="46.215095" lon="10.351841">
                <ele>0</ele>
            </trkpt>
            <trkpt lat="46.215287" lon="10.351748">
                <ele>0</ele>
            </trkpt>
            <trkpt lat="46.21537" lon="10.351718">
                <ele>0</ele>
            </trkpt>
            <trkpt lat="46.215615" lon="10.351668">
                <ele>0</ele>
            </trkpt>
            <trkpt lat="46.215722" lon="10.351729">
                <ele>0</ele>
            </trkpt>
            <trkpt lat="46.215838" lon="10.351995">
                <ele>0</ele>
            </trkpt>
            <trkpt lat="46.215885" lon="10.352104">
                <ele>0</ele>
            </trkpt>
            <trkpt lat="46.21603" lon="10.352441">
                <ele>0</ele>
            </trkpt>
            <trkpt lat="46.216168" lon="10.352597">
                <ele>0</ele>
            </trkpt>
            <trkpt lat="46.216322" lon="10.352674">
                <ele>0</ele>
            </trkpt>
            <trkpt lat="46.216417" lon="10.352722">
                <ele>0</ele>
            </trkpt>
            <trkpt lat="46.216522" lon="10.352741">
                <ele>0</ele>
            </trkpt>
            <trkpt lat="46.217081" lon="10.35284">
                <ele>0</ele>
            </trkpt>
            <trkpt lat="46.217217" lon="10.352875">
                <ele>0</ele>
            </trkpt>
            <trkpt lat="46.217441" lon="10.352933">
                <ele>0</ele>
            </trkpt>
            <trkpt lat="46.217869" lon="10.353044">
                <ele>0</ele>
            </trkpt>
            <trkpt lat="46.218059" lon="10.353193">
                <ele>0</ele>
            </trkpt>
            <trkpt lat="46.218306" lon="10.353646">
                <ele>0</ele>
            </trkpt>
            <trkpt lat="46.218541" lon="10.354379">
                <ele>0</ele>
            </trkpt>
            <trkpt lat="46.218718" lon="10.355398">
                <ele>0</ele>
            </trkpt>
            <trkpt lat="46.218792" lon="10.355835">
                <ele>0</ele>
            </trkpt>
            <trkpt lat="46.218812" lon="10.355954">
                <ele>0</ele>
            </trkpt>
            <trkpt lat="46.218776" lon="10.35597">
                <ele>0</ele>
            </trkpt>
            <trkpt lat="46.218744" lon="10.355999">
                <ele>0</ele>
            </trkpt>
            <trkpt lat="46.21872" lon="10.356039">
                <ele>0</ele>
            </trkpt>
            <trkpt lat="46.218703" lon="10.356087">
                <ele>0</ele>
            </trkpt>
            <trkpt lat="46.218697" lon="10.35614">
                <ele>0</ele>
            </trkpt>
            <trkpt lat="46.2187" lon="10.356194">
                <ele>0</ele>
            </trkpt>
            <trkpt lat="46.218714" lon="10.356244">
                <ele>0</ele>
            </trkpt>
            <trkpt lat="46.218737" lon="10.356287">
                <ele>0</ele>
            </trkpt>
            <trkpt lat="46.218766" lon="10.356319">
                <ele>0</ele>
            </trkpt>
            <trkpt lat="46.218801" lon="10.356339">
                <ele>0</ele>
            </trkpt>
            <trkpt lat="46.218838" lon="10.356343">
                <ele>0</ele>
            </trkpt>
            <trkpt lat="46.218875" lon="10.356333">
                <ele>0</ele>
            </trkpt>
            <trkpt lat="46.218939" lon="10.356573">
                <ele>0</ele>
            </trkpt>
            <trkpt lat="46.219024" lon="10.356802">
                <ele>0</ele>
            </trkpt>
            <trkpt lat="46.219144" lon="10.357027">
                <ele>0</ele>
            </trkpt>
            <trkpt lat="46.219254" lon="10.357174">
                <ele>0</ele>
            </trkpt>
            <trkpt lat="46.21955" lon="10.357519">
                <ele>0</ele>
            </trkpt>
            <trkpt lat="46.219782" lon="10.357764">
                <ele>0</ele>
            </trkpt>
            <trkpt lat="46.219945" lon="10.358026">
                <ele>0</ele>
            </trkpt>
            <trkpt lat="46.220181" lon="10.358322">
                <ele>0</ele>
            </trkpt>
            <trkpt lat="46.220425" lon="10.35859">
                <ele>0</ele>
            </trkpt>
            <trkpt lat="46.220791" lon="10.358869">
                <ele>0</ele>
            </trkpt>
            <trkpt lat="46.221217" lon="10.359161">
                <ele>0</ele>
            </trkpt>
            <trkpt lat="46.221399" lon="10.359291">
                <ele>0</ele>
            </trkpt>
            <trkpt lat="46.221437" lon="10.359333">
                <ele>0</ele>
            </trkpt>
            <trkpt lat="46.221584" lon="10.35955">
                <ele>0</ele>
            </trkpt>
            <trkpt lat="46.22198" lon="10.360129">
                <ele>0</ele>
            </trkpt>
            <trkpt lat="46.222421" lon="10.360729">
                <ele>0</ele>
            </trkpt>
            <trkpt lat="46.222956" lon="10.361501">
                <ele>0</ele>
            </trkpt>
            <trkpt lat="46.223574" lon="10.362353">
                <ele>0</ele>
            </trkpt>
            <trkpt lat="46.224204" lon="10.363273">
                <ele>0</ele>
            </trkpt>
            <trkpt lat="46.224728" lon="10.364008">
                <ele>0</ele>
            </trkpt>
            <trkpt lat="46.224907" lon="10.364326">
                <ele>0</ele>
            </trkpt>
            <trkpt lat="46.225432" lon="10.365402">
                <ele>0</ele>
            </trkpt>
            <trkpt lat="46.225626" lon="10.36574">
                <ele>0</ele>
            </trkpt>
            <trkpt lat="46.225809" lon="10.366116">
                <ele>0</ele>
            </trkpt>
            <trkpt lat="46.226068" lon="10.366676">
                <ele>0</ele>
            </trkpt>
            <trkpt lat="46.226338" lon="10.367203">
                <ele>0</ele>
            </trkpt>
            <trkpt lat="46.226413" lon="10.367332">
                <ele>0</ele>
            </trkpt>
            <trkpt lat="46.22659" lon="10.367588">
                <ele>0</ele>
            </trkpt>
            <trkpt lat="46.226686" lon="10.367664">
                <ele>0</ele>
            </trkpt>
            <trkpt lat="46.226908" lon="10.367839">
                <ele>0</ele>
            </trkpt>
            <trkpt lat="46.227256" lon="10.368118">
                <ele>0</ele>
            </trkpt>
            <trkpt lat="46.227492" lon="10.368421">
                <ele>0</ele>
            </trkpt>
            <trkpt lat="46.227699" lon="10.368931">
                <ele>0</ele>
            </trkpt>
            <trkpt lat="46.227808" lon="10.369397">
                <ele>0</ele>
            </trkpt>
            <trkpt lat="46.227889" lon="10.370116">
                <ele>0</ele>
            </trkpt>
            <trkpt lat="46.227935" lon="10.370374">
                <ele>0</ele>
            </trkpt>
            <trkpt lat="46.227935" lon="10.370376">
                <ele>0</ele>
            </trkpt>
            <trkpt lat="46.227987" lon="10.370583">
                <ele>0</ele>
            </trkpt>
            <trkpt lat="46.228058" lon="10.370812">
                <ele>0</ele>
            </trkpt>
            <trkpt lat="46.228166" lon="10.371066">
                <ele>0</ele>
            </trkpt>
            <trkpt lat="46.228273" lon="10.371304">
                <ele>0</ele>
            </trkpt>
            <trkpt lat="46.228759" lon="10.37244">
                <ele>0</ele>
            </trkpt>
            <trkpt lat="46.228949" lon="10.372822">
                <ele>0</ele>
            </trkpt>
            <trkpt lat="46.229102" lon="10.372994">
                <ele>0</ele>
            </trkpt>
            <trkpt lat="46.229419" lon="10.373185">
                <ele>0</ele>
            </trkpt>
            <trkpt lat="46.229943" lon="10.373477">
                <ele>0</ele>
            </trkpt>
            <trkpt lat="46.230334" lon="10.373668">
                <ele>0</ele>
            </trkpt>
            <trkpt lat="46.230668" lon="10.373924">
                <ele>0</ele>
            </trkpt>
            <trkpt lat="46.230733" lon="10.374006">
                <ele>0</ele>
            </trkpt>
            <trkpt lat="46.230961" lon="10.374293">
                <ele>0</ele>
            </trkpt>
            <trkpt lat="46.231167" lon="10.37474">
                <ele>0</ele>
            </trkpt>
            <trkpt lat="46.231333" lon="10.375199">
                <ele>0</ele>
            </trkpt>
            <trkpt lat="46.23142" lon="10.375393">
                <ele>0</ele>
            </trkpt>
            <trkpt lat="46.231529" lon="10.37555">
                <ele>0</ele>
            </trkpt>
            <trkpt lat="46.231958" lon="10.376039">
                <ele>0</ele>
            </trkpt>
            <trkpt lat="46.23209" lon="10.37621">
                <ele>0</ele>
            </trkpt>
            <trkpt lat="46.232416" lon="10.376696">
                <ele>0</ele>
            </trkpt>
            <trkpt lat="46.232569" lon="10.377014">
                <ele>0</ele>
            </trkpt>
            <trkpt lat="46.23274" lon="10.377683">
                <ele>0</ele>
            </trkpt>
            <trkpt lat="46.232868" lon="10.378144">
                <ele>0</ele>
            </trkpt>
            <trkpt lat="46.232914" lon="10.37831">
                <ele>0</ele>
            </trkpt>
            <trkpt lat="46.233093" lon="10.37887">
                <ele>0</ele>
            </trkpt>
            <trkpt lat="46.233381" lon="10.379706">
                <ele>0</ele>
            </trkpt>
            <trkpt lat="46.233433" lon="10.379855">
                <ele>0</ele>
            </trkpt>
            <trkpt lat="46.233441" lon="10.379904">
                <ele>0</ele>
            </trkpt>
            <trkpt lat="46.233449" lon="10.379949">
                <ele>0</ele>
            </trkpt>
            <trkpt lat="46.23346" lon="10.380016">
                <ele>0</ele>
            </trkpt>
            <trkpt lat="46.233464" lon="10.380088">
                <ele>0</ele>
            </trkpt>
            <trkpt lat="46.23348" lon="10.380407">
                <ele>0</ele>
            </trkpt>
            <trkpt lat="46.233563" lon="10.38111">
                <ele>0</ele>
            </trkpt>
            <trkpt lat="46.233626" lon="10.381778">
                <ele>0</ele>
            </trkpt>
            <trkpt lat="46.233707" lon="10.382218">
                <ele>0</ele>
            </trkpt>
            <trkpt lat="46.233894" lon="10.382777">
                <ele>0</ele>
            </trkpt>
            <trkpt lat="46.234096" lon="10.383216">
                <ele>0</ele>
            </trkpt>
            <trkpt lat="46.234616" lon="10.384231">
                <ele>0</ele>
            </trkpt>
            <trkpt lat="46.234712" lon="10.384403">
                <ele>0</ele>
            </trkpt>
            <trkpt lat="46.234849" lon="10.384625">
                <ele>0</ele>
            </trkpt>
            <trkpt lat="46.234949" lon="10.384783">
                <ele>0</ele>
            </trkpt>
            <trkpt lat="46.234983" lon="10.384837">
                <ele>0</ele>
            </trkpt>
            <trkpt lat="46.235428" lon="10.385536">
                <ele>0</ele>
            </trkpt>
            <trkpt lat="46.235718" lon="10.385986">
                <ele>0</ele>
            </trkpt>
            <trkpt lat="46.235755" lon="10.386071">
                <ele>0</ele>
            </trkpt>
            <trkpt lat="46.235939" lon="10.386494">
                <ele>0</ele>
            </trkpt>
            <trkpt lat="46.236006" lon="10.386646">
                <ele>0</ele>
            </trkpt>
            <trkpt lat="46.236257" lon="10.387053">
                <ele>0</ele>
            </trkpt>
            <trkpt lat="46.236551" lon="10.387507">
                <ele>0</ele>
            </trkpt>
            <trkpt lat="46.236749" lon="10.387977">
                <ele>0</ele>
            </trkpt>
            <trkpt lat="46.236835" lon="10.3882">
                <ele>0</ele>
            </trkpt>
            <trkpt lat="46.237098" lon="10.388879">
                <ele>0</ele>
            </trkpt>
            <trkpt lat="46.237307" lon="10.389466">
                <ele>0</ele>
            </trkpt>
            <trkpt lat="46.237502" lon="10.389888">
                <ele>0</ele>
            </trkpt>
            <trkpt lat="46.237691" lon="10.390298">
                <ele>0</ele>
            </trkpt>
            <trkpt lat="46.2378" lon="10.390527">
                <ele>0</ele>
            </trkpt>
            <trkpt lat="46.238239" lon="10.391663">
                <ele>0</ele>
            </trkpt>
            <trkpt lat="46.238375" lon="10.392055">
                <ele>0</ele>
            </trkpt>
            <trkpt lat="46.238488" lon="10.392502">
                <ele>0</ele>
            </trkpt>
            <trkpt lat="46.23858" lon="10.392929">
                <ele>0</ele>
            </trkpt>
            <trkpt lat="46.238681" lon="10.393292">
                <ele>0</ele>
            </trkpt>
            <trkpt lat="46.238727" lon="10.39342">
                <ele>0</ele>
            </trkpt>
            <trkpt lat="46.238777" lon="10.393531">
                <ele>0</ele>
            </trkpt>
            <trkpt lat="46.238925" lon="10.393853">
                <ele>0</ele>
            </trkpt>
            <trkpt lat="46.238967" lon="10.393963">
                <ele>0</ele>
            </trkpt>
            <trkpt lat="46.239058" lon="10.394206">
                <ele>0</ele>
            </trkpt>
            <trkpt lat="46.239187" lon="10.394842">
                <ele>0</ele>
            </trkpt>
            <trkpt lat="46.239275" lon="10.395231">
                <ele>0</ele>
            </trkpt>
            <trkpt lat="46.239295" lon="10.395318">
                <ele>0</ele>
            </trkpt>
            <trkpt lat="46.239424" lon="10.395677">
                <ele>0</ele>
            </trkpt>
            <trkpt lat="46.23944" lon="10.39572">
                <ele>0</ele>
            </trkpt>
            <trkpt lat="46.239553" lon="10.396037">
                <ele>0</ele>
            </trkpt>
            <trkpt lat="46.239611" lon="10.396267">
                <ele>0</ele>
            </trkpt>
            <trkpt lat="46.239621" lon="10.396317">
                <ele>0</ele>
            </trkpt>
            <trkpt lat="46.239633" lon="10.396401">
                <ele>0</ele>
            </trkpt>
            <trkpt lat="46.239667" lon="10.39674">
                <ele>0</ele>
            </trkpt>
            <trkpt lat="46.239685" lon="10.396937">
                <ele>0</ele>
            </trkpt>
            <trkpt lat="46.239689" lon="10.396989">
                <ele>0</ele>
            </trkpt>
            <trkpt lat="46.239732" lon="10.397463">
                <ele>0</ele>
            </trkpt>
            <trkpt lat="46.239735" lon="10.397496">
                <ele>0</ele>
            </trkpt>
            <trkpt lat="46.239737" lon="10.397516">
                <ele>0</ele>
            </trkpt>
            <trkpt lat="46.239742" lon="10.39757">
                <ele>0</ele>
            </trkpt>
            <trkpt lat="46.23975" lon="10.397644">
                <ele>0</ele>
            </trkpt>
            <trkpt lat="46.239758" lon="10.397717">
                <ele>0</ele>
            </trkpt>
            <trkpt lat="46.239775" lon="10.397893">
                <ele>0</ele>
            </trkpt>
            <trkpt lat="46.239782" lon="10.397971">
                <ele>0</ele>
            </trkpt>
            <trkpt lat="46.239843" lon="10.39871">
                <ele>0</ele>
            </trkpt>
            <trkpt lat="46.239855" lon="10.398861">
                <ele>0</ele>
            </trkpt>
            <trkpt lat="46.239881" lon="10.399148">
                <ele>0</ele>
            </trkpt>
            <trkpt lat="46.23991" lon="10.399475">
                <ele>0</ele>
            </trkpt>
            <trkpt lat="46.239926" lon="10.399626">
                <ele>0</ele>
            </trkpt>
            <trkpt lat="46.239937" lon="10.399754">
                <ele>0</ele>
            </trkpt>
            <trkpt lat="46.239955" lon="10.399965">
                <ele>0</ele>
            </trkpt>
            <trkpt lat="46.239983" lon="10.400305">
                <ele>0</ele>
            </trkpt>
            <trkpt lat="46.239988" lon="10.400354">
                <ele>0</ele>
            </trkpt>
            <trkpt lat="46.240006" lon="10.400563">
                <ele>0</ele>
            </trkpt>
            <trkpt lat="46.240039" lon="10.400801">
                <ele>0</ele>
            </trkpt>
            <trkpt lat="46.240052" lon="10.400867">
                <ele>0</ele>
            </trkpt>
            <trkpt lat="46.240074" lon="10.400936">
                <ele>0</ele>
            </trkpt>
            <trkpt lat="46.240212" lon="10.401284">
                <ele>0</ele>
            </trkpt>
            <trkpt lat="46.240227" lon="10.401316">
                <ele>0</ele>
            </trkpt>
            <trkpt lat="46.240247" lon="10.401359">
                <ele>0</ele>
            </trkpt>
            <trkpt lat="46.240412" lon="10.401711">
                <ele>0</ele>
            </trkpt>
            <trkpt lat="46.240462" lon="10.401838">
                <ele>0</ele>
            </trkpt>
            <trkpt lat="46.240503" lon="10.401961">
                <ele>0</ele>
            </trkpt>
            <trkpt lat="46.240515" lon="10.402">
                <ele>0</ele>
            </trkpt>
            <trkpt lat="46.24072" lon="10.402681">
                <ele>0</ele>
            </trkpt>
            <trkpt lat="46.24075" lon="10.402828">
                <ele>0</ele>
            </trkpt>
            <trkpt lat="46.240775" lon="10.402974">
                <ele>0</ele>
            </trkpt>
            <trkpt lat="46.240791" lon="10.403143">
                <ele>0</ele>
            </trkpt>
            <trkpt lat="46.240822" lon="10.403824">
                <ele>0</ele>
            </trkpt>
            <trkpt lat="46.240836" lon="10.404098">
                <ele>0</ele>
            </trkpt>
            <trkpt lat="46.24086" lon="10.404372">
                <ele>0</ele>
            </trkpt>
            <trkpt lat="46.240916" lon="10.404672">
                <ele>0</ele>
            </trkpt>
            <trkpt lat="46.241134" lon="10.405573">
                <ele>0</ele>
            </trkpt>
            <trkpt lat="46.241173" lon="10.405812">
                <ele>0</ele>
            </trkpt>
            <trkpt lat="46.241179" lon="10.406055">
                <ele>0</ele>
            </trkpt>
            <trkpt lat="46.241164" lon="10.406353">
                <ele>0</ele>
            </trkpt>
            <trkpt lat="46.241136" lon="10.406662">
                <ele>0</ele>
            </trkpt>
            <trkpt lat="46.241088" lon="10.406963">
                <ele>0</ele>
            </trkpt>
            <trkpt lat="46.241082" lon="10.407002">
                <ele>0</ele>
            </trkpt>
            <trkpt lat="46.241017" lon="10.407242">
                <ele>0</ele>
            </trkpt>
            <trkpt lat="46.240931" lon="10.407482">
                <ele>0</ele>
            </trkpt>
            <trkpt lat="46.240874" lon="10.407623">
                <ele>0</ele>
            </trkpt>
            <trkpt lat="46.240831" lon="10.407727">
                <ele>0</ele>
            </trkpt>
            <trkpt lat="46.240573" lon="10.408337">
                <ele>0</ele>
            </trkpt>
            <trkpt lat="46.240371" lon="10.408812">
                <ele>0</ele>
            </trkpt>
            <trkpt lat="46.240283" lon="10.409034">
                <ele>0</ele>
            </trkpt>
            <trkpt lat="46.24018" lon="10.409369">
                <ele>0</ele>
            </trkpt>
            <trkpt lat="46.240132" lon="10.409569">
                <ele>0</ele>
            </trkpt>
            <trkpt lat="46.240109" lon="10.409824">
                <ele>0</ele>
            </trkpt>
            <trkpt lat="46.240119" lon="10.410081">
                <ele>0</ele>
            </trkpt>
            <trkpt lat="46.240162" lon="10.410343">
                <ele>0</ele>
            </trkpt>
            <trkpt lat="46.240374" lon="10.411472">
                <ele>0</ele>
            </trkpt>
            <trkpt lat="46.240402" lon="10.411788">
                <ele>0</ele>
            </trkpt>
            <trkpt lat="46.240407" lon="10.412384">
                <ele>0</ele>
            </trkpt>
            <trkpt lat="46.24043" lon="10.412635">
                <ele>0</ele>
            </trkpt>
            <trkpt lat="46.240464" lon="10.412868">
                <ele>0</ele>
            </trkpt>
            <trkpt lat="46.240511" lon="10.413139">
                <ele>0</ele>
            </trkpt>
            <trkpt lat="46.240576" lon="10.413409">
                <ele>0</ele>
            </trkpt>
            <trkpt lat="46.240705" lon="10.413863">
                <ele>0</ele>
            </trkpt>
            <trkpt lat="46.241164" lon="10.415175">
                <ele>0</ele>
            </trkpt>
            <trkpt lat="46.2413" lon="10.415574">
                <ele>0</ele>
            </trkpt>
            <trkpt lat="46.241446" lon="10.415956">
                <ele>0</ele>
            </trkpt>
            <trkpt lat="46.241558" lon="10.416169">
                <ele>0</ele>
            </trkpt>
            <trkpt lat="46.241811" lon="10.416619">
                <ele>0</ele>
            </trkpt>
            <trkpt lat="46.242003" lon="10.416987">
                <ele>0</ele>
            </trkpt>
            <trkpt lat="46.242106" lon="10.417238">
                <ele>0</ele>
            </trkpt>
            <trkpt lat="46.242172" lon="10.417531">
                <ele>0</ele>
            </trkpt>
            <trkpt lat="46.242199" lon="10.41796">
                <ele>0</ele>
            </trkpt>
            <trkpt lat="46.242221" lon="10.418324">
                <ele>0</ele>
            </trkpt>
            <trkpt lat="46.242257" lon="10.41868">
                <ele>0</ele>
            </trkpt>
            <trkpt lat="46.242297" lon="10.419033">
                <ele>0</ele>
            </trkpt>
            <trkpt lat="46.242305" lon="10.419229">
                <ele>0</ele>
            </trkpt>
            <trkpt lat="46.242294" lon="10.41943">
                <ele>0</ele>
            </trkpt>
            <trkpt lat="46.242265" lon="10.419584">
                <ele>0</ele>
            </trkpt>
            <trkpt lat="46.242222" lon="10.419768">
                <ele>0</ele>
            </trkpt>
            <trkpt lat="46.241761" lon="10.421345">
                <ele>0</ele>
            </trkpt>
            <trkpt lat="46.241694" lon="10.421677">
                <ele>0</ele>
            </trkpt>
            <trkpt lat="46.241686" lon="10.421801">
                <ele>0</ele>
            </trkpt>
            <trkpt lat="46.24168" lon="10.421891">
                <ele>0</ele>
            </trkpt>
            <trkpt lat="46.24167" lon="10.422066">
                <ele>0</ele>
            </trkpt>
            <trkpt lat="46.241674" lon="10.42226">
                <ele>0</ele>
            </trkpt>
            <trkpt lat="46.241675" lon="10.422299">
                <ele>0</ele>
            </trkpt>
            <trkpt lat="46.241678" lon="10.422509">
                <ele>0</ele>
            </trkpt>
            <trkpt lat="46.241693" lon="10.422722">
                <ele>0</ele>
            </trkpt>
            <trkpt lat="46.241702" lon="10.422839">
                <ele>0</ele>
            </trkpt>
            <trkpt lat="46.241708" lon="10.422942">
                <ele>0</ele>
            </trkpt>
            <trkpt lat="46.241724" lon="10.423033">
                <ele>0</ele>
            </trkpt>
            <trkpt lat="46.241744" lon="10.423144">
                <ele>0</ele>
            </trkpt>
            <trkpt lat="46.241756" lon="10.423204">
                <ele>0</ele>
            </trkpt>
            <trkpt lat="46.241767" lon="10.423258">
                <ele>0</ele>
            </trkpt>
            <trkpt lat="46.241792" lon="10.42335">
                <ele>0</ele>
            </trkpt>
            <trkpt lat="46.241913" lon="10.423793">
                <ele>0</ele>
            </trkpt>
            <trkpt lat="46.241989" lon="10.424011">
                <ele>0</ele>
            </trkpt>
            <trkpt lat="46.242039" lon="10.424118">
                <ele>0</ele>
            </trkpt>
            <trkpt lat="46.242126" lon="10.424229">
                <ele>0</ele>
            </trkpt>
            <trkpt lat="46.242266" lon="10.424376">
                <ele>0</ele>
            </trkpt>
            <trkpt lat="46.242311" lon="10.424423">
                <ele>0</ele>
            </trkpt>
            <trkpt lat="46.242842" lon="10.424849">
                <ele>0</ele>
            </trkpt>
            <trkpt lat="46.242977" lon="10.425023">
                <ele>0</ele>
            </trkpt>
            <trkpt lat="46.243085" lon="10.425225">
                <ele>0</ele>
            </trkpt>
            <trkpt lat="46.243173" lon="10.42544">
                <ele>0</ele>
            </trkpt>
            <trkpt lat="46.243226" lon="10.42569">
                <ele>0</ele>
            </trkpt>
            <trkpt lat="46.243255" lon="10.42589">
                <ele>0</ele>
            </trkpt>
            <trkpt lat="46.243348" lon="10.426656">
                <ele>0</ele>
            </trkpt>
            <trkpt lat="46.243386" lon="10.427104">
                <ele>0</ele>
            </trkpt>
            <trkpt lat="46.243408" lon="10.427605">
                <ele>0</ele>
            </trkpt>
            <trkpt lat="46.243418" lon="10.427869">
                <ele>0</ele>
            </trkpt>
            <trkpt lat="46.243451" lon="10.428762">
                <ele>0</ele>
            </trkpt>
            <trkpt lat="46.243452" lon="10.428902">
                <ele>0</ele>
            </trkpt>
            <trkpt lat="46.243453" lon="10.429206">
                <ele>0</ele>
            </trkpt>
            <trkpt lat="46.243447" lon="10.429321">
                <ele>0</ele>
            </trkpt>
            <trkpt lat="46.24344" lon="10.429485">
                <ele>0</ele>
            </trkpt>
            <trkpt lat="46.243447" lon="10.429637">
                <ele>0</ele>
            </trkpt>
            <trkpt lat="46.24347" lon="10.430074">
                <ele>0</ele>
            </trkpt>
            <trkpt lat="46.243507" lon="10.430806">
                <ele>0</ele>
            </trkpt>
            <trkpt lat="46.243512" lon="10.43105">
                <ele>0</ele>
            </trkpt>
            <trkpt lat="46.243495" lon="10.431334">
                <ele>0</ele>
            </trkpt>
            <trkpt lat="46.243469" lon="10.431443">
                <ele>0</ele>
            </trkpt>
            <trkpt lat="46.243404" lon="10.43164">
                <ele>0</ele>
            </trkpt>
            <trkpt lat="46.24319" lon="10.432204">
                <ele>0</ele>
            </trkpt>
            <trkpt lat="46.243113" lon="10.43249">
                <ele>0</ele>
            </trkpt>
            <trkpt lat="46.243073" lon="10.432641">
                <ele>0</ele>
            </trkpt>
            <trkpt lat="46.24303" lon="10.432913">
                <ele>0</ele>
            </trkpt>
            <trkpt lat="46.243008" lon="10.433178">
                <ele>0</ele>
            </trkpt>
            <trkpt lat="46.243006" lon="10.433427">
                <ele>0</ele>
            </trkpt>
            <trkpt lat="46.243016" lon="10.433687">
                <ele>0</ele>
            </trkpt>
            <trkpt lat="46.243025" lon="10.433907">
                <ele>0</ele>
            </trkpt>
            <trkpt lat="46.243045" lon="10.434116">
                <ele>0</ele>
            </trkpt>
            <trkpt lat="46.243068" lon="10.434293">
                <ele>0</ele>
            </trkpt>
            <trkpt lat="46.243107" lon="10.434538">
                <ele>0</ele>
            </trkpt>
            <trkpt lat="46.243125" lon="10.434622">
                <ele>0</ele>
            </trkpt>
            <trkpt lat="46.243131" lon="10.434651">
                <ele>0</ele>
            </trkpt>
            <trkpt lat="46.243143" lon="10.434714">
                <ele>0</ele>
            </trkpt>
            <trkpt lat="46.243158" lon="10.43478">
                <ele>0</ele>
            </trkpt>
            <trkpt lat="46.243164" lon="10.434806">
                <ele>0</ele>
            </trkpt>
            <trkpt lat="46.24319" lon="10.434922">
                <ele>0</ele>
            </trkpt>
            <trkpt lat="46.243229" lon="10.435012">
                <ele>0</ele>
            </trkpt>
            <trkpt lat="46.243248" lon="10.435044">
                <ele>0</ele>
            </trkpt>
            <trkpt lat="46.243281" lon="10.435098">
                <ele>0</ele>
            </trkpt>
            <trkpt lat="46.243332" lon="10.435166">
                <ele>0</ele>
            </trkpt>
            <trkpt lat="46.243453" lon="10.43531">
                <ele>0</ele>
            </trkpt>
            <trkpt lat="46.243578" lon="10.43546">
                <ele>0</ele>
            </trkpt>
            <trkpt lat="46.243657" lon="10.435571">
                <ele>0</ele>
            </trkpt>
            <trkpt lat="46.243704" lon="10.435669">
                <ele>0</ele>
            </trkpt>
            <trkpt lat="46.24374" lon="10.435745">
                <ele>0</ele>
            </trkpt>
            <trkpt lat="46.243814" lon="10.435926">
                <ele>0</ele>
            </trkpt>
            <trkpt lat="46.243878" lon="10.436115">
                <ele>0</ele>
            </trkpt>
            <trkpt lat="46.243991" lon="10.43646">
                <ele>0</ele>
            </trkpt>
            <trkpt lat="46.244104" lon="10.436855">
                <ele>0</ele>
            </trkpt>
            <trkpt lat="46.24429" lon="10.437651">
                <ele>0</ele>
            </trkpt>
            <trkpt lat="46.244526" lon="10.438662">
                <ele>0</ele>
            </trkpt>
            <trkpt lat="46.244553" lon="10.438824">
                <ele>0</ele>
            </trkpt>
            <trkpt lat="46.244566" lon="10.43895">
                <ele>0</ele>
            </trkpt>
            <trkpt lat="46.244579" lon="10.439635">
                <ele>0</ele>
            </trkpt>
            <trkpt lat="46.244577" lon="10.439772">
                <ele>0</ele>
            </trkpt>
            <trkpt lat="46.244581" lon="10.439909">
                <ele>0</ele>
            </trkpt>
            <trkpt lat="46.244607" lon="10.440123">
                <ele>0</ele>
            </trkpt>
            <trkpt lat="46.244721" lon="10.440716">
                <ele>0</ele>
            </trkpt>
            <trkpt lat="46.244744" lon="10.440895">
                <ele>0</ele>
            </trkpt>
            <trkpt lat="46.244741" lon="10.441041">
                <ele>0</ele>
            </trkpt>
            <trkpt lat="46.244726" lon="10.441186">
                <ele>0</ele>
            </trkpt>
            <trkpt lat="46.24466" lon="10.441537">
                <ele>0</ele>
            </trkpt>
            <trkpt lat="46.244631" lon="10.441686">
                <ele>0</ele>
            </trkpt>
            <trkpt lat="46.24462" lon="10.441851">
                <ele>0</ele>
            </trkpt>
            <trkpt lat="46.244625" lon="10.441993">
                <ele>0</ele>
            </trkpt>
            <trkpt lat="46.244646" lon="10.442126">
                <ele>0</ele>
            </trkpt>
            <trkpt lat="46.244684" lon="10.442292">
                <ele>0</ele>
            </trkpt>
            <trkpt lat="46.244796" lon="10.442686">
                <ele>0</ele>
            </trkpt>
            <trkpt lat="46.244847" lon="10.442874">
                <ele>0</ele>
            </trkpt>
            <trkpt lat="46.244881" lon="10.443015">
                <ele>0</ele>
            </trkpt>
            <trkpt lat="46.244907" lon="10.443156">
                <ele>0</ele>
            </trkpt>
            <trkpt lat="46.244927" lon="10.443366">
                <ele>0</ele>
            </trkpt>
            <trkpt lat="46.244929" lon="10.443614">
                <ele>0</ele>
            </trkpt>
            <trkpt lat="46.244915" lon="10.443888">
                <ele>0</ele>
            </trkpt>
            <trkpt lat="46.244893" lon="10.444045">
                <ele>0</ele>
            </trkpt>
            <trkpt lat="46.244866" lon="10.444196">
                <ele>0</ele>
            </trkpt>
            <trkpt lat="46.244704" lon="10.444806">
                <ele>0</ele>
            </trkpt>
            <trkpt lat="46.244611" lon="10.445167">
                <ele>0</ele>
            </trkpt>
            <trkpt lat="46.24459" lon="10.445264">
                <ele>0</ele>
            </trkpt>
            <trkpt lat="46.244569" lon="10.445409">
                <ele>0</ele>
            </trkpt>
            <trkpt lat="46.244565" lon="10.445458">
                <ele>0</ele>
            </trkpt>
            <trkpt lat="46.244557" lon="10.445568">
                <ele>0</ele>
            </trkpt>
            <trkpt lat="46.244558" lon="10.44573">
                <ele>0</ele>
            </trkpt>
            <trkpt lat="46.244573" lon="10.445901">
                <ele>0</ele>
            </trkpt>
            <trkpt lat="46.244615" lon="10.446104">
                <ele>0</ele>
            </trkpt>
            <trkpt lat="46.24467" lon="10.446331">
                <ele>0</ele>
            </trkpt>
            <trkpt lat="46.245117" lon="10.447916">
                <ele>0</ele>
            </trkpt>
            <trkpt lat="46.245271" lon="10.448483">
                <ele>0</ele>
            </trkpt>
            <trkpt lat="46.245446" lon="10.449053">
                <ele>0</ele>
            </trkpt>
            <trkpt lat="46.245561" lon="10.449384">
                <ele>0</ele>
            </trkpt>
            <trkpt lat="46.245679" lon="10.44969">
                <ele>0</ele>
            </trkpt>
            <trkpt lat="46.245786" lon="10.44994">
                <ele>0</ele>
            </trkpt>
            <trkpt lat="46.245891" lon="10.45016">
                <ele>0</ele>
            </trkpt>
            <trkpt lat="46.245997" lon="10.450389">
                <ele>0</ele>
            </trkpt>
            <trkpt lat="46.2461" lon="10.450622">
                <ele>0</ele>
            </trkpt>
            <trkpt lat="46.246191" lon="10.450875">
                <ele>0</ele>
            </trkpt>
            <trkpt lat="46.246283" lon="10.451162">
                <ele>0</ele>
            </trkpt>
            <trkpt lat="46.24634" lon="10.451359">
                <ele>0</ele>
            </trkpt>
            <trkpt lat="46.246389" lon="10.451559">
                <ele>0</ele>
            </trkpt>
            <trkpt lat="46.246429" lon="10.451774">
                <ele>0</ele>
            </trkpt>
            <trkpt lat="46.246457" lon="10.451993">
                <ele>0</ele>
            </trkpt>
            <trkpt lat="46.246493" lon="10.452175">
                <ele>0</ele>
            </trkpt>
            <trkpt lat="46.246533" lon="10.452287">
                <ele>0</ele>
            </trkpt>
            <trkpt lat="46.246576" lon="10.452377">
                <ele>0</ele>
            </trkpt>
            <trkpt lat="46.246897" lon="10.452906">
                <ele>0</ele>
            </trkpt>
            <trkpt lat="46.247296" lon="10.453702">
                <ele>0</ele>
            </trkpt>
            <trkpt lat="46.247413" lon="10.453935">
                <ele>0</ele>
            </trkpt>
            <trkpt lat="46.247431" lon="10.453964">
                <ele>0</ele>
            </trkpt>
            <trkpt lat="46.247516" lon="10.454102">
                <ele>0</ele>
            </trkpt>
            <trkpt lat="46.247639" lon="10.454269">
                <ele>0</ele>
            </trkpt>
            <trkpt lat="46.24772" lon="10.454369">
                <ele>0</ele>
            </trkpt>
            <trkpt lat="46.247791" lon="10.454432">
                <ele>0</ele>
            </trkpt>
            <trkpt lat="46.248141" lon="10.454695">
                <ele>0</ele>
            </trkpt>
            <trkpt lat="46.248232" lon="10.454804">
                <ele>0</ele>
            </trkpt>
            <trkpt lat="46.248385" lon="10.454959">
                <ele>0</ele>
            </trkpt>
            <trkpt lat="46.248419" lon="10.455004">
                <ele>0</ele>
            </trkpt>
            <trkpt lat="46.248479" lon="10.455082">
                <ele>0</ele>
            </trkpt>
            <trkpt lat="46.248573" lon="10.455268">
                <ele>0</ele>
            </trkpt>
            <trkpt lat="46.248655" lon="10.455471">
                <ele>0</ele>
            </trkpt>
            <trkpt lat="46.248919" lon="10.456279">
                <ele>0</ele>
            </trkpt>
            <trkpt lat="46.249132" lon="10.456931">
                <ele>0</ele>
            </trkpt>
            <trkpt lat="46.249213" lon="10.457328">
                <ele>0</ele>
            </trkpt>
            <trkpt lat="46.249277" lon="10.457873">
                <ele>0</ele>
            </trkpt>
            <trkpt lat="46.249566" lon="10.45992">
                <ele>0</ele>
            </trkpt>
            <trkpt lat="46.249735" lon="10.461118">
                <ele>0</ele>
            </trkpt>
            <trkpt lat="46.249784" lon="10.461706">
                <ele>0</ele>
            </trkpt>
            <trkpt lat="46.24979" lon="10.461826">
                <ele>0</ele>
            </trkpt>
            <trkpt lat="46.249801" lon="10.462053">
                <ele>0</ele>
            </trkpt>
            <trkpt lat="46.249812" lon="10.462278">
                <ele>0</ele>
            </trkpt>
            <trkpt lat="46.249814" lon="10.462527">
                <ele>0</ele>
            </trkpt>
            <trkpt lat="46.249802" lon="10.462765">
                <ele>0</ele>
            </trkpt>
            <trkpt lat="46.249783" lon="10.463009">
                <ele>0</ele>
            </trkpt>
            <trkpt lat="46.249765" lon="10.463241">
                <ele>0</ele>
            </trkpt>
            <trkpt lat="46.249739" lon="10.463422">
                <ele>0</ele>
            </trkpt>
            <trkpt lat="46.249696" lon="10.463637">
                <ele>0</ele>
            </trkpt>
            <trkpt lat="46.249631" lon="10.463798">
                <ele>0</ele>
            </trkpt>
            <trkpt lat="46.24956" lon="10.463852">
                <ele>0</ele>
            </trkpt>
            <trkpt lat="46.24953" lon="10.463875">
                <ele>0</ele>
            </trkpt>
            <trkpt lat="46.249494" lon="10.463891">
                <ele>0</ele>
            </trkpt>
            <trkpt lat="46.249439" lon="10.463902">
                <ele>0</ele>
            </trkpt>
            <trkpt lat="46.249398" lon="10.463878">
                <ele>0</ele>
            </trkpt>
            <trkpt lat="46.249354" lon="10.463872">
                <ele>0</ele>
            </trkpt>
            <trkpt lat="46.24931" lon="10.463884">
                <ele>0</ele>
            </trkpt>
            <trkpt lat="46.249267" lon="10.463917">
                <ele>0</ele>
            </trkpt>
            <trkpt lat="46.249234" lon="10.463968">
                <ele>0</ele>
            </trkpt>
            <trkpt lat="46.249212" lon="10.46403">
                <ele>0</ele>
            </trkpt>
            <trkpt lat="46.249205" lon="10.464096">
                <ele>0</ele>
            </trkpt>
            <trkpt lat="46.249212" lon="10.464162">
                <ele>0</ele>
            </trkpt>
            <trkpt lat="46.249232" lon="10.464222">
                <ele>0</ele>
            </trkpt>
            <trkpt lat="46.249263" lon="10.464272">
                <ele>0</ele>
            </trkpt>
            <trkpt lat="46.249302" lon="10.464306">
                <ele>0</ele>
            </trkpt>
            <trkpt lat="46.249304" lon="10.464345">
                <ele>0</ele>
            </trkpt>
            <trkpt lat="46.249311" lon="10.464453">
                <ele>0</ele>
            </trkpt>
            <trkpt lat="46.249314" lon="10.464559">
                <ele>0</ele>
            </trkpt>
            <trkpt lat="46.249312" lon="10.46464">
                <ele>0</ele>
            </trkpt>
            <trkpt lat="46.249136" lon="10.465104">
                <ele>0</ele>
            </trkpt>
            <trkpt lat="46.249094" lon="10.46523">
                <ele>0</ele>
            </trkpt>
            <trkpt lat="46.248982" lon="10.465566">
                <ele>0</ele>
            </trkpt>
            <trkpt lat="46.248963" lon="10.465635">
                <ele>0</ele>
            </trkpt>
            <trkpt lat="46.248941" lon="10.465715">
                <ele>0</ele>
            </trkpt>
            <trkpt lat="46.248884" lon="10.465878">
                <ele>0</ele>
            </trkpt>
            <trkpt lat="46.248755" lon="10.466331">
                <ele>0</ele>
            </trkpt>
            <trkpt lat="46.248729" lon="10.466531">
                <ele>0</ele>
            </trkpt>
            <trkpt lat="46.248719" lon="10.466733">
                <ele>0</ele>
            </trkpt>
            <trkpt lat="46.248711" lon="10.466949">
                <ele>0</ele>
            </trkpt>
            <trkpt lat="46.248704" lon="10.467129">
                <ele>0</ele>
            </trkpt>
            <trkpt lat="46.248701" lon="10.467229">
                <ele>0</ele>
            </trkpt>
            <trkpt lat="46.248695" lon="10.467374">
                <ele>0</ele>
            </trkpt>
            <trkpt lat="46.248692" lon="10.46744">
                <ele>0</ele>
            </trkpt>
            <trkpt lat="46.248681" lon="10.467733">
                <ele>0</ele>
            </trkpt>
            <trkpt lat="46.248672" lon="10.467931">
                <ele>0</ele>
            </trkpt>
            <trkpt lat="46.248668" lon="10.46803">
                <ele>0</ele>
            </trkpt>
            <trkpt lat="46.248653" lon="10.468376">
                <ele>0</ele>
            </trkpt>
            <trkpt lat="46.248652" lon="10.468416">
                <ele>0</ele>
            </trkpt>
            <trkpt lat="46.248634" lon="10.468815">
                <ele>0</ele>
            </trkpt>
            <trkpt lat="46.248631" lon="10.469311">
                <ele>0</ele>
            </trkpt>
            <trkpt lat="46.248629" lon="10.469385">
                <ele>0</ele>
            </trkpt>
            <trkpt lat="46.248626" lon="10.469481">
                <ele>0</ele>
            </trkpt>
            <trkpt lat="46.248623" lon="10.469925">
                <ele>0</ele>
            </trkpt>
            <trkpt lat="46.248624" lon="10.46995">
                <ele>0</ele>
            </trkpt>
            <trkpt lat="46.248642" lon="10.470273">
                <ele>0</ele>
            </trkpt>
            <trkpt lat="46.24871" lon="10.470587">
                <ele>0</ele>
            </trkpt>
            <trkpt lat="46.248749" lon="10.470724">
                <ele>0</ele>
            </trkpt>
            <trkpt lat="46.248795" lon="10.470879">
                <ele>0</ele>
            </trkpt>
            <trkpt lat="46.248968" lon="10.471534">
                <ele>0</ele>
            </trkpt>
            <trkpt lat="46.248975" lon="10.47156">
                <ele>0</ele>
            </trkpt>
            <trkpt lat="46.249031" lon="10.471795">
                <ele>0</ele>
            </trkpt>
            <trkpt lat="46.249128" lon="10.472172">
                <ele>0</ele>
            </trkpt>
            <trkpt lat="46.249196" lon="10.47236">
                <ele>0</ele>
            </trkpt>
            <trkpt lat="46.249271" lon="10.472525">
                <ele>0</ele>
            </trkpt>
            <trkpt lat="46.249392" lon="10.472752">
                <ele>0</ele>
            </trkpt>
            <trkpt lat="46.249457" lon="10.472866">
                <ele>0</ele>
            </trkpt>
            <trkpt lat="46.249657" lon="10.473217">
                <ele>0</ele>
            </trkpt>
            <trkpt lat="46.249727" lon="10.47334">
                <ele>0</ele>
            </trkpt>
            <trkpt lat="46.249854" lon="10.473584">
                <ele>0</ele>
            </trkpt>
            <trkpt lat="46.249932" lon="10.473765">
                <ele>0</ele>
            </trkpt>
            <trkpt lat="46.25013" lon="10.474307">
                <ele>0</ele>
            </trkpt>
            <trkpt lat="46.250183" lon="10.474452">
                <ele>0</ele>
            </trkpt>
            <trkpt lat="46.250401" lon="10.475073">
                <ele>0</ele>
            </trkpt>
            <trkpt lat="46.251048" lon="10.477165">
                <ele>0</ele>
            </trkpt>
            <trkpt lat="46.25133" lon="10.478086">
                <ele>0</ele>
            </trkpt>
            <trkpt lat="46.251454" lon="10.478521">
                <ele>0</ele>
            </trkpt>
            <trkpt lat="46.251457" lon="10.478532">
                <ele>0</ele>
            </trkpt>
            <trkpt lat="46.251575" lon="10.479009">
                <ele>0</ele>
            </trkpt>
            <trkpt lat="46.251682" lon="10.479605">
                <ele>0</ele>
            </trkpt>
            <trkpt lat="46.25179" lon="10.480226">
                <ele>0</ele>
            </trkpt>
            <trkpt lat="46.251928" lon="10.480779">
                <ele>0</ele>
            </trkpt>
            <trkpt lat="46.252186" lon="10.481543">
                <ele>0</ele>
            </trkpt>
            <trkpt lat="46.252268" lon="10.481931">
                <ele>0</ele>
            </trkpt>
            <trkpt lat="46.252322" lon="10.482244">
                <ele>0</ele>
            </trkpt>
            <trkpt lat="46.252356" lon="10.482554">
                <ele>0</ele>
            </trkpt>
            <trkpt lat="46.25237" lon="10.48275">
                <ele>0</ele>
            </trkpt>
            <trkpt lat="46.252377" lon="10.482873">
                <ele>0</ele>
            </trkpt>
            <trkpt lat="46.25235" lon="10.483168">
                <ele>0</ele>
            </trkpt>
            <trkpt lat="46.25235" lon="10.48341">
                <ele>0</ele>
            </trkpt>
            <trkpt lat="46.252386" lon="10.48364">
                <ele>0</ele>
            </trkpt>
            <trkpt lat="46.252477" lon="10.483935">
                <ele>0</ele>
            </trkpt>
            <trkpt lat="46.252548" lon="10.484122">
                <ele>0</ele>
            </trkpt>
            <trkpt lat="46.25261" lon="10.48428">
                <ele>0</ele>
            </trkpt>
            <trkpt lat="46.252647" lon="10.48445">
                <ele>0</ele>
            </trkpt>
            <trkpt lat="46.252657" lon="10.484596">
                <ele>0</ele>
            </trkpt>
            <trkpt lat="46.252645" lon="10.484721">
                <ele>0</ele>
            </trkpt>
            <trkpt lat="46.252612" lon="10.484856">
                <ele>0</ele>
            </trkpt>
            <trkpt lat="46.25256" lon="10.484973">
                <ele>0</ele>
            </trkpt>
            <trkpt lat="46.252451" lon="10.485155">
                <ele>0</ele>
            </trkpt>
            <trkpt lat="46.252385" lon="10.485313">
                <ele>0</ele>
            </trkpt>
            <trkpt lat="46.252322" lon="10.485536">
                <ele>0</ele>
            </trkpt>
            <trkpt lat="46.252313" lon="10.485596">
                <ele>0</ele>
            </trkpt>
            <trkpt lat="46.252322" lon="10.485814">
                <ele>0</ele>
            </trkpt>
            <trkpt lat="46.252354" lon="10.485993">
                <ele>0</ele>
            </trkpt>
            <trkpt lat="46.25237" lon="10.48615">
                <ele>0</ele>
            </trkpt>
            <trkpt lat="46.252374" lon="10.486193">
                <ele>0</ele>
            </trkpt>
            <trkpt lat="46.252401" lon="10.486463">
                <ele>0</ele>
            </trkpt>
            <trkpt lat="46.252404" lon="10.486479">
                <ele>0</ele>
            </trkpt>
            <trkpt lat="46.252404" lon="10.486482">
                <ele>0</ele>
            </trkpt>
            <trkpt lat="46.252405" lon="10.48649">
                <ele>0</ele>
            </trkpt>
            <trkpt lat="46.252482" lon="10.486941">
                <ele>0</ele>
            </trkpt>
            <trkpt lat="46.25256" lon="10.48729">
                <ele>0</ele>
            </trkpt>
            <trkpt lat="46.252682" lon="10.487838">
                <ele>0</ele>
            </trkpt>
            <trkpt lat="46.25282" lon="10.488413">
                <ele>0</ele>
            </trkpt>
            <trkpt lat="46.252925" lon="10.488711">
                <ele>0</ele>
            </trkpt>
            <trkpt lat="46.253138" lon="10.489134">
                <ele>0</ele>
            </trkpt>
            <trkpt lat="46.253223" lon="10.489377">
                <ele>0</ele>
            </trkpt>
            <trkpt lat="46.253258" lon="10.489683">
                <ele>0</ele>
            </trkpt>
            <trkpt lat="46.253322" lon="10.491012">
                <ele>0</ele>
            </trkpt>
            <trkpt lat="46.253321" lon="10.491276">
                <ele>0</ele>
            </trkpt>
            <trkpt lat="46.253292" lon="10.491576">
                <ele>0</ele>
            </trkpt>
            <trkpt lat="46.253218" lon="10.491862">
                <ele>0</ele>
            </trkpt>
            <trkpt lat="46.252913" lon="10.492601">
                <ele>0</ele>
            </trkpt>
            <trkpt lat="46.252725" lon="10.49307">
                <ele>0</ele>
            </trkpt>
            <trkpt lat="46.252687" lon="10.493172">
                <ele>0</ele>
            </trkpt>
            <trkpt lat="46.252487" lon="10.493664">
                <ele>0</ele>
            </trkpt>
            <trkpt lat="46.25248" lon="10.493681">
                <ele>0</ele>
            </trkpt>
            <trkpt lat="46.252411" lon="10.493849">
                <ele>0</ele>
            </trkpt>
            <trkpt lat="46.252304" lon="10.494291">
                <ele>0</ele>
            </trkpt>
            <trkpt lat="46.25225" lon="10.494512">
                <ele>0</ele>
            </trkpt>
            <trkpt lat="46.252206" lon="10.49502">
                <ele>0</ele>
            </trkpt>
            <trkpt lat="46.252207" lon="10.495409">
                <ele>0</ele>
            </trkpt>
            <trkpt lat="46.252227" lon="10.495883">
                <ele>0</ele>
            </trkpt>
            <trkpt lat="46.252403" lon="10.496751">
                <ele>0</ele>
            </trkpt>
            <trkpt lat="46.252773" lon="10.498215">
                <ele>0</ele>
            </trkpt>
            <trkpt lat="46.253069" lon="10.499312">
                <ele>0</ele>
            </trkpt>
            <trkpt lat="46.253652" lon="10.501599">
                <ele>0</ele>
            </trkpt>
            <trkpt lat="46.253711" lon="10.501857">
                <ele>0</ele>
            </trkpt>
            <trkpt lat="46.253778" lon="10.5021">
                <ele>0</ele>
            </trkpt>
            <trkpt lat="46.253827" lon="10.502307">
                <ele>0</ele>
            </trkpt>
            <trkpt lat="46.253961" lon="10.502791">
                <ele>0</ele>
            </trkpt>
            <trkpt lat="46.254063" lon="10.503256">
                <ele>0</ele>
            </trkpt>
            <trkpt lat="46.254076" lon="10.503314">
                <ele>0</ele>
            </trkpt>
            <trkpt lat="46.254145" lon="10.503612">
                <ele>0</ele>
            </trkpt>
            <trkpt lat="46.25432" lon="10.504359">
                <ele>0</ele>
            </trkpt>
            <trkpt lat="46.254463" lon="10.505036">
                <ele>0</ele>
            </trkpt>
            <trkpt lat="46.254613" lon="10.505746">
                <ele>0</ele>
            </trkpt>
            <trkpt lat="46.254638" lon="10.505867">
                <ele>0</ele>
            </trkpt>
            <trkpt lat="46.254817" lon="10.506737">
                <ele>0</ele>
            </trkpt>
            <trkpt lat="46.25488" lon="10.507105">
                <ele>0</ele>
            </trkpt>
            <trkpt lat="46.254913" lon="10.50739">
                <ele>0</ele>
            </trkpt>
            <trkpt lat="46.254927" lon="10.507508">
                <ele>0</ele>
            </trkpt>
            <trkpt lat="46.254955" lon="10.507919">
                <ele>0</ele>
            </trkpt>
            <trkpt lat="46.254998" lon="10.50891">
                <ele>0</ele>
            </trkpt>
            <trkpt lat="46.25501" lon="10.509206">
                <ele>0</ele>
            </trkpt>
            <trkpt lat="46.255024" lon="10.509696">
                <ele>0</ele>
            </trkpt>
            <trkpt lat="46.25504" lon="10.510072">
                <ele>0</ele>
            </trkpt>
            <trkpt lat="46.255046" lon="10.510184">
                <ele>0</ele>
            </trkpt>
            <trkpt lat="46.255061" lon="10.510565">
                <ele>0</ele>
            </trkpt>
            <trkpt lat="46.255086" lon="10.511015">
                <ele>0</ele>
            </trkpt>
            <trkpt lat="46.255098" lon="10.511374">
                <ele>0</ele>
            </trkpt>
            <trkpt lat="46.255107" lon="10.511709">
                <ele>0</ele>
            </trkpt>
            <trkpt lat="46.255106" lon="10.511921">
                <ele>0</ele>
            </trkpt>
            <trkpt lat="46.2551" lon="10.512111">
                <ele>0</ele>
            </trkpt>
            <trkpt lat="46.255082" lon="10.512384">
                <ele>0</ele>
            </trkpt>
            <trkpt lat="46.255055" lon="10.512682">
                <ele>0</ele>
            </trkpt>
            <trkpt lat="46.254973" lon="10.513452">
                <ele>0</ele>
            </trkpt>
            <trkpt lat="46.254942" lon="10.513748">
                <ele>0</ele>
            </trkpt>
            <trkpt lat="46.254904" lon="10.514106">
                <ele>0</ele>
            </trkpt>
            <trkpt lat="46.25469" lon="10.516086">
                <ele>0</ele>
            </trkpt>
            <trkpt lat="46.254513" lon="10.517711">
                <ele>0</ele>
            </trkpt>
            <trkpt lat="46.254483" lon="10.517998">
                <ele>0</ele>
            </trkpt>
            <trkpt lat="46.254445" lon="10.518366">
                <ele>0</ele>
            </trkpt>
            <trkpt lat="46.254395" lon="10.518719">
                <ele>0</ele>
            </trkpt>
            <trkpt lat="46.254349" lon="10.518975">
                <ele>0</ele>
            </trkpt>
            <trkpt lat="46.254307" lon="10.519159">
                <ele>0</ele>
            </trkpt>
            <trkpt lat="46.254305" lon="10.519166">
                <ele>0</ele>
            </trkpt>
            <trkpt lat="46.254291" lon="10.519227">
                <ele>0</ele>
            </trkpt>
            <trkpt lat="46.254215" lon="10.51948">
                <ele>0</ele>
            </trkpt>
            <trkpt lat="46.254128" lon="10.51972">
                <ele>0</ele>
            </trkpt>
            <trkpt lat="46.254049" lon="10.519905">
                <ele>0</ele>
            </trkpt>
            <trkpt lat="46.253953" lon="10.520115">
                <ele>0</ele>
            </trkpt>
            <trkpt lat="46.253827" lon="10.520347">
                <ele>0</ele>
            </trkpt>
            <trkpt lat="46.253542" lon="10.520817">
                <ele>0</ele>
            </trkpt>
            <trkpt lat="46.252663" lon="10.522263">
                <ele>0</ele>
            </trkpt>
            <trkpt lat="46.252337" lon="10.522799">
                <ele>0</ele>
            </trkpt>
            <trkpt lat="46.25158" lon="10.524039">
                <ele>0</ele>
            </trkpt>
            <trkpt lat="46.251348" lon="10.52442">
                <ele>0</ele>
            </trkpt>
            <trkpt lat="46.251278" lon="10.524542">
                <ele>0</ele>
            </trkpt>
            <trkpt lat="46.251214" lon="10.524663">
                <ele>0</ele>
            </trkpt>
            <trkpt lat="46.251151" lon="10.524786">
                <ele>0</ele>
            </trkpt>
            <trkpt lat="46.25107" lon="10.524968">
                <ele>0</ele>
            </trkpt>
            <trkpt lat="46.251022" lon="10.525106">
                <ele>0</ele>
            </trkpt>
            <trkpt lat="46.25094" lon="10.525338">
                <ele>0</ele>
            </trkpt>
            <trkpt lat="46.250861" lon="10.5256">
                <ele>0</ele>
            </trkpt>
            <trkpt lat="46.250709" lon="10.526115">
                <ele>0</ele>
            </trkpt>
            <trkpt lat="46.250482" lon="10.526888">
                <ele>0</ele>
            </trkpt>
            <trkpt lat="46.250293" lon="10.52753">
                <ele>0</ele>
            </trkpt>
            <trkpt lat="46.250182" lon="10.527836">
                <ele>0</ele>
            </trkpt>
            <trkpt lat="46.250158" lon="10.527889">
                <ele>0</ele>
            </trkpt>
            <trkpt lat="46.250108" lon="10.528002">
                <ele>0</ele>
            </trkpt>
            <trkpt lat="46.250026" lon="10.528138">
                <ele>0</ele>
            </trkpt>
            <trkpt lat="46.249872" lon="10.528328">
                <ele>0</ele>
            </trkpt>
            <trkpt lat="46.249596" lon="10.528643">
                <ele>0</ele>
            </trkpt>
            <trkpt lat="46.249528" lon="10.528728">
                <ele>0</ele>
            </trkpt>
            <trkpt lat="46.249471" lon="10.528825">
                <ele>0</ele>
            </trkpt>
            <trkpt lat="46.249432" lon="10.528963">
                <ele>0</ele>
            </trkpt>
            <trkpt lat="46.24941" lon="10.52916">
                <ele>0</ele>
            </trkpt>
            <trkpt lat="46.249427" lon="10.529313">
                <ele>0</ele>
            </trkpt>
            <trkpt lat="46.249432" lon="10.529358">
                <ele>0</ele>
            </trkpt>
            <trkpt lat="46.249483" lon="10.52952">
                <ele>0</ele>
            </trkpt>
            <trkpt lat="46.249543" lon="10.529632">
                <ele>0</ele>
            </trkpt>
            <trkpt lat="46.249569" lon="10.529673">
                <ele>0</ele>
            </trkpt>
            <trkpt lat="46.249662" lon="10.529766">
                <ele>0</ele>
            </trkpt>
            <trkpt lat="46.249745" lon="10.52983">
                <ele>0</ele>
            </trkpt>
            <trkpt lat="46.249839" lon="10.529885">
                <ele>0</ele>
            </trkpt>
            <trkpt lat="46.249925" lon="10.529925">
                <ele>0</ele>
            </trkpt>
            <trkpt lat="46.250048" lon="10.52993">
                <ele>0</ele>
            </trkpt>
            <trkpt lat="46.250128" lon="10.529903">
                <ele>0</ele>
            </trkpt>
            <trkpt lat="46.250165" lon="10.529891">
                <ele>0</ele>
            </trkpt>
            <trkpt lat="46.250271" lon="10.529811">
                <ele>0</ele>
            </trkpt>
            <trkpt lat="46.250385" lon="10.529645">
                <ele>0</ele>
            </trkpt>
            <trkpt lat="46.25099" lon="10.528445">
                <ele>0</ele>
            </trkpt>
            <trkpt lat="46.251278" lon="10.527874">
                <ele>0</ele>
            </trkpt>
            <trkpt lat="46.251864" lon="10.526967">
                <ele>0</ele>
            </trkpt>
            <trkpt lat="46.251938" lon="10.526853">
                <ele>0</ele>
            </trkpt>
            <trkpt lat="46.25214" lon="10.526568">
                <ele>0</ele>
            </trkpt>
            <trkpt lat="46.252376" lon="10.526279">
                <ele>0</ele>
            </trkpt>
            <trkpt lat="46.253556" lon="10.52501">
                <ele>0</ele>
            </trkpt>
            <trkpt lat="46.253693" lon="10.524878">
                <ele>0</ele>
            </trkpt>
            <trkpt lat="46.253841" lon="10.524753">
                <ele>0</ele>
            </trkpt>
            <trkpt lat="46.253869" lon="10.524731">
                <ele>0</ele>
            </trkpt>
            <trkpt lat="46.253981" lon="10.524652">
                <ele>0</ele>
            </trkpt>
            <trkpt lat="46.254278" lon="10.524474">
                <ele>0</ele>
            </trkpt>
            <trkpt lat="46.254545" lon="10.524373">
                <ele>0</ele>
            </trkpt>
            <trkpt lat="46.254906" lon="10.524277">
                <ele>0</ele>
            </trkpt>
            <trkpt lat="46.255949" lon="10.524017">
                <ele>0</ele>
            </trkpt>
            <trkpt lat="46.256008" lon="10.523982">
                <ele>0</ele>
            </trkpt>
            <trkpt lat="46.256145" lon="10.5239">
                <ele>0</ele>
            </trkpt>
            <trkpt lat="46.256323" lon="10.523734">
                <ele>0</ele>
            </trkpt>
            <trkpt lat="46.256493" lon="10.52352">
                <ele>0</ele>
            </trkpt>
            <trkpt lat="46.256778" lon="10.523014">
                <ele>0</ele>
            </trkpt>
            <trkpt lat="46.256829" lon="10.522913">
                <ele>0</ele>
            </trkpt>
            <trkpt lat="46.256977" lon="10.522669">
                <ele>0</ele>
            </trkpt>
            <trkpt lat="46.257095" lon="10.522474">
                <ele>0</ele>
            </trkpt>
            <trkpt lat="46.257321" lon="10.522179">
                <ele>0</ele>
            </trkpt>
            <trkpt lat="46.257427" lon="10.522">
                <ele>0</ele>
            </trkpt>
            <trkpt lat="46.257526" lon="10.521735">
                <ele>0</ele>
            </trkpt>
            <trkpt lat="46.257626" lon="10.521563">
                <ele>0</ele>
            </trkpt>
            <trkpt lat="46.257677" lon="10.521495">
                <ele>0</ele>
            </trkpt>
            <trkpt lat="46.257738" lon="10.521447">
                <ele>0</ele>
            </trkpt>
            <trkpt lat="46.257863" lon="10.521348">
                <ele>0</ele>
            </trkpt>
            <trkpt lat="46.258146" lon="10.521096">
                <ele>0</ele>
            </trkpt>
            <trkpt lat="46.258417" lon="10.520633">
                <ele>0</ele>
            </trkpt>
            <trkpt lat="46.258473" lon="10.520591">
                <ele>0</ele>
            </trkpt>
            <trkpt lat="46.258532" lon="10.520575">
                <ele>0</ele>
            </trkpt>
            <trkpt lat="46.258574" lon="10.520585">
                <ele>0</ele>
            </trkpt>
            <trkpt lat="46.258607" lon="10.520607">
                <ele>0</ele>
            </trkpt>
            <trkpt lat="46.258633" lon="10.520643">
                <ele>0</ele>
            </trkpt>
            <trkpt lat="46.258651" lon="10.520701">
                <ele>0</ele>
            </trkpt>
            <trkpt lat="46.258656" lon="10.520776">
                <ele>0</ele>
            </trkpt>
            <trkpt lat="46.258649" lon="10.520834">
                <ele>0</ele>
            </trkpt>
            <trkpt lat="46.258616" lon="10.520897">
                <ele>0</ele>
            </trkpt>
            <trkpt lat="46.258579" lon="10.520933">
                <ele>0</ele>
            </trkpt>
            <trkpt lat="46.258431" lon="10.520967">
                <ele>0</ele>
            </trkpt>
            <trkpt lat="46.258368" lon="10.521008">
                <ele>0</ele>
            </trkpt>
            <trkpt lat="46.258326" lon="10.521066">
                <ele>0</ele>
            </trkpt>
            <trkpt lat="46.258223" lon="10.521302">
                <ele>0</ele>
            </trkpt>
            <trkpt lat="46.258114" lon="10.521512">
                <ele>0</ele>
            </trkpt>
            <trkpt lat="46.257831" lon="10.521891">
                <ele>0</ele>
            </trkpt>
            <trkpt lat="46.257719" lon="10.522183">
                <ele>0</ele>
            </trkpt>
            <trkpt lat="46.257208" lon="10.523267">
                <ele>0</ele>
            </trkpt>
            <trkpt lat="46.256987" lon="10.523719">
                <ele>0</ele>
            </trkpt>
            <trkpt lat="46.256982" lon="10.523776">
                <ele>0</ele>
            </trkpt>
            <trkpt lat="46.256991" lon="10.523821">
                <ele>0</ele>
            </trkpt>
            <trkpt lat="46.257016" lon="10.52386">
                <ele>0</ele>
            </trkpt>
            <trkpt lat="46.257054" lon="10.523891">
                <ele>0</ele>
            </trkpt>
            <trkpt lat="46.257088" lon="10.523897">
                <ele>0</ele>
            </trkpt>
            <trkpt lat="46.257115" lon="10.523889">
                <ele>0</ele>
            </trkpt>
            <trkpt lat="46.257135" lon="10.523874">
                <ele>0</ele>
            </trkpt>
            <trkpt lat="46.257158" lon="10.523827">
                <ele>0</ele>
            </trkpt>
            <trkpt lat="46.257225" lon="10.52348">
                <ele>0</ele>
            </trkpt>
            <trkpt lat="46.257262" lon="10.523389">
                <ele>0</ele>
            </trkpt>
            <trkpt lat="46.257669" lon="10.522816">
                <ele>0</ele>
            </trkpt>
            <trkpt lat="46.258197" lon="10.52203">
                <ele>0</ele>
            </trkpt>
            <trkpt lat="46.258328" lon="10.521889">
                <ele>0</ele>
            </trkpt>
            <trkpt lat="46.258659" lon="10.521638">
                <ele>0</ele>
            </trkpt>
            <trkpt lat="46.259157" lon="10.521081">
                <ele>0</ele>
            </trkpt>
            <trkpt lat="46.259415" lon="10.520823">
                <ele>0</ele>
            </trkpt>
            <trkpt lat="46.260142" lon="10.520266">
                <ele>0</ele>
            </trkpt>
            <trkpt lat="46.260342" lon="10.520182">
                <ele>0</ele>
            </trkpt>
            <trkpt lat="46.260627" lon="10.520128">
                <ele>0</ele>
            </trkpt>
            <trkpt lat="46.260828" lon="10.520113">
                <ele>0</ele>
            </trkpt>
            <trkpt lat="46.260973" lon="10.520133">
                <ele>0</ele>
            </trkpt>
            <trkpt lat="46.261059" lon="10.520174">
                <ele>0</ele>
            </trkpt>
            <trkpt lat="46.262144" lon="10.520718">
                <ele>0</ele>
            </trkpt>
            <trkpt lat="46.26323" lon="10.521276">
                <ele>0</ele>
            </trkpt>
            <trkpt lat="46.263478" lon="10.521404">
                <ele>0</ele>
            </trkpt>
            <trkpt lat="46.263932" lon="10.521637">
                <ele>0</ele>
            </trkpt>
            <trkpt lat="46.264062" lon="10.521732">
                <ele>0</ele>
            </trkpt>
            <trkpt lat="46.264096" lon="10.521757">
                <ele>0</ele>
            </trkpt>
            <trkpt lat="46.264113" lon="10.521781">
                <ele>0</ele>
            </trkpt>
            <trkpt lat="46.264124" lon="10.52181">
                <ele>0</ele>
            </trkpt>
            <trkpt lat="46.264123" lon="10.521853">
                <ele>0</ele>
            </trkpt>
            <trkpt lat="46.264113" lon="10.521892">
                <ele>0</ele>
            </trkpt>
            <trkpt lat="46.264098" lon="10.521921">
                <ele>0</ele>
            </trkpt>
            <trkpt lat="46.264076" lon="10.521932">
                <ele>0</ele>
            </trkpt>
            <trkpt lat="46.264045" lon="10.521926">
                <ele>0</ele>
            </trkpt>
            <trkpt lat="46.263992" lon="10.521878">
                <ele>0</ele>
            </trkpt>
            <trkpt lat="46.263847" lon="10.521712">
                <ele>0</ele>
            </trkpt>
            <trkpt lat="46.263759" lon="10.521661">
                <ele>0</ele>
            </trkpt>
            <trkpt lat="46.263611" lon="10.521589">
                <ele>0</ele>
            </trkpt>
            <trkpt lat="46.263185" lon="10.521455">
                <ele>0</ele>
            </trkpt>
            <trkpt lat="46.263056" lon="10.521418">
                <ele>0</ele>
            </trkpt>
            <trkpt lat="46.262681" lon="10.521312">
                <ele>0</ele>
            </trkpt>
            <trkpt lat="46.262296" lon="10.521156">
                <ele>0</ele>
            </trkpt>
            <trkpt lat="46.262212" lon="10.521122">
                <ele>0</ele>
            </trkpt>
            <trkpt lat="46.261999" lon="10.521058">
                <ele>0</ele>
            </trkpt>
            <trkpt lat="46.261947" lon="10.521049">
                <ele>0</ele>
            </trkpt>
            <trkpt lat="46.261739" lon="10.521015">
                <ele>0</ele>
            </trkpt>
            <trkpt lat="46.261633" lon="10.520997">
                <ele>0</ele>
            </trkpt>
            <trkpt lat="46.2612" lon="10.520797">
                <ele>0</ele>
            </trkpt>
            <trkpt lat="46.261024" lon="10.520817">
                <ele>0</ele>
            </trkpt>
            <trkpt lat="46.260638" lon="10.520976">
                <ele>0</ele>
            </trkpt>
            <trkpt lat="46.260274" lon="10.521125">
                <ele>0</ele>
            </trkpt>
            <trkpt lat="46.26006" lon="10.521312">
                <ele>0</ele>
            </trkpt>
            <trkpt lat="46.260018" lon="10.521349">
                <ele>0</ele>
            </trkpt>
            <trkpt lat="46.259775" lon="10.521768">
                <ele>0</ele>
            </trkpt>
            <trkpt lat="46.25943" lon="10.52232">
                <ele>0</ele>
            </trkpt>
            <trkpt lat="46.258863" lon="10.523228">
                <ele>0</ele>
            </trkpt>
            <trkpt lat="46.258686" lon="10.523519">
                <ele>0</ele>
            </trkpt>
            <trkpt lat="46.258608" lon="10.523808">
                <ele>0</ele>
            </trkpt>
            <trkpt lat="46.258598" lon="10.524274">
                <ele>0</ele>
            </trkpt>
            <trkpt lat="46.258438" lon="10.525076">
                <ele>0</ele>
            </trkpt>
            <trkpt lat="46.25832" lon="10.525634">
                <ele>0</ele>
            </trkpt>
            <trkpt lat="46.258302" lon="10.525795">
                <ele>0</ele>
            </trkpt>
            <trkpt lat="46.258315" lon="10.525913">
                <ele>0</ele>
            </trkpt>
            <trkpt lat="46.258367" lon="10.526101">
                <ele>0</ele>
            </trkpt>
            <trkpt lat="46.258385" lon="10.526227">
                <ele>0</ele>
            </trkpt>
            <trkpt lat="46.258388" lon="10.526363">
                <ele>0</ele>
            </trkpt>
            <trkpt lat="46.258383" lon="10.526529">
                <ele>0</ele>
            </trkpt>
            <trkpt lat="46.258396" lon="10.526688">
                <ele>0</ele>
            </trkpt>
            <trkpt lat="46.258414" lon="10.526802">
                <ele>0</ele>
            </trkpt>
            <trkpt lat="46.258452" lon="10.526933">
                <ele>0</ele>
            </trkpt>
            <trkpt lat="46.258475" lon="10.527052">
                <ele>0</ele>
            </trkpt>
            <trkpt lat="46.258467" lon="10.527144">
                <ele>0</ele>
            </trkpt>
            <trkpt lat="46.258436" lon="10.527214">
                <ele>0</ele>
            </trkpt>
            <trkpt lat="46.258314" lon="10.527339">
                <ele>0</ele>
            </trkpt>
            <trkpt lat="46.258265" lon="10.527355">
                <ele>0</ele>
            </trkpt>
            <trkpt lat="46.258202" lon="10.527347">
                <ele>0</ele>
            </trkpt>
            <trkpt lat="46.258053" lon="10.5273">
                <ele>0</ele>
            </trkpt>
            <trkpt lat="46.257905" lon="10.527266">
                <ele>0</ele>
            </trkpt>
            <trkpt lat="46.257464" lon="10.527218">
                <ele>0</ele>
            </trkpt>
            <trkpt lat="46.257379" lon="10.5272">
                <ele>0</ele>
            </trkpt>
            <trkpt lat="46.257331" lon="10.527207">
                <ele>0</ele>
            </trkpt>
            <trkpt lat="46.257266" lon="10.527216">
                <ele>0</ele>
            </trkpt>
            <trkpt lat="46.256995" lon="10.527254">
                <ele>0</ele>
            </trkpt>
            <trkpt lat="46.256605" lon="10.527369">
                <ele>0</ele>
            </trkpt>
            <trkpt lat="46.256538" lon="10.527441">
                <ele>0</ele>
            </trkpt>
            <trkpt lat="46.256508" lon="10.527569">
                <ele>0</ele>
            </trkpt>
            <trkpt lat="46.256476" lon="10.527797">
                <ele>0</ele>
            </trkpt>
            <trkpt lat="46.256424" lon="10.527871">
                <ele>0</ele>
            </trkpt>
            <trkpt lat="46.25592" lon="10.528219">
                <ele>0</ele>
            </trkpt>
            <trkpt lat="46.255827" lon="10.528235">
                <ele>0</ele>
            </trkpt>
            <trkpt lat="46.255471" lon="10.52819">
                <ele>0</ele>
            </trkpt>
            <trkpt lat="46.255417" lon="10.52825">
                <ele>0</ele>
            </trkpt>
            <trkpt lat="46.255348" lon="10.52836">
                <ele>0</ele>
            </trkpt>
            <trkpt lat="46.255279" lon="10.528526">
                <ele>0</ele>
            </trkpt>
            <trkpt lat="46.255217" lon="10.528687">
                <ele>0</ele>
            </trkpt>
            <trkpt lat="46.255114" lon="10.529147">
                <ele>0</ele>
            </trkpt>
            <trkpt lat="46.255083" lon="10.529261">
                <ele>0</ele>
            </trkpt>
            <trkpt lat="46.25505" lon="10.52933">
                <ele>0</ele>
            </trkpt>
            <trkpt lat="46.255012" lon="10.529386">
                <ele>0</ele>
            </trkpt>
            <trkpt lat="46.254957" lon="10.529432">
                <ele>0</ele>
            </trkpt>
            <trkpt lat="46.254872" lon="10.529453">
                <ele>0</ele>
            </trkpt>
            <trkpt lat="46.254802" lon="10.52946">
                <ele>0</ele>
            </trkpt>
            <trkpt lat="46.254604" lon="10.529481">
                <ele>0</ele>
            </trkpt>
            <trkpt lat="46.254499" lon="10.529515">
                <ele>0</ele>
            </trkpt>
            <trkpt lat="46.254481" lon="10.529531">
                <ele>0</ele>
            </trkpt>
            <trkpt lat="46.254409" lon="10.529594">
                <ele>0</ele>
            </trkpt>
            <trkpt lat="46.254338" lon="10.529702">
                <ele>0</ele>
            </trkpt>
            <trkpt lat="46.254219" lon="10.530014">
                <ele>0</ele>
            </trkpt>
            <trkpt lat="46.254019" lon="10.530583">
                <ele>0</ele>
            </trkpt>
            <trkpt lat="46.253957" lon="10.530876">
                <ele>0</ele>
            </trkpt>
            <trkpt lat="46.25392" lon="10.531054">
                <ele>0</ele>
            </trkpt>
            <trkpt lat="46.253918" lon="10.531065">
                <ele>0</ele>
            </trkpt>
            <trkpt lat="46.253871" lon="10.531285">
                <ele>0</ele>
            </trkpt>
            <trkpt lat="46.253769" lon="10.531701">
                <ele>0</ele>
            </trkpt>
            <trkpt lat="46.25369" lon="10.532023">
                <ele>0</ele>
            </trkpt>
            <trkpt lat="46.253673" lon="10.53215">
                <ele>0</ele>
            </trkpt>
            <trkpt lat="46.253642" lon="10.532376">
                <ele>0</ele>
            </trkpt>
            <trkpt lat="46.253576" lon="10.532812">
                <ele>0</ele>
            </trkpt>
            <trkpt lat="46.253449" lon="10.533647">
                <ele>0</ele>
            </trkpt>
            <trkpt lat="46.253446" lon="10.533825">
                <ele>0</ele>
            </trkpt>
            <trkpt lat="46.253484" lon="10.534029">
                <ele>0</ele>
            </trkpt>
            <trkpt lat="46.253527" lon="10.534223">
                <ele>0</ele>
            </trkpt>
            <trkpt lat="46.25353" lon="10.53425">
                <ele>0</ele>
            </trkpt>
            <trkpt lat="46.253553" lon="10.534431">
                <ele>0</ele>
            </trkpt>
            <trkpt lat="46.253548" lon="10.534582">
                <ele>0</ele>
            </trkpt>
            <trkpt lat="46.253522" lon="10.53471">
                <ele>0</ele>
            </trkpt>
            <trkpt lat="46.253461" lon="10.534815">
                <ele>0</ele>
            </trkpt>
            <trkpt lat="46.253135" lon="10.535166">
                <ele>0</ele>
            </trkpt>
            <trkpt lat="46.252878" lon="10.535441">
                <ele>0</ele>
            </trkpt>
            <trkpt lat="46.252824" lon="10.535499">
                <ele>0</ele>
            </trkpt>
            <trkpt lat="46.252717" lon="10.535645">
                <ele>0</ele>
            </trkpt>
            <trkpt lat="46.252593" lon="10.535922">
                <ele>0</ele>
            </trkpt>
            <trkpt lat="46.252533" lon="10.536148">
                <ele>0</ele>
            </trkpt>
            <trkpt lat="46.252513" lon="10.536433">
                <ele>0</ele>
            </trkpt>
            <trkpt lat="46.252468" lon="10.536561">
                <ele>0</ele>
            </trkpt>
            <trkpt lat="46.252313" lon="10.53689">
                <ele>0</ele>
            </trkpt>
            <trkpt lat="46.252266" lon="10.53705">
                <ele>0</ele>
            </trkpt>
            <trkpt lat="46.252251" lon="10.537192">
                <ele>0</ele>
            </trkpt>
            <trkpt lat="46.252251" lon="10.537482">
                <ele>0</ele>
            </trkpt>
            <trkpt lat="46.252223" lon="10.537625">
                <ele>0</ele>
            </trkpt>
            <trkpt lat="46.252152" lon="10.537789">
                <ele>0</ele>
            </trkpt>
            <trkpt lat="46.25202" lon="10.538006">
                <ele>0</ele>
            </trkpt>
            <trkpt lat="46.252007" lon="10.538083">
                <ele>0</ele>
            </trkpt>
            <trkpt lat="46.252016" lon="10.538156">
                <ele>0</ele>
            </trkpt>
            <trkpt lat="46.25205" lon="10.538289">
                <ele>0</ele>
            </trkpt>
            <trkpt lat="46.252182" lon="10.538564">
                <ele>0</ele>
            </trkpt>
            <trkpt lat="46.252215" lon="10.538689">
                <ele>0</ele>
            </trkpt>
            <trkpt lat="46.252219" lon="10.538843">
                <ele>0</ele>
            </trkpt>
            <trkpt lat="46.252181" lon="10.539002">
                <ele>0</ele>
            </trkpt>
            <trkpt lat="46.252112" lon="10.539135">
                <ele>0</ele>
            </trkpt>
            <trkpt lat="46.25197" lon="10.539341">
                <ele>0</ele>
            </trkpt>
            <trkpt lat="46.251919" lon="10.539517">
                <ele>0</ele>
            </trkpt>
            <trkpt lat="46.251906" lon="10.539745">
                <ele>0</ele>
            </trkpt>
            <trkpt lat="46.25194" lon="10.539941">
                <ele>0</ele>
            </trkpt>
            <trkpt lat="46.252224" lon="10.540774">
                <ele>0</ele>
            </trkpt>
            <trkpt lat="46.252371" lon="10.541228">
                <ele>0</ele>
            </trkpt>
            <trkpt lat="46.252505" lon="10.541662">
                <ele>0</ele>
            </trkpt>
            <trkpt lat="46.252578" lon="10.542035">
                <ele>0</ele>
            </trkpt>
            <trkpt lat="46.252679" lon="10.542828">
                <ele>0</ele>
            </trkpt>
            <trkpt lat="46.252784" lon="10.543612">
                <ele>0</ele>
            </trkpt>
            <trkpt lat="46.25282" lon="10.543895">
                <ele>0</ele>
            </trkpt>
            <trkpt lat="46.252852" lon="10.544021">
                <ele>0</ele>
            </trkpt>
            <trkpt lat="46.252874" lon="10.544073">
                <ele>0</ele>
            </trkpt>
            <trkpt lat="46.252875" lon="10.544074">
                <ele>0</ele>
            </trkpt>
            <trkpt lat="46.252931" lon="10.544132">
                <ele>0</ele>
            </trkpt>
            <trkpt lat="46.253" lon="10.544147">
                <ele>0</ele>
            </trkpt>
            <trkpt lat="46.253085" lon="10.544136">
                <ele>0</ele>
            </trkpt>
            <trkpt lat="46.253148" lon="10.544089">
                <ele>0</ele>
            </trkpt>
            <trkpt lat="46.253197" lon="10.544004">
                <ele>0</ele>
            </trkpt>
            <trkpt lat="46.253223" lon="10.543914">
                <ele>0</ele>
            </trkpt>
            <trkpt lat="46.25323" lon="10.543815">
                <ele>0</ele>
            </trkpt>
            <trkpt lat="46.253211" lon="10.543332">
                <ele>0</ele>
            </trkpt>
            <trkpt lat="46.253203" lon="10.542832">
                <ele>0</ele>
            </trkpt>
            <trkpt lat="46.253205" lon="10.542675">
                <ele>0</ele>
            </trkpt>
            <trkpt lat="46.253212" lon="10.542522">
                <ele>0</ele>
            </trkpt>
            <trkpt lat="46.253245" lon="10.542216">
                <ele>0</ele>
            </trkpt>
            <trkpt lat="46.253282" lon="10.542007">
                <ele>0</ele>
            </trkpt>
            <trkpt lat="46.253321" lon="10.54173">
                <ele>0</ele>
            </trkpt>
            <trkpt lat="46.253333" lon="10.54157">
                <ele>0</ele>
            </trkpt>
            <trkpt lat="46.253316" lon="10.541404">
                <ele>0</ele>
            </trkpt>
            <trkpt lat="46.253292" lon="10.541282">
                <ele>0</ele>
            </trkpt>
            <trkpt lat="46.253162" lon="10.540961">
                <ele>0</ele>
            </trkpt>
            <trkpt lat="46.253144" lon="10.540845">
                <ele>0</ele>
            </trkpt>
            <trkpt lat="46.253168" lon="10.540765">
                <ele>0</ele>
            </trkpt>
            <trkpt lat="46.253216" lon="10.540712">
                <ele>0</ele>
            </trkpt>
            <trkpt lat="46.253274" lon="10.540697">
                <ele>0</ele>
            </trkpt>
            <trkpt lat="46.253339" lon="10.540716">
                <ele>0</ele>
            </trkpt>
            <trkpt lat="46.253386" lon="10.540766">
                <ele>0</ele>
            </trkpt>
            <trkpt lat="46.253419" lon="10.540892">
                <ele>0</ele>
            </trkpt>
            <trkpt lat="46.253473" lon="10.541138">
                <ele>0</ele>
            </trkpt>
            <trkpt lat="46.25356" lon="10.541418">
                <ele>0</ele>
            </trkpt>
            <trkpt lat="46.253643" lon="10.541653">
                <ele>0</ele>
            </trkpt>
            <trkpt lat="46.253664" lon="10.541753">
                <ele>0</ele>
            </trkpt>
            <trkpt lat="46.253683" lon="10.541892">
                <ele>0</ele>
            </trkpt>
            <trkpt lat="46.253706" lon="10.542053">
                <ele>0</ele>
            </trkpt>
            <trkpt lat="46.253785" lon="10.54227">
                <ele>0</ele>
            </trkpt>
            <trkpt lat="46.253869" lon="10.542481">
                <ele>0</ele>
            </trkpt>
            <trkpt lat="46.253897" lon="10.542604">
                <ele>0</ele>
            </trkpt>
            <trkpt lat="46.253901" lon="10.542725">
                <ele>0</ele>
            </trkpt>
            <trkpt lat="46.253882" lon="10.542847">
                <ele>0</ele>
            </trkpt>
            <trkpt lat="46.253769" lon="10.543167">
                <ele>0</ele>
            </trkpt>
            <trkpt lat="46.253745" lon="10.543279">
                <ele>0</ele>
            </trkpt>
            <trkpt lat="46.253739" lon="10.543414">
                <ele>0</ele>
            </trkpt>
            <trkpt lat="46.253762" lon="10.543568">
                <ele>0</ele>
            </trkpt>
            <trkpt lat="46.253816" lon="10.543715">
                <ele>0</ele>
            </trkpt>
            <trkpt lat="46.253945" lon="10.543898">
                <ele>0</ele>
            </trkpt>
            <trkpt lat="46.254096" lon="10.544069">
                <ele>0</ele>
            </trkpt>
            <trkpt lat="46.254162" lon="10.544162">
                <ele>0</ele>
            </trkpt>
            <trkpt lat="46.254215" lon="10.544338">
                <ele>0</ele>
            </trkpt>
            <trkpt lat="46.254283" lon="10.544774">
                <ele>0</ele>
            </trkpt>
            <trkpt lat="46.254289" lon="10.544965">
                <ele>0</ele>
            </trkpt>
            <trkpt lat="46.254285" lon="10.545113">
                <ele>0</ele>
            </trkpt>
            <trkpt lat="46.254284" lon="10.545173">
                <ele>0</ele>
            </trkpt>
            <trkpt lat="46.254303" lon="10.545305">
                <ele>0</ele>
            </trkpt>
            <trkpt lat="46.254343" lon="10.545444">
                <ele>0</ele>
            </trkpt>
            <trkpt lat="46.254346" lon="10.545449">
                <ele>0</ele>
            </trkpt>
            <trkpt lat="46.254522" lon="10.545712">
                <ele>0</ele>
            </trkpt>
            <trkpt lat="46.254603" lon="10.545866">
                <ele>0</ele>
            </trkpt>
            <trkpt lat="46.254654" lon="10.546047">
                <ele>0</ele>
            </trkpt>
            <trkpt lat="46.254649" lon="10.546239">
                <ele>0</ele>
            </trkpt>
            <trkpt lat="46.254581" lon="10.546451">
                <ele>0</ele>
            </trkpt>
            <trkpt lat="46.254546" lon="10.546612">
                <ele>0</ele>
            </trkpt>
            <trkpt lat="46.254555" lon="10.546821">
                <ele>0</ele>
            </trkpt>
            <trkpt lat="46.254829" lon="10.549754">
                <ele>0</ele>
            </trkpt>
            <trkpt lat="46.254837" lon="10.549936">
                <ele>0</ele>
            </trkpt>
            <trkpt lat="46.254822" lon="10.550122">
                <ele>0</ele>
            </trkpt>
            <trkpt lat="46.254627" lon="10.550997">
                <ele>0</ele>
            </trkpt>
            <trkpt lat="46.25458" lon="10.551207">
                <ele>0</ele>
            </trkpt>
            <trkpt lat="46.254556" lon="10.551401">
                <ele>0</ele>
            </trkpt>
            <trkpt lat="46.254553" lon="10.551612">
                <ele>0</ele>
            </trkpt>
            <trkpt lat="46.254563" lon="10.551812">
                <ele>0</ele>
            </trkpt>
            <trkpt lat="46.254638" lon="10.552672">
                <ele>0</ele>
            </trkpt>
            <trkpt lat="46.254672" lon="10.553271">
                <ele>0</ele>
            </trkpt>
            <trkpt lat="46.254696" lon="10.55341">
                <ele>0</ele>
            </trkpt>
            <trkpt lat="46.254731" lon="10.553514">
                <ele>0</ele>
            </trkpt>
            <trkpt lat="46.254795" lon="10.553625">
                <ele>0</ele>
            </trkpt>
            <trkpt lat="46.254889" lon="10.553748">
                <ele>0</ele>
            </trkpt>
            <trkpt lat="46.255142" lon="10.554048">
                <ele>0</ele>
            </trkpt>
            <trkpt lat="46.255217" lon="10.554123">
                <ele>0</ele>
            </trkpt>
            <trkpt lat="46.255309" lon="10.554181">
                <ele>0</ele>
            </trkpt>
            <trkpt lat="46.255517" lon="10.554292">
                <ele>0</ele>
            </trkpt>
            <trkpt lat="46.255612" lon="10.55435">
                <ele>0</ele>
            </trkpt>
            <trkpt lat="46.255693" lon="10.554426">
                <ele>0</ele>
            </trkpt>
            <trkpt lat="46.255771" lon="10.554535">
                <ele>0</ele>
            </trkpt>
            <trkpt lat="46.255837" lon="10.55465">
                <ele>0</ele>
            </trkpt>
            <trkpt lat="46.255946" lon="10.554928">
                <ele>0</ele>
            </trkpt>
            <trkpt lat="46.256043" lon="10.555211">
                <ele>0</ele>
            </trkpt>
            <trkpt lat="46.256181" lon="10.555788">
                <ele>0</ele>
            </trkpt>
            <trkpt lat="46.256181" lon="10.555789">
                <ele>0</ele>
            </trkpt>
            <trkpt lat="46.256423" lon="10.556829">
                <ele>0</ele>
            </trkpt>
            <trkpt lat="46.256532" lon="10.557344">
                <ele>0</ele>
            </trkpt>
            <trkpt lat="46.256562" lon="10.5575">
                <ele>0</ele>
            </trkpt>
            <trkpt lat="46.256589" lon="10.557652">
                <ele>0</ele>
            </trkpt>
            <trkpt lat="46.256657" lon="10.55813">
                <ele>0</ele>
            </trkpt>
            <trkpt lat="46.256702" lon="10.558499">
                <ele>0</ele>
            </trkpt>
            <trkpt lat="46.256717" lon="10.55871">
                <ele>0</ele>
            </trkpt>
            <trkpt lat="46.256731" lon="10.559013">
                <ele>0</ele>
            </trkpt>
            <trkpt lat="46.256737" lon="10.559325">
                <ele>0</ele>
            </trkpt>
            <trkpt lat="46.256738" lon="10.55958">
                <ele>0</ele>
            </trkpt>
            <trkpt lat="46.256725" lon="10.559926">
                <ele>0</ele>
            </trkpt>
            <trkpt lat="46.256718" lon="10.560142">
                <ele>0</ele>
            </trkpt>
            <trkpt lat="46.256718" lon="10.560145">
                <ele>0</ele>
            </trkpt>
            <trkpt lat="46.256713" lon="10.560446">
                <ele>0</ele>
            </trkpt>
            <trkpt lat="46.256712" lon="10.560534">
                <ele>0</ele>
            </trkpt>
            <trkpt lat="46.256719" lon="10.560723">
                <ele>0</ele>
            </trkpt>
            <trkpt lat="46.256736" lon="10.560886">
                <ele>0</ele>
            </trkpt>
            <trkpt lat="46.256748" lon="10.560947">
                <ele>0</ele>
            </trkpt>
            <trkpt lat="46.256784" lon="10.561086">
                <ele>0</ele>
            </trkpt>
            <trkpt lat="46.256806" lon="10.561153">
                <ele>0</ele>
            </trkpt>
            <trkpt lat="46.256837" lon="10.561261">
                <ele>0</ele>
            </trkpt>
            <trkpt lat="46.256927" lon="10.561545">
                <ele>0</ele>
            </trkpt>
            <trkpt lat="46.257346" lon="10.562748">
                <ele>0</ele>
            </trkpt>
            <trkpt lat="46.257366" lon="10.562816">
                <ele>0</ele>
            </trkpt>
            <trkpt lat="46.257374" lon="10.562871">
                <ele>0</ele>
            </trkpt>
            <trkpt lat="46.257382" lon="10.562928">
                <ele>0</ele>
            </trkpt>
            <trkpt lat="46.257382" lon="10.56299">
                <ele>0</ele>
            </trkpt>
            <trkpt lat="46.257373" lon="10.563052">
                <ele>0</ele>
            </trkpt>
            <trkpt lat="46.257354" lon="10.563112">
                <ele>0</ele>
            </trkpt>
            <trkpt lat="46.257323" lon="10.563189">
                <ele>0</ele>
            </trkpt>
            <trkpt lat="46.257276" lon="10.56325">
                <ele>0</ele>
            </trkpt>
            <trkpt lat="46.257222" lon="10.563307">
                <ele>0</ele>
            </trkpt>
            <trkpt lat="46.257173" lon="10.563349">
                <ele>0</ele>
            </trkpt>
            <trkpt lat="46.257117" lon="10.563374">
                <ele>0</ele>
            </trkpt>
            <trkpt lat="46.257054" lon="10.563385">
                <ele>0</ele>
            </trkpt>
            <trkpt lat="46.256998" lon="10.563384">
                <ele>0</ele>
            </trkpt>
            <trkpt lat="46.256947" lon="10.563366">
                <ele>0</ele>
            </trkpt>
            <trkpt lat="46.256937" lon="10.563362">
                <ele>0</ele>
            </trkpt>
            <trkpt lat="46.256838" lon="10.563293">
                <ele>0</ele>
            </trkpt>
            <trkpt lat="46.256834" lon="10.563289">
                <ele>0</ele>
            </trkpt>
            <trkpt lat="46.256806" lon="10.563256">
                <ele>0</ele>
            </trkpt>
            <trkpt lat="46.256786" lon="10.563226">
                <ele>0</ele>
            </trkpt>
            <trkpt lat="46.25675" lon="10.563172">
                <ele>0</ele>
            </trkpt>
            <trkpt lat="46.256722" lon="10.563112">
                <ele>0</ele>
            </trkpt>
            <trkpt lat="46.256659" lon="10.56297">
                <ele>0</ele>
            </trkpt>
            <trkpt lat="46.256541" lon="10.562712">
                <ele>0</ele>
            </trkpt>
            <trkpt lat="46.256495" lon="10.562617">
                <ele>0</ele>
            </trkpt>
            <trkpt lat="46.256452" lon="10.562547">
                <ele>0</ele>
            </trkpt>
            <trkpt lat="46.256409" lon="10.562493">
                <ele>0</ele>
            </trkpt>
            <trkpt lat="46.256352" lon="10.562433">
                <ele>0</ele>
            </trkpt>
            <trkpt lat="46.256287" lon="10.562381">
                <ele>0</ele>
            </trkpt>
            <trkpt lat="46.256245" lon="10.562365">
                <ele>0</ele>
            </trkpt>
            <trkpt lat="46.256208" lon="10.56235">
                <ele>0</ele>
            </trkpt>
            <trkpt lat="46.256173" lon="10.562339">
                <ele>0</ele>
            </trkpt>
            <trkpt lat="46.256128" lon="10.562341">
                <ele>0</ele>
            </trkpt>
            <trkpt lat="46.256085" lon="10.562358">
                <ele>0</ele>
            </trkpt>
            <trkpt lat="46.256041" lon="10.562376">
                <ele>0</ele>
            </trkpt>
            <trkpt lat="46.255991" lon="10.562409">
                <ele>0</ele>
            </trkpt>
            <trkpt lat="46.255944" lon="10.56244">
                <ele>0</ele>
            </trkpt>
            <trkpt lat="46.255899" lon="10.562498">
                <ele>0</ele>
            </trkpt>
            <trkpt lat="46.255847" lon="10.562557">
                <ele>0</ele>
            </trkpt>
            <trkpt lat="46.255795" lon="10.562624">
                <ele>0</ele>
            </trkpt>
            <trkpt lat="46.25574" lon="10.562722">
                <ele>0</ele>
            </trkpt>
            <trkpt lat="46.255655" lon="10.562874">
                <ele>0</ele>
            </trkpt>
            <trkpt lat="46.255596" lon="10.562978">
                <ele>0</ele>
            </trkpt>
            <trkpt lat="46.255557" lon="10.563057">
                <ele>0</ele>
            </trkpt>
            <trkpt lat="46.255502" lon="10.563191">
                <ele>0</ele>
            </trkpt>
            <trkpt lat="46.255434" lon="10.563342">
                <ele>0</ele>
            </trkpt>
            <trkpt lat="46.255357" lon="10.56356">
                <ele>0</ele>
            </trkpt>
            <trkpt lat="46.255305" lon="10.56371">
                <ele>0</ele>
            </trkpt>
            <trkpt lat="46.255254" lon="10.563898">
                <ele>0</ele>
            </trkpt>
            <trkpt lat="46.255212" lon="10.564073">
                <ele>0</ele>
            </trkpt>
            <trkpt lat="46.255173" lon="10.564243">
                <ele>0</ele>
            </trkpt>
            <trkpt lat="46.255153" lon="10.564366">
                <ele>0</ele>
            </trkpt>
            <trkpt lat="46.255137" lon="10.564473">
                <ele>0</ele>
            </trkpt>
            <trkpt lat="46.255121" lon="10.564602">
                <ele>0</ele>
            </trkpt>
            <trkpt lat="46.255103" lon="10.564763">
                <ele>0</ele>
            </trkpt>
            <trkpt lat="46.255088" lon="10.564977">
                <ele>0</ele>
            </trkpt>
            <trkpt lat="46.255089" lon="10.565103">
                <ele>0</ele>
            </trkpt>
            <trkpt lat="46.25509" lon="10.565191">
                <ele>0</ele>
            </trkpt>
            <trkpt lat="46.255093" lon="10.565278">
                <ele>0</ele>
            </trkpt>
            <trkpt lat="46.255102" lon="10.565365">
                <ele>0</ele>
            </trkpt>
            <trkpt lat="46.255113" lon="10.565444">
                <ele>0</ele>
            </trkpt>
            <trkpt lat="46.255131" lon="10.565533">
                <ele>0</ele>
            </trkpt>
            <trkpt lat="46.255155" lon="10.565611">
                <ele>0</ele>
            </trkpt>
            <trkpt lat="46.255178" lon="10.565688">
                <ele>0</ele>
            </trkpt>
            <trkpt lat="46.255212" lon="10.565759">
                <ele>0</ele>
            </trkpt>
            <trkpt lat="46.255251" lon="10.565828">
                <ele>0</ele>
            </trkpt>
            <trkpt lat="46.255292" lon="10.56589">
                <ele>0</ele>
            </trkpt>
            <trkpt lat="46.25537" lon="10.566022">
                <ele>0</ele>
            </trkpt>
            <trkpt lat="46.255671" lon="10.566433">
                <ele>0</ele>
            </trkpt>
            <trkpt lat="46.255776" lon="10.566585">
                <ele>0</ele>
            </trkpt>
            <trkpt lat="46.25587" lon="10.566727">
                <ele>0</ele>
            </trkpt>
            <trkpt lat="46.255935" lon="10.566829">
                <ele>0</ele>
            </trkpt>
            <trkpt lat="46.256006" lon="10.566946">
                <ele>0</ele>
            </trkpt>
            <trkpt lat="46.256074" lon="10.567052">
                <ele>0</ele>
            </trkpt>
            <trkpt lat="46.256175" lon="10.567224">
                <ele>0</ele>
            </trkpt>
            <trkpt lat="46.256233" lon="10.567323">
                <ele>0</ele>
            </trkpt>
            <trkpt lat="46.256289" lon="10.567426">
                <ele>0</ele>
            </trkpt>
            <trkpt lat="46.256342" lon="10.567531">
                <ele>0</ele>
            </trkpt>
            <trkpt lat="46.256393" lon="10.567639">
                <ele>0</ele>
            </trkpt>
            <trkpt lat="46.25644" lon="10.56775">
                <ele>0</ele>
            </trkpt>
            <trkpt lat="46.256485" lon="10.567863">
                <ele>0</ele>
            </trkpt>
            <trkpt lat="46.256527" lon="10.567979">
                <ele>0</ele>
            </trkpt>
            <trkpt lat="46.256566" lon="10.568097">
                <ele>0</ele>
            </trkpt>
            <trkpt lat="46.256601" lon="10.568216">
                <ele>0</ele>
            </trkpt>
            <trkpt lat="46.256651" lon="10.568348">
                <ele>0</ele>
            </trkpt>
            <trkpt lat="46.256717" lon="10.568609">
                <ele>0</ele>
            </trkpt>
            <trkpt lat="46.256761" lon="10.56876">
                <ele>0</ele>
            </trkpt>
            <trkpt lat="46.256796" lon="10.568898">
                <ele>0</ele>
            </trkpt>
            <trkpt lat="46.256826" lon="10.569061">
                <ele>0</ele>
            </trkpt>
            <trkpt lat="46.256848" lon="10.569198">
                <ele>0</ele>
            </trkpt>
            <trkpt lat="46.256866" lon="10.569324">
                <ele>0</ele>
            </trkpt>
            <trkpt lat="46.256883" lon="10.569472">
                <ele>0</ele>
            </trkpt>
            <trkpt lat="46.256923" lon="10.569947">
                <ele>0</ele>
            </trkpt>
            <trkpt lat="46.256939" lon="10.57008">
                <ele>0</ele>
            </trkpt>
            <trkpt lat="46.256954" lon="10.570159">
                <ele>0</ele>
            </trkpt>
            <trkpt lat="46.256964" lon="10.570218">
                <ele>0</ele>
            </trkpt>
            <trkpt lat="46.256974" lon="10.570271">
                <ele>0</ele>
            </trkpt>
            <trkpt lat="46.256996" lon="10.570396">
                <ele>0</ele>
            </trkpt>
            <trkpt lat="46.257017" lon="10.570474">
                <ele>0</ele>
            </trkpt>
            <trkpt lat="46.257033" lon="10.570544">
                <ele>0</ele>
            </trkpt>
            <trkpt lat="46.257048" lon="10.570603">
                <ele>0</ele>
            </trkpt>
            <trkpt lat="46.257064" lon="10.570675">
                <ele>0</ele>
            </trkpt>
            <trkpt lat="46.257086" lon="10.570788">
                <ele>0</ele>
            </trkpt>
            <trkpt lat="46.257118" lon="10.570947">
                <ele>0</ele>
            </trkpt>
            <trkpt lat="46.25713" lon="10.571026">
                <ele>0</ele>
            </trkpt>
            <trkpt lat="46.257139" lon="10.571105">
                <ele>0</ele>
            </trkpt>
            <trkpt lat="46.257146" lon="10.571184">
                <ele>0</ele>
            </trkpt>
            <trkpt lat="46.257151" lon="10.571264">
                <ele>0</ele>
            </trkpt>
            <trkpt lat="46.257154" lon="10.571344">
                <ele>0</ele>
            </trkpt>
            <trkpt lat="46.257154" lon="10.571425">
                <ele>0</ele>
            </trkpt>
            <trkpt lat="46.257152" lon="10.571505">
                <ele>0</ele>
            </trkpt>
            <trkpt lat="46.257147" lon="10.571585">
                <ele>0</ele>
            </trkpt>
            <trkpt lat="46.257109" lon="10.57206">
                <ele>0</ele>
            </trkpt>
            <trkpt lat="46.257105" lon="10.572186">
                <ele>0</ele>
            </trkpt>
            <trkpt lat="46.257105" lon="10.572261">
                <ele>0</ele>
            </trkpt>
            <trkpt lat="46.257105" lon="10.572313">
                <ele>0</ele>
            </trkpt>
            <trkpt lat="46.257107" lon="10.572439">
                <ele>0</ele>
            </trkpt>
            <trkpt lat="46.257113" lon="10.572565">
                <ele>0</ele>
            </trkpt>
            <trkpt lat="46.257285" lon="10.574568">
                <ele>0</ele>
            </trkpt>
            <trkpt lat="46.257338" lon="10.575121">
                <ele>0</ele>
            </trkpt>
            <trkpt lat="46.257468" lon="10.57641">
                <ele>0</ele>
            </trkpt>
            <trkpt lat="46.257811" lon="10.580006">
                <ele>0</ele>
            </trkpt>
            <trkpt lat="46.257869" lon="10.58062">
                <ele>0</ele>
            </trkpt>
            <trkpt lat="46.257956" lon="10.5815">
                <ele>0</ele>
            </trkpt>
            <trkpt lat="46.25797" lon="10.581616">
                <ele>0</ele>
            </trkpt>
            <trkpt lat="46.257987" lon="10.581732">
                <ele>0</ele>
            </trkpt>
            <trkpt lat="46.258007" lon="10.581847">
                <ele>0</ele>
            </trkpt>
            <trkpt lat="46.258026" lon="10.581925">
                <ele>0</ele>
            </trkpt>
            <trkpt lat="46.258041" lon="10.581969">
                <ele>0</ele>
            </trkpt>
            <trkpt lat="46.25805" lon="10.581997">
                <ele>0</ele>
            </trkpt>
            <trkpt lat="46.258072" lon="10.582063">
                <ele>0</ele>
            </trkpt>
            <trkpt lat="46.258075" lon="10.582074">
                <ele>0</ele>
            </trkpt>
            <trkpt lat="46.258095" lon="10.582142">
                <ele>0</ele>
            </trkpt>
            <trkpt lat="46.258126" lon="10.582244">
                <ele>0</ele>
            </trkpt>
            <trkpt lat="46.258137" lon="10.582258">
                <ele>0</ele>
            </trkpt>
            <trkpt lat="46.258161" lon="10.582313">
                <ele>0</ele>
            </trkpt>
            <trkpt lat="46.258179" lon="10.582359">
                <ele>0</ele>
            </trkpt>
            <trkpt lat="46.258207" lon="10.582418">
                <ele>0</ele>
            </trkpt>
            <trkpt lat="46.258256" lon="10.582518">
                <ele>0</ele>
            </trkpt>
            <trkpt lat="46.258567" lon="10.583152">
                <ele>0</ele>
            </trkpt>
            <trkpt lat="46.258809" lon="10.583633">
                <ele>0</ele>
            </trkpt>
            <trkpt lat="46.258851" lon="10.583723">
                <ele>0</ele>
            </trkpt>
            <trkpt lat="46.258877" lon="10.583779">
                <ele>0</ele>
            </trkpt>
            <trkpt lat="46.259168" lon="10.584348">
                <ele>0</ele>
            </trkpt>
            <trkpt lat="46.259231" lon="10.584483">
                <ele>0</ele>
            </trkpt>
            <trkpt lat="46.259354" lon="10.584734">
                <ele>0</ele>
            </trkpt>
            <trkpt lat="46.259483" lon="10.585016">
                <ele>0</ele>
            </trkpt>
            <trkpt lat="46.259547" lon="10.58516">
                <ele>0</ele>
            </trkpt>
            <trkpt lat="46.259619" lon="10.58534">
                <ele>0</ele>
            </trkpt>
            <trkpt lat="46.25968" lon="10.585495">
                <ele>0</ele>
            </trkpt>
            <trkpt lat="46.259751" lon="10.585682">
                <ele>0</ele>
            </trkpt>
            <trkpt lat="46.259796" lon="10.585825">
                <ele>0</ele>
            </trkpt>
            <trkpt lat="46.259829" lon="10.585933">
                <ele>0</ele>
            </trkpt>
            <trkpt lat="46.259877" lon="10.586089">
                <ele>0</ele>
            </trkpt>
            <trkpt lat="46.260263" lon="10.587521">
                <ele>0</ele>
            </trkpt>
            <trkpt lat="46.260361" lon="10.587911">
                <ele>0</ele>
            </trkpt>
            <trkpt lat="46.260442" lon="10.588253">
                <ele>0</ele>
            </trkpt>
            <trkpt lat="46.26046" lon="10.588344">
                <ele>0</ele>
            </trkpt>
            <trkpt lat="46.260521" lon="10.588674">
                <ele>0</ele>
            </trkpt>
            <trkpt lat="46.260566" lon="10.589023">
                <ele>0</ele>
            </trkpt>
            <trkpt lat="46.26059" lon="10.589315">
                <ele>0</ele>
            </trkpt>
            <trkpt lat="46.260701" lon="10.59168">
                <ele>0</ele>
            </trkpt>
            <trkpt lat="46.26072" lon="10.59199">
                <ele>0</ele>
            </trkpt>
            <trkpt lat="46.26075" lon="10.592188">
                <ele>0</ele>
            </trkpt>
            <trkpt lat="46.260802" lon="10.592381">
                <ele>0</ele>
            </trkpt>
            <trkpt lat="46.260871" lon="10.592557">
                <ele>0</ele>
            </trkpt>
            <trkpt lat="46.260958" lon="10.592689">
                <ele>0</ele>
            </trkpt>
            <trkpt lat="46.261067" lon="10.592804">
                <ele>0</ele>
            </trkpt>
            <trkpt lat="46.261196" lon="10.592876">
                <ele>0</ele>
            </trkpt>
            <trkpt lat="46.261509" lon="10.59296">
                <ele>0</ele>
            </trkpt>
            <trkpt lat="46.261637" lon="10.593016">
                <ele>0</ele>
            </trkpt>
            <trkpt lat="46.261719" lon="10.593093">
                <ele>0</ele>
            </trkpt>
            <trkpt lat="46.261757" lon="10.593149">
                <ele>0</ele>
            </trkpt>
            <trkpt lat="46.261808" lon="10.593248">
                <ele>0</ele>
            </trkpt>
            <trkpt lat="46.261849" lon="10.593385">
                <ele>0</ele>
            </trkpt>
            <trkpt lat="46.261863" lon="10.593485">
                <ele>0</ele>
            </trkpt>
            <trkpt lat="46.261863" lon="10.593596">
                <ele>0</ele>
            </trkpt>
            <trkpt lat="46.261846" lon="10.593728">
                <ele>0</ele>
            </trkpt>
            <trkpt lat="46.261807" lon="10.593841">
                <ele>0</ele>
            </trkpt>
            <trkpt lat="46.26176" lon="10.593923">
                <ele>0</ele>
            </trkpt>
            <trkpt lat="46.261686" lon="10.594017">
                <ele>0</ele>
            </trkpt>
            <trkpt lat="46.261398" lon="10.59435">
                <ele>0</ele>
            </trkpt>
            <trkpt lat="46.261299" lon="10.594473">
                <ele>0</ele>
            </trkpt>
            <trkpt lat="46.261223" lon="10.594593">
                <ele>0</ele>
            </trkpt>
            <trkpt lat="46.261151" lon="10.594746">
                <ele>0</ele>
            </trkpt>
            <trkpt lat="46.261021" lon="10.595168">
                <ele>0</ele>
            </trkpt>
            <trkpt lat="46.260981" lon="10.595346">
                <ele>0</ele>
            </trkpt>
            <trkpt lat="46.260952" lon="10.595489">
                <ele>0</ele>
            </trkpt>
            <trkpt lat="46.260946" lon="10.595619">
                <ele>0</ele>
            </trkpt>
            <trkpt lat="46.260967" lon="10.595751">
                <ele>0</ele>
            </trkpt>
            <trkpt lat="46.261005" lon="10.59586">
                <ele>0</ele>
            </trkpt>
            <trkpt lat="46.261092" lon="10.596046">
                <ele>0</ele>
            </trkpt>
            <trkpt lat="46.26129" lon="10.596355">
                <ele>0</ele>
            </trkpt>
            <trkpt lat="46.261344" lon="10.596507">
                <ele>0</ele>
            </trkpt>
            <trkpt lat="46.261371" lon="10.596616">
                <ele>0</ele>
            </trkpt>
            <trkpt lat="46.261381" lon="10.596714">
                <ele>0</ele>
            </trkpt>
            <trkpt lat="46.261377" lon="10.596856">
                <ele>0</ele>
            </trkpt>
            <trkpt lat="46.261343" lon="10.597015">
                <ele>0</ele>
            </trkpt>
            <trkpt lat="46.261283" lon="10.597207">
                <ele>0</ele>
            </trkpt>
            <trkpt lat="46.261044" lon="10.597737">
                <ele>0</ele>
            </trkpt>
            <trkpt lat="46.260957" lon="10.59794">
                <ele>0</ele>
            </trkpt>
            <trkpt lat="46.260937" lon="10.598058">
                <ele>0</ele>
            </trkpt>
            <trkpt lat="46.260936" lon="10.598163">
                <ele>0</ele>
            </trkpt>
            <trkpt lat="46.260954" lon="10.598279">
                <ele>0</ele>
            </trkpt>
            <trkpt lat="46.261001" lon="10.598415">
                <ele>0</ele>
            </trkpt>
            <trkpt lat="46.261063" lon="10.598601">
                <ele>0</ele>
            </trkpt>
            <trkpt lat="46.261094" lon="10.598759">
                <ele>0</ele>
            </trkpt>
            <trkpt lat="46.261103" lon="10.598915">
                <ele>0</ele>
            </trkpt>
            <trkpt lat="46.26109" lon="10.59907">
                <ele>0</ele>
            </trkpt>
            <trkpt lat="46.261018" lon="10.599528">
                <ele>0</ele>
            </trkpt>
            <trkpt lat="46.260933" lon="10.600048">
                <ele>0</ele>
            </trkpt>
            <trkpt lat="46.260934" lon="10.600179">
                <ele>0</ele>
            </trkpt>
            <trkpt lat="46.260951" lon="10.600309">
                <ele>0</ele>
            </trkpt>
            <trkpt lat="46.260994" lon="10.600424">
                <ele>0</ele>
            </trkpt>
            <trkpt lat="46.261098" lon="10.600623">
                <ele>0</ele>
            </trkpt>
            <trkpt lat="46.261141" lon="10.600761">
                <ele>0</ele>
            </trkpt>
            <trkpt lat="46.261153" lon="10.600889">
                <ele>0</ele>
            </trkpt>
            <trkpt lat="46.261146" lon="10.601021">
                <ele>0</ele>
            </trkpt>
            <trkpt lat="46.260869" lon="10.602726">
                <ele>0</ele>
            </trkpt>
            <trkpt lat="46.260624" lon="10.604257">
                <ele>0</ele>
            </trkpt>
            <trkpt lat="46.260419" lon="10.605535">
                <ele>0</ele>
            </trkpt>
            <trkpt lat="46.26039" lon="10.60582">
                <ele>0</ele>
            </trkpt>
            <trkpt lat="46.26039" lon="10.606038">
                <ele>0</ele>
            </trkpt>
            <trkpt lat="46.260421" lon="10.607099">
                <ele>0</ele>
            </trkpt>
            <trkpt lat="46.260439" lon="10.607367">
                <ele>0</ele>
            </trkpt>
            <trkpt lat="46.260467" lon="10.607539">
                <ele>0</ele>
            </trkpt>
            <trkpt lat="46.260517" lon="10.607735">
                <ele>0</ele>
            </trkpt>
            <trkpt lat="46.260608" lon="10.607945">
                <ele>0</ele>
            </trkpt>
            <trkpt lat="46.260711" lon="10.608143">
                <ele>0</ele>
            </trkpt>
            <trkpt lat="46.260989" lon="10.608597">
                <ele>0</ele>
            </trkpt>
            <trkpt lat="46.261001" lon="10.608617">
                <ele>0</ele>
            </trkpt>
            <trkpt lat="46.261166" lon="10.60888">
                <ele>0</ele>
            </trkpt>
            <trkpt lat="46.261269" lon="10.609066">
                <ele>0</ele>
            </trkpt>
            <trkpt lat="46.261329" lon="10.609246">
                <ele>0</ele>
            </trkpt>
            <trkpt lat="46.261365" lon="10.609464">
                <ele>0</ele>
            </trkpt>
            <trkpt lat="46.261402" lon="10.609715">
                <ele>0</ele>
            </trkpt>
            <trkpt lat="46.261454" lon="10.609888">
                <ele>0</ele>
            </trkpt>
            <trkpt lat="46.261536" lon="10.610052">
                <ele>0</ele>
            </trkpt>
            <trkpt lat="46.261803" lon="10.610519">
                <ele>0</ele>
            </trkpt>
            <trkpt lat="46.261989" lon="10.610837">
                <ele>0</ele>
            </trkpt>
            <trkpt lat="46.262063" lon="10.610944">
                <ele>0</ele>
            </trkpt>
            <trkpt lat="46.262154" lon="10.611036">
                <ele>0</ele>
            </trkpt>
            <trkpt lat="46.262331" lon="10.611157">
                <ele>0</ele>
            </trkpt>
            <trkpt lat="46.262439" lon="10.611225">
                <ele>0</ele>
            </trkpt>
            <trkpt lat="46.262478" lon="10.611249">
                <ele>0</ele>
            </trkpt>
            <trkpt lat="46.263018" lon="10.611587">
                <ele>0</ele>
            </trkpt>
            <trkpt lat="46.263159" lon="10.611659">
                <ele>0</ele>
            </trkpt>
            <trkpt lat="46.264061" lon="10.611853">
                <ele>0</ele>
            </trkpt>
            <trkpt lat="46.264122" lon="10.611865">
                <ele>0</ele>
            </trkpt>
            <trkpt lat="46.264225" lon="10.611913">
                <ele>0</ele>
            </trkpt>
            <trkpt lat="46.264319" lon="10.61198">
                <ele>0</ele>
            </trkpt>
            <trkpt lat="46.264415" lon="10.612069">
                <ele>0</ele>
            </trkpt>
            <trkpt lat="46.264508" lon="10.612198">
                <ele>0</ele>
            </trkpt>
            <trkpt lat="46.264614" lon="10.61238">
                <ele>0</ele>
            </trkpt>
            <trkpt lat="46.264692" lon="10.61257">
                <ele>0</ele>
            </trkpt>
            <trkpt lat="46.264781" lon="10.612886">
                <ele>0</ele>
            </trkpt>
            <trkpt lat="46.264788" lon="10.612912">
                <ele>0</ele>
            </trkpt>
            <trkpt lat="46.264841" lon="10.613101">
                <ele>0</ele>
            </trkpt>
            <trkpt lat="46.264862" lon="10.613177">
                <ele>0</ele>
            </trkpt>
            <trkpt lat="46.26487" lon="10.613204">
                <ele>0</ele>
            </trkpt>
            <trkpt lat="46.265076" lon="10.61395">
                <ele>0</ele>
            </trkpt>
            <trkpt lat="46.265214" lon="10.614333">
                <ele>0</ele>
            </trkpt>
            <trkpt lat="46.265395" lon="10.614792">
                <ele>0</ele>
            </trkpt>
            <trkpt lat="46.265449" lon="10.614909">
                <ele>0</ele>
            </trkpt>
            <trkpt lat="46.26546" lon="10.614933">
                <ele>0</ele>
            </trkpt>
            <trkpt lat="46.265517" lon="10.615008">
                <ele>0</ele>
            </trkpt>
            <trkpt lat="46.265596" lon="10.615053">
                <ele>0</ele>
            </trkpt>
            <trkpt lat="46.265676" lon="10.61505">
                <ele>0</ele>
            </trkpt>
            <trkpt lat="46.265749" lon="10.615005">
                <ele>0</ele>
            </trkpt>
            <trkpt lat="46.265816" lon="10.61494">
                <ele>0</ele>
            </trkpt>
            <trkpt lat="46.265879" lon="10.614859">
                <ele>0</ele>
            </trkpt>
            <trkpt lat="46.265898" lon="10.614834">
                <ele>0</ele>
            </trkpt>
            <trkpt lat="46.266019" lon="10.614686">
                <ele>0</ele>
            </trkpt>
            <trkpt lat="46.266092" lon="10.614631">
                <ele>0</ele>
            </trkpt>
            <trkpt lat="46.266169" lon="10.614588">
                <ele>0</ele>
            </trkpt>
            <trkpt lat="46.266187" lon="10.614587">
                <ele>0</ele>
            </trkpt>
            <trkpt lat="46.2662" lon="10.614586">
                <ele>0</ele>
            </trkpt>
            <trkpt lat="46.266267" lon="10.614583">
                <ele>0</ele>
            </trkpt>
            <trkpt lat="46.266351" lon="10.614606">
                <ele>0</ele>
            </trkpt>
            <trkpt lat="46.266399" lon="10.614639">
                <ele>0</ele>
            </trkpt>
            <trkpt lat="46.26644" lon="10.614666">
                <ele>0</ele>
            </trkpt>
            <trkpt lat="46.266458" lon="10.614685">
                <ele>0</ele>
            </trkpt>
            <trkpt lat="46.266531" lon="10.614764">
                <ele>0</ele>
            </trkpt>
            <trkpt lat="46.266833" lon="10.61513">
                <ele>0</ele>
            </trkpt>
            <trkpt lat="46.266906" lon="10.615184">
                <ele>0</ele>
            </trkpt>
            <trkpt lat="46.266979" lon="10.615188">
                <ele>0</ele>
            </trkpt>
            <trkpt lat="46.267046" lon="10.615151">
                <ele>0</ele>
            </trkpt>
            <trkpt lat="46.267096" lon="10.615088">
                <ele>0</ele>
            </trkpt>
            <trkpt lat="46.267179" lon="10.614963">
                <ele>0</ele>
            </trkpt>
            <trkpt lat="46.267214" lon="10.614923">
                <ele>0</ele>
            </trkpt>
            <trkpt lat="46.267269" lon="10.614907">
                <ele>0</ele>
            </trkpt>
            <trkpt lat="46.26734" lon="10.614909">
                <ele>0</ele>
            </trkpt>
            <trkpt lat="46.267406" lon="10.614945">
                <ele>0</ele>
            </trkpt>
            <trkpt lat="46.267452" lon="10.614988">
                <ele>0</ele>
            </trkpt>
            <trkpt lat="46.267618" lon="10.615201">
                <ele>0</ele>
            </trkpt>
            <trkpt lat="46.267666" lon="10.615249">
                <ele>0</ele>
            </trkpt>
            <trkpt lat="46.26772" lon="10.61527">
                <ele>0</ele>
            </trkpt>
            <trkpt lat="46.267793" lon="10.615262">
                <ele>0</ele>
            </trkpt>
            <trkpt lat="46.267886" lon="10.615211">
                <ele>0</ele>
            </trkpt>
            <trkpt lat="46.268171" lon="10.615051">
                <ele>0</ele>
            </trkpt>
            <trkpt lat="46.268218" lon="10.615024">
                <ele>0</ele>
            </trkpt>
            <trkpt lat="46.268343" lon="10.615008">
                <ele>0</ele>
            </trkpt>
            <trkpt lat="46.268424" lon="10.615042">
                <ele>0</ele>
            </trkpt>
            <trkpt lat="46.268475" lon="10.615074">
                <ele>0</ele>
            </trkpt>
            <trkpt lat="46.26852" lon="10.615157">
                <ele>0</ele>
            </trkpt>
            <trkpt lat="46.268554" lon="10.615291">
                <ele>0</ele>
            </trkpt>
            <trkpt lat="46.268532" lon="10.615441">
                <ele>0</ele>
            </trkpt>
            <trkpt lat="46.268406" lon="10.615769">
                <ele>0</ele>
            </trkpt>
            <trkpt lat="46.268399" lon="10.615786">
                <ele>0</ele>
            </trkpt>
            <trkpt lat="46.268308" lon="10.616011">
                <ele>0</ele>
            </trkpt>
            <trkpt lat="46.268212" lon="10.616294">
                <ele>0</ele>
            </trkpt>
            <trkpt lat="46.26813" lon="10.616596">
                <ele>0</ele>
            </trkpt>
            <trkpt lat="46.268105" lon="10.616792">
                <ele>0</ele>
            </trkpt>
            <trkpt lat="46.268082" lon="10.617068">
                <ele>0</ele>
            </trkpt>
            <trkpt lat="46.268058" lon="10.617226">
                <ele>0</ele>
            </trkpt>
            <trkpt lat="46.268002" lon="10.617465">
                <ele>0</ele>
            </trkpt>
            <trkpt lat="46.267898" lon="10.617859">
                <ele>0</ele>
            </trkpt>
            <trkpt lat="46.267867" lon="10.618005">
                <ele>0</ele>
            </trkpt>
            <trkpt lat="46.267858" lon="10.618137">
                <ele>0</ele>
            </trkpt>
            <trkpt lat="46.267868" lon="10.618251">
                <ele>0</ele>
            </trkpt>
            <trkpt lat="46.267917" lon="10.618456">
                <ele>0</ele>
            </trkpt>
            <trkpt lat="46.267926" lon="10.618521">
                <ele>0</ele>
            </trkpt>
            <trkpt lat="46.267923" lon="10.618596">
                <ele>0</ele>
            </trkpt>
            <trkpt lat="46.267905" lon="10.618671">
                <ele>0</ele>
            </trkpt>
            <trkpt lat="46.267828" lon="10.618828">
                <ele>0</ele>
            </trkpt>
            <trkpt lat="46.267795" lon="10.61892">
                <ele>0</ele>
            </trkpt>
            <trkpt lat="46.267771" lon="10.619039">
                <ele>0</ele>
            </trkpt>
            <trkpt lat="46.267764" lon="10.619291">
                <ele>0</ele>
            </trkpt>
            <trkpt lat="46.267763" lon="10.619608">
                <ele>0</ele>
            </trkpt>
            <trkpt lat="46.267777" lon="10.619702">
                <ele>0</ele>
            </trkpt>
            <trkpt lat="46.267807" lon="10.619779">
                <ele>0</ele>
            </trkpt>
            <trkpt lat="46.267852" lon="10.619835">
                <ele>0</ele>
            </trkpt>
            <trkpt lat="46.267906" lon="10.619863">
                <ele>0</ele>
            </trkpt>
            <trkpt lat="46.268169" lon="10.619938">
                <ele>0</ele>
            </trkpt>
            <trkpt lat="46.268353" lon="10.619985">
                <ele>0</ele>
            </trkpt>
            <trkpt lat="46.268419" lon="10.619983">
                <ele>0</ele>
            </trkpt>
            <trkpt lat="46.268483" lon="10.619947">
                <ele>0</ele>
            </trkpt>
            <trkpt lat="46.268536" lon="10.619899">
                <ele>0</ele>
            </trkpt>
            <trkpt lat="46.268682" lon="10.61968">
                <ele>0</ele>
            </trkpt>
            <trkpt lat="46.268726" lon="10.619636">
                <ele>0</ele>
            </trkpt>
            <trkpt lat="46.268785" lon="10.619605">
                <ele>0</ele>
            </trkpt>
            <trkpt lat="46.26884" lon="10.619598">
                <ele>0</ele>
            </trkpt>
            <trkpt lat="46.268966" lon="10.619608">
                <ele>0</ele>
            </trkpt>
            <trkpt lat="46.269015" lon="10.619599">
                <ele>0</ele>
            </trkpt>
            <trkpt lat="46.269077" lon="10.61956">
                <ele>0</ele>
            </trkpt>
            <trkpt lat="46.26916" lon="10.619494">
                <ele>0</ele>
            </trkpt>
            <trkpt lat="46.269216" lon="10.619472">
                <ele>0</ele>
            </trkpt>
            <trkpt lat="46.269253" lon="10.619468">
                <ele>0</ele>
            </trkpt>
            <trkpt lat="46.269275" lon="10.619466">
                <ele>0</ele>
            </trkpt>
            <trkpt lat="46.269451" lon="10.619487">
                <ele>0</ele>
            </trkpt>
            <trkpt lat="46.269658" lon="10.619525">
                <ele>0</ele>
            </trkpt>
            <trkpt lat="46.269725" lon="10.619564">
                <ele>0</ele>
            </trkpt>
            <trkpt lat="46.269789" lon="10.619649">
                <ele>0</ele>
            </trkpt>
            <trkpt lat="46.269798" lon="10.61982">
                <ele>0</ele>
            </trkpt>
            <trkpt lat="46.26973" lon="10.620031">
                <ele>0</ele>
            </trkpt>
            <trkpt lat="46.269609" lon="10.620366">
                <ele>0</ele>
            </trkpt>
            <trkpt lat="46.269568" lon="10.620483">
                <ele>0</ele>
            </trkpt>
            <trkpt lat="46.269551" lon="10.620542">
                <ele>0</ele>
            </trkpt>
            <trkpt lat="46.269218" lon="10.621723">
                <ele>0</ele>
            </trkpt>
            <trkpt lat="46.269156" lon="10.621926">
                <ele>0</ele>
            </trkpt>
            <trkpt lat="46.269141" lon="10.622023">
                <ele>0</ele>
            </trkpt>
            <trkpt lat="46.26914" lon="10.622103">
                <ele>0</ele>
            </trkpt>
            <trkpt lat="46.269143" lon="10.622171">
                <ele>0</ele>
            </trkpt>
            <trkpt lat="46.269151" lon="10.622239">
                <ele>0</ele>
            </trkpt>
            <trkpt lat="46.269164" lon="10.622305">
                <ele>0</ele>
            </trkpt>
            <trkpt lat="46.269297" lon="10.622882">
                <ele>0</ele>
            </trkpt>
            <trkpt lat="46.269334" lon="10.622976">
                <ele>0</ele>
            </trkpt>
            <trkpt lat="46.269383" lon="10.623029">
                <ele>0</ele>
            </trkpt>
            <trkpt lat="46.269617" lon="10.623152">
                <ele>0</ele>
            </trkpt>
            <trkpt lat="46.269667" lon="10.623194">
                <ele>0</ele>
            </trkpt>
            <trkpt lat="46.269723" lon="10.623273">
                <ele>0</ele>
            </trkpt>
            <trkpt lat="46.269772" lon="10.623361">
                <ele>0</ele>
            </trkpt>
            <trkpt lat="46.26981" lon="10.623501">
                <ele>0</ele>
            </trkpt>
            <trkpt lat="46.269978" lon="10.624187">
                <ele>0</ele>
            </trkpt>
            <trkpt lat="46.270063" lon="10.624422">
                <ele>0</ele>
            </trkpt>
            <trkpt lat="46.270324" lon="10.625013">
                <ele>0</ele>
            </trkpt>
            <trkpt lat="46.270548" lon="10.6255">
                <ele>0</ele>
            </trkpt>
            <trkpt lat="46.270648" lon="10.625673">
                <ele>0</ele>
            </trkpt>
            <trkpt lat="46.270947" lon="10.62608">
                <ele>0</ele>
            </trkpt>
            <trkpt lat="46.271288" lon="10.626553">
                <ele>0</ele>
            </trkpt>
            <trkpt lat="46.271589" lon="10.626981">
                <ele>0</ele>
            </trkpt>
            <trkpt lat="46.271605" lon="10.627004">
                <ele>0</ele>
            </trkpt>
            <trkpt lat="46.271641" lon="10.627056">
                <ele>0</ele>
            </trkpt>
            <trkpt lat="46.271684" lon="10.627138">
                <ele>0</ele>
            </trkpt>
            <trkpt lat="46.271711" lon="10.62722">
                <ele>0</ele>
            </trkpt>
            <trkpt lat="46.271792" lon="10.627501">
                <ele>0</ele>
            </trkpt>
            <trkpt lat="46.271846" lon="10.627639">
                <ele>0</ele>
            </trkpt>
            <trkpt lat="46.271874" lon="10.62768">
                <ele>0</ele>
            </trkpt>
            <trkpt lat="46.271893" lon="10.627707">
                <ele>0</ele>
            </trkpt>
            <trkpt lat="46.271908" lon="10.627729">
                <ele>0</ele>
            </trkpt>
            <trkpt lat="46.272027" lon="10.627863">
                <ele>0</ele>
            </trkpt>
            <trkpt lat="46.272234" lon="10.628038">
                <ele>0</ele>
            </trkpt>
            <trkpt lat="46.272554" lon="10.628269">
                <ele>0</ele>
            </trkpt>
            <trkpt lat="46.272623" lon="10.62834">
                <ele>0</ele>
            </trkpt>
            <trkpt lat="46.272675" lon="10.628421">
                <ele>0</ele>
            </trkpt>
            <trkpt lat="46.272712" lon="10.628545">
                <ele>0</ele>
            </trkpt>
            <trkpt lat="46.272758" lon="10.628823">
                <ele>0</ele>
            </trkpt>
            <trkpt lat="46.272804" lon="10.629015">
                <ele>0</ele>
            </trkpt>
            <trkpt lat="46.272871" lon="10.629195">
                <ele>0</ele>
            </trkpt>
            <trkpt lat="46.272954" lon="10.629342">
                <ele>0</ele>
            </trkpt>
            <trkpt lat="46.273608" lon="10.63018">
                <ele>0</ele>
            </trkpt>
            <trkpt lat="46.27408" lon="10.630806">
                <ele>0</ele>
            </trkpt>
            <trkpt lat="46.274166" lon="10.630938">
                <ele>0</ele>
            </trkpt>
            <trkpt lat="46.274176" lon="10.630954">
                <ele>0</ele>
            </trkpt>
            <trkpt lat="46.274186" lon="10.630974">
                <ele>0</ele>
            </trkpt>
            <trkpt lat="46.274242" lon="10.631084">
                <ele>0</ele>
            </trkpt>
            <trkpt lat="46.2743" lon="10.631233">
                <ele>0</ele>
            </trkpt>
            <trkpt lat="46.274357" lon="10.631414">
                <ele>0</ele>
            </trkpt>
            <trkpt lat="46.274437" lon="10.631603">
                <ele>0</ele>
            </trkpt>
            <trkpt lat="46.274479" lon="10.631679">
                <ele>0</ele>
            </trkpt>
            <trkpt lat="46.274491" lon="10.6317">
                <ele>0</ele>
            </trkpt>
            <trkpt lat="46.274952" lon="10.632537">
                <ele>0</ele>
            </trkpt>
            <trkpt lat="46.275159" lon="10.632918">
                <ele>0</ele>
            </trkpt>
            <trkpt lat="46.275335" lon="10.633231">
                <ele>0</ele>
            </trkpt>
            <trkpt lat="46.275508" lon="10.633561">
                <ele>0</ele>
            </trkpt>
            <trkpt lat="46.27579" lon="10.634074">
                <ele>0</ele>
            </trkpt>
            <trkpt lat="46.275996" lon="10.634431">
                <ele>0</ele>
            </trkpt>
            <trkpt lat="46.276099" lon="10.634632">
                <ele>0</ele>
            </trkpt>
            <trkpt lat="46.276234" lon="10.634871">
                <ele>0</ele>
            </trkpt>
            <trkpt lat="46.276466" lon="10.635292">
                <ele>0</ele>
            </trkpt>
            <trkpt lat="46.276776" lon="10.635854">
                <ele>0</ele>
            </trkpt>
            <trkpt lat="46.277026" lon="10.636307">
                <ele>0</ele>
            </trkpt>
            <trkpt lat="46.277118" lon="10.636472">
                <ele>0</ele>
            </trkpt>
            <trkpt lat="46.277207" lon="10.636617">
                <ele>0</ele>
            </trkpt>
            <trkpt lat="46.277286" lon="10.636725">
                <ele>0</ele>
            </trkpt>
            <trkpt lat="46.277359" lon="10.636811">
                <ele>0</ele>
            </trkpt>
            <trkpt lat="46.277462" lon="10.636909">
                <ele>0</ele>
            </trkpt>
            <trkpt lat="46.277558" lon="10.637029">
                <ele>0</ele>
            </trkpt>
            <trkpt lat="46.277625" lon="10.637166">
                <ele>0</ele>
            </trkpt>
            <trkpt lat="46.277695" lon="10.637348">
                <ele>0</ele>
            </trkpt>
            <trkpt lat="46.27776" lon="10.637499">
                <ele>0</ele>
            </trkpt>
            <trkpt lat="46.277831" lon="10.637611">
                <ele>0</ele>
            </trkpt>
            <trkpt lat="46.27793" lon="10.637739">
                <ele>0</ele>
            </trkpt>
            <trkpt lat="46.278131" lon="10.637965">
                <ele>0</ele>
            </trkpt>
            <trkpt lat="46.278378" lon="10.638236">
                <ele>0</ele>
            </trkpt>
            <trkpt lat="46.278533" lon="10.638434">
                <ele>0</ele>
            </trkpt>
            <trkpt lat="46.278595" lon="10.638532">
                <ele>0</ele>
            </trkpt>
            <trkpt lat="46.278659" lon="10.63864">
                <ele>0</ele>
            </trkpt>
            <trkpt lat="46.278713" lon="10.63876">
                <ele>0</ele>
            </trkpt>
            <trkpt lat="46.278765" lon="10.638928">
                <ele>0</ele>
            </trkpt>
            <trkpt lat="46.278797" lon="10.639111">
                <ele>0</ele>
            </trkpt>
            <trkpt lat="46.278814" lon="10.639314">
                <ele>0</ele>
            </trkpt>
            <trkpt lat="46.278827" lon="10.639645">
                <ele>0</ele>
            </trkpt>
            <trkpt lat="46.278842" lon="10.639787">
                <ele>0</ele>
            </trkpt>
            <trkpt lat="46.278856" lon="10.639907">
                <ele>0</ele>
            </trkpt>
            <trkpt lat="46.278886" lon="10.640002">
                <ele>0</ele>
            </trkpt>
            <trkpt lat="46.278912" lon="10.6401">
                <ele>0</ele>
            </trkpt>
            <trkpt lat="46.278964" lon="10.640196">
                <ele>0</ele>
            </trkpt>
            <trkpt lat="46.27903" lon="10.640309">
                <ele>0</ele>
            </trkpt>
            <trkpt lat="46.279103" lon="10.640396">
                <ele>0</ele>
            </trkpt>
            <trkpt lat="46.279214" lon="10.640492">
                <ele>0</ele>
            </trkpt>
            <trkpt lat="46.279415" lon="10.640653">
                <ele>0</ele>
            </trkpt>
            <trkpt lat="46.279499" lon="10.640735">
                <ele>0</ele>
            </trkpt>
            <trkpt lat="46.279556" lon="10.640832">
                <ele>0</ele>
            </trkpt>
            <trkpt lat="46.279592" lon="10.640931">
                <ele>0</ele>
            </trkpt>
            <trkpt lat="46.27962" lon="10.641053">
                <ele>0</ele>
            </trkpt>
            <trkpt lat="46.279628" lon="10.641187">
                <ele>0</ele>
            </trkpt>
            <trkpt lat="46.279623" lon="10.641424">
                <ele>0</ele>
            </trkpt>
            <trkpt lat="46.27964" lon="10.641555">
                <ele>0</ele>
            </trkpt>
            <trkpt lat="46.279686" lon="10.641658">
                <ele>0</ele>
            </trkpt>
            <trkpt lat="46.279754" lon="10.641755">
                <ele>0</ele>
            </trkpt>
            <trkpt lat="46.279824" lon="10.641822">
                <ele>0</ele>
            </trkpt>
            <trkpt lat="46.27998" lon="10.641982">
                <ele>0</ele>
            </trkpt>
            <trkpt lat="46.280024" lon="10.642044">
                <ele>0</ele>
            </trkpt>
            <trkpt lat="46.280052" lon="10.642127">
                <ele>0</ele>
            </trkpt>
            <trkpt lat="46.280052" lon="10.642162">
                <ele>0</ele>
            </trkpt>
            <trkpt lat="46.280052" lon="10.642211">
                <ele>0</ele>
            </trkpt>
            <trkpt lat="46.28004" lon="10.642272">
                <ele>0</ele>
            </trkpt>
            <trkpt lat="46.280016" lon="10.642332">
                <ele>0</ele>
            </trkpt>
            <trkpt lat="46.279975" lon="10.642392">
                <ele>0</ele>
            </trkpt>
            <trkpt lat="46.279906" lon="10.642437">
                <ele>0</ele>
            </trkpt>
            <trkpt lat="46.279798" lon="10.642461">
                <ele>0</ele>
            </trkpt>
            <trkpt lat="46.279685" lon="10.642492">
                <ele>0</ele>
            </trkpt>
            <trkpt lat="46.279641" lon="10.642508">
                <ele>0</ele>
            </trkpt>
            <trkpt lat="46.279593" lon="10.642544">
                <ele>0</ele>
            </trkpt>
            <trkpt lat="46.279505" lon="10.642645">
                <ele>0</ele>
            </trkpt>
            <trkpt lat="46.279343" lon="10.642817">
                <ele>0</ele>
            </trkpt>
            <trkpt lat="46.279284" lon="10.642911">
                <ele>0</ele>
            </trkpt>
            <trkpt lat="46.27926" lon="10.643017">
                <ele>0</ele>
            </trkpt>
            <trkpt lat="46.279262" lon="10.643143">
                <ele>0</ele>
            </trkpt>
            <trkpt lat="46.279281" lon="10.64328">
                <ele>0</ele>
            </trkpt>
            <trkpt lat="46.279314" lon="10.64343">
                <ele>0</ele>
            </trkpt>
            <trkpt lat="46.279355" lon="10.643525">
                <ele>0</ele>
            </trkpt>
            <trkpt lat="46.279409" lon="10.643591">
                <ele>0</ele>
            </trkpt>
            <trkpt lat="46.279509" lon="10.643678">
                <ele>0</ele>
            </trkpt>
            <trkpt lat="46.27958" lon="10.643732">
                <ele>0</ele>
            </trkpt>
            <trkpt lat="46.27964" lon="10.643816">
                <ele>0</ele>
            </trkpt>
            <trkpt lat="46.279691" lon="10.643932">
                <ele>0</ele>
            </trkpt>
            <trkpt lat="46.279725" lon="10.644049">
                <ele>0</ele>
            </trkpt>
            <trkpt lat="46.279798" lon="10.644513">
                <ele>0</ele>
            </trkpt>
            <trkpt lat="46.279805" lon="10.644676">
                <ele>0</ele>
            </trkpt>
            <trkpt lat="46.279783" lon="10.644855">
                <ele>0</ele>
            </trkpt>
            <trkpt lat="46.279717" lon="10.64508">
                <ele>0</ele>
            </trkpt>
            <trkpt lat="46.279708" lon="10.645154">
                <ele>0</ele>
            </trkpt>
            <trkpt lat="46.279714" lon="10.645236">
                <ele>0</ele>
            </trkpt>
            <trkpt lat="46.279748" lon="10.645348">
                <ele>0</ele>
            </trkpt>
            <trkpt lat="46.279812" lon="10.645496">
                <ele>0</ele>
            </trkpt>
            <trkpt lat="46.27986" lon="10.645732">
                <ele>0</ele>
            </trkpt>
            <trkpt lat="46.279909" lon="10.646093">
                <ele>0</ele>
            </trkpt>
            <trkpt lat="46.279948" lon="10.646461">
                <ele>0</ele>
            </trkpt>
            <trkpt lat="46.279943" lon="10.646652">
                <ele>0</ele>
            </trkpt>
            <trkpt lat="46.279919" lon="10.646797">
                <ele>0</ele>
            </trkpt>
            <trkpt lat="46.279877" lon="10.647015">
                <ele>0</ele>
            </trkpt>
            <trkpt lat="46.27988" lon="10.647122">
                <ele>0</ele>
            </trkpt>
            <trkpt lat="46.279902" lon="10.64721">
                <ele>0</ele>
            </trkpt>
            <trkpt lat="46.279961" lon="10.647344">
                <ele>0</ele>
            </trkpt>
            <trkpt lat="46.280016" lon="10.647479">
                <ele>0</ele>
            </trkpt>
            <trkpt lat="46.280043" lon="10.647613">
                <ele>0</ele>
            </trkpt>
            <trkpt lat="46.280104" lon="10.64813">
                <ele>0</ele>
            </trkpt>
            <trkpt lat="46.28017" lon="10.648664">
                <ele>0</ele>
            </trkpt>
            <trkpt lat="46.280247" lon="10.649327">
                <ele>0</ele>
            </trkpt>
            <trkpt lat="46.2803" lon="10.649797">
                <ele>0</ele>
            </trkpt>
            <trkpt lat="46.280306" lon="10.65002">
                <ele>0</ele>
            </trkpt>
            <trkpt lat="46.280292" lon="10.650249">
                <ele>0</ele>
            </trkpt>
            <trkpt lat="46.280224" lon="10.650621">
                <ele>0</ele>
            </trkpt>
            <trkpt lat="46.280217" lon="10.650729">
                <ele>0</ele>
            </trkpt>
            <trkpt lat="46.280226" lon="10.650843">
                <ele>0</ele>
            </trkpt>
            <trkpt lat="46.280259" lon="10.650967">
                <ele>0</ele>
            </trkpt>
            <trkpt lat="46.280321" lon="10.6511">
                <ele>0</ele>
            </trkpt>
            <trkpt lat="46.280384" lon="10.651223">
                <ele>0</ele>
            </trkpt>
            <trkpt lat="46.280421" lon="10.651333">
                <ele>0</ele>
            </trkpt>
            <trkpt lat="46.280435" lon="10.651422">
                <ele>0</ele>
            </trkpt>
            <trkpt lat="46.280449" lon="10.651574">
                <ele>0</ele>
            </trkpt>
            <trkpt lat="46.280446" lon="10.651716">
                <ele>0</ele>
            </trkpt>
            <trkpt lat="46.280459" lon="10.651784">
                <ele>0</ele>
            </trkpt>
            <trkpt lat="46.280486" lon="10.651864">
                <ele>0</ele>
            </trkpt>
            <trkpt lat="46.280548" lon="10.651974">
                <ele>0</ele>
            </trkpt>
            <trkpt lat="46.280632" lon="10.652137">
                <ele>0</ele>
            </trkpt>
            <trkpt lat="46.280656" lon="10.652236">
                <ele>0</ele>
            </trkpt>
            <trkpt lat="46.280674" lon="10.652387">
                <ele>0</ele>
            </trkpt>
            <trkpt lat="46.280688" lon="10.652704">
                <ele>0</ele>
            </trkpt>
            <trkpt lat="46.280707" lon="10.652809">
                <ele>0</ele>
            </trkpt>
            <trkpt lat="46.280741" lon="10.652911">
                <ele>0</ele>
            </trkpt>
            <trkpt lat="46.28079" lon="10.653011">
                <ele>0</ele>
            </trkpt>
            <trkpt lat="46.280855" lon="10.65308">
                <ele>0</ele>
            </trkpt>
            <trkpt lat="46.281015" lon="10.653235">
                <ele>0</ele>
            </trkpt>
            <trkpt lat="46.281088" lon="10.653332">
                <ele>0</ele>
            </trkpt>
            <trkpt lat="46.28113" lon="10.653437">
                <ele>0</ele>
            </trkpt>
            <trkpt lat="46.281141" lon="10.653562">
                <ele>0</ele>
            </trkpt>
            <trkpt lat="46.281127" lon="10.653726">
                <ele>0</ele>
            </trkpt>
            <trkpt lat="46.281095" lon="10.653937">
                <ele>0</ele>
            </trkpt>
            <trkpt lat="46.281091" lon="10.654112">
                <ele>0</ele>
            </trkpt>
            <trkpt lat="46.281124" lon="10.654347">
                <ele>0</ele>
            </trkpt>
            <trkpt lat="46.281181" lon="10.654588">
                <ele>0</ele>
            </trkpt>
            <trkpt lat="46.281216" lon="10.654734">
                <ele>0</ele>
            </trkpt>
            <trkpt lat="46.281259" lon="10.654853">
                <ele>0</ele>
            </trkpt>
            <trkpt lat="46.281309" lon="10.654912">
                <ele>0</ele>
            </trkpt>
            <trkpt lat="46.281386" lon="10.654949">
                <ele>0</ele>
            </trkpt>
            <trkpt lat="46.28167" lon="10.655031">
                <ele>0</ele>
            </trkpt>
            <trkpt lat="46.281684" lon="10.655036">
                <ele>0</ele>
            </trkpt>
            <trkpt lat="46.282003" lon="10.655149">
                <ele>0</ele>
            </trkpt>
            <trkpt lat="46.282121" lon="10.655217">
                <ele>0</ele>
            </trkpt>
            <trkpt lat="46.282195" lon="10.655355">
                <ele>0</ele>
            </trkpt>
            <trkpt lat="46.282209" lon="10.65545">
                <ele>0</ele>
            </trkpt>
            <trkpt lat="46.282221" lon="10.655538">
                <ele>0</ele>
            </trkpt>
            <trkpt lat="46.282129" lon="10.656026">
                <ele>0</ele>
            </trkpt>
            <trkpt lat="46.28212" lon="10.656071">
                <ele>0</ele>
            </trkpt>
            <trkpt lat="46.282075" lon="10.656287">
                <ele>0</ele>
            </trkpt>
            <trkpt lat="46.282053" lon="10.656484">
                <ele>0</ele>
            </trkpt>
            <trkpt lat="46.282056" lon="10.656686">
                <ele>0</ele>
            </trkpt>
            <trkpt lat="46.28208" lon="10.656877">
                <ele>0</ele>
            </trkpt>
            <trkpt lat="46.282141" lon="10.65709">
                <ele>0</ele>
            </trkpt>
            <trkpt lat="46.282213" lon="10.657287">
                <ele>0</ele>
            </trkpt>
            <trkpt lat="46.282223" lon="10.657315">
                <ele>0</ele>
            </trkpt>
            <trkpt lat="46.282231" lon="10.657337">
                <ele>0</ele>
            </trkpt>
            <trkpt lat="46.282266" lon="10.657431">
                <ele>0</ele>
            </trkpt>
            <trkpt lat="46.282274" lon="10.657452">
                <ele>0</ele>
            </trkpt>
            <trkpt lat="46.282352" lon="10.657666">
                <ele>0</ele>
            </trkpt>
            <trkpt lat="46.282397" lon="10.657741">
                <ele>0</ele>
            </trkpt>
            <trkpt lat="46.282449" lon="10.657817">
                <ele>0</ele>
            </trkpt>
            <trkpt lat="46.282494" lon="10.657849">
                <ele>0</ele>
            </trkpt>
            <trkpt lat="46.282537" lon="10.65787">
                <ele>0</ele>
            </trkpt>
            <trkpt lat="46.282606" lon="10.657882">
                <ele>0</ele>
            </trkpt>
            <trkpt lat="46.282688" lon="10.657879">
                <ele>0</ele>
            </trkpt>
            <trkpt lat="46.282932" lon="10.657852">
                <ele>0</ele>
            </trkpt>
            <trkpt lat="46.282966" lon="10.657848">
                <ele>0</ele>
            </trkpt>
            <trkpt lat="46.283363" lon="10.657803">
                <ele>0</ele>
            </trkpt>
            <trkpt lat="46.283425" lon="10.657823">
                <ele>0</ele>
            </trkpt>
            <trkpt lat="46.283487" lon="10.657871">
                <ele>0</ele>
            </trkpt>
            <trkpt lat="46.283525" lon="10.657923">
                <ele>0</ele>
            </trkpt>
            <trkpt lat="46.283544" lon="10.65795">
                <ele>0</ele>
            </trkpt>
            <trkpt lat="46.283544" lon="10.657951">
                <ele>0</ele>
            </trkpt>
            <trkpt lat="46.283551" lon="10.65796">
                <ele>0</ele>
            </trkpt>
            <trkpt lat="46.283582" lon="10.658046">
                <ele>0</ele>
            </trkpt>
            <trkpt lat="46.283652" lon="10.658592">
                <ele>0</ele>
            </trkpt>
            <trkpt lat="46.28366" lon="10.658768">
                <ele>0</ele>
            </trkpt>
            <trkpt lat="46.283648" lon="10.659013">
                <ele>0</ele>
            </trkpt>
            <trkpt lat="46.283643" lon="10.659057">
                <ele>0</ele>
            </trkpt>
            <trkpt lat="46.283622" lon="10.659263">
                <ele>0</ele>
            </trkpt>
            <trkpt lat="46.283618" lon="10.659466">
                <ele>0</ele>
            </trkpt>
            <trkpt lat="46.283631" lon="10.659678">
                <ele>0</ele>
            </trkpt>
            <trkpt lat="46.28368" lon="10.659965">
                <ele>0</ele>
            </trkpt>
            <trkpt lat="46.283751" lon="10.66016">
                <ele>0</ele>
            </trkpt>
            <trkpt lat="46.283832" lon="10.660343">
                <ele>0</ele>
            </trkpt>
            <trkpt lat="46.283836" lon="10.66035">
                <ele>0</ele>
            </trkpt>
            <trkpt lat="46.283915" lon="10.660487">
                <ele>0</ele>
            </trkpt>
            <trkpt lat="46.283924" lon="10.660502">
                <ele>0</ele>
            </trkpt>
            <trkpt lat="46.284191" lon="10.660969">
                <ele>0</ele>
            </trkpt>
            <trkpt lat="46.284319" lon="10.661182">
                <ele>0</ele>
            </trkpt>
            <trkpt lat="46.284383" lon="10.661239">
                <ele>0</ele>
            </trkpt>
            <trkpt lat="46.284458" lon="10.661275">
                <ele>0</ele>
            </trkpt>
            <trkpt lat="46.284523" lon="10.661279">
                <ele>0</ele>
            </trkpt>
            <trkpt lat="46.284689" lon="10.661234">
                <ele>0</ele>
            </trkpt>
            <trkpt lat="46.284755" lon="10.661245">
                <ele>0</ele>
            </trkpt>
            <trkpt lat="46.284808" lon="10.66128">
                <ele>0</ele>
            </trkpt>
            <trkpt lat="46.284853" lon="10.661337">
                <ele>0</ele>
            </trkpt>
            <trkpt lat="46.284882" lon="10.661415">
                <ele>0</ele>
            </trkpt>
            <trkpt lat="46.2849" lon="10.661498">
                <ele>0</ele>
            </trkpt>
            <trkpt lat="46.284909" lon="10.661792">
                <ele>0</ele>
            </trkpt>
            <trkpt lat="46.284929" lon="10.661897">
                <ele>0</ele>
            </trkpt>
            <trkpt lat="46.284956" lon="10.661978">
                <ele>0</ele>
            </trkpt>
            <trkpt lat="46.285012" lon="10.662077">
                <ele>0</ele>
            </trkpt>
            <trkpt lat="46.285112" lon="10.662237">
                <ele>0</ele>
            </trkpt>
            <trkpt lat="46.285163" lon="10.662345">
                <ele>0</ele>
            </trkpt>
            <trkpt lat="46.285253" lon="10.662538">
                <ele>0</ele>
            </trkpt>
            <trkpt lat="46.285366" lon="10.662791">
                <ele>0</ele>
            </trkpt>
            <trkpt lat="46.285451" lon="10.662928">
                <ele>0</ele>
            </trkpt>
            <trkpt lat="46.285552" lon="10.663049">
                <ele>0</ele>
            </trkpt>
            <trkpt lat="46.285687" lon="10.663185">
                <ele>0</ele>
            </trkpt>
            <trkpt lat="46.285749" lon="10.663271">
                <ele>0</ele>
            </trkpt>
            <trkpt lat="46.285815" lon="10.663386">
                <ele>0</ele>
            </trkpt>
            <trkpt lat="46.286244" lon="10.664478">
                <ele>0</ele>
            </trkpt>
            <trkpt lat="46.286304" lon="10.664566">
                <ele>0</ele>
            </trkpt>
            <trkpt lat="46.286379" lon="10.664635">
                <ele>0</ele>
            </trkpt>
            <trkpt lat="46.286481" lon="10.664657">
                <ele>0</ele>
            </trkpt>
            <trkpt lat="46.28672" lon="10.664641">
                <ele>0</ele>
            </trkpt>
            <trkpt lat="46.286805" lon="10.664663">
                <ele>0</ele>
            </trkpt>
            <trkpt lat="46.286875" lon="10.664694">
                <ele>0</ele>
            </trkpt>
            <trkpt lat="46.286927" lon="10.664759">
                <ele>0</ele>
            </trkpt>
            <trkpt lat="46.286962" lon="10.664839">
                <ele>0</ele>
            </trkpt>
            <trkpt lat="46.286982" lon="10.664932">
                <ele>0</ele>
            </trkpt>
            <trkpt lat="46.286988" lon="10.665068">
                <ele>0</ele>
            </trkpt>
            <trkpt lat="46.28701" lon="10.665504">
                <ele>0</ele>
            </trkpt>
            <trkpt lat="46.28703" lon="10.665626">
                <ele>0</ele>
            </trkpt>
            <trkpt lat="46.287059" lon="10.665734">
                <ele>0</ele>
            </trkpt>
            <trkpt lat="46.287103" lon="10.665837">
                <ele>0</ele>
            </trkpt>
            <trkpt lat="46.287172" lon="10.665966">
                <ele>0</ele>
            </trkpt>
            <trkpt lat="46.287476" lon="10.666477">
                <ele>0</ele>
            </trkpt>
            <trkpt lat="46.287544" lon="10.666586">
                <ele>0</ele>
            </trkpt>
            <trkpt lat="46.287616" lon="10.666655">
                <ele>0</ele>
            </trkpt>
            <trkpt lat="46.287718" lon="10.666726">
                <ele>0</ele>
            </trkpt>
            <trkpt lat="46.287882" lon="10.666811">
                <ele>0</ele>
            </trkpt>
            <trkpt lat="46.287967" lon="10.666895">
                <ele>0</ele>
            </trkpt>
            <trkpt lat="46.288011" lon="10.66697">
                <ele>0</ele>
            </trkpt>
            <trkpt lat="46.288052" lon="10.667062">
                <ele>0</ele>
            </trkpt>
            <trkpt lat="46.288086" lon="10.667178">
                <ele>0</ele>
            </trkpt>
            <trkpt lat="46.288113" lon="10.667307">
                <ele>0</ele>
            </trkpt>
            <trkpt lat="46.288172" lon="10.667607">
                <ele>0</ele>
            </trkpt>
            <trkpt lat="46.28821" lon="10.667884">
                <ele>0</ele>
            </trkpt>
            <trkpt lat="46.288252" lon="10.668053">
                <ele>0</ele>
            </trkpt>
            <trkpt lat="46.288321" lon="10.668227">
                <ele>0</ele>
            </trkpt>
            <trkpt lat="46.288392" lon="10.668326">
                <ele>0</ele>
            </trkpt>
            <trkpt lat="46.288474" lon="10.668387">
                <ele>0</ele>
            </trkpt>
            <trkpt lat="46.288606" lon="10.668469">
                <ele>0</ele>
            </trkpt>
            <trkpt lat="46.288664" lon="10.668528">
                <ele>0</ele>
            </trkpt>
            <trkpt lat="46.288715" lon="10.668612">
                <ele>0</ele>
            </trkpt>
            <trkpt lat="46.28874" lon="10.668702">
                <ele>0</ele>
            </trkpt>
            <trkpt lat="46.288754" lon="10.668812">
                <ele>0</ele>
            </trkpt>
            <trkpt lat="46.288774" lon="10.669148">
                <ele>0</ele>
            </trkpt>
            <trkpt lat="46.288793" lon="10.669249">
                <ele>0</ele>
            </trkpt>
            <trkpt lat="46.288805" lon="10.669294">
                <ele>0</ele>
            </trkpt>
            <trkpt lat="46.288826" lon="10.669376">
                <ele>0</ele>
            </trkpt>
            <trkpt lat="46.288871" lon="10.66947">
                <ele>0</ele>
            </trkpt>
            <trkpt lat="46.288966" lon="10.669645">
                <ele>0</ele>
            </trkpt>
            <trkpt lat="46.288993" lon="10.669699">
                <ele>0</ele>
            </trkpt>
            <trkpt lat="46.289003" lon="10.669719">
                <ele>0</ele>
            </trkpt>
            <trkpt lat="46.289215" lon="10.670144">
                <ele>0</ele>
            </trkpt>
            <trkpt lat="46.28956" lon="10.670829">
                <ele>0</ele>
            </trkpt>
            <trkpt lat="46.289621" lon="10.670978">
                <ele>0</ele>
            </trkpt>
            <trkpt lat="46.28967" lon="10.671115">
                <ele>0</ele>
            </trkpt>
            <trkpt lat="46.289712" lon="10.671265">
                <ele>0</ele>
            </trkpt>
            <trkpt lat="46.289794" lon="10.671625">
                <ele>0</ele>
            </trkpt>
            <trkpt lat="46.289972" lon="10.672356">
                <ele>0</ele>
            </trkpt>
            <trkpt lat="46.290031" lon="10.672544">
                <ele>0</ele>
            </trkpt>
            <trkpt lat="46.290095" lon="10.672663">
                <ele>0</ele>
            </trkpt>
            <trkpt lat="46.290167" lon="10.672741">
                <ele>0</ele>
            </trkpt>
            <trkpt lat="46.290257" lon="10.672793">
                <ele>0</ele>
            </trkpt>
            <trkpt lat="46.29037" lon="10.672864">
                <ele>0</ele>
            </trkpt>
            <trkpt lat="46.290414" lon="10.672915">
                <ele>0</ele>
            </trkpt>
            <trkpt lat="46.290428" lon="10.672931">
                <ele>0</ele>
            </trkpt>
            <trkpt lat="46.290528" lon="10.673159">
                <ele>0</ele>
            </trkpt>
            <trkpt lat="46.29053" lon="10.673169">
                <ele>0</ele>
            </trkpt>
            <trkpt lat="46.290534" lon="10.673193">
                <ele>0</ele>
            </trkpt>
            <trkpt lat="46.290544" lon="10.673259">
                <ele>0</ele>
            </trkpt>
            <trkpt lat="46.290541" lon="10.673367">
                <ele>0</ele>
            </trkpt>
            <trkpt lat="46.290535" lon="10.673512">
                <ele>0</ele>
            </trkpt>
            <trkpt lat="46.290544" lon="10.673638">
                <ele>0</ele>
            </trkpt>
            <trkpt lat="46.290587" lon="10.673831">
                <ele>0</ele>
            </trkpt>
            <trkpt lat="46.290754" lon="10.674544">
                <ele>0</ele>
            </trkpt>
            <trkpt lat="46.290808" lon="10.674688">
                <ele>0</ele>
            </trkpt>
            <trkpt lat="46.290875" lon="10.674794">
                <ele>0</ele>
            </trkpt>
            <trkpt lat="46.290981" lon="10.674922">
                <ele>0</ele>
            </trkpt>
            <trkpt lat="46.29104" lon="10.675012">
                <ele>0</ele>
            </trkpt>
            <trkpt lat="46.291079" lon="10.675136">
                <ele>0</ele>
            </trkpt>
            <trkpt lat="46.29111" lon="10.675345">
                <ele>0</ele>
            </trkpt>
            <trkpt lat="46.29118" lon="10.675791">
                <ele>0</ele>
            </trkpt>
            <trkpt lat="46.291284" lon="10.676149">
                <ele>0</ele>
            </trkpt>
            <trkpt lat="46.291709" lon="10.677503">
                <ele>0</ele>
            </trkpt>
            <trkpt lat="46.291825" lon="10.677828">
                <ele>0</ele>
            </trkpt>
            <trkpt lat="46.291994" lon="10.678184">
                <ele>0</ele>
            </trkpt>
            <trkpt lat="46.292222" lon="10.678649">
                <ele>0</ele>
            </trkpt>
            <trkpt lat="46.292287" lon="10.67874">
                <ele>0</ele>
            </trkpt>
            <trkpt lat="46.292373" lon="10.678811">
                <ele>0</ele>
            </trkpt>
            <trkpt lat="46.292501" lon="10.678905">
                <ele>0</ele>
            </trkpt>
            <trkpt lat="46.292565" lon="10.678999">
                <ele>0</ele>
            </trkpt>
            <trkpt lat="46.29261" lon="10.679121">
                <ele>0</ele>
            </trkpt>
            <trkpt lat="46.292847" lon="10.679973">
                <ele>0</ele>
            </trkpt>
            <trkpt lat="46.292909" lon="10.680121">
                <ele>0</ele>
            </trkpt>
            <trkpt lat="46.293001" lon="10.680266">
                <ele>0</ele>
            </trkpt>
            <trkpt lat="46.293125" lon="10.680413">
                <ele>0</ele>
            </trkpt>
            <trkpt lat="46.293325" lon="10.680592">
                <ele>0</ele>
            </trkpt>
            <trkpt lat="46.2934" lon="10.680706">
                <ele>0</ele>
            </trkpt>
            <trkpt lat="46.293449" lon="10.680834">
                <ele>0</ele>
            </trkpt>
            <trkpt lat="46.293471" lon="10.680992">
                <ele>0</ele>
            </trkpt>
            <trkpt lat="46.293488" lon="10.681226">
                <ele>0</ele>
            </trkpt>
            <trkpt lat="46.293512" lon="10.681307">
                <ele>0</ele>
            </trkpt>
            <trkpt lat="46.293563" lon="10.681398">
                <ele>0</ele>
            </trkpt>
            <trkpt lat="46.293617" lon="10.681444">
                <ele>0</ele>
            </trkpt>
            <trkpt lat="46.293696" lon="10.681479">
                <ele>0</ele>
            </trkpt>
            <trkpt lat="46.293789" lon="10.681523">
                <ele>0</ele>
            </trkpt>
            <trkpt lat="46.293847" lon="10.681581">
                <ele>0</ele>
            </trkpt>
            <trkpt lat="46.293889" lon="10.681665">
                <ele>0</ele>
            </trkpt>
            <trkpt lat="46.293903" lon="10.681776">
                <ele>0</ele>
            </trkpt>
            <trkpt lat="46.293885" lon="10.681976">
                <ele>0</ele>
            </trkpt>
            <trkpt lat="46.293872" lon="10.68219">
                <ele>0</ele>
            </trkpt>
            <trkpt lat="46.293874" lon="10.682205">
                <ele>0</ele>
            </trkpt>
            <trkpt lat="46.293891" lon="10.682316">
                <ele>0</ele>
            </trkpt>
            <trkpt lat="46.293955" lon="10.682516">
                <ele>0</ele>
            </trkpt>
            <trkpt lat="46.294393" lon="10.683486">
                <ele>0</ele>
            </trkpt>
            <trkpt lat="46.294416" lon="10.683558">
                <ele>0</ele>
            </trkpt>
            <trkpt lat="46.294462" lon="10.683706">
                <ele>0</ele>
            </trkpt>
            <trkpt lat="46.2945" lon="10.683864">
                <ele>0</ele>
            </trkpt>
            <trkpt lat="46.294507" lon="10.684014">
                <ele>0</ele>
            </trkpt>
            <trkpt lat="46.294513" lon="10.684128">
                <ele>0</ele>
            </trkpt>
            <trkpt lat="46.294511" lon="10.685259">
                <ele>0</ele>
            </trkpt>
            <trkpt lat="46.29451" lon="10.685466">
                <ele>0</ele>
            </trkpt>
            <trkpt lat="46.294539" lon="10.685653">
                <ele>0</ele>
            </trkpt>
            <trkpt lat="46.294573" lon="10.685805">
                <ele>0</ele>
            </trkpt>
            <trkpt lat="46.294617" lon="10.685955">
                <ele>0</ele>
            </trkpt>
            <trkpt lat="46.294728" lon="10.686194">
                <ele>0</ele>
            </trkpt>
            <trkpt lat="46.294825" lon="10.686321">
                <ele>0</ele>
            </trkpt>
            <trkpt lat="46.294958" lon="10.686411">
                <ele>0</ele>
            </trkpt>
            <trkpt lat="46.295087" lon="10.686514">
                <ele>0</ele>
            </trkpt>
            <trkpt lat="46.295129" lon="10.686542">
                <ele>0</ele>
            </trkpt>
            <trkpt lat="46.29538" lon="10.686731">
                <ele>0</ele>
            </trkpt>
            <trkpt lat="46.295445" lon="10.686817">
                <ele>0</ele>
            </trkpt>
            <trkpt lat="46.295522" lon="10.686942">
                <ele>0</ele>
            </trkpt>
            <trkpt lat="46.295633" lon="10.687204">
                <ele>0</ele>
            </trkpt>
            <trkpt lat="46.29576" lon="10.687481">
                <ele>0</ele>
            </trkpt>
            <trkpt lat="46.29588" lon="10.687695">
                <ele>0</ele>
            </trkpt>
            <trkpt lat="46.296198" lon="10.688082">
                <ele>0</ele>
            </trkpt>
            <trkpt lat="46.29643" lon="10.688401">
                <ele>0</ele>
            </trkpt>
            <trkpt lat="46.296522" lon="10.688574">
                <ele>0</ele>
            </trkpt>
            <trkpt lat="46.296578" lon="10.688731">
                <ele>0</ele>
            </trkpt>
            <trkpt lat="46.296771" lon="10.689204">
                <ele>0</ele>
            </trkpt>
            <trkpt lat="46.297113" lon="10.690134">
                <ele>0</ele>
            </trkpt>
            <trkpt lat="46.297219" lon="10.690403">
                <ele>0</ele>
            </trkpt>
            <trkpt lat="46.297255" lon="10.690587">
                <ele>0</ele>
            </trkpt>
            <trkpt lat="46.297273" lon="10.690797">
                <ele>0</ele>
            </trkpt>
            <trkpt lat="46.297263" lon="10.690988">
                <ele>0</ele>
            </trkpt>
            <trkpt lat="46.297245" lon="10.691107">
                <ele>0</ele>
            </trkpt>
            <trkpt lat="46.297224" lon="10.691197">
                <ele>0</ele>
            </trkpt>
            <trkpt lat="46.297171" lon="10.691361">
                <ele>0</ele>
            </trkpt>
            <trkpt lat="46.29711" lon="10.691514">
                <ele>0</ele>
            </trkpt>
            <trkpt lat="46.296939" lon="10.691864">
                <ele>0</ele>
            </trkpt>
            <trkpt lat="46.296875" lon="10.692077">
                <ele>0</ele>
            </trkpt>
            <trkpt lat="46.296842" lon="10.692261">
                <ele>0</ele>
            </trkpt>
            <trkpt lat="46.296836" lon="10.692485">
                <ele>0</ele>
            </trkpt>
            <trkpt lat="46.296865" lon="10.692738">
                <ele>0</ele>
            </trkpt>
            <trkpt lat="46.296884" lon="10.692965">
                <ele>0</ele>
            </trkpt>
            <trkpt lat="46.296912" lon="10.69324">
                <ele>0</ele>
            </trkpt>
            <trkpt lat="46.296916" lon="10.693283">
                <ele>0</ele>
            </trkpt>
            <trkpt lat="46.296924" lon="10.693354">
                <ele>0</ele>
            </trkpt>
            <trkpt lat="46.296937" lon="10.693486">
                <ele>0</ele>
            </trkpt>
            <trkpt lat="46.296938" lon="10.693496">
                <ele>0</ele>
            </trkpt>
            <trkpt lat="46.296947" lon="10.69361">
                <ele>0</ele>
            </trkpt>
            <trkpt lat="46.296989" lon="10.693979">
                <ele>0</ele>
            </trkpt>
            <trkpt lat="46.297004" lon="10.694099">
                <ele>0</ele>
            </trkpt>
            <trkpt lat="46.297059" lon="10.694411">
                <ele>0</ele>
            </trkpt>
            <trkpt lat="46.297074" lon="10.694496">
                <ele>0</ele>
            </trkpt>
            <trkpt lat="46.297084" lon="10.694557">
                <ele>0</ele>
            </trkpt>
            <trkpt lat="46.297117" lon="10.694744">
                <ele>0</ele>
            </trkpt>
            <trkpt lat="46.297278" lon="10.695232">
                <ele>0</ele>
            </trkpt>
            <trkpt lat="46.297614" lon="10.695903">
                <ele>0</ele>
            </trkpt>
            <trkpt lat="46.297698" lon="10.696069">
                <ele>0</ele>
            </trkpt>
            <trkpt lat="46.297736" lon="10.696145">
                <ele>0</ele>
            </trkpt>
            <trkpt lat="46.297972" lon="10.696534">
                <ele>0</ele>
            </trkpt>
            <trkpt lat="46.298496" lon="10.697164">
                <ele>0</ele>
            </trkpt>
            <trkpt lat="46.298528" lon="10.697203">
                <ele>0</ele>
            </trkpt>
            <trkpt lat="46.298592" lon="10.69728">
                <ele>0</ele>
            </trkpt>
            <trkpt lat="46.298657" lon="10.697357">
                <ele>0</ele>
            </trkpt>
            <trkpt lat="46.298908" lon="10.697659">
                <ele>0</ele>
            </trkpt>
            <trkpt lat="46.298926" lon="10.697681">
                <ele>0</ele>
            </trkpt>
            <trkpt lat="46.299194" lon="10.69799">
                <ele>0</ele>
            </trkpt>
            <trkpt lat="46.299431" lon="10.698527">
                <ele>0</ele>
            </trkpt>
            <trkpt lat="46.299528" lon="10.699105">
                <ele>0</ele>
            </trkpt>
            <trkpt lat="46.299523" lon="10.699712">
                <ele>0</ele>
            </trkpt>
            <trkpt lat="46.299499" lon="10.699914">
                <ele>0</ele>
            </trkpt>
            <trkpt lat="46.299485" lon="10.700036">
                <ele>0</ele>
            </trkpt>
            <trkpt lat="46.299421" lon="10.700575">
                <ele>0</ele>
            </trkpt>
            <trkpt lat="46.299408" lon="10.70089">
                <ele>0</ele>
            </trkpt>
            <trkpt lat="46.299412" lon="10.701068">
                <ele>0</ele>
            </trkpt>
            <trkpt lat="46.299483" lon="10.701231">
                <ele>0</ele>
            </trkpt>
            <trkpt lat="46.299618" lon="10.701418">
                <ele>0</ele>
            </trkpt>
            <trkpt lat="46.299669" lon="10.701536">
                <ele>0</ele>
            </trkpt>
            <trkpt lat="46.299684" lon="10.701577">
                <ele>0</ele>
            </trkpt>
            <trkpt lat="46.299685" lon="10.701595">
                <ele>0</ele>
            </trkpt>
            <trkpt lat="46.299688" lon="10.70166">
                <ele>0</ele>
            </trkpt>
            <trkpt lat="46.299676" lon="10.701744">
                <ele>0</ele>
            </trkpt>
            <trkpt lat="46.299586" lon="10.702037">
                <ele>0</ele>
            </trkpt>
            <trkpt lat="46.2995" lon="10.702286">
                <ele>0</ele>
            </trkpt>
            <trkpt lat="46.299475" lon="10.702392">
                <ele>0</ele>
            </trkpt>
            <trkpt lat="46.299472" lon="10.702501">
                <ele>0</ele>
            </trkpt>
            <trkpt lat="46.299505" lon="10.702671">
                <ele>0</ele>
            </trkpt>
            <trkpt lat="46.299568" lon="10.702827">
                <ele>0</ele>
            </trkpt>
            <trkpt lat="46.299901" lon="10.703592">
                <ele>0</ele>
            </trkpt>
            <trkpt lat="46.300093" lon="10.704067">
                <ele>0</ele>
            </trkpt>
            <trkpt lat="46.300164" lon="10.704246">
                <ele>0</ele>
            </trkpt>
            <trkpt lat="46.300253" lon="10.704467">
                <ele>0</ele>
            </trkpt>
            <trkpt lat="46.300255" lon="10.704472">
                <ele>0</ele>
            </trkpt>
            <trkpt lat="46.300379" lon="10.704779">
                <ele>0</ele>
            </trkpt>
            <trkpt lat="46.300423" lon="10.704888">
                <ele>0</ele>
            </trkpt>
            <trkpt lat="46.300603" lon="10.705437">
                <ele>0</ele>
            </trkpt>
            <trkpt lat="46.300962" lon="10.706886">
                <ele>0</ele>
            </trkpt>
            <trkpt lat="46.301416" lon="10.708631">
                <ele>0</ele>
            </trkpt>
            <trkpt lat="46.301803" lon="10.709974">
                <ele>0</ele>
            </trkpt>
            <trkpt lat="46.301927" lon="10.710266">
                <ele>0</ele>
            </trkpt>
            <trkpt lat="46.303239" lon="10.712558">
                <ele>0</ele>
            </trkpt>
            <trkpt lat="46.303359" lon="10.712831">
                <ele>0</ele>
            </trkpt>
            <trkpt lat="46.303436" lon="10.713103">
                <ele>0</ele>
            </trkpt>
            <trkpt lat="46.303763" lon="10.715076">
                <ele>0</ele>
            </trkpt>
            <trkpt lat="46.304098" lon="10.717077">
                <ele>0</ele>
            </trkpt>
            <trkpt lat="46.305137" lon="10.72039">
                <ele>0</ele>
            </trkpt>
            <trkpt lat="46.305285" lon="10.720792">
                <ele>0</ele>
            </trkpt>
            <trkpt lat="46.305534" lon="10.721243">
                <ele>0</ele>
            </trkpt>
            <trkpt lat="46.306955" lon="10.723979">
                <ele>0</ele>
            </trkpt>
            <trkpt lat="46.307178" lon="10.724747">
                <ele>0</ele>
            </trkpt>
            <trkpt lat="46.307363" lon="10.725122">
                <ele>0</ele>
            </trkpt>
            <trkpt lat="46.307525" lon="10.725395">
                <ele>0</ele>
            </trkpt>
            <trkpt lat="46.307613" lon="10.725724">
                <ele>0</ele>
            </trkpt>
            <trkpt lat="46.307647" lon="10.72598">
                <ele>0</ele>
            </trkpt>
            <trkpt lat="46.307632" lon="10.726327">
                <ele>0</ele>
            </trkpt>
            <trkpt lat="46.307592" lon="10.726755">
                <ele>0</ele>
            </trkpt>
            <trkpt lat="46.30763" lon="10.727035">
                <ele>0</ele>
            </trkpt>
            <trkpt lat="46.307914" lon="10.727625">
                <ele>0</ele>
            </trkpt>
            <trkpt lat="46.307915" lon="10.727628">
                <ele>0</ele>
            </trkpt>
            <trkpt lat="46.308043" lon="10.727894">
                <ele>0</ele>
            </trkpt>
            <trkpt lat="46.308072" lon="10.728">
                <ele>0</ele>
            </trkpt>
            <trkpt lat="46.308125" lon="10.728258">
                <ele>0</ele>
            </trkpt>
            <trkpt lat="46.308178" lon="10.728618">
                <ele>0</ele>
            </trkpt>
            <trkpt lat="46.308238" lon="10.728894">
                <ele>0</ele>
            </trkpt>
            <trkpt lat="46.308248" lon="10.728941">
                <ele>0</ele>
            </trkpt>
            <trkpt lat="46.308281" lon="10.729092">
                <ele>0</ele>
            </trkpt>
            <trkpt lat="46.308357" lon="10.729197">
                <ele>0</ele>
            </trkpt>
            <trkpt lat="46.308618" lon="10.72935">
                <ele>0</ele>
            </trkpt>
            <trkpt lat="46.308835" lon="10.729609">
                <ele>0</ele>
            </trkpt>
            <trkpt lat="46.308971" lon="10.729645">
                <ele>0</ele>
            </trkpt>
            <trkpt lat="46.309127" lon="10.729581">
                <ele>0</ele>
            </trkpt>
            <trkpt lat="46.309301" lon="10.729601">
                <ele>0</ele>
            </trkpt>
            <trkpt lat="46.309595" lon="10.729634">
                <ele>0</ele>
            </trkpt>
            <trkpt lat="46.309864" lon="10.729723">
                <ele>0</ele>
            </trkpt>
            <trkpt lat="46.310019" lon="10.729808">
                <ele>0</ele>
            </trkpt>
            <trkpt lat="46.310166" lon="10.72993">
                <ele>0</ele>
            </trkpt>
            <trkpt lat="46.310324" lon="10.730167">
                <ele>0</ele>
            </trkpt>
            <trkpt lat="46.31039" lon="10.730302">
                <ele>0</ele>
            </trkpt>
            <trkpt lat="46.310521" lon="10.730626">
                <ele>0</ele>
            </trkpt>
            <trkpt lat="46.31054" lon="10.730675">
                <ele>0</ele>
            </trkpt>
            <trkpt lat="46.310891" lon="10.731571">
                <ele>0</ele>
            </trkpt>
            <trkpt lat="46.311058" lon="10.73207">
                <ele>0</ele>
            </trkpt>
            <trkpt lat="46.311144" lon="10.732326">
                <ele>0</ele>
            </trkpt>
            <trkpt lat="46.311152" lon="10.732348">
                <ele>0</ele>
            </trkpt>
            <trkpt lat="46.31116" lon="10.732371">
                <ele>0</ele>
            </trkpt>
            <trkpt lat="46.31139" lon="10.733026">
                <ele>0</ele>
            </trkpt>
            <trkpt lat="46.311721" lon="10.733973">
                <ele>0</ele>
            </trkpt>
            <trkpt lat="46.311782" lon="10.734147">
                <ele>0</ele>
            </trkpt>
            <trkpt lat="46.312352" lon="10.735732">
                <ele>0</ele>
            </trkpt>
            <trkpt lat="46.312687" lon="10.736666">
                <ele>0</ele>
            </trkpt>
            <trkpt lat="46.312688" lon="10.736669">
                <ele>0</ele>
            </trkpt>
            <trkpt lat="46.312711" lon="10.736734">
                <ele>0</ele>
            </trkpt>
            <trkpt lat="46.312712" lon="10.736738">
                <ele>0</ele>
            </trkpt>
            <trkpt lat="46.312799" lon="10.736977">
                <ele>0</ele>
            </trkpt>
            <trkpt lat="46.312878" lon="10.737247">
                <ele>0</ele>
            </trkpt>
            <trkpt lat="46.3129" lon="10.737356">
                <ele>0</ele>
            </trkpt>
            <trkpt lat="46.312913" lon="10.737522">
                <ele>0</ele>
            </trkpt>
            <trkpt lat="46.312968" lon="10.737483">
                <ele>0</ele>
            </trkpt>
            <trkpt lat="46.31302" lon="10.737384">
                <ele>0</ele>
            </trkpt>
            <trkpt lat="46.313077" lon="10.737184">
                <ele>0</ele>
            </trkpt>
            <trkpt lat="46.313545" lon="10.735346">
                <ele>0</ele>
            </trkpt>
            <trkpt lat="46.313668" lon="10.734972">
                <ele>0</ele>
            </trkpt>
            <trkpt lat="46.315354" lon="10.730455">
                <ele>0</ele>
            </trkpt>
            <trkpt lat="46.315449" lon="10.730249">
                <ele>0</ele>
            </trkpt>
            <trkpt lat="46.315576" lon="10.73004">
                <ele>0</ele>
            </trkpt>
            <trkpt lat="46.316027" lon="10.729442">
                <ele>0</ele>
            </trkpt>
            <trkpt lat="46.316679" lon="10.728649">
                <ele>0</ele>
            </trkpt>
            <trkpt lat="46.316751" lon="10.72856">
                <ele>0</ele>
            </trkpt>
            <trkpt lat="46.316981" lon="10.728276">
                <ele>0</ele>
            </trkpt>
            <trkpt lat="46.317155" lon="10.728012">
                <ele>0</ele>
            </trkpt>
            <trkpt lat="46.31731" lon="10.727752">
                <ele>0</ele>
            </trkpt>
            <trkpt lat="46.317429" lon="10.727481">
                <ele>0</ele>
            </trkpt>
            <trkpt lat="46.317571" lon="10.727052">
                <ele>0</ele>
            </trkpt>
            <trkpt lat="46.317916" lon="10.726049">
                <ele>0</ele>
            </trkpt>
            <trkpt lat="46.31802" lon="10.725679">
                <ele>0</ele>
            </trkpt>
            <trkpt lat="46.318234" lon="10.72479">
                <ele>0</ele>
            </trkpt>
            <trkpt lat="46.31839" lon="10.724077">
                <ele>0</ele>
            </trkpt>
            <trkpt lat="46.318461" lon="10.723801">
                <ele>0</ele>
            </trkpt>
            <trkpt lat="46.318539" lon="10.723566">
                <ele>0</ele>
            </trkpt>
            <trkpt lat="46.318618" lon="10.723399">
                <ele>0</ele>
            </trkpt>
            <trkpt lat="46.318726" lon="10.72321">
                <ele>0</ele>
            </trkpt>
            <trkpt lat="46.318893" lon="10.722979">
                <ele>0</ele>
            </trkpt>
            <trkpt lat="46.319161" lon="10.722634">
                <ele>0</ele>
            </trkpt>
            <trkpt lat="46.319791" lon="10.721811">
                <ele>0</ele>
            </trkpt>
            <trkpt lat="46.32027" lon="10.721189">
                <ele>0</ele>
            </trkpt>
            <trkpt lat="46.320536" lon="10.720842">
                <ele>0</ele>
            </trkpt>
            <trkpt lat="46.320692" lon="10.720622">
                <ele>0</ele>
            </trkpt>
            <trkpt lat="46.320808" lon="10.720424">
                <ele>0</ele>
            </trkpt>
            <trkpt lat="46.320944" lon="10.720141">
                <ele>0</ele>
            </trkpt>
            <trkpt lat="46.321145" lon="10.719657">
                <ele>0</ele>
            </trkpt>
            <trkpt lat="46.321486" lon="10.71885">
                <ele>0</ele>
            </trkpt>
            <trkpt lat="46.321619" lon="10.718592">
                <ele>0</ele>
            </trkpt>
            <trkpt lat="46.321759" lon="10.718357">
                <ele>0</ele>
            </trkpt>
            <trkpt lat="46.321901" lon="10.718175">
                <ele>0</ele>
            </trkpt>
            <trkpt lat="46.322081" lon="10.717984">
                <ele>0</ele>
            </trkpt>
            <trkpt lat="46.32306" lon="10.717104">
                <ele>0</ele>
            </trkpt>
            <trkpt lat="46.323353" lon="10.716812">
                <ele>0</ele>
            </trkpt>
            <trkpt lat="46.323881" lon="10.716183">
                <ele>0</ele>
            </trkpt>
            <trkpt lat="46.324067" lon="10.716001">
                <ele>0</ele>
            </trkpt>
            <trkpt lat="46.324222" lon="10.715861">
                <ele>0</ele>
            </trkpt>
            <trkpt lat="46.3244" lon="10.715738">
                <ele>0</ele>
            </trkpt>
            <trkpt lat="46.325768" lon="10.714889">
                <ele>0</ele>
            </trkpt>
            <trkpt lat="46.325985" lon="10.714739">
                <ele>0</ele>
            </trkpt>
            <trkpt lat="46.326088" lon="10.714644">
                <ele>0</ele>
            </trkpt>
            <trkpt lat="46.32629" lon="10.714419">
                <ele>0</ele>
            </trkpt>
            <trkpt lat="46.326594" lon="10.713951">
                <ele>0</ele>
            </trkpt>
            <trkpt lat="46.326688" lon="10.713835">
                <ele>0</ele>
            </trkpt>
            <trkpt lat="46.326787" lon="10.713739">
                <ele>0</ele>
            </trkpt>
            <trkpt lat="46.327153" lon="10.713417">
                <ele>0</ele>
            </trkpt>
            <trkpt lat="46.327246" lon="10.713312">
                <ele>0</ele>
            </trkpt>
            <trkpt lat="46.327394" lon="10.713096">
                <ele>0</ele>
            </trkpt>
            <trkpt lat="46.327466" lon="10.713001">
                <ele>0</ele>
            </trkpt>
            <trkpt lat="46.327598" lon="10.71285">
                <ele>0</ele>
            </trkpt>
            <trkpt lat="46.327883" lon="10.712567">
                <ele>0</ele>
            </trkpt>
            <trkpt lat="46.328032" lon="10.712447">
                <ele>0</ele>
            </trkpt>
            <trkpt lat="46.328207" lon="10.712333">
                <ele>0</ele>
            </trkpt>
            <trkpt lat="46.328516" lon="10.712174">
                <ele>0</ele>
            </trkpt>
            <trkpt lat="46.328687" lon="10.712063">
                <ele>0</ele>
            </trkpt>
            <trkpt lat="46.329414" lon="10.71155">
                <ele>0</ele>
            </trkpt>
            <trkpt lat="46.329596" lon="10.711373">
                <ele>0</ele>
            </trkpt>
            <trkpt lat="46.33" lon="10.710931">
                <ele>0</ele>
            </trkpt>
            <trkpt lat="46.330111" lon="10.710841">
                <ele>0</ele>
            </trkpt>
            <trkpt lat="46.330213" lon="10.710784">
                <ele>0</ele>
            </trkpt>
            <trkpt lat="46.330349" lon="10.710742">
                <ele>0</ele>
            </trkpt>
            <trkpt lat="46.33124" lon="10.710635">
                <ele>0</ele>
            </trkpt>
            <trkpt lat="46.331447" lon="10.710593">
                <ele>0</ele>
            </trkpt>
            <trkpt lat="46.331637" lon="10.710526">
                <ele>0</ele>
            </trkpt>
            <trkpt lat="46.331818" lon="10.71044">
                <ele>0</ele>
            </trkpt>
            <trkpt lat="46.331958" lon="10.710371">
                <ele>0</ele>
            </trkpt>
            <trkpt lat="46.332455" lon="10.710077">
                <ele>0</ele>
            </trkpt>
            <trkpt lat="46.332754" lon="10.709856">
                <ele>0</ele>
            </trkpt>
            <trkpt lat="46.333002" lon="10.709627">
                <ele>0</ele>
            </trkpt>
            <trkpt lat="46.333401" lon="10.709227">
                <ele>0</ele>
            </trkpt>
            <trkpt lat="46.334122" lon="10.708512">
                <ele>0</ele>
            </trkpt>
            <trkpt lat="46.334299" lon="10.708295">
                <ele>0</ele>
            </trkpt>
            <trkpt lat="46.334424" lon="10.708097">
                <ele>0</ele>
            </trkpt>
            <trkpt lat="46.334961" lon="10.707183">
                <ele>0</ele>
            </trkpt>
            <trkpt lat="46.335156" lon="10.706937">
                <ele>0</ele>
            </trkpt>
            <trkpt lat="46.335338" lon="10.706756">
                <ele>0</ele>
            </trkpt>
            <trkpt lat="46.335553" lon="10.706629">
                <ele>0</ele>
            </trkpt>
            <trkpt lat="46.335728" lon="10.706567">
                <ele>0</ele>
            </trkpt>
            <trkpt lat="46.335966" lon="10.706555">
                <ele>0</ele>
            </trkpt>
            <trkpt lat="46.336189" lon="10.706535">
                <ele>0</ele>
            </trkpt>
            <trkpt lat="46.339508" lon="10.706405">
                <ele>0</ele>
            </trkpt>
            <trkpt lat="46.339799" lon="10.706387">
                <ele>0</ele>
            </trkpt>
            <trkpt lat="46.340051" lon="10.706333">
                <ele>0</ele>
            </trkpt>
            <trkpt lat="46.340243" lon="10.706262">
                <ele>0</ele>
            </trkpt>
            <trkpt lat="46.340499" lon="10.70615">
                <ele>0</ele>
            </trkpt>
            <trkpt lat="46.340708" lon="10.706027">
                <ele>0</ele>
            </trkpt>
            <trkpt lat="46.341354" lon="10.705579">
                <ele>0</ele>
            </trkpt>
            <trkpt lat="46.34165" lon="10.705362">
                <ele>0</ele>
            </trkpt>
            <trkpt lat="46.341825" lon="10.705199">
                <ele>0</ele>
            </trkpt>
            <trkpt lat="46.34201" lon="10.70499">
                <ele>0</ele>
            </trkpt>
            <trkpt lat="46.342155" lon="10.704789">
                <ele>0</ele>
            </trkpt>
            <trkpt lat="46.342319" lon="10.704541">
                <ele>0</ele>
            </trkpt>
            <trkpt lat="46.342482" lon="10.704241">
                <ele>0</ele>
            </trkpt>
            <trkpt lat="46.342585" lon="10.703995">
                <ele>0</ele>
            </trkpt>
            <trkpt lat="46.342951" lon="10.703037">
                <ele>0</ele>
            </trkpt>
            <trkpt lat="46.343025" lon="10.702862">
                <ele>0</ele>
            </trkpt>
            <trkpt lat="46.343117" lon="10.702689">
                <ele>0</ele>
            </trkpt>
            <trkpt lat="46.343372" lon="10.702265">
                <ele>0</ele>
            </trkpt>
            <trkpt lat="46.343426" lon="10.702181">
                <ele>0</ele>
            </trkpt>
            <trkpt lat="46.343476" lon="10.702105">
                <ele>0</ele>
            </trkpt>
            <trkpt lat="46.343586" lon="10.701943">
                <ele>0</ele>
            </trkpt>
            <trkpt lat="46.343613" lon="10.701902">
                <ele>0</ele>
            </trkpt>
            <trkpt lat="46.343812" lon="10.701592">
                <ele>0</ele>
            </trkpt>
            <trkpt lat="46.34393" lon="10.701411">
                <ele>0</ele>
            </trkpt>
            <trkpt lat="46.343987" lon="10.701323">
                <ele>0</ele>
            </trkpt>
            <trkpt lat="46.344843" lon="10.699998">
                <ele>0</ele>
            </trkpt>
            <trkpt lat="46.344989" lon="10.699784">
                <ele>0</ele>
            </trkpt>
            <trkpt lat="46.345126" lon="10.699604">
                <ele>0</ele>
            </trkpt>
            <trkpt lat="46.345484" lon="10.699125">
                <ele>0</ele>
            </trkpt>
            <trkpt lat="46.345632" lon="10.698941">
                <ele>0</ele>
            </trkpt>
            <trkpt lat="46.345771" lon="10.698784">
                <ele>0</ele>
            </trkpt>
            <trkpt lat="46.345898" lon="10.698677">
                <ele>0</ele>
            </trkpt>
            <trkpt lat="46.346043" lon="10.69856">
                <ele>0</ele>
            </trkpt>
            <trkpt lat="46.346064" lon="10.698543">
                <ele>0</ele>
            </trkpt>
            <trkpt lat="46.34629" lon="10.69837">
                <ele>0</ele>
            </trkpt>
            <trkpt lat="46.346349" lon="10.698318">
                <ele>0</ele>
            </trkpt>
            <trkpt lat="46.346509" lon="10.698169">
                <ele>0</ele>
            </trkpt>
            <trkpt lat="46.346667" lon="10.697984">
                <ele>0</ele>
            </trkpt>
            <trkpt lat="46.346744" lon="10.697885">
                <ele>0</ele>
            </trkpt>
            <trkpt lat="46.347211" lon="10.697155">
                <ele>0</ele>
            </trkpt>
            <trkpt lat="46.347618" lon="10.696511">
                <ele>0</ele>
            </trkpt>
            <trkpt lat="46.347721" lon="10.69635">
                <ele>0</ele>
            </trkpt>
            <trkpt lat="46.347808" lon="10.696213">
                <ele>0</ele>
            </trkpt>
            <trkpt lat="46.348026" lon="10.695948">
                <ele>0</ele>
            </trkpt>
            <trkpt lat="46.34819" lon="10.695749">
                <ele>0</ele>
            </trkpt>
            <trkpt lat="46.348296" lon="10.695638">
                <ele>0</ele>
            </trkpt>
            <trkpt lat="46.348522" lon="10.695457">
                <ele>0</ele>
            </trkpt>
            <trkpt lat="46.349317" lon="10.694812">
                <ele>0</ele>
            </trkpt>
            <trkpt lat="46.349507" lon="10.694603">
                <ele>0</ele>
            </trkpt>
            <trkpt lat="46.349869" lon="10.694126">
                <ele>0</ele>
            </trkpt>
            <trkpt lat="46.349913" lon="10.694078">
                <ele>0</ele>
            </trkpt>
            <trkpt lat="46.350342" lon="10.693713">
                <ele>0</ele>
            </trkpt>
            <trkpt lat="46.350599" lon="10.693468">
                <ele>0</ele>
            </trkpt>
            <trkpt lat="46.350698" lon="10.693343">
                <ele>0</ele>
            </trkpt>
            <trkpt lat="46.350775" lon="10.693225">
                <ele>0</ele>
            </trkpt>
            <trkpt lat="46.350808" lon="10.693175">
                <ele>0</ele>
            </trkpt>
            <trkpt lat="46.350957" lon="10.692933">
                <ele>0</ele>
            </trkpt>
            <trkpt lat="46.351237" lon="10.692423">
                <ele>0</ele>
            </trkpt>
            <trkpt lat="46.35161" lon="10.691745">
                <ele>0</ele>
            </trkpt>
            <trkpt lat="46.351736" lon="10.691534">
                <ele>0</ele>
            </trkpt>
            <trkpt lat="46.351862" lon="10.691315">
                <ele>0</ele>
            </trkpt>
            <trkpt lat="46.351869" lon="10.691302">
                <ele>0</ele>
            </trkpt>
            <trkpt lat="46.351939" lon="10.691182">
                <ele>0</ele>
            </trkpt>
            <trkpt lat="46.35216" lon="10.690858">
                <ele>0</ele>
            </trkpt>
            <trkpt lat="46.352225" lon="10.690772">
                <ele>0</ele>
            </trkpt>
            <trkpt lat="46.352322" lon="10.690647">
                <ele>0</ele>
            </trkpt>
            <trkpt lat="46.352351" lon="10.69069">
                <ele>0</ele>
            </trkpt>
            <trkpt lat="46.352438" lon="10.690827">
                <ele>0</ele>
            </trkpt>
            <trkpt lat="46.352455" lon="10.690886">
                <ele>0</ele>
            </trkpt>
            <trkpt lat="46.352458" lon="10.690955">
                <ele>0</ele>
            </trkpt>
            <trkpt lat="46.352449" lon="10.691045">
                <ele>0</ele>
            </trkpt>
            <trkpt lat="46.352435" lon="10.691125">
                <ele>0</ele>
            </trkpt>
            <trkpt lat="46.352446" lon="10.691221">
                <ele>0</ele>
            </trkpt>
            <trkpt lat="46.35247" lon="10.691291">
                <ele>0</ele>
            </trkpt>
            <trkpt lat="46.352495" lon="10.691332">
                <ele>0</ele>
            </trkpt>
            <trkpt lat="46.352509" lon="10.691355">
                <ele>0</ele>
            </trkpt>
            <trkpt lat="46.352548" lon="10.691499">
                <ele>0</ele>
            </trkpt>
            <trkpt lat="46.352541" lon="10.691513">
                <ele>0</ele>
            </trkpt>
            <trkpt lat="46.35253" lon="10.691534">
                <ele>0</ele>
            </trkpt>
            <trkpt lat="46.352458" lon="10.691673">
                <ele>0</ele>
            </trkpt>
            <trkpt lat="46.352455" lon="10.69168">
                <ele>0</ele>
            </trkpt>
            <trkpt lat="46.352476" lon="10.691698">
                <ele>0</ele>
            </trkpt>
            <trkpt lat="46.352552" lon="10.691803">
                <ele>0</ele>
            </trkpt>
            <trkpt lat="46.352573" lon="10.691924">
                <ele>0</ele>
            </trkpt>
            <trkpt lat="46.352571" lon="10.692048">
                <ele>0</ele>
            </trkpt>
            <trkpt lat="46.352641" lon="10.692181">
                <ele>0</ele>
            </trkpt>
            <trkpt lat="46.352693" lon="10.692244">
                <ele>0</ele>
            </trkpt>
            <trkpt lat="46.352728" lon="10.692264">
                <ele>0</ele>
            </trkpt>
            <trkpt lat="46.352758" lon="10.69228">
                <ele>0</ele>
            </trkpt>
            <trkpt lat="46.352807" lon="10.692299">
                <ele>0</ele>
            </trkpt>
            <trkpt lat="46.352843" lon="10.692313">
                <ele>0</ele>
            </trkpt>
            <trkpt lat="46.352921" lon="10.692382">
                <ele>0</ele>
            </trkpt>
            <trkpt lat="46.353011" lon="10.692452">
                <ele>0</ele>
            </trkpt>
            <trkpt lat="46.35303" lon="10.692467">
                <ele>0</ele>
            </trkpt>
            <trkpt lat="46.353137" lon="10.692347">
                <ele>0</ele>
            </trkpt>
            <trkpt lat="46.353222" lon="10.692279">
                <ele>0</ele>
            </trkpt>
            <trkpt lat="46.353329" lon="10.692224">
                <ele>0</ele>
            </trkpt>
            <trkpt lat="46.353407" lon="10.692161">
                <ele>0</ele>
            </trkpt>
            <trkpt lat="46.353511" lon="10.692063">
                <ele>0</ele>
            </trkpt>
            <trkpt lat="46.353552" lon="10.692009">
                <ele>0</ele>
            </trkpt>
            <trkpt lat="46.353697" lon="10.691818">
                <ele>0</ele>
            </trkpt>
            <trkpt lat="46.353747" lon="10.691744">
                <ele>0</ele>
            </trkpt>
            <trkpt lat="46.353762" lon="10.691721">
                <ele>0</ele>
            </trkpt>
            <trkpt lat="46.353858" lon="10.691555">
                <ele>0</ele>
            </trkpt>
            <trkpt lat="46.353931" lon="10.691458">
                <ele>0</ele>
            </trkpt>
            <trkpt lat="46.354066" lon="10.691331">
                <ele>0</ele>
            </trkpt>
            <trkpt lat="46.354402" lon="10.691092">
                <ele>0</ele>
            </trkpt>
            <trkpt lat="46.354919" lon="10.690754">
                <ele>0</ele>
            </trkpt>
            <trkpt lat="46.355013" lon="10.690692">
                <ele>0</ele>
            </trkpt>
            <trkpt lat="46.35515" lon="10.690651">
                <ele>0</ele>
            </trkpt>
            <trkpt lat="46.355265" lon="10.69063">
                <ele>0</ele>
            </trkpt>
            <trkpt lat="46.35527" lon="10.690681">
                <ele>0</ele>
            </trkpt>
            <trkpt lat="46.355298" lon="10.690988">
                <ele>0</ele>
            </trkpt>
            <trkpt lat="46.355328" lon="10.691237">
                <ele>0</ele>
            </trkpt>
            <trkpt lat="46.355306" lon="10.691299">
                <ele>0</ele>
            </trkpt>
            <trkpt lat="46.355228" lon="10.691331">
                <ele>0</ele>
            </trkpt>
            <trkpt lat="46.35511" lon="10.691393">
                <ele>0</ele>
            </trkpt>
            <trkpt lat="46.355091" lon="10.691446">
                <ele>0</ele>
            </trkpt>
            <trkpt lat="46.355098" lon="10.691497">
                <ele>0</ele>
            </trkpt>
            <trkpt lat="46.355117" lon="10.691535">
                <ele>0</ele>
            </trkpt>
            <trkpt lat="46.355165" lon="10.691559">
                <ele>0</ele>
            </trkpt>
            <trkpt lat="46.355241" lon="10.691535">
                <ele>0</ele>
            </trkpt>
            <trkpt lat="46.355321" lon="10.6915">
                <ele>0</ele>
            </trkpt>
            <trkpt lat="46.355404" lon="10.691527">
                <ele>0</ele>
            </trkpt>
            <trkpt lat="46.35544" lon="10.691538">
                <ele>0</ele>
            </trkpt>
            <trkpt lat="46.355837" lon="10.691669">
                <ele>0</ele>
            </trkpt>
            <trkpt lat="46.355872" lon="10.691696">
                <ele>0</ele>
            </trkpt>
            <trkpt lat="46.355878" lon="10.691779">
                <ele>0</ele>
            </trkpt>
            <trkpt lat="46.355857" lon="10.691857">
                <ele>0</ele>
            </trkpt>
            <trkpt lat="46.355783" lon="10.691902">
                <ele>0</ele>
            </trkpt>
            <trkpt lat="46.355667" lon="10.691929">
                <ele>0</ele>
            </trkpt>
            <trkpt lat="46.355475" lon="10.691964">
                <ele>0</ele>
            </trkpt>
            <trkpt lat="46.355475" lon="10.691964">
                <ele>0</ele>
            </trkpt>
            <trkpt lat="46.355667" lon="10.691929">
                <ele>0</ele>
            </trkpt>
            <trkpt lat="46.355783" lon="10.691902">
                <ele>0</ele>
            </trkpt>
            <trkpt lat="46.355857" lon="10.691857">
                <ele>0</ele>
            </trkpt>
            <trkpt lat="46.355878" lon="10.691779">
                <ele>0</ele>
            </trkpt>
            <trkpt lat="46.355872" lon="10.691696">
                <ele>0</ele>
            </trkpt>
            <trkpt lat="46.355837" lon="10.691669">
                <ele>0</ele>
            </trkpt>
            <trkpt lat="46.35544" lon="10.691538">
                <ele>0</ele>
            </trkpt>
            <trkpt lat="46.355404" lon="10.691527">
                <ele>0</ele>
            </trkpt>
            <trkpt lat="46.355321" lon="10.6915">
                <ele>0</ele>
            </trkpt>
            <trkpt lat="46.355241" lon="10.691535">
                <ele>0</ele>
            </trkpt>
            <trkpt lat="46.355165" lon="10.691559">
                <ele>0</ele>
            </trkpt>
            <trkpt lat="46.355117" lon="10.691535">
                <ele>0</ele>
            </trkpt>
            <trkpt lat="46.355098" lon="10.691497">
                <ele>0</ele>
            </trkpt>
            <trkpt lat="46.355091" lon="10.691446">
                <ele>0</ele>
            </trkpt>
            <trkpt lat="46.35511" lon="10.691393">
                <ele>0</ele>
            </trkpt>
            <trkpt lat="46.355228" lon="10.691331">
                <ele>0</ele>
            </trkpt>
            <trkpt lat="46.355306" lon="10.691299">
                <ele>0</ele>
            </trkpt>
            <trkpt lat="46.355328" lon="10.691237">
                <ele>0</ele>
            </trkpt>
            <trkpt lat="46.355298" lon="10.690988">
                <ele>0</ele>
            </trkpt>
            <trkpt lat="46.35527" lon="10.690681">
                <ele>0</ele>
            </trkpt>
            <trkpt lat="46.355265" lon="10.69063">
                <ele>0</ele>
            </trkpt>
            <trkpt lat="46.35515" lon="10.690651">
                <ele>0</ele>
            </trkpt>
            <trkpt lat="46.355013" lon="10.690692">
                <ele>0</ele>
            </trkpt>
            <trkpt lat="46.354919" lon="10.690754">
                <ele>0</ele>
            </trkpt>
            <trkpt lat="46.354402" lon="10.691092">
                <ele>0</ele>
            </trkpt>
            <trkpt lat="46.354066" lon="10.691331">
                <ele>0</ele>
            </trkpt>
            <trkpt lat="46.353931" lon="10.691458">
                <ele>0</ele>
            </trkpt>
            <trkpt lat="46.353858" lon="10.691555">
                <ele>0</ele>
            </trkpt>
            <trkpt lat="46.353762" lon="10.691721">
                <ele>0</ele>
            </trkpt>
            <trkpt lat="46.353747" lon="10.691744">
                <ele>0</ele>
            </trkpt>
            <trkpt lat="46.353697" lon="10.691818">
                <ele>0</ele>
            </trkpt>
            <trkpt lat="46.353552" lon="10.692009">
                <ele>0</ele>
            </trkpt>
            <trkpt lat="46.353511" lon="10.692063">
                <ele>0</ele>
            </trkpt>
            <trkpt lat="46.353407" lon="10.692161">
                <ele>0</ele>
            </trkpt>
            <trkpt lat="46.353329" lon="10.692224">
                <ele>0</ele>
            </trkpt>
            <trkpt lat="46.353222" lon="10.692279">
                <ele>0</ele>
            </trkpt>
            <trkpt lat="46.353137" lon="10.692347">
                <ele>0</ele>
            </trkpt>
            <trkpt lat="46.35303" lon="10.692467">
                <ele>0</ele>
            </trkpt>
            <trkpt lat="46.353011" lon="10.692452">
                <ele>0</ele>
            </trkpt>
            <trkpt lat="46.352921" lon="10.692382">
                <ele>0</ele>
            </trkpt>
            <trkpt lat="46.352843" lon="10.692313">
                <ele>0</ele>
            </trkpt>
            <trkpt lat="46.352807" lon="10.692299">
                <ele>0</ele>
            </trkpt>
            <trkpt lat="46.352758" lon="10.69228">
                <ele>0</ele>
            </trkpt>
            <trkpt lat="46.352728" lon="10.692264">
                <ele>0</ele>
            </trkpt>
            <trkpt lat="46.352693" lon="10.692244">
                <ele>0</ele>
            </trkpt>
            <trkpt lat="46.352641" lon="10.692181">
                <ele>0</ele>
            </trkpt>
            <trkpt lat="46.352571" lon="10.692048">
                <ele>0</ele>
            </trkpt>
            <trkpt lat="46.352573" lon="10.691924">
                <ele>0</ele>
            </trkpt>
            <trkpt lat="46.352552" lon="10.691803">
                <ele>0</ele>
            </trkpt>
            <trkpt lat="46.352476" lon="10.691698">
                <ele>0</ele>
            </trkpt>
            <trkpt lat="46.352455" lon="10.69168">
                <ele>0</ele>
            </trkpt>
            <trkpt lat="46.352458" lon="10.691673">
                <ele>0</ele>
            </trkpt>
            <trkpt lat="46.35253" lon="10.691534">
                <ele>0</ele>
            </trkpt>
            <trkpt lat="46.352541" lon="10.691513">
                <ele>0</ele>
            </trkpt>
            <trkpt lat="46.352548" lon="10.691499">
                <ele>0</ele>
            </trkpt>
            <trkpt lat="46.352509" lon="10.691355">
                <ele>0</ele>
            </trkpt>
            <trkpt lat="46.352495" lon="10.691332">
                <ele>0</ele>
            </trkpt>
            <trkpt lat="46.35247" lon="10.691291">
                <ele>0</ele>
            </trkpt>
            <trkpt lat="46.352446" lon="10.691221">
                <ele>0</ele>
            </trkpt>
            <trkpt lat="46.352435" lon="10.691125">
                <ele>0</ele>
            </trkpt>
            <trkpt lat="46.352449" lon="10.691045">
                <ele>0</ele>
            </trkpt>
            <trkpt lat="46.352458" lon="10.690955">
                <ele>0</ele>
            </trkpt>
            <trkpt lat="46.352455" lon="10.690886">
                <ele>0</ele>
            </trkpt>
            <trkpt lat="46.352438" lon="10.690827">
                <ele>0</ele>
            </trkpt>
            <trkpt lat="46.352351" lon="10.69069">
                <ele>0</ele>
            </trkpt>
            <trkpt lat="46.352322" lon="10.690647">
                <ele>0</ele>
            </trkpt>
            <trkpt lat="46.352225" lon="10.690772">
                <ele>0</ele>
            </trkpt>
            <trkpt lat="46.35216" lon="10.690858">
                <ele>0</ele>
            </trkpt>
            <trkpt lat="46.351939" lon="10.691182">
                <ele>0</ele>
            </trkpt>
            <trkpt lat="46.351869" lon="10.691302">
                <ele>0</ele>
            </trkpt>
            <trkpt lat="46.351862" lon="10.691315">
                <ele>0</ele>
            </trkpt>
            <trkpt lat="46.351736" lon="10.691534">
                <ele>0</ele>
            </trkpt>
            <trkpt lat="46.35161" lon="10.691745">
                <ele>0</ele>
            </trkpt>
            <trkpt lat="46.351237" lon="10.692423">
                <ele>0</ele>
            </trkpt>
            <trkpt lat="46.350957" lon="10.692933">
                <ele>0</ele>
            </trkpt>
            <trkpt lat="46.350808" lon="10.693175">
                <ele>0</ele>
            </trkpt>
            <trkpt lat="46.350775" lon="10.693225">
                <ele>0</ele>
            </trkpt>
            <trkpt lat="46.350698" lon="10.693343">
                <ele>0</ele>
            </trkpt>
            <trkpt lat="46.350599" lon="10.693468">
                <ele>0</ele>
            </trkpt>
            <trkpt lat="46.350342" lon="10.693713">
                <ele>0</ele>
            </trkpt>
            <trkpt lat="46.349913" lon="10.694078">
                <ele>0</ele>
            </trkpt>
            <trkpt lat="46.349869" lon="10.694126">
                <ele>0</ele>
            </trkpt>
            <trkpt lat="46.349507" lon="10.694603">
                <ele>0</ele>
            </trkpt>
            <trkpt lat="46.349317" lon="10.694812">
                <ele>0</ele>
            </trkpt>
            <trkpt lat="46.348522" lon="10.695457">
                <ele>0</ele>
            </trkpt>
            <trkpt lat="46.348296" lon="10.695638">
                <ele>0</ele>
            </trkpt>
            <trkpt lat="46.34819" lon="10.695749">
                <ele>0</ele>
            </trkpt>
            <trkpt lat="46.348026" lon="10.695948">
                <ele>0</ele>
            </trkpt>
            <trkpt lat="46.347808" lon="10.696213">
                <ele>0</ele>
            </trkpt>
            <trkpt lat="46.347721" lon="10.69635">
                <ele>0</ele>
            </trkpt>
            <trkpt lat="46.347618" lon="10.696511">
                <ele>0</ele>
            </trkpt>
            <trkpt lat="46.347211" lon="10.697155">
                <ele>0</ele>
            </trkpt>
            <trkpt lat="46.346744" lon="10.697885">
                <ele>0</ele>
            </trkpt>
            <trkpt lat="46.346667" lon="10.697984">
                <ele>0</ele>
            </trkpt>
            <trkpt lat="46.346509" lon="10.698169">
                <ele>0</ele>
            </trkpt>
            <trkpt lat="46.346349" lon="10.698318">
                <ele>0</ele>
            </trkpt>
            <trkpt lat="46.34629" lon="10.69837">
                <ele>0</ele>
            </trkpt>
            <trkpt lat="46.346064" lon="10.698543">
                <ele>0</ele>
            </trkpt>
            <trkpt lat="46.346043" lon="10.69856">
                <ele>0</ele>
            </trkpt>
            <trkpt lat="46.345898" lon="10.698677">
                <ele>0</ele>
            </trkpt>
            <trkpt lat="46.345771" lon="10.698784">
                <ele>0</ele>
            </trkpt>
            <trkpt lat="46.345632" lon="10.698941">
                <ele>0</ele>
            </trkpt>
            <trkpt lat="46.345484" lon="10.699125">
                <ele>0</ele>
            </trkpt>
            <trkpt lat="46.345126" lon="10.699604">
                <ele>0</ele>
            </trkpt>
            <trkpt lat="46.344989" lon="10.699784">
                <ele>0</ele>
            </trkpt>
            <trkpt lat="46.344843" lon="10.699998">
                <ele>0</ele>
            </trkpt>
            <trkpt lat="46.343987" lon="10.701323">
                <ele>0</ele>
            </trkpt>
            <trkpt lat="46.34393" lon="10.701411">
                <ele>0</ele>
            </trkpt>
            <trkpt lat="46.343812" lon="10.701592">
                <ele>0</ele>
            </trkpt>
            <trkpt lat="46.343613" lon="10.701902">
                <ele>0</ele>
            </trkpt>
            <trkpt lat="46.343586" lon="10.701943">
                <ele>0</ele>
            </trkpt>
            <trkpt lat="46.343476" lon="10.702105">
                <ele>0</ele>
            </trkpt>
            <trkpt lat="46.343426" lon="10.702181">
                <ele>0</ele>
            </trkpt>
            <trkpt lat="46.343372" lon="10.702265">
                <ele>0</ele>
            </trkpt>
            <trkpt lat="46.343117" lon="10.702689">
                <ele>0</ele>
            </trkpt>
            <trkpt lat="46.343025" lon="10.702862">
                <ele>0</ele>
            </trkpt>
            <trkpt lat="46.342951" lon="10.703037">
                <ele>0</ele>
            </trkpt>
            <trkpt lat="46.342585" lon="10.703995">
                <ele>0</ele>
            </trkpt>
            <trkpt lat="46.342482" lon="10.704241">
                <ele>0</ele>
            </trkpt>
            <trkpt lat="46.342319" lon="10.704541">
                <ele>0</ele>
            </trkpt>
            <trkpt lat="46.342155" lon="10.704789">
                <ele>0</ele>
            </trkpt>
            <trkpt lat="46.34201" lon="10.70499">
                <ele>0</ele>
            </trkpt>
            <trkpt lat="46.341825" lon="10.705199">
                <ele>0</ele>
            </trkpt>
            <trkpt lat="46.34165" lon="10.705362">
                <ele>0</ele>
            </trkpt>
            <trkpt lat="46.341354" lon="10.705579">
                <ele>0</ele>
            </trkpt>
            <trkpt lat="46.340708" lon="10.706027">
                <ele>0</ele>
            </trkpt>
            <trkpt lat="46.340499" lon="10.70615">
                <ele>0</ele>
            </trkpt>
            <trkpt lat="46.340243" lon="10.706262">
                <ele>0</ele>
            </trkpt>
            <trkpt lat="46.340051" lon="10.706333">
                <ele>0</ele>
            </trkpt>
            <trkpt lat="46.339799" lon="10.706387">
                <ele>0</ele>
            </trkpt>
            <trkpt lat="46.339508" lon="10.706405">
                <ele>0</ele>
            </trkpt>
            <trkpt lat="46.336189" lon="10.706535">
                <ele>0</ele>
            </trkpt>
            <trkpt lat="46.335966" lon="10.706555">
                <ele>0</ele>
            </trkpt>
            <trkpt lat="46.335728" lon="10.706567">
                <ele>0</ele>
            </trkpt>
            <trkpt lat="46.335553" lon="10.706629">
                <ele>0</ele>
            </trkpt>
            <trkpt lat="46.335338" lon="10.706756">
                <ele>0</ele>
            </trkpt>
            <trkpt lat="46.335156" lon="10.706937">
                <ele>0</ele>
            </trkpt>
            <trkpt lat="46.334961" lon="10.707183">
                <ele>0</ele>
            </trkpt>
            <trkpt lat="46.334424" lon="10.708097">
                <ele>0</ele>
            </trkpt>
            <trkpt lat="46.334299" lon="10.708295">
                <ele>0</ele>
            </trkpt>
            <trkpt lat="46.334122" lon="10.708512">
                <ele>0</ele>
            </trkpt>
            <trkpt lat="46.333401" lon="10.709227">
                <ele>0</ele>
            </trkpt>
            <trkpt lat="46.333002" lon="10.709627">
                <ele>0</ele>
            </trkpt>
            <trkpt lat="46.332754" lon="10.709856">
                <ele>0</ele>
            </trkpt>
            <trkpt lat="46.332455" lon="10.710077">
                <ele>0</ele>
            </trkpt>
            <trkpt lat="46.331958" lon="10.710371">
                <ele>0</ele>
            </trkpt>
            <trkpt lat="46.331818" lon="10.71044">
                <ele>0</ele>
            </trkpt>
            <trkpt lat="46.331637" lon="10.710526">
                <ele>0</ele>
            </trkpt>
            <trkpt lat="46.331447" lon="10.710593">
                <ele>0</ele>
            </trkpt>
            <trkpt lat="46.33124" lon="10.710635">
                <ele>0</ele>
            </trkpt>
            <trkpt lat="46.330349" lon="10.710742">
                <ele>0</ele>
            </trkpt>
            <trkpt lat="46.330213" lon="10.710784">
                <ele>0</ele>
            </trkpt>
            <trkpt lat="46.330111" lon="10.710841">
                <ele>0</ele>
            </trkpt>
            <trkpt lat="46.33" lon="10.710931">
                <ele>0</ele>
            </trkpt>
            <trkpt lat="46.329596" lon="10.711373">
                <ele>0</ele>
            </trkpt>
            <trkpt lat="46.329414" lon="10.71155">
                <ele>0</ele>
            </trkpt>
            <trkpt lat="46.328687" lon="10.712063">
                <ele>0</ele>
            </trkpt>
            <trkpt lat="46.328516" lon="10.712174">
                <ele>0</ele>
            </trkpt>
            <trkpt lat="46.328207" lon="10.712333">
                <ele>0</ele>
            </trkpt>
            <trkpt lat="46.328032" lon="10.712447">
                <ele>0</ele>
            </trkpt>
            <trkpt lat="46.327883" lon="10.712567">
                <ele>0</ele>
            </trkpt>
            <trkpt lat="46.327598" lon="10.71285">
                <ele>0</ele>
            </trkpt>
            <trkpt lat="46.327466" lon="10.713001">
                <ele>0</ele>
            </trkpt>
            <trkpt lat="46.327394" lon="10.713096">
                <ele>0</ele>
            </trkpt>
            <trkpt lat="46.327246" lon="10.713312">
                <ele>0</ele>
            </trkpt>
            <trkpt lat="46.327153" lon="10.713417">
                <ele>0</ele>
            </trkpt>
            <trkpt lat="46.326787" lon="10.713739">
                <ele>0</ele>
            </trkpt>
            <trkpt lat="46.326688" lon="10.713835">
                <ele>0</ele>
            </trkpt>
            <trkpt lat="46.326594" lon="10.713951">
                <ele>0</ele>
            </trkpt>
            <trkpt lat="46.32629" lon="10.714419">
                <ele>0</ele>
            </trkpt>
            <trkpt lat="46.326088" lon="10.714644">
                <ele>0</ele>
            </trkpt>
            <trkpt lat="46.325985" lon="10.714739">
                <ele>0</ele>
            </trkpt>
            <trkpt lat="46.325768" lon="10.714889">
                <ele>0</ele>
            </trkpt>
            <trkpt lat="46.3244" lon="10.715738">
                <ele>0</ele>
            </trkpt>
            <trkpt lat="46.324222" lon="10.715861">
                <ele>0</ele>
            </trkpt>
            <trkpt lat="46.324067" lon="10.716001">
                <ele>0</ele>
            </trkpt>
            <trkpt lat="46.323881" lon="10.716183">
                <ele>0</ele>
            </trkpt>
            <trkpt lat="46.323353" lon="10.716812">
                <ele>0</ele>
            </trkpt>
            <trkpt lat="46.32306" lon="10.717104">
                <ele>0</ele>
            </trkpt>
            <trkpt lat="46.322081" lon="10.717984">
                <ele>0</ele>
            </trkpt>
            <trkpt lat="46.321901" lon="10.718175">
                <ele>0</ele>
            </trkpt>
            <trkpt lat="46.321759" lon="10.718357">
                <ele>0</ele>
            </trkpt>
            <trkpt lat="46.321619" lon="10.718592">
                <ele>0</ele>
            </trkpt>
            <trkpt lat="46.321486" lon="10.71885">
                <ele>0</ele>
            </trkpt>
            <trkpt lat="46.321145" lon="10.719657">
                <ele>0</ele>
            </trkpt>
            <trkpt lat="46.320944" lon="10.720141">
                <ele>0</ele>
            </trkpt>
            <trkpt lat="46.320808" lon="10.720424">
                <ele>0</ele>
            </trkpt>
            <trkpt lat="46.320692" lon="10.720622">
                <ele>0</ele>
            </trkpt>
            <trkpt lat="46.320536" lon="10.720842">
                <ele>0</ele>
            </trkpt>
            <trkpt lat="46.32027" lon="10.721189">
                <ele>0</ele>
            </trkpt>
            <trkpt lat="46.319791" lon="10.721811">
                <ele>0</ele>
            </trkpt>
            <trkpt lat="46.319161" lon="10.722634">
                <ele>0</ele>
            </trkpt>
            <trkpt lat="46.318893" lon="10.722979">
                <ele>0</ele>
            </trkpt>
            <trkpt lat="46.318726" lon="10.72321">
                <ele>0</ele>
            </trkpt>
            <trkpt lat="46.318618" lon="10.723399">
                <ele>0</ele>
            </trkpt>
            <trkpt lat="46.318539" lon="10.723566">
                <ele>0</ele>
            </trkpt>
            <trkpt lat="46.318461" lon="10.723801">
                <ele>0</ele>
            </trkpt>
            <trkpt lat="46.31839" lon="10.724077">
                <ele>0</ele>
            </trkpt>
            <trkpt lat="46.318234" lon="10.72479">
                <ele>0</ele>
            </trkpt>
            <trkpt lat="46.31802" lon="10.725679">
                <ele>0</ele>
            </trkpt>
            <trkpt lat="46.317916" lon="10.726049">
                <ele>0</ele>
            </trkpt>
            <trkpt lat="46.317571" lon="10.727052">
                <ele>0</ele>
            </trkpt>
            <trkpt lat="46.317429" lon="10.727481">
                <ele>0</ele>
            </trkpt>
            <trkpt lat="46.31731" lon="10.727752">
                <ele>0</ele>
            </trkpt>
            <trkpt lat="46.317155" lon="10.728012">
                <ele>0</ele>
            </trkpt>
            <trkpt lat="46.316981" lon="10.728276">
                <ele>0</ele>
            </trkpt>
            <trkpt lat="46.316751" lon="10.72856">
                <ele>0</ele>
            </trkpt>
            <trkpt lat="46.316679" lon="10.728649">
                <ele>0</ele>
            </trkpt>
            <trkpt lat="46.316027" lon="10.729442">
                <ele>0</ele>
            </trkpt>
            <trkpt lat="46.315576" lon="10.73004">
                <ele>0</ele>
            </trkpt>
            <trkpt lat="46.315449" lon="10.730249">
                <ele>0</ele>
            </trkpt>
            <trkpt lat="46.315354" lon="10.730455">
                <ele>0</ele>
            </trkpt>
            <trkpt lat="46.313668" lon="10.734972">
                <ele>0</ele>
            </trkpt>
            <trkpt lat="46.313545" lon="10.735346">
                <ele>0</ele>
            </trkpt>
            <trkpt lat="46.313077" lon="10.737184">
                <ele>0</ele>
            </trkpt>
            <trkpt lat="46.31302" lon="10.737384">
                <ele>0</ele>
            </trkpt>
            <trkpt lat="46.312968" lon="10.737483">
                <ele>0</ele>
            </trkpt>
            <trkpt lat="46.312913" lon="10.737522">
                <ele>0</ele>
            </trkpt>
            <trkpt lat="46.3129" lon="10.737356">
                <ele>0</ele>
            </trkpt>
            <trkpt lat="46.312878" lon="10.737247">
                <ele>0</ele>
            </trkpt>
            <trkpt lat="46.312799" lon="10.736977">
                <ele>0</ele>
            </trkpt>
            <trkpt lat="46.312712" lon="10.736738">
                <ele>0</ele>
            </trkpt>
            <trkpt lat="46.312711" lon="10.736734">
                <ele>0</ele>
            </trkpt>
            <trkpt lat="46.312688" lon="10.736669">
                <ele>0</ele>
            </trkpt>
            <trkpt lat="46.312687" lon="10.736666">
                <ele>0</ele>
            </trkpt>
            <trkpt lat="46.312352" lon="10.735732">
                <ele>0</ele>
            </trkpt>
            <trkpt lat="46.311782" lon="10.734147">
                <ele>0</ele>
            </trkpt>
            <trkpt lat="46.311721" lon="10.733973">
                <ele>0</ele>
            </trkpt>
            <trkpt lat="46.31139" lon="10.733026">
                <ele>0</ele>
            </trkpt>
            <trkpt lat="46.31116" lon="10.732371">
                <ele>0</ele>
            </trkpt>
            <trkpt lat="46.311152" lon="10.732348">
                <ele>0</ele>
            </trkpt>
            <trkpt lat="46.311144" lon="10.732326">
                <ele>0</ele>
            </trkpt>
            <trkpt lat="46.311058" lon="10.73207">
                <ele>0</ele>
            </trkpt>
            <trkpt lat="46.310891" lon="10.731571">
                <ele>0</ele>
            </trkpt>
            <trkpt lat="46.31054" lon="10.730675">
                <ele>0</ele>
            </trkpt>
            <trkpt lat="46.310521" lon="10.730626">
                <ele>0</ele>
            </trkpt>
            <trkpt lat="46.31039" lon="10.730302">
                <ele>0</ele>
            </trkpt>
            <trkpt lat="46.310324" lon="10.730167">
                <ele>0</ele>
            </trkpt>
            <trkpt lat="46.310166" lon="10.72993">
                <ele>0</ele>
            </trkpt>
            <trkpt lat="46.310019" lon="10.729808">
                <ele>0</ele>
            </trkpt>
            <trkpt lat="46.309864" lon="10.729723">
                <ele>0</ele>
            </trkpt>
            <trkpt lat="46.309595" lon="10.729634">
                <ele>0</ele>
            </trkpt>
            <trkpt lat="46.309301" lon="10.729601">
                <ele>0</ele>
            </trkpt>
            <trkpt lat="46.309127" lon="10.729581">
                <ele>0</ele>
            </trkpt>
            <trkpt lat="46.308971" lon="10.729645">
                <ele>0</ele>
            </trkpt>
            <trkpt lat="46.308835" lon="10.729609">
                <ele>0</ele>
            </trkpt>
            <trkpt lat="46.308618" lon="10.72935">
                <ele>0</ele>
            </trkpt>
            <trkpt lat="46.308357" lon="10.729197">
                <ele>0</ele>
            </trkpt>
            <trkpt lat="46.308281" lon="10.729092">
                <ele>0</ele>
            </trkpt>
            <trkpt lat="46.308248" lon="10.728941">
                <ele>0</ele>
            </trkpt>
            <trkpt lat="46.308238" lon="10.728894">
                <ele>0</ele>
            </trkpt>
            <trkpt lat="46.308178" lon="10.728618">
                <ele>0</ele>
            </trkpt>
            <trkpt lat="46.308125" lon="10.728258">
                <ele>0</ele>
            </trkpt>
            <trkpt lat="46.308072" lon="10.728">
                <ele>0</ele>
            </trkpt>
            <trkpt lat="46.308043" lon="10.727894">
                <ele>0</ele>
            </trkpt>
            <trkpt lat="46.307915" lon="10.727628">
                <ele>0</ele>
            </trkpt>
            <trkpt lat="46.307914" lon="10.727625">
                <ele>0</ele>
            </trkpt>
            <trkpt lat="46.30763" lon="10.727035">
                <ele>0</ele>
            </trkpt>
            <trkpt lat="46.307592" lon="10.726755">
                <ele>0</ele>
            </trkpt>
            <trkpt lat="46.307632" lon="10.726327">
                <ele>0</ele>
            </trkpt>
            <trkpt lat="46.307647" lon="10.72598">
                <ele>0</ele>
            </trkpt>
            <trkpt lat="46.307613" lon="10.725724">
                <ele>0</ele>
            </trkpt>
            <trkpt lat="46.307525" lon="10.725395">
                <ele>0</ele>
            </trkpt>
            <trkpt lat="46.307363" lon="10.725122">
                <ele>0</ele>
            </trkpt>
            <trkpt lat="46.307178" lon="10.724747">
                <ele>0</ele>
            </trkpt>
            <trkpt lat="46.306955" lon="10.723979">
                <ele>0</ele>
            </trkpt>
            <trkpt lat="46.305534" lon="10.721243">
                <ele>0</ele>
            </trkpt>
            <trkpt lat="46.305285" lon="10.720792">
                <ele>0</ele>
            </trkpt>
            <trkpt lat="46.305137" lon="10.72039">
                <ele>0</ele>
            </trkpt>
            <trkpt lat="46.304098" lon="10.717077">
                <ele>0</ele>
            </trkpt>
            <trkpt lat="46.303763" lon="10.715076">
                <ele>0</ele>
            </trkpt>
            <trkpt lat="46.303436" lon="10.713103">
                <ele>0</ele>
            </trkpt>
            <trkpt lat="46.303359" lon="10.712831">
                <ele>0</ele>
            </trkpt>
            <trkpt lat="46.303239" lon="10.712558">
                <ele>0</ele>
            </trkpt>
            <trkpt lat="46.301927" lon="10.710266">
                <ele>0</ele>
            </trkpt>
            <trkpt lat="46.301803" lon="10.709974">
                <ele>0</ele>
            </trkpt>
            <trkpt lat="46.301416" lon="10.708631">
                <ele>0</ele>
            </trkpt>
            <trkpt lat="46.300962" lon="10.706886">
                <ele>0</ele>
            </trkpt>
            <trkpt lat="46.300603" lon="10.705437">
                <ele>0</ele>
            </trkpt>
            <trkpt lat="46.300423" lon="10.704888">
                <ele>0</ele>
            </trkpt>
            <trkpt lat="46.300379" lon="10.704779">
                <ele>0</ele>
            </trkpt>
            <trkpt lat="46.300255" lon="10.704472">
                <ele>0</ele>
            </trkpt>
            <trkpt lat="46.300253" lon="10.704467">
                <ele>0</ele>
            </trkpt>
            <trkpt lat="46.300164" lon="10.704246">
                <ele>0</ele>
            </trkpt>
            <trkpt lat="46.300093" lon="10.704067">
                <ele>0</ele>
            </trkpt>
            <trkpt lat="46.299901" lon="10.703592">
                <ele>0</ele>
            </trkpt>
            <trkpt lat="46.299568" lon="10.702827">
                <ele>0</ele>
            </trkpt>
            <trkpt lat="46.299505" lon="10.702671">
                <ele>0</ele>
            </trkpt>
            <trkpt lat="46.299472" lon="10.702501">
                <ele>0</ele>
            </trkpt>
            <trkpt lat="46.299475" lon="10.702392">
                <ele>0</ele>
            </trkpt>
            <trkpt lat="46.2995" lon="10.702286">
                <ele>0</ele>
            </trkpt>
            <trkpt lat="46.299586" lon="10.702037">
                <ele>0</ele>
            </trkpt>
            <trkpt lat="46.299676" lon="10.701744">
                <ele>0</ele>
            </trkpt>
            <trkpt lat="46.299688" lon="10.70166">
                <ele>0</ele>
            </trkpt>
            <trkpt lat="46.299685" lon="10.701595">
                <ele>0</ele>
            </trkpt>
            <trkpt lat="46.299684" lon="10.701577">
                <ele>0</ele>
            </trkpt>
            <trkpt lat="46.299669" lon="10.701536">
                <ele>0</ele>
            </trkpt>
            <trkpt lat="46.299618" lon="10.701418">
                <ele>0</ele>
            </trkpt>
            <trkpt lat="46.299483" lon="10.701231">
                <ele>0</ele>
            </trkpt>
            <trkpt lat="46.299412" lon="10.701068">
                <ele>0</ele>
            </trkpt>
            <trkpt lat="46.299408" lon="10.70089">
                <ele>0</ele>
            </trkpt>
            <trkpt lat="46.299421" lon="10.700575">
                <ele>0</ele>
            </trkpt>
            <trkpt lat="46.299485" lon="10.700036">
                <ele>0</ele>
            </trkpt>
            <trkpt lat="46.299499" lon="10.699914">
                <ele>0</ele>
            </trkpt>
            <trkpt lat="46.299523" lon="10.699712">
                <ele>0</ele>
            </trkpt>
            <trkpt lat="46.299528" lon="10.699105">
                <ele>0</ele>
            </trkpt>
            <trkpt lat="46.299431" lon="10.698527">
                <ele>0</ele>
            </trkpt>
            <trkpt lat="46.299194" lon="10.69799">
                <ele>0</ele>
            </trkpt>
            <trkpt lat="46.298926" lon="10.697681">
                <ele>0</ele>
            </trkpt>
            <trkpt lat="46.298908" lon="10.697659">
                <ele>0</ele>
            </trkpt>
            <trkpt lat="46.298657" lon="10.697357">
                <ele>0</ele>
            </trkpt>
            <trkpt lat="46.298592" lon="10.69728">
                <ele>0</ele>
            </trkpt>
            <trkpt lat="46.298528" lon="10.697203">
                <ele>0</ele>
            </trkpt>
            <trkpt lat="46.298496" lon="10.697164">
                <ele>0</ele>
            </trkpt>
            <trkpt lat="46.297972" lon="10.696534">
                <ele>0</ele>
            </trkpt>
            <trkpt lat="46.297736" lon="10.696145">
                <ele>0</ele>
            </trkpt>
            <trkpt lat="46.297698" lon="10.696069">
                <ele>0</ele>
            </trkpt>
            <trkpt lat="46.297614" lon="10.695903">
                <ele>0</ele>
            </trkpt>
            <trkpt lat="46.297278" lon="10.695232">
                <ele>0</ele>
            </trkpt>
            <trkpt lat="46.297117" lon="10.694744">
                <ele>0</ele>
            </trkpt>
            <trkpt lat="46.297084" lon="10.694557">
                <ele>0</ele>
            </trkpt>
            <trkpt lat="46.297074" lon="10.694496">
                <ele>0</ele>
            </trkpt>
            <trkpt lat="46.297059" lon="10.694411">
                <ele>0</ele>
            </trkpt>
            <trkpt lat="46.297004" lon="10.694099">
                <ele>0</ele>
            </trkpt>
            <trkpt lat="46.296989" lon="10.693979">
                <ele>0</ele>
            </trkpt>
            <trkpt lat="46.296947" lon="10.69361">
                <ele>0</ele>
            </trkpt>
            <trkpt lat="46.296938" lon="10.693496">
                <ele>0</ele>
            </trkpt>
            <trkpt lat="46.296937" lon="10.693486">
                <ele>0</ele>
            </trkpt>
            <trkpt lat="46.296924" lon="10.693354">
                <ele>0</ele>
            </trkpt>
            <trkpt lat="46.296916" lon="10.693283">
                <ele>0</ele>
            </trkpt>
            <trkpt lat="46.296912" lon="10.69324">
                <ele>0</ele>
            </trkpt>
            <trkpt lat="46.296884" lon="10.692965">
                <ele>0</ele>
            </trkpt>
            <trkpt lat="46.296865" lon="10.692738">
                <ele>0</ele>
            </trkpt>
            <trkpt lat="46.296836" lon="10.692485">
                <ele>0</ele>
            </trkpt>
            <trkpt lat="46.296842" lon="10.692261">
                <ele>0</ele>
            </trkpt>
            <trkpt lat="46.296875" lon="10.692077">
                <ele>0</ele>
            </trkpt>
            <trkpt lat="46.296939" lon="10.691864">
                <ele>0</ele>
            </trkpt>
            <trkpt lat="46.29711" lon="10.691514">
                <ele>0</ele>
            </trkpt>
            <trkpt lat="46.297171" lon="10.691361">
                <ele>0</ele>
            </trkpt>
            <trkpt lat="46.297224" lon="10.691197">
                <ele>0</ele>
            </trkpt>
            <trkpt lat="46.297245" lon="10.691107">
                <ele>0</ele>
            </trkpt>
            <trkpt lat="46.297263" lon="10.690988">
                <ele>0</ele>
            </trkpt>
            <trkpt lat="46.297273" lon="10.690797">
                <ele>0</ele>
            </trkpt>
            <trkpt lat="46.297255" lon="10.690587">
                <ele>0</ele>
            </trkpt>
            <trkpt lat="46.297219" lon="10.690403">
                <ele>0</ele>
            </trkpt>
            <trkpt lat="46.297113" lon="10.690134">
                <ele>0</ele>
            </trkpt>
            <trkpt lat="46.296771" lon="10.689204">
                <ele>0</ele>
            </trkpt>
            <trkpt lat="46.296578" lon="10.688731">
                <ele>0</ele>
            </trkpt>
            <trkpt lat="46.296522" lon="10.688574">
                <ele>0</ele>
            </trkpt>
            <trkpt lat="46.29643" lon="10.688401">
                <ele>0</ele>
            </trkpt>
            <trkpt lat="46.296198" lon="10.688082">
                <ele>0</ele>
            </trkpt>
            <trkpt lat="46.29588" lon="10.687695">
                <ele>0</ele>
            </trkpt>
            <trkpt lat="46.29576" lon="10.687481">
                <ele>0</ele>
            </trkpt>
            <trkpt lat="46.295633" lon="10.687204">
                <ele>0</ele>
            </trkpt>
            <trkpt lat="46.295522" lon="10.686942">
                <ele>0</ele>
            </trkpt>
            <trkpt lat="46.295445" lon="10.686817">
                <ele>0</ele>
            </trkpt>
            <trkpt lat="46.29538" lon="10.686731">
                <ele>0</ele>
            </trkpt>
            <trkpt lat="46.295129" lon="10.686542">
                <ele>0</ele>
            </trkpt>
            <trkpt lat="46.295087" lon="10.686514">
                <ele>0</ele>
            </trkpt>
            <trkpt lat="46.294958" lon="10.686411">
                <ele>0</ele>
            </trkpt>
            <trkpt lat="46.294825" lon="10.686321">
                <ele>0</ele>
            </trkpt>
            <trkpt lat="46.294728" lon="10.686194">
                <ele>0</ele>
            </trkpt>
            <trkpt lat="46.294617" lon="10.685955">
                <ele>0</ele>
            </trkpt>
            <trkpt lat="46.294573" lon="10.685805">
                <ele>0</ele>
            </trkpt>
            <trkpt lat="46.294539" lon="10.685653">
                <ele>0</ele>
            </trkpt>
            <trkpt lat="46.29451" lon="10.685466">
                <ele>0</ele>
            </trkpt>
            <trkpt lat="46.294511" lon="10.685259">
                <ele>0</ele>
            </trkpt>
            <trkpt lat="46.294513" lon="10.684128">
                <ele>0</ele>
            </trkpt>
            <trkpt lat="46.294507" lon="10.684014">
                <ele>0</ele>
            </trkpt>
            <trkpt lat="46.2945" lon="10.683864">
                <ele>0</ele>
            </trkpt>
            <trkpt lat="46.294462" lon="10.683706">
                <ele>0</ele>
            </trkpt>
            <trkpt lat="46.294416" lon="10.683558">
                <ele>0</ele>
            </trkpt>
            <trkpt lat="46.294393" lon="10.683486">
                <ele>0</ele>
            </trkpt>
            <trkpt lat="46.293955" lon="10.682516">
                <ele>0</ele>
            </trkpt>
            <trkpt lat="46.293891" lon="10.682316">
                <ele>0</ele>
            </trkpt>
            <trkpt lat="46.293874" lon="10.682205">
                <ele>0</ele>
            </trkpt>
            <trkpt lat="46.293872" lon="10.68219">
                <ele>0</ele>
            </trkpt>
            <trkpt lat="46.293885" lon="10.681976">
                <ele>0</ele>
            </trkpt>
            <trkpt lat="46.293903" lon="10.681776">
                <ele>0</ele>
            </trkpt>
            <trkpt lat="46.293889" lon="10.681665">
                <ele>0</ele>
            </trkpt>
            <trkpt lat="46.293847" lon="10.681581">
                <ele>0</ele>
            </trkpt>
            <trkpt lat="46.293789" lon="10.681523">
                <ele>0</ele>
            </trkpt>
            <trkpt lat="46.293696" lon="10.681479">
                <ele>0</ele>
            </trkpt>
            <trkpt lat="46.293617" lon="10.681444">
                <ele>0</ele>
            </trkpt>
            <trkpt lat="46.293563" lon="10.681398">
                <ele>0</ele>
            </trkpt>
            <trkpt lat="46.293512" lon="10.681307">
                <ele>0</ele>
            </trkpt>
            <trkpt lat="46.293488" lon="10.681226">
                <ele>0</ele>
            </trkpt>
            <trkpt lat="46.293471" lon="10.680992">
                <ele>0</ele>
            </trkpt>
            <trkpt lat="46.293449" lon="10.680834">
                <ele>0</ele>
            </trkpt>
            <trkpt lat="46.2934" lon="10.680706">
                <ele>0</ele>
            </trkpt>
            <trkpt lat="46.293325" lon="10.680592">
                <ele>0</ele>
            </trkpt>
            <trkpt lat="46.293125" lon="10.680413">
                <ele>0</ele>
            </trkpt>
            <trkpt lat="46.293001" lon="10.680266">
                <ele>0</ele>
            </trkpt>
            <trkpt lat="46.292909" lon="10.680121">
                <ele>0</ele>
            </trkpt>
            <trkpt lat="46.292847" lon="10.679973">
                <ele>0</ele>
            </trkpt>
            <trkpt lat="46.29261" lon="10.679121">
                <ele>0</ele>
            </trkpt>
            <trkpt lat="46.292565" lon="10.678999">
                <ele>0</ele>
            </trkpt>
            <trkpt lat="46.292501" lon="10.678905">
                <ele>0</ele>
            </trkpt>
            <trkpt lat="46.292373" lon="10.678811">
                <ele>0</ele>
            </trkpt>
            <trkpt lat="46.292287" lon="10.67874">
                <ele>0</ele>
            </trkpt>
            <trkpt lat="46.292222" lon="10.678649">
                <ele>0</ele>
            </trkpt>
            <trkpt lat="46.291994" lon="10.678184">
                <ele>0</ele>
            </trkpt>
            <trkpt lat="46.291825" lon="10.677828">
                <ele>0</ele>
            </trkpt>
            <trkpt lat="46.291709" lon="10.677503">
                <ele>0</ele>
            </trkpt>
            <trkpt lat="46.291284" lon="10.676149">
                <ele>0</ele>
            </trkpt>
            <trkpt lat="46.29118" lon="10.675791">
                <ele>0</ele>
            </trkpt>
            <trkpt lat="46.29111" lon="10.675345">
                <ele>0</ele>
            </trkpt>
            <trkpt lat="46.291079" lon="10.675136">
                <ele>0</ele>
            </trkpt>
            <trkpt lat="46.29104" lon="10.675012">
                <ele>0</ele>
            </trkpt>
            <trkpt lat="46.290981" lon="10.674922">
                <ele>0</ele>
            </trkpt>
            <trkpt lat="46.290875" lon="10.674794">
                <ele>0</ele>
            </trkpt>
            <trkpt lat="46.290808" lon="10.674688">
                <ele>0</ele>
            </trkpt>
            <trkpt lat="46.290754" lon="10.674544">
                <ele>0</ele>
            </trkpt>
            <trkpt lat="46.290587" lon="10.673831">
                <ele>0</ele>
            </trkpt>
            <trkpt lat="46.290544" lon="10.673638">
                <ele>0</ele>
            </trkpt>
            <trkpt lat="46.290535" lon="10.673512">
                <ele>0</ele>
            </trkpt>
            <trkpt lat="46.290541" lon="10.673367">
                <ele>0</ele>
            </trkpt>
            <trkpt lat="46.290544" lon="10.673259">
                <ele>0</ele>
            </trkpt>
            <trkpt lat="46.290534" lon="10.673193">
                <ele>0</ele>
            </trkpt>
            <trkpt lat="46.29053" lon="10.673169">
                <ele>0</ele>
            </trkpt>
            <trkpt lat="46.290528" lon="10.673159">
                <ele>0</ele>
            </trkpt>
            <trkpt lat="46.290428" lon="10.672931">
                <ele>0</ele>
            </trkpt>
            <trkpt lat="46.290414" lon="10.672915">
                <ele>0</ele>
            </trkpt>
            <trkpt lat="46.29037" lon="10.672864">
                <ele>0</ele>
            </trkpt>
            <trkpt lat="46.290257" lon="10.672793">
                <ele>0</ele>
            </trkpt>
            <trkpt lat="46.290167" lon="10.672741">
                <ele>0</ele>
            </trkpt>
            <trkpt lat="46.290095" lon="10.672663">
                <ele>0</ele>
            </trkpt>
            <trkpt lat="46.290031" lon="10.672544">
                <ele>0</ele>
            </trkpt>
            <trkpt lat="46.289972" lon="10.672356">
                <ele>0</ele>
            </trkpt>
            <trkpt lat="46.289794" lon="10.671625">
                <ele>0</ele>
            </trkpt>
            <trkpt lat="46.289712" lon="10.671265">
                <ele>0</ele>
            </trkpt>
            <trkpt lat="46.28967" lon="10.671115">
                <ele>0</ele>
            </trkpt>
            <trkpt lat="46.289621" lon="10.670978">
                <ele>0</ele>
            </trkpt>
            <trkpt lat="46.28956" lon="10.670829">
                <ele>0</ele>
            </trkpt>
            <trkpt lat="46.289215" lon="10.670144">
                <ele>0</ele>
            </trkpt>
            <trkpt lat="46.289003" lon="10.669719">
                <ele>0</ele>
            </trkpt>
            <trkpt lat="46.288993" lon="10.669699">
                <ele>0</ele>
            </trkpt>
            <trkpt lat="46.288966" lon="10.669645">
                <ele>0</ele>
            </trkpt>
            <trkpt lat="46.288871" lon="10.66947">
                <ele>0</ele>
            </trkpt>
            <trkpt lat="46.288826" lon="10.669376">
                <ele>0</ele>
            </trkpt>
            <trkpt lat="46.288805" lon="10.669294">
                <ele>0</ele>
            </trkpt>
            <trkpt lat="46.288793" lon="10.669249">
                <ele>0</ele>
            </trkpt>
            <trkpt lat="46.288774" lon="10.669148">
                <ele>0</ele>
            </trkpt>
            <trkpt lat="46.288754" lon="10.668812">
                <ele>0</ele>
            </trkpt>
            <trkpt lat="46.28874" lon="10.668702">
                <ele>0</ele>
            </trkpt>
            <trkpt lat="46.288715" lon="10.668612">
                <ele>0</ele>
            </trkpt>
            <trkpt lat="46.288664" lon="10.668528">
                <ele>0</ele>
            </trkpt>
            <trkpt lat="46.288606" lon="10.668469">
                <ele>0</ele>
            </trkpt>
            <trkpt lat="46.288474" lon="10.668387">
                <ele>0</ele>
            </trkpt>
            <trkpt lat="46.288392" lon="10.668326">
                <ele>0</ele>
            </trkpt>
            <trkpt lat="46.288321" lon="10.668227">
                <ele>0</ele>
            </trkpt>
            <trkpt lat="46.288252" lon="10.668053">
                <ele>0</ele>
            </trkpt>
            <trkpt lat="46.28821" lon="10.667884">
                <ele>0</ele>
            </trkpt>
            <trkpt lat="46.288172" lon="10.667607">
                <ele>0</ele>
            </trkpt>
            <trkpt lat="46.288113" lon="10.667307">
                <ele>0</ele>
            </trkpt>
            <trkpt lat="46.288086" lon="10.667178">
                <ele>0</ele>
            </trkpt>
            <trkpt lat="46.288052" lon="10.667062">
                <ele>0</ele>
            </trkpt>
            <trkpt lat="46.288011" lon="10.66697">
                <ele>0</ele>
            </trkpt>
            <trkpt lat="46.287967" lon="10.666895">
                <ele>0</ele>
            </trkpt>
            <trkpt lat="46.287882" lon="10.666811">
                <ele>0</ele>
            </trkpt>
            <trkpt lat="46.287718" lon="10.666726">
                <ele>0</ele>
            </trkpt>
            <trkpt lat="46.287616" lon="10.666655">
                <ele>0</ele>
            </trkpt>
            <trkpt lat="46.287544" lon="10.666586">
                <ele>0</ele>
            </trkpt>
            <trkpt lat="46.287476" lon="10.666477">
                <ele>0</ele>
            </trkpt>
            <trkpt lat="46.287172" lon="10.665966">
                <ele>0</ele>
            </trkpt>
            <trkpt lat="46.287103" lon="10.665837">
                <ele>0</ele>
            </trkpt>
            <trkpt lat="46.287059" lon="10.665734">
                <ele>0</ele>
            </trkpt>
            <trkpt lat="46.28703" lon="10.665626">
                <ele>0</ele>
            </trkpt>
            <trkpt lat="46.28701" lon="10.665504">
                <ele>0</ele>
            </trkpt>
            <trkpt lat="46.286988" lon="10.665068">
                <ele>0</ele>
            </trkpt>
            <trkpt lat="46.286982" lon="10.664932">
                <ele>0</ele>
            </trkpt>
            <trkpt lat="46.286962" lon="10.664839">
                <ele>0</ele>
            </trkpt>
            <trkpt lat="46.286927" lon="10.664759">
                <ele>0</ele>
            </trkpt>
            <trkpt lat="46.286875" lon="10.664694">
                <ele>0</ele>
            </trkpt>
            <trkpt lat="46.286805" lon="10.664663">
                <ele>0</ele>
            </trkpt>
            <trkpt lat="46.28672" lon="10.664641">
                <ele>0</ele>
            </trkpt>
            <trkpt lat="46.286481" lon="10.664657">
                <ele>0</ele>
            </trkpt>
            <trkpt lat="46.286379" lon="10.664635">
                <ele>0</ele>
            </trkpt>
            <trkpt lat="46.286304" lon="10.664566">
                <ele>0</ele>
            </trkpt>
            <trkpt lat="46.286244" lon="10.664478">
                <ele>0</ele>
            </trkpt>
            <trkpt lat="46.285815" lon="10.663386">
                <ele>0</ele>
            </trkpt>
            <trkpt lat="46.285749" lon="10.663271">
                <ele>0</ele>
            </trkpt>
            <trkpt lat="46.285687" lon="10.663185">
                <ele>0</ele>
            </trkpt>
            <trkpt lat="46.285552" lon="10.663049">
                <ele>0</ele>
            </trkpt>
            <trkpt lat="46.285451" lon="10.662928">
                <ele>0</ele>
            </trkpt>
            <trkpt lat="46.285366" lon="10.662791">
                <ele>0</ele>
            </trkpt>
            <trkpt lat="46.285253" lon="10.662538">
                <ele>0</ele>
            </trkpt>
            <trkpt lat="46.285163" lon="10.662345">
                <ele>0</ele>
            </trkpt>
            <trkpt lat="46.285112" lon="10.662237">
                <ele>0</ele>
            </trkpt>
            <trkpt lat="46.285012" lon="10.662077">
                <ele>0</ele>
            </trkpt>
            <trkpt lat="46.284956" lon="10.661978">
                <ele>0</ele>
            </trkpt>
            <trkpt lat="46.284929" lon="10.661897">
                <ele>0</ele>
            </trkpt>
            <trkpt lat="46.284909" lon="10.661792">
                <ele>0</ele>
            </trkpt>
            <trkpt lat="46.2849" lon="10.661498">
                <ele>0</ele>
            </trkpt>
            <trkpt lat="46.284882" lon="10.661415">
                <ele>0</ele>
            </trkpt>
            <trkpt lat="46.284853" lon="10.661337">
                <ele>0</ele>
            </trkpt>
            <trkpt lat="46.284808" lon="10.66128">
                <ele>0</ele>
            </trkpt>
            <trkpt lat="46.284755" lon="10.661245">
                <ele>0</ele>
            </trkpt>
            <trkpt lat="46.284689" lon="10.661234">
                <ele>0</ele>
            </trkpt>
            <trkpt lat="46.284523" lon="10.661279">
                <ele>0</ele>
            </trkpt>
            <trkpt lat="46.284458" lon="10.661275">
                <ele>0</ele>
            </trkpt>
            <trkpt lat="46.284383" lon="10.661239">
                <ele>0</ele>
            </trkpt>
            <trkpt lat="46.284319" lon="10.661182">
                <ele>0</ele>
            </trkpt>
            <trkpt lat="46.284191" lon="10.660969">
                <ele>0</ele>
            </trkpt>
            <trkpt lat="46.283924" lon="10.660502">
                <ele>0</ele>
            </trkpt>
            <trkpt lat="46.283915" lon="10.660487">
                <ele>0</ele>
            </trkpt>
            <trkpt lat="46.283836" lon="10.66035">
                <ele>0</ele>
            </trkpt>
            <trkpt lat="46.283832" lon="10.660343">
                <ele>0</ele>
            </trkpt>
            <trkpt lat="46.283751" lon="10.66016">
                <ele>0</ele>
            </trkpt>
            <trkpt lat="46.28368" lon="10.659965">
                <ele>0</ele>
            </trkpt>
            <trkpt lat="46.283631" lon="10.659678">
                <ele>0</ele>
            </trkpt>
            <trkpt lat="46.283618" lon="10.659466">
                <ele>0</ele>
            </trkpt>
            <trkpt lat="46.283622" lon="10.659263">
                <ele>0</ele>
            </trkpt>
            <trkpt lat="46.283643" lon="10.659057">
                <ele>0</ele>
            </trkpt>
            <trkpt lat="46.283648" lon="10.659013">
                <ele>0</ele>
            </trkpt>
            <trkpt lat="46.28366" lon="10.658768">
                <ele>0</ele>
            </trkpt>
            <trkpt lat="46.283652" lon="10.658592">
                <ele>0</ele>
            </trkpt>
            <trkpt lat="46.283582" lon="10.658046">
                <ele>0</ele>
            </trkpt>
            <trkpt lat="46.283551" lon="10.65796">
                <ele>0</ele>
            </trkpt>
            <trkpt lat="46.283544" lon="10.657951">
                <ele>0</ele>
            </trkpt>
            <trkpt lat="46.283544" lon="10.65795">
                <ele>0</ele>
            </trkpt>
            <trkpt lat="46.283525" lon="10.657923">
                <ele>0</ele>
            </trkpt>
            <trkpt lat="46.283487" lon="10.657871">
                <ele>0</ele>
            </trkpt>
            <trkpt lat="46.283425" lon="10.657823">
                <ele>0</ele>
            </trkpt>
            <trkpt lat="46.283363" lon="10.657803">
                <ele>0</ele>
            </trkpt>
            <trkpt lat="46.282966" lon="10.657848">
                <ele>0</ele>
            </trkpt>
            <trkpt lat="46.282932" lon="10.657852">
                <ele>0</ele>
            </trkpt>
            <trkpt lat="46.282688" lon="10.657879">
                <ele>0</ele>
            </trkpt>
            <trkpt lat="46.282606" lon="10.657882">
                <ele>0</ele>
            </trkpt>
            <trkpt lat="46.282537" lon="10.65787">
                <ele>0</ele>
            </trkpt>
            <trkpt lat="46.282494" lon="10.657849">
                <ele>0</ele>
            </trkpt>
            <trkpt lat="46.282449" lon="10.657817">
                <ele>0</ele>
            </trkpt>
            <trkpt lat="46.282397" lon="10.657741">
                <ele>0</ele>
            </trkpt>
            <trkpt lat="46.282352" lon="10.657666">
                <ele>0</ele>
            </trkpt>
            <trkpt lat="46.282274" lon="10.657452">
                <ele>0</ele>
            </trkpt>
            <trkpt lat="46.282266" lon="10.657431">
                <ele>0</ele>
            </trkpt>
            <trkpt lat="46.282231" lon="10.657337">
                <ele>0</ele>
            </trkpt>
            <trkpt lat="46.282223" lon="10.657315">
                <ele>0</ele>
            </trkpt>
            <trkpt lat="46.282213" lon="10.657287">
                <ele>0</ele>
            </trkpt>
            <trkpt lat="46.282141" lon="10.65709">
                <ele>0</ele>
            </trkpt>
            <trkpt lat="46.28208" lon="10.656877">
                <ele>0</ele>
            </trkpt>
            <trkpt lat="46.282056" lon="10.656686">
                <ele>0</ele>
            </trkpt>
            <trkpt lat="46.282053" lon="10.656484">
                <ele>0</ele>
            </trkpt>
            <trkpt lat="46.282075" lon="10.656287">
                <ele>0</ele>
            </trkpt>
            <trkpt lat="46.28212" lon="10.656071">
                <ele>0</ele>
            </trkpt>
            <trkpt lat="46.282129" lon="10.656026">
                <ele>0</ele>
            </trkpt>
            <trkpt lat="46.282221" lon="10.655538">
                <ele>0</ele>
            </trkpt>
            <trkpt lat="46.282209" lon="10.65545">
                <ele>0</ele>
            </trkpt>
            <trkpt lat="46.282195" lon="10.655355">
                <ele>0</ele>
            </trkpt>
            <trkpt lat="46.282121" lon="10.655217">
                <ele>0</ele>
            </trkpt>
            <trkpt lat="46.282003" lon="10.655149">
                <ele>0</ele>
            </trkpt>
            <trkpt lat="46.281684" lon="10.655036">
                <ele>0</ele>
            </trkpt>
            <trkpt lat="46.28167" lon="10.655031">
                <ele>0</ele>
            </trkpt>
            <trkpt lat="46.281386" lon="10.654949">
                <ele>0</ele>
            </trkpt>
            <trkpt lat="46.281309" lon="10.654912">
                <ele>0</ele>
            </trkpt>
            <trkpt lat="46.281259" lon="10.654853">
                <ele>0</ele>
            </trkpt>
            <trkpt lat="46.281216" lon="10.654734">
                <ele>0</ele>
            </trkpt>
            <trkpt lat="46.281181" lon="10.654588">
                <ele>0</ele>
            </trkpt>
            <trkpt lat="46.281124" lon="10.654347">
                <ele>0</ele>
            </trkpt>
            <trkpt lat="46.281091" lon="10.654112">
                <ele>0</ele>
            </trkpt>
            <trkpt lat="46.281095" lon="10.653937">
                <ele>0</ele>
            </trkpt>
            <trkpt lat="46.281127" lon="10.653726">
                <ele>0</ele>
            </trkpt>
            <trkpt lat="46.281141" lon="10.653562">
                <ele>0</ele>
            </trkpt>
            <trkpt lat="46.28113" lon="10.653437">
                <ele>0</ele>
            </trkpt>
            <trkpt lat="46.281088" lon="10.653332">
                <ele>0</ele>
            </trkpt>
            <trkpt lat="46.281015" lon="10.653235">
                <ele>0</ele>
            </trkpt>
            <trkpt lat="46.280855" lon="10.65308">
                <ele>0</ele>
            </trkpt>
            <trkpt lat="46.28079" lon="10.653011">
                <ele>0</ele>
            </trkpt>
            <trkpt lat="46.280741" lon="10.652911">
                <ele>0</ele>
            </trkpt>
            <trkpt lat="46.280707" lon="10.652809">
                <ele>0</ele>
            </trkpt>
            <trkpt lat="46.280688" lon="10.652704">
                <ele>0</ele>
            </trkpt>
            <trkpt lat="46.280674" lon="10.652387">
                <ele>0</ele>
            </trkpt>
            <trkpt lat="46.280656" lon="10.652236">
                <ele>0</ele>
            </trkpt>
            <trkpt lat="46.280632" lon="10.652137">
                <ele>0</ele>
            </trkpt>
            <trkpt lat="46.280548" lon="10.651974">
                <ele>0</ele>
            </trkpt>
            <trkpt lat="46.280486" lon="10.651864">
                <ele>0</ele>
            </trkpt>
            <trkpt lat="46.280459" lon="10.651784">
                <ele>0</ele>
            </trkpt>
            <trkpt lat="46.280446" lon="10.651716">
                <ele>0</ele>
            </trkpt>
            <trkpt lat="46.280449" lon="10.651574">
                <ele>0</ele>
            </trkpt>
            <trkpt lat="46.280435" lon="10.651422">
                <ele>0</ele>
            </trkpt>
            <trkpt lat="46.280421" lon="10.651333">
                <ele>0</ele>
            </trkpt>
            <trkpt lat="46.280384" lon="10.651223">
                <ele>0</ele>
            </trkpt>
            <trkpt lat="46.280321" lon="10.6511">
                <ele>0</ele>
            </trkpt>
            <trkpt lat="46.280259" lon="10.650967">
                <ele>0</ele>
            </trkpt>
            <trkpt lat="46.280226" lon="10.650843">
                <ele>0</ele>
            </trkpt>
            <trkpt lat="46.280217" lon="10.650729">
                <ele>0</ele>
            </trkpt>
            <trkpt lat="46.280224" lon="10.650621">
                <ele>0</ele>
            </trkpt>
            <trkpt lat="46.280292" lon="10.650249">
                <ele>0</ele>
            </trkpt>
            <trkpt lat="46.280306" lon="10.65002">
                <ele>0</ele>
            </trkpt>
            <trkpt lat="46.2803" lon="10.649797">
                <ele>0</ele>
            </trkpt>
            <trkpt lat="46.280247" lon="10.649327">
                <ele>0</ele>
            </trkpt>
            <trkpt lat="46.28017" lon="10.648664">
                <ele>0</ele>
            </trkpt>
            <trkpt lat="46.280104" lon="10.64813">
                <ele>0</ele>
            </trkpt>
            <trkpt lat="46.280043" lon="10.647613">
                <ele>0</ele>
            </trkpt>
            <trkpt lat="46.280016" lon="10.647479">
                <ele>0</ele>
            </trkpt>
            <trkpt lat="46.279961" lon="10.647344">
                <ele>0</ele>
            </trkpt>
            <trkpt lat="46.279902" lon="10.64721">
                <ele>0</ele>
            </trkpt>
            <trkpt lat="46.27988" lon="10.647122">
                <ele>0</ele>
            </trkpt>
            <trkpt lat="46.279877" lon="10.647015">
                <ele>0</ele>
            </trkpt>
            <trkpt lat="46.279919" lon="10.646797">
                <ele>0</ele>
            </trkpt>
            <trkpt lat="46.279943" lon="10.646652">
                <ele>0</ele>
            </trkpt>
            <trkpt lat="46.279948" lon="10.646461">
                <ele>0</ele>
            </trkpt>
            <trkpt lat="46.279909" lon="10.646093">
                <ele>0</ele>
            </trkpt>
            <trkpt lat="46.27986" lon="10.645732">
                <ele>0</ele>
            </trkpt>
            <trkpt lat="46.279812" lon="10.645496">
                <ele>0</ele>
            </trkpt>
            <trkpt lat="46.279748" lon="10.645348">
                <ele>0</ele>
            </trkpt>
            <trkpt lat="46.279714" lon="10.645236">
                <ele>0</ele>
            </trkpt>
            <trkpt lat="46.279708" lon="10.645154">
                <ele>0</ele>
            </trkpt>
            <trkpt lat="46.279717" lon="10.64508">
                <ele>0</ele>
            </trkpt>
            <trkpt lat="46.279783" lon="10.644855">
                <ele>0</ele>
            </trkpt>
            <trkpt lat="46.279805" lon="10.644676">
                <ele>0</ele>
            </trkpt>
            <trkpt lat="46.279798" lon="10.644513">
                <ele>0</ele>
            </trkpt>
            <trkpt lat="46.279725" lon="10.644049">
                <ele>0</ele>
            </trkpt>
            <trkpt lat="46.279691" lon="10.643932">
                <ele>0</ele>
            </trkpt>
            <trkpt lat="46.27964" lon="10.643816">
                <ele>0</ele>
            </trkpt>
            <trkpt lat="46.27958" lon="10.643732">
                <ele>0</ele>
            </trkpt>
            <trkpt lat="46.279509" lon="10.643678">
                <ele>0</ele>
            </trkpt>
            <trkpt lat="46.279409" lon="10.643591">
                <ele>0</ele>
            </trkpt>
            <trkpt lat="46.279355" lon="10.643525">
                <ele>0</ele>
            </trkpt>
            <trkpt lat="46.279314" lon="10.64343">
                <ele>0</ele>
            </trkpt>
            <trkpt lat="46.279281" lon="10.64328">
                <ele>0</ele>
            </trkpt>
            <trkpt lat="46.279262" lon="10.643143">
                <ele>0</ele>
            </trkpt>
            <trkpt lat="46.27926" lon="10.643017">
                <ele>0</ele>
            </trkpt>
            <trkpt lat="46.279284" lon="10.642911">
                <ele>0</ele>
            </trkpt>
            <trkpt lat="46.279343" lon="10.642817">
                <ele>0</ele>
            </trkpt>
            <trkpt lat="46.279505" lon="10.642645">
                <ele>0</ele>
            </trkpt>
            <trkpt lat="46.279593" lon="10.642544">
                <ele>0</ele>
            </trkpt>
            <trkpt lat="46.279641" lon="10.642508">
                <ele>0</ele>
            </trkpt>
            <trkpt lat="46.279685" lon="10.642492">
                <ele>0</ele>
            </trkpt>
            <trkpt lat="46.279798" lon="10.642461">
                <ele>0</ele>
            </trkpt>
            <trkpt lat="46.279906" lon="10.642437">
                <ele>0</ele>
            </trkpt>
            <trkpt lat="46.279975" lon="10.642392">
                <ele>0</ele>
            </trkpt>
            <trkpt lat="46.280016" lon="10.642332">
                <ele>0</ele>
            </trkpt>
            <trkpt lat="46.28004" lon="10.642272">
                <ele>0</ele>
            </trkpt>
            <trkpt lat="46.280052" lon="10.642211">
                <ele>0</ele>
            </trkpt>
            <trkpt lat="46.280052" lon="10.642162">
                <ele>0</ele>
            </trkpt>
            <trkpt lat="46.280052" lon="10.642127">
                <ele>0</ele>
            </trkpt>
            <trkpt lat="46.280024" lon="10.642044">
                <ele>0</ele>
            </trkpt>
            <trkpt lat="46.27998" lon="10.641982">
                <ele>0</ele>
            </trkpt>
            <trkpt lat="46.279824" lon="10.641822">
                <ele>0</ele>
            </trkpt>
            <trkpt lat="46.279754" lon="10.641755">
                <ele>0</ele>
            </trkpt>
            <trkpt lat="46.279686" lon="10.641658">
                <ele>0</ele>
            </trkpt>
            <trkpt lat="46.27964" lon="10.641555">
                <ele>0</ele>
            </trkpt>
            <trkpt lat="46.279623" lon="10.641424">
                <ele>0</ele>
            </trkpt>
            <trkpt lat="46.279628" lon="10.641187">
                <ele>0</ele>
            </trkpt>
            <trkpt lat="46.27962" lon="10.641053">
                <ele>0</ele>
            </trkpt>
            <trkpt lat="46.279592" lon="10.640931">
                <ele>0</ele>
            </trkpt>
            <trkpt lat="46.279556" lon="10.640832">
                <ele>0</ele>
            </trkpt>
            <trkpt lat="46.279499" lon="10.640735">
                <ele>0</ele>
            </trkpt>
            <trkpt lat="46.279415" lon="10.640653">
                <ele>0</ele>
            </trkpt>
            <trkpt lat="46.279214" lon="10.640492">
                <ele>0</ele>
            </trkpt>
            <trkpt lat="46.279103" lon="10.640396">
                <ele>0</ele>
            </trkpt>
            <trkpt lat="46.27903" lon="10.640309">
                <ele>0</ele>
            </trkpt>
            <trkpt lat="46.278964" lon="10.640196">
                <ele>0</ele>
            </trkpt>
            <trkpt lat="46.278912" lon="10.6401">
                <ele>0</ele>
            </trkpt>
            <trkpt lat="46.278886" lon="10.640002">
                <ele>0</ele>
            </trkpt>
            <trkpt lat="46.278856" lon="10.639907">
                <ele>0</ele>
            </trkpt>
            <trkpt lat="46.278842" lon="10.639787">
                <ele>0</ele>
            </trkpt>
            <trkpt lat="46.278827" lon="10.639645">
                <ele>0</ele>
            </trkpt>
            <trkpt lat="46.278814" lon="10.639314">
                <ele>0</ele>
            </trkpt>
            <trkpt lat="46.278797" lon="10.639111">
                <ele>0</ele>
            </trkpt>
            <trkpt lat="46.278765" lon="10.638928">
                <ele>0</ele>
            </trkpt>
            <trkpt lat="46.278713" lon="10.63876">
                <ele>0</ele>
            </trkpt>
            <trkpt lat="46.278659" lon="10.63864">
                <ele>0</ele>
            </trkpt>
            <trkpt lat="46.278595" lon="10.638532">
                <ele>0</ele>
            </trkpt>
            <trkpt lat="46.278533" lon="10.638434">
                <ele>0</ele>
            </trkpt>
            <trkpt lat="46.278378" lon="10.638236">
                <ele>0</ele>
            </trkpt>
            <trkpt lat="46.278131" lon="10.637965">
                <ele>0</ele>
            </trkpt>
            <trkpt lat="46.27793" lon="10.637739">
                <ele>0</ele>
            </trkpt>
            <trkpt lat="46.277831" lon="10.637611">
                <ele>0</ele>
            </trkpt>
            <trkpt lat="46.27776" lon="10.637499">
                <ele>0</ele>
            </trkpt>
            <trkpt lat="46.277695" lon="10.637348">
                <ele>0</ele>
            </trkpt>
            <trkpt lat="46.277625" lon="10.637166">
                <ele>0</ele>
            </trkpt>
            <trkpt lat="46.277558" lon="10.637029">
                <ele>0</ele>
            </trkpt>
            <trkpt lat="46.277462" lon="10.636909">
                <ele>0</ele>
            </trkpt>
            <trkpt lat="46.277359" lon="10.636811">
                <ele>0</ele>
            </trkpt>
            <trkpt lat="46.277286" lon="10.636725">
                <ele>0</ele>
            </trkpt>
            <trkpt lat="46.277207" lon="10.636617">
                <ele>0</ele>
            </trkpt>
            <trkpt lat="46.277118" lon="10.636472">
                <ele>0</ele>
            </trkpt>
            <trkpt lat="46.277026" lon="10.636307">
                <ele>0</ele>
            </trkpt>
            <trkpt lat="46.276776" lon="10.635854">
                <ele>0</ele>
            </trkpt>
            <trkpt lat="46.276466" lon="10.635292">
                <ele>0</ele>
            </trkpt>
            <trkpt lat="46.276234" lon="10.634871">
                <ele>0</ele>
            </trkpt>
            <trkpt lat="46.276099" lon="10.634632">
                <ele>0</ele>
            </trkpt>
            <trkpt lat="46.275996" lon="10.634431">
                <ele>0</ele>
            </trkpt>
            <trkpt lat="46.27579" lon="10.634074">
                <ele>0</ele>
            </trkpt>
            <trkpt lat="46.275508" lon="10.633561">
                <ele>0</ele>
            </trkpt>
            <trkpt lat="46.275335" lon="10.633231">
                <ele>0</ele>
            </trkpt>
            <trkpt lat="46.275159" lon="10.632918">
                <ele>0</ele>
            </trkpt>
            <trkpt lat="46.274952" lon="10.632537">
                <ele>0</ele>
            </trkpt>
            <trkpt lat="46.274491" lon="10.6317">
                <ele>0</ele>
            </trkpt>
            <trkpt lat="46.274479" lon="10.631679">
                <ele>0</ele>
            </trkpt>
            <trkpt lat="46.274437" lon="10.631603">
                <ele>0</ele>
            </trkpt>
            <trkpt lat="46.274357" lon="10.631414">
                <ele>0</ele>
            </trkpt>
            <trkpt lat="46.2743" lon="10.631233">
                <ele>0</ele>
            </trkpt>
            <trkpt lat="46.274242" lon="10.631084">
                <ele>0</ele>
            </trkpt>
            <trkpt lat="46.274186" lon="10.630974">
                <ele>0</ele>
            </trkpt>
            <trkpt lat="46.274176" lon="10.630954">
                <ele>0</ele>
            </trkpt>
            <trkpt lat="46.274166" lon="10.630938">
                <ele>0</ele>
            </trkpt>
            <trkpt lat="46.27408" lon="10.630806">
                <ele>0</ele>
            </trkpt>
            <trkpt lat="46.273608" lon="10.63018">
                <ele>0</ele>
            </trkpt>
            <trkpt lat="46.272954" lon="10.629342">
                <ele>0</ele>
            </trkpt>
            <trkpt lat="46.272871" lon="10.629195">
                <ele>0</ele>
            </trkpt>
            <trkpt lat="46.272804" lon="10.629015">
                <ele>0</ele>
            </trkpt>
            <trkpt lat="46.272758" lon="10.628823">
                <ele>0</ele>
            </trkpt>
            <trkpt lat="46.272712" lon="10.628545">
                <ele>0</ele>
            </trkpt>
            <trkpt lat="46.272675" lon="10.628421">
                <ele>0</ele>
            </trkpt>
            <trkpt lat="46.272623" lon="10.62834">
                <ele>0</ele>
            </trkpt>
            <trkpt lat="46.272554" lon="10.628269">
                <ele>0</ele>
            </trkpt>
            <trkpt lat="46.272234" lon="10.628038">
                <ele>0</ele>
            </trkpt>
            <trkpt lat="46.272027" lon="10.627863">
                <ele>0</ele>
            </trkpt>
            <trkpt lat="46.271908" lon="10.627729">
                <ele>0</ele>
            </trkpt>
            <trkpt lat="46.271893" lon="10.627707">
                <ele>0</ele>
            </trkpt>
            <trkpt lat="46.271874" lon="10.62768">
                <ele>0</ele>
            </trkpt>
            <trkpt lat="46.271846" lon="10.627639">
                <ele>0</ele>
            </trkpt>
            <trkpt lat="46.271792" lon="10.627501">
                <ele>0</ele>
            </trkpt>
            <trkpt lat="46.271711" lon="10.62722">
                <ele>0</ele>
            </trkpt>
            <trkpt lat="46.271684" lon="10.627138">
                <ele>0</ele>
            </trkpt>
            <trkpt lat="46.271641" lon="10.627056">
                <ele>0</ele>
            </trkpt>
            <trkpt lat="46.271605" lon="10.627004">
                <ele>0</ele>
            </trkpt>
            <trkpt lat="46.271589" lon="10.626981">
                <ele>0</ele>
            </trkpt>
            <trkpt lat="46.271288" lon="10.626553">
                <ele>0</ele>
            </trkpt>
            <trkpt lat="46.270947" lon="10.62608">
                <ele>0</ele>
            </trkpt>
            <trkpt lat="46.270648" lon="10.625673">
                <ele>0</ele>
            </trkpt>
            <trkpt lat="46.270548" lon="10.6255">
                <ele>0</ele>
            </trkpt>
            <trkpt lat="46.270324" lon="10.625013">
                <ele>0</ele>
            </trkpt>
            <trkpt lat="46.270063" lon="10.624422">
                <ele>0</ele>
            </trkpt>
            <trkpt lat="46.269978" lon="10.624187">
                <ele>0</ele>
            </trkpt>
            <trkpt lat="46.26981" lon="10.623501">
                <ele>0</ele>
            </trkpt>
            <trkpt lat="46.269772" lon="10.623361">
                <ele>0</ele>
            </trkpt>
            <trkpt lat="46.269723" lon="10.623273">
                <ele>0</ele>
            </trkpt>
            <trkpt lat="46.269667" lon="10.623194">
                <ele>0</ele>
            </trkpt>
            <trkpt lat="46.269617" lon="10.623152">
                <ele>0</ele>
            </trkpt>
            <trkpt lat="46.269383" lon="10.623029">
                <ele>0</ele>
            </trkpt>
            <trkpt lat="46.269334" lon="10.622976">
                <ele>0</ele>
            </trkpt>
            <trkpt lat="46.269297" lon="10.622882">
                <ele>0</ele>
            </trkpt>
            <trkpt lat="46.269164" lon="10.622305">
                <ele>0</ele>
            </trkpt>
            <trkpt lat="46.269151" lon="10.622239">
                <ele>0</ele>
            </trkpt>
            <trkpt lat="46.269143" lon="10.622171">
                <ele>0</ele>
            </trkpt>
            <trkpt lat="46.26914" lon="10.622103">
                <ele>0</ele>
            </trkpt>
            <trkpt lat="46.269141" lon="10.622023">
                <ele>0</ele>
            </trkpt>
            <trkpt lat="46.269156" lon="10.621926">
                <ele>0</ele>
            </trkpt>
            <trkpt lat="46.269218" lon="10.621723">
                <ele>0</ele>
            </trkpt>
            <trkpt lat="46.269551" lon="10.620542">
                <ele>0</ele>
            </trkpt>
            <trkpt lat="46.269568" lon="10.620483">
                <ele>0</ele>
            </trkpt>
            <trkpt lat="46.269609" lon="10.620366">
                <ele>0</ele>
            </trkpt>
            <trkpt lat="46.26973" lon="10.620031">
                <ele>0</ele>
            </trkpt>
            <trkpt lat="46.269798" lon="10.61982">
                <ele>0</ele>
            </trkpt>
            <trkpt lat="46.269789" lon="10.619649">
                <ele>0</ele>
            </trkpt>
            <trkpt lat="46.269725" lon="10.619564">
                <ele>0</ele>
            </trkpt>
            <trkpt lat="46.269658" lon="10.619525">
                <ele>0</ele>
            </trkpt>
            <trkpt lat="46.269451" lon="10.619487">
                <ele>0</ele>
            </trkpt>
            <trkpt lat="46.269275" lon="10.619466">
                <ele>0</ele>
            </trkpt>
            <trkpt lat="46.269253" lon="10.619468">
                <ele>0</ele>
            </trkpt>
            <trkpt lat="46.269216" lon="10.619472">
                <ele>0</ele>
            </trkpt>
            <trkpt lat="46.26916" lon="10.619494">
                <ele>0</ele>
            </trkpt>
            <trkpt lat="46.269077" lon="10.61956">
                <ele>0</ele>
            </trkpt>
            <trkpt lat="46.269015" lon="10.619599">
                <ele>0</ele>
            </trkpt>
            <trkpt lat="46.268966" lon="10.619608">
                <ele>0</ele>
            </trkpt>
            <trkpt lat="46.26884" lon="10.619598">
                <ele>0</ele>
            </trkpt>
            <trkpt lat="46.268785" lon="10.619605">
                <ele>0</ele>
            </trkpt>
            <trkpt lat="46.268726" lon="10.619636">
                <ele>0</ele>
            </trkpt>
            <trkpt lat="46.268682" lon="10.61968">
                <ele>0</ele>
            </trkpt>
            <trkpt lat="46.268536" lon="10.619899">
                <ele>0</ele>
            </trkpt>
            <trkpt lat="46.268483" lon="10.619947">
                <ele>0</ele>
            </trkpt>
            <trkpt lat="46.268419" lon="10.619983">
                <ele>0</ele>
            </trkpt>
            <trkpt lat="46.268353" lon="10.619985">
                <ele>0</ele>
            </trkpt>
            <trkpt lat="46.268169" lon="10.619938">
                <ele>0</ele>
            </trkpt>
            <trkpt lat="46.267906" lon="10.619863">
                <ele>0</ele>
            </trkpt>
            <trkpt lat="46.267852" lon="10.619835">
                <ele>0</ele>
            </trkpt>
            <trkpt lat="46.267807" lon="10.619779">
                <ele>0</ele>
            </trkpt>
            <trkpt lat="46.267777" lon="10.619702">
                <ele>0</ele>
            </trkpt>
            <trkpt lat="46.267763" lon="10.619608">
                <ele>0</ele>
            </trkpt>
            <trkpt lat="46.267764" lon="10.619291">
                <ele>0</ele>
            </trkpt>
            <trkpt lat="46.267771" lon="10.619039">
                <ele>0</ele>
            </trkpt>
            <trkpt lat="46.267795" lon="10.61892">
                <ele>0</ele>
            </trkpt>
            <trkpt lat="46.267828" lon="10.618828">
                <ele>0</ele>
            </trkpt>
            <trkpt lat="46.267905" lon="10.618671">
                <ele>0</ele>
            </trkpt>
            <trkpt lat="46.267923" lon="10.618596">
                <ele>0</ele>
            </trkpt>
            <trkpt lat="46.267926" lon="10.618521">
                <ele>0</ele>
            </trkpt>
            <trkpt lat="46.267917" lon="10.618456">
                <ele>0</ele>
            </trkpt>
            <trkpt lat="46.267868" lon="10.618251">
                <ele>0</ele>
            </trkpt>
            <trkpt lat="46.267858" lon="10.618137">
                <ele>0</ele>
            </trkpt>
            <trkpt lat="46.267867" lon="10.618005">
                <ele>0</ele>
            </trkpt>
            <trkpt lat="46.267898" lon="10.617859">
                <ele>0</ele>
            </trkpt>
            <trkpt lat="46.268002" lon="10.617465">
                <ele>0</ele>
            </trkpt>
            <trkpt lat="46.268058" lon="10.617226">
                <ele>0</ele>
            </trkpt>
            <trkpt lat="46.268082" lon="10.617068">
                <ele>0</ele>
            </trkpt>
            <trkpt lat="46.268105" lon="10.616792">
                <ele>0</ele>
            </trkpt>
            <trkpt lat="46.26813" lon="10.616596">
                <ele>0</ele>
            </trkpt>
            <trkpt lat="46.268212" lon="10.616294">
                <ele>0</ele>
            </trkpt>
            <trkpt lat="46.268308" lon="10.616011">
                <ele>0</ele>
            </trkpt>
            <trkpt lat="46.268399" lon="10.615786">
                <ele>0</ele>
            </trkpt>
            <trkpt lat="46.268406" lon="10.615769">
                <ele>0</ele>
            </trkpt>
            <trkpt lat="46.268532" lon="10.615441">
                <ele>0</ele>
            </trkpt>
            <trkpt lat="46.268554" lon="10.615291">
                <ele>0</ele>
            </trkpt>
            <trkpt lat="46.26852" lon="10.615157">
                <ele>0</ele>
            </trkpt>
            <trkpt lat="46.268475" lon="10.615074">
                <ele>0</ele>
            </trkpt>
            <trkpt lat="46.268424" lon="10.615042">
                <ele>0</ele>
            </trkpt>
            <trkpt lat="46.268343" lon="10.615008">
                <ele>0</ele>
            </trkpt>
            <trkpt lat="46.268218" lon="10.615024">
                <ele>0</ele>
            </trkpt>
            <trkpt lat="46.268171" lon="10.615051">
                <ele>0</ele>
            </trkpt>
            <trkpt lat="46.267886" lon="10.615211">
                <ele>0</ele>
            </trkpt>
            <trkpt lat="46.267793" lon="10.615262">
                <ele>0</ele>
            </trkpt>
            <trkpt lat="46.26772" lon="10.61527">
                <ele>0</ele>
            </trkpt>
            <trkpt lat="46.267666" lon="10.615249">
                <ele>0</ele>
            </trkpt>
            <trkpt lat="46.267618" lon="10.615201">
                <ele>0</ele>
            </trkpt>
            <trkpt lat="46.267452" lon="10.614988">
                <ele>0</ele>
            </trkpt>
            <trkpt lat="46.267406" lon="10.614945">
                <ele>0</ele>
            </trkpt>
            <trkpt lat="46.26734" lon="10.614909">
                <ele>0</ele>
            </trkpt>
            <trkpt lat="46.267269" lon="10.614907">
                <ele>0</ele>
            </trkpt>
            <trkpt lat="46.267214" lon="10.614923">
                <ele>0</ele>
            </trkpt>
            <trkpt lat="46.267179" lon="10.614963">
                <ele>0</ele>
            </trkpt>
            <trkpt lat="46.267096" lon="10.615088">
                <ele>0</ele>
            </trkpt>
            <trkpt lat="46.267046" lon="10.615151">
                <ele>0</ele>
            </trkpt>
            <trkpt lat="46.266979" lon="10.615188">
                <ele>0</ele>
            </trkpt>
            <trkpt lat="46.266906" lon="10.615184">
                <ele>0</ele>
            </trkpt>
            <trkpt lat="46.266833" lon="10.61513">
                <ele>0</ele>
            </trkpt>
            <trkpt lat="46.266531" lon="10.614764">
                <ele>0</ele>
            </trkpt>
            <trkpt lat="46.266458" lon="10.614685">
                <ele>0</ele>
            </trkpt>
            <trkpt lat="46.26644" lon="10.614666">
                <ele>0</ele>
            </trkpt>
            <trkpt lat="46.266399" lon="10.614639">
                <ele>0</ele>
            </trkpt>
            <trkpt lat="46.266351" lon="10.614606">
                <ele>0</ele>
            </trkpt>
            <trkpt lat="46.266267" lon="10.614583">
                <ele>0</ele>
            </trkpt>
            <trkpt lat="46.2662" lon="10.614586">
                <ele>0</ele>
            </trkpt>
            <trkpt lat="46.266187" lon="10.614587">
                <ele>0</ele>
            </trkpt>
            <trkpt lat="46.266169" lon="10.614588">
                <ele>0</ele>
            </trkpt>
            <trkpt lat="46.266092" lon="10.614631">
                <ele>0</ele>
            </trkpt>
            <trkpt lat="46.266019" lon="10.614686">
                <ele>0</ele>
            </trkpt>
            <trkpt lat="46.265898" lon="10.614834">
                <ele>0</ele>
            </trkpt>
            <trkpt lat="46.265879" lon="10.614859">
                <ele>0</ele>
            </trkpt>
            <trkpt lat="46.265816" lon="10.61494">
                <ele>0</ele>
            </trkpt>
            <trkpt lat="46.265749" lon="10.615005">
                <ele>0</ele>
            </trkpt>
            <trkpt lat="46.265676" lon="10.61505">
                <ele>0</ele>
            </trkpt>
            <trkpt lat="46.265596" lon="10.615053">
                <ele>0</ele>
            </trkpt>
            <trkpt lat="46.265517" lon="10.615008">
                <ele>0</ele>
            </trkpt>
            <trkpt lat="46.26546" lon="10.614933">
                <ele>0</ele>
            </trkpt>
            <trkpt lat="46.265449" lon="10.614909">
                <ele>0</ele>
            </trkpt>
            <trkpt lat="46.265395" lon="10.614792">
                <ele>0</ele>
            </trkpt>
            <trkpt lat="46.265214" lon="10.614333">
                <ele>0</ele>
            </trkpt>
            <trkpt lat="46.265076" lon="10.61395">
                <ele>0</ele>
            </trkpt>
            <trkpt lat="46.26487" lon="10.613204">
                <ele>0</ele>
            </trkpt>
            <trkpt lat="46.264862" lon="10.613177">
                <ele>0</ele>
            </trkpt>
            <trkpt lat="46.264841" lon="10.613101">
                <ele>0</ele>
            </trkpt>
            <trkpt lat="46.264788" lon="10.612912">
                <ele>0</ele>
            </trkpt>
            <trkpt lat="46.264781" lon="10.612886">
                <ele>0</ele>
            </trkpt>
            <trkpt lat="46.264692" lon="10.61257">
                <ele>0</ele>
            </trkpt>
            <trkpt lat="46.264614" lon="10.61238">
                <ele>0</ele>
            </trkpt>
            <trkpt lat="46.264508" lon="10.612198">
                <ele>0</ele>
            </trkpt>
            <trkpt lat="46.264415" lon="10.612069">
                <ele>0</ele>
            </trkpt>
            <trkpt lat="46.264319" lon="10.61198">
                <ele>0</ele>
            </trkpt>
            <trkpt lat="46.264225" lon="10.611913">
                <ele>0</ele>
            </trkpt>
            <trkpt lat="46.264122" lon="10.611865">
                <ele>0</ele>
            </trkpt>
            <trkpt lat="46.264061" lon="10.611853">
                <ele>0</ele>
            </trkpt>
            <trkpt lat="46.263159" lon="10.611659">
                <ele>0</ele>
            </trkpt>
            <trkpt lat="46.263018" lon="10.611587">
                <ele>0</ele>
            </trkpt>
            <trkpt lat="46.262478" lon="10.611249">
                <ele>0</ele>
            </trkpt>
            <trkpt lat="46.262439" lon="10.611225">
                <ele>0</ele>
            </trkpt>
            <trkpt lat="46.262331" lon="10.611157">
                <ele>0</ele>
            </trkpt>
            <trkpt lat="46.262154" lon="10.611036">
                <ele>0</ele>
            </trkpt>
            <trkpt lat="46.262063" lon="10.610944">
                <ele>0</ele>
            </trkpt>
            <trkpt lat="46.261989" lon="10.610837">
                <ele>0</ele>
            </trkpt>
            <trkpt lat="46.261803" lon="10.610519">
                <ele>0</ele>
            </trkpt>
            <trkpt lat="46.261536" lon="10.610052">
                <ele>0</ele>
            </trkpt>
            <trkpt lat="46.261454" lon="10.609888">
                <ele>0</ele>
            </trkpt>
            <trkpt lat="46.261402" lon="10.609715">
                <ele>0</ele>
            </trkpt>
            <trkpt lat="46.261365" lon="10.609464">
                <ele>0</ele>
            </trkpt>
            <trkpt lat="46.261329" lon="10.609246">
                <ele>0</ele>
            </trkpt>
            <trkpt lat="46.261269" lon="10.609066">
                <ele>0</ele>
            </trkpt>
            <trkpt lat="46.261166" lon="10.60888">
                <ele>0</ele>
            </trkpt>
            <trkpt lat="46.261001" lon="10.608617">
                <ele>0</ele>
            </trkpt>
            <trkpt lat="46.260989" lon="10.608597">
                <ele>0</ele>
            </trkpt>
            <trkpt lat="46.260711" lon="10.608143">
                <ele>0</ele>
            </trkpt>
            <trkpt lat="46.260608" lon="10.607945">
                <ele>0</ele>
            </trkpt>
            <trkpt lat="46.260517" lon="10.607735">
                <ele>0</ele>
            </trkpt>
            <trkpt lat="46.260467" lon="10.607539">
                <ele>0</ele>
            </trkpt>
            <trkpt lat="46.260439" lon="10.607367">
                <ele>0</ele>
            </trkpt>
            <trkpt lat="46.260421" lon="10.607099">
                <ele>0</ele>
            </trkpt>
            <trkpt lat="46.26039" lon="10.606038">
                <ele>0</ele>
            </trkpt>
            <trkpt lat="46.26039" lon="10.60582">
                <ele>0</ele>
            </trkpt>
            <trkpt lat="46.260419" lon="10.605535">
                <ele>0</ele>
            </trkpt>
            <trkpt lat="46.260624" lon="10.604257">
                <ele>0</ele>
            </trkpt>
            <trkpt lat="46.260869" lon="10.602726">
                <ele>0</ele>
            </trkpt>
            <trkpt lat="46.261146" lon="10.601021">
                <ele>0</ele>
            </trkpt>
            <trkpt lat="46.261153" lon="10.600889">
                <ele>0</ele>
            </trkpt>
            <trkpt lat="46.261141" lon="10.600761">
                <ele>0</ele>
            </trkpt>
            <trkpt lat="46.261098" lon="10.600623">
                <ele>0</ele>
            </trkpt>
            <trkpt lat="46.260994" lon="10.600424">
                <ele>0</ele>
            </trkpt>
            <trkpt lat="46.260951" lon="10.600309">
                <ele>0</ele>
            </trkpt>
            <trkpt lat="46.260934" lon="10.600179">
                <ele>0</ele>
            </trkpt>
            <trkpt lat="46.260933" lon="10.600048">
                <ele>0</ele>
            </trkpt>
            <trkpt lat="46.261018" lon="10.599528">
                <ele>0</ele>
            </trkpt>
            <trkpt lat="46.26109" lon="10.59907">
                <ele>0</ele>
            </trkpt>
            <trkpt lat="46.261103" lon="10.598915">
                <ele>0</ele>
            </trkpt>
            <trkpt lat="46.261094" lon="10.598759">
                <ele>0</ele>
            </trkpt>
            <trkpt lat="46.261063" lon="10.598601">
                <ele>0</ele>
            </trkpt>
            <trkpt lat="46.261001" lon="10.598415">
                <ele>0</ele>
            </trkpt>
            <trkpt lat="46.260954" lon="10.598279">
                <ele>0</ele>
            </trkpt>
            <trkpt lat="46.260936" lon="10.598163">
                <ele>0</ele>
            </trkpt>
            <trkpt lat="46.260937" lon="10.598058">
                <ele>0</ele>
            </trkpt>
            <trkpt lat="46.260957" lon="10.59794">
                <ele>0</ele>
            </trkpt>
            <trkpt lat="46.261044" lon="10.597737">
                <ele>0</ele>
            </trkpt>
            <trkpt lat="46.261283" lon="10.597207">
                <ele>0</ele>
            </trkpt>
            <trkpt lat="46.261343" lon="10.597015">
                <ele>0</ele>
            </trkpt>
            <trkpt lat="46.261377" lon="10.596856">
                <ele>0</ele>
            </trkpt>
            <trkpt lat="46.261381" lon="10.596714">
                <ele>0</ele>
            </trkpt>
            <trkpt lat="46.261371" lon="10.596616">
                <ele>0</ele>
            </trkpt>
            <trkpt lat="46.261344" lon="10.596507">
                <ele>0</ele>
            </trkpt>
            <trkpt lat="46.26129" lon="10.596355">
                <ele>0</ele>
            </trkpt>
            <trkpt lat="46.261092" lon="10.596046">
                <ele>0</ele>
            </trkpt>
            <trkpt lat="46.261005" lon="10.59586">
                <ele>0</ele>
            </trkpt>
            <trkpt lat="46.260967" lon="10.595751">
                <ele>0</ele>
            </trkpt>
            <trkpt lat="46.260946" lon="10.595619">
                <ele>0</ele>
            </trkpt>
            <trkpt lat="46.260952" lon="10.595489">
                <ele>0</ele>
            </trkpt>
            <trkpt lat="46.260981" lon="10.595346">
                <ele>0</ele>
            </trkpt>
            <trkpt lat="46.261021" lon="10.595168">
                <ele>0</ele>
            </trkpt>
            <trkpt lat="46.261151" lon="10.594746">
                <ele>0</ele>
            </trkpt>
            <trkpt lat="46.261223" lon="10.594593">
                <ele>0</ele>
            </trkpt>
            <trkpt lat="46.261299" lon="10.594473">
                <ele>0</ele>
            </trkpt>
            <trkpt lat="46.261398" lon="10.59435">
                <ele>0</ele>
            </trkpt>
            <trkpt lat="46.261686" lon="10.594017">
                <ele>0</ele>
            </trkpt>
            <trkpt lat="46.26176" lon="10.593923">
                <ele>0</ele>
            </trkpt>
            <trkpt lat="46.261807" lon="10.593841">
                <ele>0</ele>
            </trkpt>
            <trkpt lat="46.261846" lon="10.593728">
                <ele>0</ele>
            </trkpt>
            <trkpt lat="46.261863" lon="10.593596">
                <ele>0</ele>
            </trkpt>
            <trkpt lat="46.261863" lon="10.593485">
                <ele>0</ele>
            </trkpt>
            <trkpt lat="46.261849" lon="10.593385">
                <ele>0</ele>
            </trkpt>
            <trkpt lat="46.261808" lon="10.593248">
                <ele>0</ele>
            </trkpt>
            <trkpt lat="46.261757" lon="10.593149">
                <ele>0</ele>
            </trkpt>
            <trkpt lat="46.261719" lon="10.593093">
                <ele>0</ele>
            </trkpt>
            <trkpt lat="46.261637" lon="10.593016">
                <ele>0</ele>
            </trkpt>
            <trkpt lat="46.261509" lon="10.59296">
                <ele>0</ele>
            </trkpt>
            <trkpt lat="46.261196" lon="10.592876">
                <ele>0</ele>
            </trkpt>
            <trkpt lat="46.261067" lon="10.592804">
                <ele>0</ele>
            </trkpt>
            <trkpt lat="46.260958" lon="10.592689">
                <ele>0</ele>
            </trkpt>
            <trkpt lat="46.260871" lon="10.592557">
                <ele>0</ele>
            </trkpt>
            <trkpt lat="46.260802" lon="10.592381">
                <ele>0</ele>
            </trkpt>
            <trkpt lat="46.26075" lon="10.592188">
                <ele>0</ele>
            </trkpt>
            <trkpt lat="46.26072" lon="10.59199">
                <ele>0</ele>
            </trkpt>
            <trkpt lat="46.260701" lon="10.59168">
                <ele>0</ele>
            </trkpt>
            <trkpt lat="46.26059" lon="10.589315">
                <ele>0</ele>
            </trkpt>
            <trkpt lat="46.260566" lon="10.589023">
                <ele>0</ele>
            </trkpt>
            <trkpt lat="46.260521" lon="10.588674">
                <ele>0</ele>
            </trkpt>
            <trkpt lat="46.26046" lon="10.588344">
                <ele>0</ele>
            </trkpt>
            <trkpt lat="46.260442" lon="10.588253">
                <ele>0</ele>
            </trkpt>
            <trkpt lat="46.260361" lon="10.587911">
                <ele>0</ele>
            </trkpt>
            <trkpt lat="46.260263" lon="10.587521">
                <ele>0</ele>
            </trkpt>
            <trkpt lat="46.259877" lon="10.586089">
                <ele>0</ele>
            </trkpt>
            <trkpt lat="46.259829" lon="10.585933">
                <ele>0</ele>
            </trkpt>
            <trkpt lat="46.259796" lon="10.585825">
                <ele>0</ele>
            </trkpt>
            <trkpt lat="46.259751" lon="10.585682">
                <ele>0</ele>
            </trkpt>
            <trkpt lat="46.25968" lon="10.585495">
                <ele>0</ele>
            </trkpt>
            <trkpt lat="46.259619" lon="10.58534">
                <ele>0</ele>
            </trkpt>
            <trkpt lat="46.259547" lon="10.58516">
                <ele>0</ele>
            </trkpt>
            <trkpt lat="46.259483" lon="10.585016">
                <ele>0</ele>
            </trkpt>
            <trkpt lat="46.259354" lon="10.584734">
                <ele>0</ele>
            </trkpt>
            <trkpt lat="46.259231" lon="10.584483">
                <ele>0</ele>
            </trkpt>
            <trkpt lat="46.259168" lon="10.584348">
                <ele>0</ele>
            </trkpt>
            <trkpt lat="46.258877" lon="10.583779">
                <ele>0</ele>
            </trkpt>
            <trkpt lat="46.258851" lon="10.583723">
                <ele>0</ele>
            </trkpt>
            <trkpt lat="46.258809" lon="10.583633">
                <ele>0</ele>
            </trkpt>
            <trkpt lat="46.258567" lon="10.583152">
                <ele>0</ele>
            </trkpt>
            <trkpt lat="46.258256" lon="10.582518">
                <ele>0</ele>
            </trkpt>
            <trkpt lat="46.258207" lon="10.582418">
                <ele>0</ele>
            </trkpt>
            <trkpt lat="46.258179" lon="10.582359">
                <ele>0</ele>
            </trkpt>
            <trkpt lat="46.258161" lon="10.582313">
                <ele>0</ele>
            </trkpt>
            <trkpt lat="46.258137" lon="10.582258">
                <ele>0</ele>
            </trkpt>
            <trkpt lat="46.258126" lon="10.582244">
                <ele>0</ele>
            </trkpt>
            <trkpt lat="46.258095" lon="10.582142">
                <ele>0</ele>
            </trkpt>
            <trkpt lat="46.258075" lon="10.582074">
                <ele>0</ele>
            </trkpt>
            <trkpt lat="46.258072" lon="10.582063">
                <ele>0</ele>
            </trkpt>
            <trkpt lat="46.25805" lon="10.581997">
                <ele>0</ele>
            </trkpt>
            <trkpt lat="46.258041" lon="10.581969">
                <ele>0</ele>
            </trkpt>
            <trkpt lat="46.258026" lon="10.581925">
                <ele>0</ele>
            </trkpt>
            <trkpt lat="46.258007" lon="10.581847">
                <ele>0</ele>
            </trkpt>
        </trkseg>
    </trk>
</gpx>