<?xml version="1.0" encoding="UTF-8"?>
<gpx version="1.1" 
    creator="MotoPlanner Route Planner"
    xmlns="http://www.topografix.com/GPX/1/1"
    xmlns:xsi="http://www.w3.org/2001/XMLSchema-instance" 
    xmlns:gpxtpx="http://www.garmin.com/xmlschemas/TrackPointExtension/v1"
    xsi:schemaLocation="http://www.topografix.com/GPX/1/1 http://www.topografix.com/GPX/1/1/gpx.xsd
    http://www.garmin.com/xmlschemas/TrackPointExtension/v1 http://www.garmin.com/xmlschemas/TrackPointExtensionv1.xsd">
    <metadata>
    <name>giorno_2</name>
        <desc>Route created with MotoPlanner</desc>
        <time>2026-04-09T15:33:56.411Z</time>
    </metadata>
    <trk>
    <name>giorno_2</name>
        <type>Motorcycle Route</type>
        <trkseg>
            <trkpt lat="46.068283" lon="11.123887">
                <ele>0</ele>
            </trkpt>
            <trkpt lat="46.068131" lon="11.123914">
                <ele>0</ele>
            </trkpt>
            <trkpt lat="46.067996" lon="11.123947">
                <ele>0</ele>
            </trkpt>
            <trkpt lat="46.067699" lon="11.124029">
                <ele>0</ele>
            </trkpt>
            <trkpt lat="46.067361" lon="11.124103">
                <ele>0</ele>
            </trkpt>
            <trkpt lat="46.067104" lon="11.124184">
                <ele>0</ele>
            </trkpt>
            <trkpt lat="46.067034" lon="11.12421">
                <ele>0</ele>
            </trkpt>
            <trkpt lat="46.067061" lon="11.124459">
                <ele>0</ele>
            </trkpt>
            <trkpt lat="46.06713" lon="11.124931">
                <ele>0</ele>
            </trkpt>
            <trkpt lat="46.067154" lon="11.12512">
                <ele>0</ele>
            </trkpt>
            <trkpt lat="46.067155" lon="11.125137">
                <ele>0</ele>
            </trkpt>
            <trkpt lat="46.06718" lon="11.125374">
                <ele>0</ele>
            </trkpt>
            <trkpt lat="46.067195" lon="11.125519">
                <ele>0</ele>
            </trkpt>
            <trkpt lat="46.067217" lon="11.125657">
                <ele>0</ele>
            </trkpt>
            <trkpt lat="46.067265" lon="11.126292">
                <ele>0</ele>
            </trkpt>
            <trkpt lat="46.067265" lon="11.1263">
                <ele>0</ele>
            </trkpt>
            <trkpt lat="46.067265" lon="11.126338">
                <ele>0</ele>
            </trkpt>
            <trkpt lat="46.067264" lon="11.126348">
                <ele>0</ele>
            </trkpt>
            <trkpt lat="46.067265" lon="11.126437">
                <ele>0</ele>
            </trkpt>
            <trkpt lat="46.067251" lon="11.126445">
                <ele>0</ele>
            </trkpt>
            <trkpt lat="46.067244" lon="11.126442">
                <ele>0</ele>
            </trkpt>
            <trkpt lat="46.067188" lon="11.126417">
                <ele>0</ele>
            </trkpt>
            <trkpt lat="46.06713" lon="11.126412">
                <ele>0</ele>
            </trkpt>
            <trkpt lat="46.067109" lon="11.126408">
                <ele>0</ele>
            </trkpt>
            <trkpt lat="46.067053" lon="11.126407">
                <ele>0</ele>
            </trkpt>
            <trkpt lat="46.067003" lon="11.126381">
                <ele>0</ele>
            </trkpt>
            <trkpt lat="46.066896" lon="11.126325">
                <ele>0</ele>
            </trkpt>
            <trkpt lat="46.066526" lon="11.126112">
                <ele>0</ele>
            </trkpt>
            <trkpt lat="46.066339" lon="11.126005">
                <ele>0</ele>
            </trkpt>
            <trkpt lat="46.066194" lon="11.125925">
                <ele>0</ele>
            </trkpt>
            <trkpt lat="46.066023" lon="11.125831">
                <ele>0</ele>
            </trkpt>
            <trkpt lat="46.065957" lon="11.125795">
                <ele>0</ele>
            </trkpt>
            <trkpt lat="46.065755" lon="11.125684">
                <ele>0</ele>
            </trkpt>
            <trkpt lat="46.065625" lon="11.125613">
                <ele>0</ele>
            </trkpt>
            <trkpt lat="46.065566" lon="11.12558">
                <ele>0</ele>
            </trkpt>
            <trkpt lat="46.065536" lon="11.125695">
                <ele>0</ele>
            </trkpt>
            <trkpt lat="46.064902" lon="11.128095">
                <ele>0</ele>
            </trkpt>
            <trkpt lat="46.064872" lon="11.128204">
                <ele>0</ele>
            </trkpt>
            <trkpt lat="46.064557" lon="11.129396">
                <ele>0</ele>
            </trkpt>
            <trkpt lat="46.064539" lon="11.129468">
                <ele>0</ele>
            </trkpt>
            <trkpt lat="46.064514" lon="11.129562">
                <ele>0</ele>
            </trkpt>
            <trkpt lat="46.064449" lon="11.12982">
                <ele>0</ele>
            </trkpt>
            <trkpt lat="46.064378" lon="11.130094">
                <ele>0</ele>
            </trkpt>
            <trkpt lat="46.064325" lon="11.130338">
                <ele>0</ele>
            </trkpt>
            <trkpt lat="46.064318" lon="11.130389">
                <ele>0</ele>
            </trkpt>
            <trkpt lat="46.064302" lon="11.130611">
                <ele>0</ele>
            </trkpt>
            <trkpt lat="46.064295" lon="11.130834">
                <ele>0</ele>
            </trkpt>
            <trkpt lat="46.064282" lon="11.130984">
                <ele>0</ele>
            </trkpt>
            <trkpt lat="46.064275" lon="11.131038">
                <ele>0</ele>
            </trkpt>
            <trkpt lat="46.064266" lon="11.131171">
                <ele>0</ele>
            </trkpt>
            <trkpt lat="46.064054" lon="11.131197">
                <ele>0</ele>
            </trkpt>
            <trkpt lat="46.06385" lon="11.131271">
                <ele>0</ele>
            </trkpt>
            <trkpt lat="46.063829" lon="11.131281">
                <ele>0</ele>
            </trkpt>
            <trkpt lat="46.063811" lon="11.131291">
                <ele>0</ele>
            </trkpt>
            <trkpt lat="46.063793" lon="11.131326">
                <ele>0</ele>
            </trkpt>
            <trkpt lat="46.063698" lon="11.131398">
                <ele>0</ele>
            </trkpt>
            <trkpt lat="46.063528" lon="11.131497">
                <ele>0</ele>
            </trkpt>
            <trkpt lat="46.063519" lon="11.131504">
                <ele>0</ele>
            </trkpt>
            <trkpt lat="46.063353" lon="11.131644">
                <ele>0</ele>
            </trkpt>
            <trkpt lat="46.06313" lon="11.131833">
                <ele>0</ele>
            </trkpt>
            <trkpt lat="46.063016" lon="11.131952">
                <ele>0</ele>
            </trkpt>
            <trkpt lat="46.062868" lon="11.132107">
                <ele>0</ele>
            </trkpt>
            <trkpt lat="46.062791" lon="11.132127">
                <ele>0</ele>
            </trkpt>
            <trkpt lat="46.062736" lon="11.13214">
                <ele>0</ele>
            </trkpt>
            <trkpt lat="46.062695" lon="11.132142">
                <ele>0</ele>
            </trkpt>
            <trkpt lat="46.062688" lon="11.132132">
                <ele>0</ele>
            </trkpt>
            <trkpt lat="46.062667" lon="11.132111">
                <ele>0</ele>
            </trkpt>
            <trkpt lat="46.062647" lon="11.132102">
                <ele>0</ele>
            </trkpt>
            <trkpt lat="46.062642" lon="11.132102">
                <ele>0</ele>
            </trkpt>
            <trkpt lat="46.062617" lon="11.132105">
                <ele>0</ele>
            </trkpt>
            <trkpt lat="46.062594" lon="11.132121">
                <ele>0</ele>
            </trkpt>
            <trkpt lat="46.062576" lon="11.132147">
                <ele>0</ele>
            </trkpt>
            <trkpt lat="46.062565" lon="11.132181">
                <ele>0</ele>
            </trkpt>
            <trkpt lat="46.062563" lon="11.132204">
                <ele>0</ele>
            </trkpt>
            <trkpt lat="46.062563" lon="11.132217">
                <ele>0</ele>
            </trkpt>
            <trkpt lat="46.06257" lon="11.132253">
                <ele>0</ele>
            </trkpt>
            <trkpt lat="46.062585" lon="11.132283">
                <ele>0</ele>
            </trkpt>
            <trkpt lat="46.062589" lon="11.13229">
                <ele>0</ele>
            </trkpt>
            <trkpt lat="46.062549" lon="11.132347">
                <ele>0</ele>
            </trkpt>
            <trkpt lat="46.062539" lon="11.13236">
                <ele>0</ele>
            </trkpt>
            <trkpt lat="46.06239" lon="11.132572">
                <ele>0</ele>
            </trkpt>
            <trkpt lat="46.062364" lon="11.132608">
                <ele>0</ele>
            </trkpt>
            <trkpt lat="46.062329" lon="11.132653">
                <ele>0</ele>
            </trkpt>
            <trkpt lat="46.062166" lon="11.132885">
                <ele>0</ele>
            </trkpt>
            <trkpt lat="46.061986" lon="11.133144">
                <ele>0</ele>
            </trkpt>
            <trkpt lat="46.061922" lon="11.133236">
                <ele>0</ele>
            </trkpt>
            <trkpt lat="46.061788" lon="11.133445">
                <ele>0</ele>
            </trkpt>
            <trkpt lat="46.061758" lon="11.133525">
                <ele>0</ele>
            </trkpt>
            <trkpt lat="46.061743" lon="11.133585">
                <ele>0</ele>
            </trkpt>
            <trkpt lat="46.06173" lon="11.133655">
                <ele>0</ele>
            </trkpt>
            <trkpt lat="46.061726" lon="11.133718">
                <ele>0</ele>
            </trkpt>
            <trkpt lat="46.061726" lon="11.133843">
                <ele>0</ele>
            </trkpt>
            <trkpt lat="46.061725" lon="11.134461">
                <ele>0</ele>
            </trkpt>
            <trkpt lat="46.061724" lon="11.135122">
                <ele>0</ele>
            </trkpt>
            <trkpt lat="46.061723" lon="11.135328">
                <ele>0</ele>
            </trkpt>
            <trkpt lat="46.061722" lon="11.135716">
                <ele>0</ele>
            </trkpt>
            <trkpt lat="46.061721" lon="11.13642">
                <ele>0</ele>
            </trkpt>
            <trkpt lat="46.061718" lon="11.136507">
                <ele>0</ele>
            </trkpt>
            <trkpt lat="46.061701" lon="11.136598">
                <ele>0</ele>
            </trkpt>
            <trkpt lat="46.061687" lon="11.136645">
                <ele>0</ele>
            </trkpt>
            <trkpt lat="46.061666" lon="11.136693">
                <ele>0</ele>
            </trkpt>
            <trkpt lat="46.061636" lon="11.136746">
                <ele>0</ele>
            </trkpt>
            <trkpt lat="46.061603" lon="11.136793">
                <ele>0</ele>
            </trkpt>
            <trkpt lat="46.061563" lon="11.136842">
                <ele>0</ele>
            </trkpt>
            <trkpt lat="46.061516" lon="11.136895">
                <ele>0</ele>
            </trkpt>
            <trkpt lat="46.061451" lon="11.136943">
                <ele>0</ele>
            </trkpt>
            <trkpt lat="46.061383" lon="11.136976">
                <ele>0</ele>
            </trkpt>
            <trkpt lat="46.061322" lon="11.136991">
                <ele>0</ele>
            </trkpt>
            <trkpt lat="46.06126" lon="11.137007">
                <ele>0</ele>
            </trkpt>
            <trkpt lat="46.061164" lon="11.137018">
                <ele>0</ele>
            </trkpt>
            <trkpt lat="46.060927" lon="11.137047">
                <ele>0</ele>
            </trkpt>
            <trkpt lat="46.060703" lon="11.137064">
                <ele>0</ele>
            </trkpt>
            <trkpt lat="46.060519" lon="11.137079">
                <ele>0</ele>
            </trkpt>
            <trkpt lat="46.060359" lon="11.137077">
                <ele>0</ele>
            </trkpt>
            <trkpt lat="46.060216" lon="11.137056">
                <ele>0</ele>
            </trkpt>
            <trkpt lat="46.060084" lon="11.137021">
                <ele>0</ele>
            </trkpt>
            <trkpt lat="46.059595" lon="11.136893">
                <ele>0</ele>
            </trkpt>
            <trkpt lat="46.058978" lon="11.136731">
                <ele>0</ele>
            </trkpt>
            <trkpt lat="46.058106" lon="11.136502">
                <ele>0</ele>
            </trkpt>
            <trkpt lat="46.057866" lon="11.136441">
                <ele>0</ele>
            </trkpt>
            <trkpt lat="46.057739" lon="11.136408">
                <ele>0</ele>
            </trkpt>
            <trkpt lat="46.057647" lon="11.136374">
                <ele>0</ele>
            </trkpt>
            <trkpt lat="46.057543" lon="11.136324">
                <ele>0</ele>
            </trkpt>
            <trkpt lat="46.057093" lon="11.136011">
                <ele>0</ele>
            </trkpt>
            <trkpt lat="46.056744" lon="11.135772">
                <ele>0</ele>
            </trkpt>
            <trkpt lat="46.056667" lon="11.135732">
                <ele>0</ele>
            </trkpt>
            <trkpt lat="46.056515" lon="11.135671">
                <ele>0</ele>
            </trkpt>
            <trkpt lat="46.056421" lon="11.135642">
                <ele>0</ele>
            </trkpt>
            <trkpt lat="46.056316" lon="11.135624">
                <ele>0</ele>
            </trkpt>
            <trkpt lat="46.056244" lon="11.135617">
                <ele>0</ele>
            </trkpt>
            <trkpt lat="46.056169" lon="11.135615">
                <ele>0</ele>
            </trkpt>
            <trkpt lat="46.056093" lon="11.135619">
                <ele>0</ele>
            </trkpt>
            <trkpt lat="46.055767" lon="11.135667">
                <ele>0</ele>
            </trkpt>
            <trkpt lat="46.055269" lon="11.135743">
                <ele>0</ele>
            </trkpt>
            <trkpt lat="46.055198" lon="11.135757">
                <ele>0</ele>
            </trkpt>
            <trkpt lat="46.055161" lon="11.13577">
                <ele>0</ele>
            </trkpt>
            <trkpt lat="46.055134" lon="11.135781">
                <ele>0</ele>
            </trkpt>
            <trkpt lat="46.055099" lon="11.135804">
                <ele>0</ele>
            </trkpt>
            <trkpt lat="46.054998" lon="11.13589">
                <ele>0</ele>
            </trkpt>
            <trkpt lat="46.054989" lon="11.135899">
                <ele>0</ele>
            </trkpt>
            <trkpt lat="46.054809" lon="11.136072">
                <ele>0</ele>
            </trkpt>
            <trkpt lat="46.054668" lon="11.136207">
                <ele>0</ele>
            </trkpt>
            <trkpt lat="46.054441" lon="11.136426">
                <ele>0</ele>
            </trkpt>
            <trkpt lat="46.0544" lon="11.136465">
                <ele>0</ele>
            </trkpt>
            <trkpt lat="46.054378" lon="11.136481">
                <ele>0</ele>
            </trkpt>
            <trkpt lat="46.054333" lon="11.136509">
                <ele>0</ele>
            </trkpt>
            <trkpt lat="46.054291" lon="11.136527">
                <ele>0</ele>
            </trkpt>
            <trkpt lat="46.054223" lon="11.136551">
                <ele>0</ele>
            </trkpt>
            <trkpt lat="46.054167" lon="11.136556">
                <ele>0</ele>
            </trkpt>
            <trkpt lat="46.05411" lon="11.136552">
                <ele>0</ele>
            </trkpt>
            <trkpt lat="46.053881" lon="11.136517">
                <ele>0</ele>
            </trkpt>
            <trkpt lat="46.053776" lon="11.136502">
                <ele>0</ele>
            </trkpt>
            <trkpt lat="46.053688" lon="11.136489">
                <ele>0</ele>
            </trkpt>
            <trkpt lat="46.053619" lon="11.136479">
                <ele>0</ele>
            </trkpt>
            <trkpt lat="46.053376" lon="11.136444">
                <ele>0</ele>
            </trkpt>
            <trkpt lat="46.053335" lon="11.136438">
                <ele>0</ele>
            </trkpt>
            <trkpt lat="46.053008" lon="11.136391">
                <ele>0</ele>
            </trkpt>
            <trkpt lat="46.052095" lon="11.136258">
                <ele>0</ele>
            </trkpt>
            <trkpt lat="46.051988" lon="11.136245">
                <ele>0</ele>
            </trkpt>
            <trkpt lat="46.051946" lon="11.136248">
                <ele>0</ele>
            </trkpt>
            <trkpt lat="46.051902" lon="11.136261">
                <ele>0</ele>
            </trkpt>
            <trkpt lat="46.051851" lon="11.13628">
                <ele>0</ele>
            </trkpt>
            <trkpt lat="46.051807" lon="11.13631">
                <ele>0</ele>
            </trkpt>
            <trkpt lat="46.051766" lon="11.136348">
                <ele>0</ele>
            </trkpt>
            <trkpt lat="46.051743" lon="11.136375">
                <ele>0</ele>
            </trkpt>
            <trkpt lat="46.051732" lon="11.136388">
                <ele>0</ele>
            </trkpt>
            <trkpt lat="46.051696" lon="11.136444">
                <ele>0</ele>
            </trkpt>
            <trkpt lat="46.05167" lon="11.136498">
                <ele>0</ele>
            </trkpt>
            <trkpt lat="46.051529" lon="11.13683">
                <ele>0</ele>
            </trkpt>
            <trkpt lat="46.051499" lon="11.136905">
                <ele>0</ele>
            </trkpt>
            <trkpt lat="46.051397" lon="11.137166">
                <ele>0</ele>
            </trkpt>
            <trkpt lat="46.051366" lon="11.137241">
                <ele>0</ele>
            </trkpt>
            <trkpt lat="46.051319" lon="11.137318">
                <ele>0</ele>
            </trkpt>
            <trkpt lat="46.051282" lon="11.137364">
                <ele>0</ele>
            </trkpt>
            <trkpt lat="46.051244" lon="11.137401">
                <ele>0</ele>
            </trkpt>
            <trkpt lat="46.0512" lon="11.137425">
                <ele>0</ele>
            </trkpt>
            <trkpt lat="46.051154" lon="11.13744">
                <ele>0</ele>
            </trkpt>
            <trkpt lat="46.051112" lon="11.137444">
                <ele>0</ele>
            </trkpt>
            <trkpt lat="46.051084" lon="11.137442">
                <ele>0</ele>
            </trkpt>
            <trkpt lat="46.050604" lon="11.13737">
                <ele>0</ele>
            </trkpt>
            <trkpt lat="46.049893" lon="11.137266">
                <ele>0</ele>
            </trkpt>
            <trkpt lat="46.049774" lon="11.137251">
                <ele>0</ele>
            </trkpt>
            <trkpt lat="46.049633" lon="11.137229">
                <ele>0</ele>
            </trkpt>
            <trkpt lat="46.04943" lon="11.137201">
                <ele>0</ele>
            </trkpt>
            <trkpt lat="46.049063" lon="11.137146">
                <ele>0</ele>
            </trkpt>
            <trkpt lat="46.048919" lon="11.137127">
                <ele>0</ele>
            </trkpt>
            <trkpt lat="46.048851" lon="11.137124">
                <ele>0</ele>
            </trkpt>
            <trkpt lat="46.048799" lon="11.13713">
                <ele>0</ele>
            </trkpt>
            <trkpt lat="46.048744" lon="11.137146">
                <ele>0</ele>
            </trkpt>
            <trkpt lat="46.048608" lon="11.137232">
                <ele>0</ele>
            </trkpt>
            <trkpt lat="46.048512" lon="11.137292">
                <ele>0</ele>
            </trkpt>
            <trkpt lat="46.048479" lon="11.137313">
                <ele>0</ele>
            </trkpt>
            <trkpt lat="46.048352" lon="11.137386">
                <ele>0</ele>
            </trkpt>
            <trkpt lat="46.048227" lon="11.137461">
                <ele>0</ele>
            </trkpt>
            <trkpt lat="46.048163" lon="11.137499">
                <ele>0</ele>
            </trkpt>
            <trkpt lat="46.048146" lon="11.137508">
                <ele>0</ele>
            </trkpt>
            <trkpt lat="46.048109" lon="11.13752">
                <ele>0</ele>
            </trkpt>
            <trkpt lat="46.048028" lon="11.137549">
                <ele>0</ele>
            </trkpt>
            <trkpt lat="46.047898" lon="11.137603">
                <ele>0</ele>
            </trkpt>
            <trkpt lat="46.047886" lon="11.137608">
                <ele>0</ele>
            </trkpt>
            <trkpt lat="46.047839" lon="11.137621">
                <ele>0</ele>
            </trkpt>
            <trkpt lat="46.047242" lon="11.137741">
                <ele>0</ele>
            </trkpt>
            <trkpt lat="46.047137" lon="11.13779">
                <ele>0</ele>
            </trkpt>
            <trkpt lat="46.047035" lon="11.137856">
                <ele>0</ele>
            </trkpt>
            <trkpt lat="46.046983" lon="11.137896">
                <ele>0</ele>
            </trkpt>
            <trkpt lat="46.0469" lon="11.137984">
                <ele>0</ele>
            </trkpt>
            <trkpt lat="46.046852" lon="11.138049">
                <ele>0</ele>
            </trkpt>
            <trkpt lat="46.046783" lon="11.13815">
                <ele>0</ele>
            </trkpt>
            <trkpt lat="46.046688" lon="11.138304">
                <ele>0</ele>
            </trkpt>
            <trkpt lat="46.046605" lon="11.138439">
                <ele>0</ele>
            </trkpt>
            <trkpt lat="46.046534" lon="11.138496">
                <ele>0</ele>
            </trkpt>
            <trkpt lat="46.046469" lon="11.138535">
                <ele>0</ele>
            </trkpt>
            <trkpt lat="46.046411" lon="11.138554">
                <ele>0</ele>
            </trkpt>
            <trkpt lat="46.04631" lon="11.138583">
                <ele>0</ele>
            </trkpt>
            <trkpt lat="46.046218" lon="11.138582">
                <ele>0</ele>
            </trkpt>
            <trkpt lat="46.046105" lon="11.138527">
                <ele>0</ele>
            </trkpt>
            <trkpt lat="46.046009" lon="11.138452">
                <ele>0</ele>
            </trkpt>
            <trkpt lat="46.045989" lon="11.138402">
                <ele>0</ele>
            </trkpt>
            <trkpt lat="46.045959" lon="11.138364">
                <ele>0</ele>
            </trkpt>
            <trkpt lat="46.045922" lon="11.13834">
                <ele>0</ele>
            </trkpt>
            <trkpt lat="46.045882" lon="11.138333">
                <ele>0</ele>
            </trkpt>
            <trkpt lat="46.045842" lon="11.138345">
                <ele>0</ele>
            </trkpt>
            <trkpt lat="46.045807" lon="11.138372">
                <ele>0</ele>
            </trkpt>
            <trkpt lat="46.045779" lon="11.138414">
                <ele>0</ele>
            </trkpt>
            <trkpt lat="46.045763" lon="11.138461">
                <ele>0</ele>
            </trkpt>
            <trkpt lat="46.045756" lon="11.138512">
                <ele>0</ele>
            </trkpt>
            <trkpt lat="46.045758" lon="11.138564">
                <ele>0</ele>
            </trkpt>
            <trkpt lat="46.045771" lon="11.138613">
                <ele>0</ele>
            </trkpt>
            <trkpt lat="46.045793" lon="11.138656">
                <ele>0</ele>
            </trkpt>
            <trkpt lat="46.045793" lon="11.138742">
                <ele>0</ele>
            </trkpt>
            <trkpt lat="46.045768" lon="11.138854">
                <ele>0</ele>
            </trkpt>
            <trkpt lat="46.045471" lon="11.139339">
                <ele>0</ele>
            </trkpt>
            <trkpt lat="46.045413" lon="11.139425">
                <ele>0</ele>
            </trkpt>
            <trkpt lat="46.045352" lon="11.139488">
                <ele>0</ele>
            </trkpt>
            <trkpt lat="46.045293" lon="11.139536">
                <ele>0</ele>
            </trkpt>
            <trkpt lat="46.045235" lon="11.139572">
                <ele>0</ele>
            </trkpt>
            <trkpt lat="46.04517" lon="11.139593">
                <ele>0</ele>
            </trkpt>
            <trkpt lat="46.045115" lon="11.139602">
                <ele>0</ele>
            </trkpt>
            <trkpt lat="46.045057" lon="11.139605">
                <ele>0</ele>
            </trkpt>
            <trkpt lat="46.04472" lon="11.139581">
                <ele>0</ele>
            </trkpt>
            <trkpt lat="46.044347" lon="11.139552">
                <ele>0</ele>
            </trkpt>
            <trkpt lat="46.044167" lon="11.139539">
                <ele>0</ele>
            </trkpt>
            <trkpt lat="46.043926" lon="11.139519">
                <ele>0</ele>
            </trkpt>
            <trkpt lat="46.043778" lon="11.139515">
                <ele>0</ele>
            </trkpt>
            <trkpt lat="46.04378" lon="11.139479">
                <ele>0</ele>
            </trkpt>
            <trkpt lat="46.043777" lon="11.139444">
                <ele>0</ele>
            </trkpt>
            <trkpt lat="46.043762" lon="11.139386">
                <ele>0</ele>
            </trkpt>
            <trkpt lat="46.043736" lon="11.139339">
                <ele>0</ele>
            </trkpt>
            <trkpt lat="46.043704" lon="11.139306">
                <ele>0</ele>
            </trkpt>
            <trkpt lat="46.043681" lon="11.139292">
                <ele>0</ele>
            </trkpt>
            <trkpt lat="46.043657" lon="11.139285">
                <ele>0</ele>
            </trkpt>
            <trkpt lat="46.043618" lon="11.139285">
                <ele>0</ele>
            </trkpt>
            <trkpt lat="46.043584" lon="11.139299">
                <ele>0</ele>
            </trkpt>
            <trkpt lat="46.043552" lon="11.139325">
                <ele>0</ele>
            </trkpt>
            <trkpt lat="46.043526" lon="11.139365">
                <ele>0</ele>
            </trkpt>
            <trkpt lat="46.043507" lon="11.139413">
                <ele>0</ele>
            </trkpt>
            <trkpt lat="46.043498" lon="11.139477">
                <ele>0</ele>
            </trkpt>
            <trkpt lat="46.043503" lon="11.139541">
                <ele>0</ele>
            </trkpt>
            <trkpt lat="46.043516" lon="11.139585">
                <ele>0</ele>
            </trkpt>
            <trkpt lat="46.043535" lon="11.139623">
                <ele>0</ele>
            </trkpt>
            <trkpt lat="46.043492" lon="11.139702">
                <ele>0</ele>
            </trkpt>
            <trkpt lat="46.043457" lon="11.139767">
                <ele>0</ele>
            </trkpt>
            <trkpt lat="46.043414" lon="11.139844">
                <ele>0</ele>
            </trkpt>
            <trkpt lat="46.043369" lon="11.139922">
                <ele>0</ele>
            </trkpt>
            <trkpt lat="46.043338" lon="11.139963">
                <ele>0</ele>
            </trkpt>
            <trkpt lat="46.043276" lon="11.140022">
                <ele>0</ele>
            </trkpt>
            <trkpt lat="46.043223" lon="11.140066">
                <ele>0</ele>
            </trkpt>
            <trkpt lat="46.04318" lon="11.140094">
                <ele>0</ele>
            </trkpt>
            <trkpt lat="46.043136" lon="11.140123">
                <ele>0</ele>
            </trkpt>
            <trkpt lat="46.0428" lon="11.140359">
                <ele>0</ele>
            </trkpt>
            <trkpt lat="46.042676" lon="11.140532">
                <ele>0</ele>
            </trkpt>
            <trkpt lat="46.042652" lon="11.140565">
                <ele>0</ele>
            </trkpt>
            <trkpt lat="46.042633" lon="11.140594">
                <ele>0</ele>
            </trkpt>
            <trkpt lat="46.04246" lon="11.140932">
                <ele>0</ele>
            </trkpt>
            <trkpt lat="46.042335" lon="11.141187">
                <ele>0</ele>
            </trkpt>
            <trkpt lat="46.042142" lon="11.141598">
                <ele>0</ele>
            </trkpt>
            <trkpt lat="46.042134" lon="11.141616">
                <ele>0</ele>
            </trkpt>
            <trkpt lat="46.042046" lon="11.141804">
                <ele>0</ele>
            </trkpt>
            <trkpt lat="46.042024" lon="11.141852">
                <ele>0</ele>
            </trkpt>
            <trkpt lat="46.041928" lon="11.142038">
                <ele>0</ele>
            </trkpt>
            <trkpt lat="46.041831" lon="11.142181">
                <ele>0</ele>
            </trkpt>
            <trkpt lat="46.041722" lon="11.142326">
                <ele>0</ele>
            </trkpt>
            <trkpt lat="46.041663" lon="11.14239">
                <ele>0</ele>
            </trkpt>
            <trkpt lat="46.041515" lon="11.142538">
                <ele>0</ele>
            </trkpt>
            <trkpt lat="46.041413" lon="11.142633">
                <ele>0</ele>
            </trkpt>
            <trkpt lat="46.041168" lon="11.142865">
                <ele>0</ele>
            </trkpt>
            <trkpt lat="46.041053" lon="11.142972">
                <ele>0</ele>
            </trkpt>
            <trkpt lat="46.040939" lon="11.143105">
                <ele>0</ele>
            </trkpt>
            <trkpt lat="46.040729" lon="11.143432">
                <ele>0</ele>
            </trkpt>
            <trkpt lat="46.040639" lon="11.143594">
                <ele>0</ele>
            </trkpt>
            <trkpt lat="46.04053" lon="11.143767">
                <ele>0</ele>
            </trkpt>
            <trkpt lat="46.040469" lon="11.143844">
                <ele>0</ele>
            </trkpt>
            <trkpt lat="46.040425" lon="11.143891">
                <ele>0</ele>
            </trkpt>
            <trkpt lat="46.040323" lon="11.143962">
                <ele>0</ele>
            </trkpt>
            <trkpt lat="46.040246" lon="11.144005">
                <ele>0</ele>
            </trkpt>
            <trkpt lat="46.040156" lon="11.14404">
                <ele>0</ele>
            </trkpt>
            <trkpt lat="46.040076" lon="11.144058">
                <ele>0</ele>
            </trkpt>
            <trkpt lat="46.039913" lon="11.144079">
                <ele>0</ele>
            </trkpt>
            <trkpt lat="46.039884" lon="11.14408">
                <ele>0</ele>
            </trkpt>
            <trkpt lat="46.03987" lon="11.14408">
                <ele>0</ele>
            </trkpt>
            <trkpt lat="46.039739" lon="11.144084">
                <ele>0</ele>
            </trkpt>
            <trkpt lat="46.039639" lon="11.144093">
                <ele>0</ele>
            </trkpt>
            <trkpt lat="46.039459" lon="11.144124">
                <ele>0</ele>
            </trkpt>
            <trkpt lat="46.039395" lon="11.144143">
                <ele>0</ele>
            </trkpt>
            <trkpt lat="46.039332" lon="11.144174">
                <ele>0</ele>
            </trkpt>
            <trkpt lat="46.039248" lon="11.144234">
                <ele>0</ele>
            </trkpt>
            <trkpt lat="46.039167" lon="11.144318">
                <ele>0</ele>
            </trkpt>
            <trkpt lat="46.039104" lon="11.144408">
                <ele>0</ele>
            </trkpt>
            <trkpt lat="46.039022" lon="11.144531">
                <ele>0</ele>
            </trkpt>
            <trkpt lat="46.038901" lon="11.144728">
                <ele>0</ele>
            </trkpt>
            <trkpt lat="46.038654" lon="11.145184">
                <ele>0</ele>
            </trkpt>
            <trkpt lat="46.038602" lon="11.145262">
                <ele>0</ele>
            </trkpt>
            <trkpt lat="46.038474" lon="11.145385">
                <ele>0</ele>
            </trkpt>
            <trkpt lat="46.038416" lon="11.145427">
                <ele>0</ele>
            </trkpt>
            <trkpt lat="46.038347" lon="11.145474">
                <ele>0</ele>
            </trkpt>
            <trkpt lat="46.03824" lon="11.145531">
                <ele>0</ele>
            </trkpt>
            <trkpt lat="46.03811" lon="11.145558">
                <ele>0</ele>
            </trkpt>
            <trkpt lat="46.038021" lon="11.145573">
                <ele>0</ele>
            </trkpt>
            <trkpt lat="46.037931" lon="11.145576">
                <ele>0</ele>
            </trkpt>
            <trkpt lat="46.037615" lon="11.145594">
                <ele>0</ele>
            </trkpt>
            <trkpt lat="46.037322" lon="11.14561">
                <ele>0</ele>
            </trkpt>
            <trkpt lat="46.036999" lon="11.145633">
                <ele>0</ele>
            </trkpt>
            <trkpt lat="46.035963" lon="11.145713">
                <ele>0</ele>
            </trkpt>
            <trkpt lat="46.035583" lon="11.145799">
                <ele>0</ele>
            </trkpt>
            <trkpt lat="46.035478" lon="11.145844">
                <ele>0</ele>
            </trkpt>
            <trkpt lat="46.03534" lon="11.145894">
                <ele>0</ele>
            </trkpt>
            <trkpt lat="46.035094" lon="11.146027">
                <ele>0</ele>
            </trkpt>
            <trkpt lat="46.034967" lon="11.146098">
                <ele>0</ele>
            </trkpt>
            <trkpt lat="46.034886" lon="11.14614">
                <ele>0</ele>
            </trkpt>
            <trkpt lat="46.034748" lon="11.146176">
                <ele>0</ele>
            </trkpt>
            <trkpt lat="46.034187" lon="11.146201">
                <ele>0</ele>
            </trkpt>
            <trkpt lat="46.034135" lon="11.146207">
                <ele>0</ele>
            </trkpt>
            <trkpt lat="46.034053" lon="11.146226">
                <ele>0</ele>
            </trkpt>
            <trkpt lat="46.034035" lon="11.146231">
                <ele>0</ele>
            </trkpt>
            <trkpt lat="46.033989" lon="11.146234">
                <ele>0</ele>
            </trkpt>
            <trkpt lat="46.033916" lon="11.146239">
                <ele>0</ele>
            </trkpt>
            <trkpt lat="46.033858" lon="11.146223">
                <ele>0</ele>
            </trkpt>
            <trkpt lat="46.033837" lon="11.146203">
                <ele>0</ele>
            </trkpt>
            <trkpt lat="46.033813" lon="11.146193">
                <ele>0</ele>
            </trkpt>
            <trkpt lat="46.033787" lon="11.146193">
                <ele>0</ele>
            </trkpt>
            <trkpt lat="46.033763" lon="11.146205">
                <ele>0</ele>
            </trkpt>
            <trkpt lat="46.033743" lon="11.146226">
                <ele>0</ele>
            </trkpt>
            <trkpt lat="46.033728" lon="11.146256">
                <ele>0</ele>
            </trkpt>
            <trkpt lat="46.033683" lon="11.146301">
                <ele>0</ele>
            </trkpt>
            <trkpt lat="46.033572" lon="11.146359">
                <ele>0</ele>
            </trkpt>
            <trkpt lat="46.033486" lon="11.146393">
                <ele>0</ele>
            </trkpt>
            <trkpt lat="46.033424" lon="11.146424">
                <ele>0</ele>
            </trkpt>
            <trkpt lat="46.032812" lon="11.146772">
                <ele>0</ele>
            </trkpt>
            <trkpt lat="46.032654" lon="11.146854">
                <ele>0</ele>
            </trkpt>
            <trkpt lat="46.032552" lon="11.146891">
                <ele>0</ele>
            </trkpt>
            <trkpt lat="46.032447" lon="11.146916">
                <ele>0</ele>
            </trkpt>
            <trkpt lat="46.032365" lon="11.146926">
                <ele>0</ele>
            </trkpt>
            <trkpt lat="46.032238" lon="11.146926">
                <ele>0</ele>
            </trkpt>
            <trkpt lat="46.032127" lon="11.146908">
                <ele>0</ele>
            </trkpt>
            <trkpt lat="46.031485" lon="11.146692">
                <ele>0</ele>
            </trkpt>
            <trkpt lat="46.030792" lon="11.146414">
                <ele>0</ele>
            </trkpt>
            <trkpt lat="46.02998" lon="11.146162">
                <ele>0</ele>
            </trkpt>
            <trkpt lat="46.029843" lon="11.146114">
                <ele>0</ele>
            </trkpt>
            <trkpt lat="46.029579" lon="11.146023">
                <ele>0</ele>
            </trkpt>
            <trkpt lat="46.029516" lon="11.146006">
                <ele>0</ele>
            </trkpt>
            <trkpt lat="46.029179" lon="11.145912">
                <ele>0</ele>
            </trkpt>
            <trkpt lat="46.028686" lon="11.145873">
                <ele>0</ele>
            </trkpt>
            <trkpt lat="46.027912" lon="11.145885">
                <ele>0</ele>
            </trkpt>
            <trkpt lat="46.02668" lon="11.145823">
                <ele>0</ele>
            </trkpt>
            <trkpt lat="46.02648" lon="11.145853">
                <ele>0</ele>
            </trkpt>
            <trkpt lat="46.026403" lon="11.145882">
                <ele>0</ele>
            </trkpt>
            <trkpt lat="46.026295" lon="11.145923">
                <ele>0</ele>
            </trkpt>
            <trkpt lat="46.025948" lon="11.146124">
                <ele>0</ele>
            </trkpt>
            <trkpt lat="46.025276" lon="11.146482">
                <ele>0</ele>
            </trkpt>
            <trkpt lat="46.025095" lon="11.146547">
                <ele>0</ele>
            </trkpt>
            <trkpt lat="46.024958" lon="11.14654">
                <ele>0</ele>
            </trkpt>
            <trkpt lat="46.024808" lon="11.14644">
                <ele>0</ele>
            </trkpt>
            <trkpt lat="46.024705" lon="11.146316">
                <ele>0</ele>
            </trkpt>
            <trkpt lat="46.02452" lon="11.146033">
                <ele>0</ele>
            </trkpt>
            <trkpt lat="46.024391" lon="11.145782">
                <ele>0</ele>
            </trkpt>
            <trkpt lat="46.024206" lon="11.145483">
                <ele>0</ele>
            </trkpt>
            <trkpt lat="46.024114" lon="11.145392">
                <ele>0</ele>
            </trkpt>
            <trkpt lat="46.024009" lon="11.145326">
                <ele>0</ele>
            </trkpt>
            <trkpt lat="46.0239" lon="11.145289">
                <ele>0</ele>
            </trkpt>
            <trkpt lat="46.023788" lon="11.145274">
                <ele>0</ele>
            </trkpt>
            <trkpt lat="46.023551" lon="11.145292">
                <ele>0</ele>
            </trkpt>
            <trkpt lat="46.023311" lon="11.145364">
                <ele>0</ele>
            </trkpt>
            <trkpt lat="46.023019" lon="11.14544">
                <ele>0</ele>
            </trkpt>
            <trkpt lat="46.022849" lon="11.14545">
                <ele>0</ele>
            </trkpt>
            <trkpt lat="46.022592" lon="11.145407">
                <ele>0</ele>
            </trkpt>
            <trkpt lat="46.022297" lon="11.145236">
                <ele>0</ele>
            </trkpt>
            <trkpt lat="46.021848" lon="11.144994">
                <ele>0</ele>
            </trkpt>
            <trkpt lat="46.021742" lon="11.144975">
                <ele>0</ele>
            </trkpt>
            <trkpt lat="46.021613" lon="11.144976">
                <ele>0</ele>
            </trkpt>
            <trkpt lat="46.021487" lon="11.145007">
                <ele>0</ele>
            </trkpt>
            <trkpt lat="46.021312" lon="11.145073">
                <ele>0</ele>
            </trkpt>
            <trkpt lat="46.021193" lon="11.145121">
                <ele>0</ele>
            </trkpt>
            <trkpt lat="46.021" lon="11.145211">
                <ele>0</ele>
            </trkpt>
            <trkpt lat="46.020619" lon="11.14537">
                <ele>0</ele>
            </trkpt>
            <trkpt lat="46.020384" lon="11.145415">
                <ele>0</ele>
            </trkpt>
            <trkpt lat="46.020206" lon="11.145403">
                <ele>0</ele>
            </trkpt>
            <trkpt lat="46.020003" lon="11.14534">
                <ele>0</ele>
            </trkpt>
            <trkpt lat="46.019664" lon="11.14518">
                <ele>0</ele>
            </trkpt>
            <trkpt lat="46.019469" lon="11.145122">
                <ele>0</ele>
            </trkpt>
            <trkpt lat="46.019337" lon="11.145082">
                <ele>0</ele>
            </trkpt>
            <trkpt lat="46.019208" lon="11.145068">
                <ele>0</ele>
            </trkpt>
            <trkpt lat="46.018811" lon="11.145107">
                <ele>0</ele>
            </trkpt>
            <trkpt lat="46.018329" lon="11.145121">
                <ele>0</ele>
            </trkpt>
            <trkpt lat="46.018024" lon="11.14502">
                <ele>0</ele>
            </trkpt>
            <trkpt lat="46.017714" lon="11.144902">
                <ele>0</ele>
            </trkpt>
            <trkpt lat="46.017486" lon="11.14483">
                <ele>0</ele>
            </trkpt>
            <trkpt lat="46.017356" lon="11.144847">
                <ele>0</ele>
            </trkpt>
            <trkpt lat="46.017246" lon="11.14488">
                <ele>0</ele>
            </trkpt>
            <trkpt lat="46.017155" lon="11.144944">
                <ele>0</ele>
            </trkpt>
            <trkpt lat="46.017053" lon="11.145057">
                <ele>0</ele>
            </trkpt>
            <trkpt lat="46.017024" lon="11.145089">
                <ele>0</ele>
            </trkpt>
            <trkpt lat="46.016967" lon="11.145139">
                <ele>0</ele>
            </trkpt>
            <trkpt lat="46.016764" lon="11.145394">
                <ele>0</ele>
            </trkpt>
            <trkpt lat="46.016579" lon="11.145478">
                <ele>0</ele>
            </trkpt>
            <trkpt lat="46.01643" lon="11.145466">
                <ele>0</ele>
            </trkpt>
            <trkpt lat="46.016281" lon="11.145385">
                <ele>0</ele>
            </trkpt>
            <trkpt lat="46.016147" lon="11.145216">
                <ele>0</ele>
            </trkpt>
            <trkpt lat="46.016002" lon="11.145117">
                <ele>0</ele>
            </trkpt>
            <trkpt lat="46.015785" lon="11.145099">
                <ele>0</ele>
            </trkpt>
            <trkpt lat="46.015372" lon="11.145442">
                <ele>0</ele>
            </trkpt>
            <trkpt lat="46.015056" lon="11.145699">
                <ele>0</ele>
            </trkpt>
            <trkpt lat="46.014809" lon="11.145809">
                <ele>0</ele>
            </trkpt>
            <trkpt lat="46.012948" lon="11.146634">
                <ele>0</ele>
            </trkpt>
            <trkpt lat="46.012606" lon="11.146794">
                <ele>0</ele>
            </trkpt>
            <trkpt lat="46.012458" lon="11.147024">
                <ele>0</ele>
            </trkpt>
            <trkpt lat="46.012325" lon="11.147465">
                <ele>0</ele>
            </trkpt>
            <trkpt lat="46.012264" lon="11.147692">
                <ele>0</ele>
            </trkpt>
            <trkpt lat="46.012233" lon="11.147809">
                <ele>0</ele>
            </trkpt>
            <trkpt lat="46.012093" lon="11.148369">
                <ele>0</ele>
            </trkpt>
            <trkpt lat="46.011892" lon="11.148765">
                <ele>0</ele>
            </trkpt>
            <trkpt lat="46.011588" lon="11.149197">
                <ele>0</ele>
            </trkpt>
            <trkpt lat="46.011361" lon="11.149489">
                <ele>0</ele>
            </trkpt>
            <trkpt lat="46.01123" lon="11.149662">
                <ele>0</ele>
            </trkpt>
            <trkpt lat="46.011053" lon="11.149747">
                <ele>0</ele>
            </trkpt>
            <trkpt lat="46.010998" lon="11.149773">
                <ele>0</ele>
            </trkpt>
            <trkpt lat="46.01071" lon="11.149725">
                <ele>0</ele>
            </trkpt>
            <trkpt lat="46.010282" lon="11.149383">
                <ele>0</ele>
            </trkpt>
            <trkpt lat="46.00994" lon="11.14926">
                <ele>0</ele>
            </trkpt>
            <trkpt lat="46.009728" lon="11.149343">
                <ele>0</ele>
            </trkpt>
            <trkpt lat="46.009579" lon="11.149565">
                <ele>0</ele>
            </trkpt>
            <trkpt lat="46.009425" lon="11.149798">
                <ele>0</ele>
            </trkpt>
            <trkpt lat="46.009143" lon="11.150333">
                <ele>0</ele>
            </trkpt>
            <trkpt lat="46.0091" lon="11.150489">
                <ele>0</ele>
            </trkpt>
            <trkpt lat="46.009119" lon="11.15072">
                <ele>0</ele>
            </trkpt>
            <trkpt lat="46.009246" lon="11.151054">
                <ele>0</ele>
            </trkpt>
            <trkpt lat="46.009408" lon="11.151532">
                <ele>0</ele>
            </trkpt>
            <trkpt lat="46.009618" lon="11.15218">
                <ele>0</ele>
            </trkpt>
            <trkpt lat="46.009868" lon="11.153286">
                <ele>0</ele>
            </trkpt>
            <trkpt lat="46.010138" lon="11.153971">
                <ele>0</ele>
            </trkpt>
            <trkpt lat="46.010386" lon="11.154549">
                <ele>0</ele>
            </trkpt>
            <trkpt lat="46.010599" lon="11.155024">
                <ele>0</ele>
            </trkpt>
            <trkpt lat="46.010708" lon="11.155368">
                <ele>0</ele>
            </trkpt>
            <trkpt lat="46.010811" lon="11.155863">
                <ele>0</ele>
            </trkpt>
            <trkpt lat="46.010871" lon="11.156239">
                <ele>0</ele>
            </trkpt>
            <trkpt lat="46.010892" lon="11.156482">
                <ele>0</ele>
            </trkpt>
            <trkpt lat="46.010878" lon="11.156666">
                <ele>0</ele>
            </trkpt>
            <trkpt lat="46.010825" lon="11.15686">
                <ele>0</ele>
            </trkpt>
            <trkpt lat="46.01072" lon="11.157">
                <ele>0</ele>
            </trkpt>
            <trkpt lat="46.010544" lon="11.157076">
                <ele>0</ele>
            </trkpt>
            <trkpt lat="46.010392" lon="11.157041">
                <ele>0</ele>
            </trkpt>
            <trkpt lat="46.010101" lon="11.156629">
                <ele>0</ele>
            </trkpt>
            <trkpt lat="46.00999" lon="11.156453">
                <ele>0</ele>
            </trkpt>
            <trkpt lat="46.009866" lon="11.156241">
                <ele>0</ele>
            </trkpt>
            <trkpt lat="46.009823" lon="11.156183">
                <ele>0</ele>
            </trkpt>
            <trkpt lat="46.009711" lon="11.156032">
                <ele>0</ele>
            </trkpt>
            <trkpt lat="46.009504" lon="11.155955">
                <ele>0</ele>
            </trkpt>
            <trkpt lat="46.009356" lon="11.155962">
                <ele>0</ele>
            </trkpt>
            <trkpt lat="46.009194" lon="11.155918">
                <ele>0</ele>
            </trkpt>
            <trkpt lat="46.009013" lon="11.155774">
                <ele>0</ele>
            </trkpt>
            <trkpt lat="46.008949" lon="11.155718">
                <ele>0</ele>
            </trkpt>
            <trkpt lat="46.008947" lon="11.155716">
                <ele>0</ele>
            </trkpt>
            <trkpt lat="46.008748" lon="11.155541">
                <ele>0</ele>
            </trkpt>
            <trkpt lat="46.008666" lon="11.155476">
                <ele>0</ele>
            </trkpt>
            <trkpt lat="46.008611" lon="11.155453">
                <ele>0</ele>
            </trkpt>
            <trkpt lat="46.008589" lon="11.155444">
                <ele>0</ele>
            </trkpt>
            <trkpt lat="46.008518" lon="11.155442">
                <ele>0</ele>
            </trkpt>
            <trkpt lat="46.008434" lon="11.155462">
                <ele>0</ele>
            </trkpt>
            <trkpt lat="46.008398" lon="11.155484">
                <ele>0</ele>
            </trkpt>
            <trkpt lat="46.008358" lon="11.15551">
                <ele>0</ele>
            </trkpt>
            <trkpt lat="46.008275" lon="11.155611">
                <ele>0</ele>
            </trkpt>
            <trkpt lat="46.00821" lon="11.155761">
                <ele>0</ele>
            </trkpt>
            <trkpt lat="46.008004" lon="11.156442">
                <ele>0</ele>
            </trkpt>
            <trkpt lat="46.007983" lon="11.156513">
                <ele>0</ele>
            </trkpt>
            <trkpt lat="46.007878" lon="11.156897">
                <ele>0</ele>
            </trkpt>
            <trkpt lat="46.007858" lon="11.156965">
                <ele>0</ele>
            </trkpt>
            <trkpt lat="46.007857" lon="11.156968">
                <ele>0</ele>
            </trkpt>
            <trkpt lat="46.007649" lon="11.157674">
                <ele>0</ele>
            </trkpt>
            <trkpt lat="46.007609" lon="11.157814">
                <ele>0</ele>
            </trkpt>
            <trkpt lat="46.007575" lon="11.157986">
                <ele>0</ele>
            </trkpt>
            <trkpt lat="46.007543" lon="11.158251">
                <ele>0</ele>
            </trkpt>
            <trkpt lat="46.007584" lon="11.159344">
                <ele>0</ele>
            </trkpt>
            <trkpt lat="46.007546" lon="11.159646">
                <ele>0</ele>
            </trkpt>
            <trkpt lat="46.007429" lon="11.159899">
                <ele>0</ele>
            </trkpt>
            <trkpt lat="46.006574" lon="11.161454">
                <ele>0</ele>
            </trkpt>
            <trkpt lat="46.006466" lon="11.161809">
                <ele>0</ele>
            </trkpt>
            <trkpt lat="46.006432" lon="11.162051">
                <ele>0</ele>
            </trkpt>
            <trkpt lat="46.00642" lon="11.162151">
                <ele>0</ele>
            </trkpt>
            <trkpt lat="46.006406" lon="11.1624">
                <ele>0</ele>
            </trkpt>
            <trkpt lat="46.006391" lon="11.162964">
                <ele>0</ele>
            </trkpt>
            <trkpt lat="46.006341" lon="11.163992">
                <ele>0</ele>
            </trkpt>
            <trkpt lat="46.006309" lon="11.164728">
                <ele>0</ele>
            </trkpt>
            <trkpt lat="46.006301" lon="11.164913">
                <ele>0</ele>
            </trkpt>
            <trkpt lat="46.00628" lon="11.165421">
                <ele>0</ele>
            </trkpt>
            <trkpt lat="46.006284" lon="11.165696">
                <ele>0</ele>
            </trkpt>
            <trkpt lat="46.00632" lon="11.165926">
                <ele>0</ele>
            </trkpt>
            <trkpt lat="46.006476" lon="11.166281">
                <ele>0</ele>
            </trkpt>
            <trkpt lat="46.006769" lon="11.166874">
                <ele>0</ele>
            </trkpt>
            <trkpt lat="46.006862" lon="11.167142">
                <ele>0</ele>
            </trkpt>
            <trkpt lat="46.006863" lon="11.167478">
                <ele>0</ele>
            </trkpt>
            <trkpt lat="46.006811" lon="11.167845">
                <ele>0</ele>
            </trkpt>
            <trkpt lat="46.006729" lon="11.168373">
                <ele>0</ele>
            </trkpt>
            <trkpt lat="46.006638" lon="11.169048">
                <ele>0</ele>
            </trkpt>
            <trkpt lat="46.006588" lon="11.169882">
                <ele>0</ele>
            </trkpt>
            <trkpt lat="46.006564" lon="11.17028">
                <ele>0</ele>
            </trkpt>
            <trkpt lat="46.006502" lon="11.17152">
                <ele>0</ele>
            </trkpt>
            <trkpt lat="46.006317" lon="11.172269">
                <ele>0</ele>
            </trkpt>
            <trkpt lat="46.006197" lon="11.172699">
                <ele>0</ele>
            </trkpt>
            <trkpt lat="46.00604" lon="11.173308">
                <ele>0</ele>
            </trkpt>
            <trkpt lat="46.006019" lon="11.17339">
                <ele>0</ele>
            </trkpt>
            <trkpt lat="46.005887" lon="11.173901">
                <ele>0</ele>
            </trkpt>
            <trkpt lat="46.005756" lon="11.174348">
                <ele>0</ele>
            </trkpt>
            <trkpt lat="46.005726" lon="11.174789">
                <ele>0</ele>
            </trkpt>
            <trkpt lat="46.00574" lon="11.175486">
                <ele>0</ele>
            </trkpt>
            <trkpt lat="46.005782" lon="11.176053">
                <ele>0</ele>
            </trkpt>
            <trkpt lat="46.005676" lon="11.176798">
                <ele>0</ele>
            </trkpt>
            <trkpt lat="46.005531" lon="11.177638">
                <ele>0</ele>
            </trkpt>
            <trkpt lat="46.005338" lon="11.178253">
                <ele>0</ele>
            </trkpt>
            <trkpt lat="46.005233" lon="11.179065">
                <ele>0</ele>
            </trkpt>
            <trkpt lat="46.005017" lon="11.180109">
                <ele>0</ele>
            </trkpt>
            <trkpt lat="46.005047" lon="11.180552">
                <ele>0</ele>
            </trkpt>
            <trkpt lat="46.005135" lon="11.181202">
                <ele>0</ele>
            </trkpt>
            <trkpt lat="46.00498" lon="11.182113">
                <ele>0</ele>
            </trkpt>
            <trkpt lat="46.004927" lon="11.182703">
                <ele>0</ele>
            </trkpt>
            <trkpt lat="46.004927" lon="11.183129">
                <ele>0</ele>
            </trkpt>
            <trkpt lat="46.00494" lon="11.183648">
                <ele>0</ele>
            </trkpt>
            <trkpt lat="46.004973" lon="11.184013">
                <ele>0</ele>
            </trkpt>
            <trkpt lat="46.005026" lon="11.184255">
                <ele>0</ele>
            </trkpt>
            <trkpt lat="46.005204" lon="11.184637">
                <ele>0</ele>
            </trkpt>
            <trkpt lat="46.005244" lon="11.184776">
                <ele>0</ele>
            </trkpt>
            <trkpt lat="46.005281" lon="11.184932">
                <ele>0</ele>
            </trkpt>
            <trkpt lat="46.00529" lon="11.185183">
                <ele>0</ele>
            </trkpt>
            <trkpt lat="46.005264" lon="11.185623">
                <ele>0</ele>
            </trkpt>
            <trkpt lat="46.005274" lon="11.186215">
                <ele>0</ele>
            </trkpt>
            <trkpt lat="46.005351" lon="11.186921">
                <ele>0</ele>
            </trkpt>
            <trkpt lat="46.005487" lon="11.187514">
                <ele>0</ele>
            </trkpt>
            <trkpt lat="46.005586" lon="11.187869">
                <ele>0</ele>
            </trkpt>
            <trkpt lat="46.005645" lon="11.188134">
                <ele>0</ele>
            </trkpt>
            <trkpt lat="46.005656" lon="11.188183">
                <ele>0</ele>
            </trkpt>
            <trkpt lat="46.005814" lon="11.188823">
                <ele>0</ele>
            </trkpt>
            <trkpt lat="46.00586" lon="11.188994">
                <ele>0</ele>
            </trkpt>
            <trkpt lat="46.005875" lon="11.189075">
                <ele>0</ele>
            </trkpt>
            <trkpt lat="46.005894" lon="11.189255">
                <ele>0</ele>
            </trkpt>
            <trkpt lat="46.005901" lon="11.189862">
                <ele>0</ele>
            </trkpt>
            <trkpt lat="46.005911" lon="11.191159">
                <ele>0</ele>
            </trkpt>
            <trkpt lat="46.005889" lon="11.191479">
                <ele>0</ele>
            </trkpt>
            <trkpt lat="46.005827" lon="11.192135">
                <ele>0</ele>
            </trkpt>
            <trkpt lat="46.005819" lon="11.192219">
                <ele>0</ele>
            </trkpt>
            <trkpt lat="46.005786" lon="11.19252">
                <ele>0</ele>
            </trkpt>
            <trkpt lat="46.005695" lon="11.192936">
                <ele>0</ele>
            </trkpt>
            <trkpt lat="46.005568" lon="11.193407">
                <ele>0</ele>
            </trkpt>
            <trkpt lat="46.005503" lon="11.193584">
                <ele>0</ele>
            </trkpt>
            <trkpt lat="46.005361" lon="11.193833">
                <ele>0</ele>
            </trkpt>
            <trkpt lat="46.004765" lon="11.194776">
                <ele>0</ele>
            </trkpt>
            <trkpt lat="46.004717" lon="11.19485">
                <ele>0</ele>
            </trkpt>
            <trkpt lat="46.004491" lon="11.195212">
                <ele>0</ele>
            </trkpt>
            <trkpt lat="46.004303" lon="11.195518">
                <ele>0</ele>
            </trkpt>
            <trkpt lat="46.004138" lon="11.195787">
                <ele>0</ele>
            </trkpt>
            <trkpt lat="46.003903" lon="11.196159">
                <ele>0</ele>
            </trkpt>
            <trkpt lat="46.003855" lon="11.196236">
                <ele>0</ele>
            </trkpt>
            <trkpt lat="46.003726" lon="11.19645">
                <ele>0</ele>
            </trkpt>
            <trkpt lat="46.003676" lon="11.196532">
                <ele>0</ele>
            </trkpt>
            <trkpt lat="46.003567" lon="11.196722">
                <ele>0</ele>
            </trkpt>
            <trkpt lat="46.003379" lon="11.197094">
                <ele>0</ele>
            </trkpt>
            <trkpt lat="46.003346" lon="11.197161">
                <ele>0</ele>
            </trkpt>
            <trkpt lat="46.003311" lon="11.197232">
                <ele>0</ele>
            </trkpt>
            <trkpt lat="46.003196" lon="11.197469">
                <ele>0</ele>
            </trkpt>
            <trkpt lat="46.003146" lon="11.197573">
                <ele>0</ele>
            </trkpt>
            <trkpt lat="46.003029" lon="11.197815">
                <ele>0</ele>
            </trkpt>
            <trkpt lat="46.00295" lon="11.198033">
                <ele>0</ele>
            </trkpt>
            <trkpt lat="46.002897" lon="11.198256">
                <ele>0</ele>
            </trkpt>
            <trkpt lat="46.002775" lon="11.198931">
                <ele>0</ele>
            </trkpt>
            <trkpt lat="46.002774" lon="11.19894">
                <ele>0</ele>
            </trkpt>
            <trkpt lat="46.002767" lon="11.198976">
                <ele>0</ele>
            </trkpt>
            <trkpt lat="46.002711" lon="11.199254">
                <ele>0</ele>
            </trkpt>
            <trkpt lat="46.002642" lon="11.199448">
                <ele>0</ele>
            </trkpt>
            <trkpt lat="46.002595" lon="11.199545">
                <ele>0</ele>
            </trkpt>
            <trkpt lat="46.002501" lon="11.199694">
                <ele>0</ele>
            </trkpt>
            <trkpt lat="46.002378" lon="11.199877">
                <ele>0</ele>
            </trkpt>
            <trkpt lat="46.002224" lon="11.200072">
                <ele>0</ele>
            </trkpt>
            <trkpt lat="46.001986" lon="11.200267">
                <ele>0</ele>
            </trkpt>
            <trkpt lat="46.00179" lon="11.200416">
                <ele>0</ele>
            </trkpt>
            <trkpt lat="46.001397" lon="11.200788">
                <ele>0</ele>
            </trkpt>
            <trkpt lat="46.001232" lon="11.20098">
                <ele>0</ele>
            </trkpt>
            <trkpt lat="46.001075" lon="11.201226">
                <ele>0</ele>
            </trkpt>
            <trkpt lat="46.000688" lon="11.202024">
                <ele>0</ele>
            </trkpt>
            <trkpt lat="46.000362" lon="11.202749">
                <ele>0</ele>
            </trkpt>
            <trkpt lat="46.000259" lon="11.203052">
                <ele>0</ele>
            </trkpt>
            <trkpt lat="46.000141" lon="11.203282">
                <ele>0</ele>
            </trkpt>
            <trkpt lat="46.000047" lon="11.203386">
                <ele>0</ele>
            </trkpt>
            <trkpt lat="46.000012" lon="11.203381">
                <ele>0</ele>
            </trkpt>
            <trkpt lat="45.999956" lon="11.203397">
                <ele>0</ele>
            </trkpt>
            <trkpt lat="45.99991" lon="11.203433">
                <ele>0</ele>
            </trkpt>
            <trkpt lat="45.999872" lon="11.203485">
                <ele>0</ele>
            </trkpt>
            <trkpt lat="45.999849" lon="11.20354">
                <ele>0</ele>
            </trkpt>
            <trkpt lat="45.999836" lon="11.203601">
                <ele>0</ele>
            </trkpt>
            <trkpt lat="45.999832" lon="11.203664">
                <ele>0</ele>
            </trkpt>
            <trkpt lat="45.999712" lon="11.203965">
                <ele>0</ele>
            </trkpt>
            <trkpt lat="45.999674" lon="11.20406">
                <ele>0</ele>
            </trkpt>
            <trkpt lat="45.999399" lon="11.204632">
                <ele>0</ele>
            </trkpt>
            <trkpt lat="45.999082" lon="11.205299">
                <ele>0</ele>
            </trkpt>
            <trkpt lat="45.999035" lon="11.205395">
                <ele>0</ele>
            </trkpt>
            <trkpt lat="45.998436" lon="11.206609">
                <ele>0</ele>
            </trkpt>
            <trkpt lat="45.998349" lon="11.206898">
                <ele>0</ele>
            </trkpt>
            <trkpt lat="45.99833" lon="11.206962">
                <ele>0</ele>
            </trkpt>
            <trkpt lat="45.997895" lon="11.208579">
                <ele>0</ele>
            </trkpt>
            <trkpt lat="45.997811" lon="11.20889">
                <ele>0</ele>
            </trkpt>
            <trkpt lat="45.997385" lon="11.210479">
                <ele>0</ele>
            </trkpt>
            <trkpt lat="45.997356" lon="11.210584">
                <ele>0</ele>
            </trkpt>
            <trkpt lat="45.997077" lon="11.211512">
                <ele>0</ele>
            </trkpt>
            <trkpt lat="45.996989" lon="11.211805">
                <ele>0</ele>
            </trkpt>
            <trkpt lat="45.996962" lon="11.211871">
                <ele>0</ele>
            </trkpt>
            <trkpt lat="45.996961" lon="11.211874">
                <ele>0</ele>
            </trkpt>
            <trkpt lat="45.996914" lon="11.211987">
                <ele>0</ele>
            </trkpt>
            <trkpt lat="45.996794" lon="11.21228">
                <ele>0</ele>
            </trkpt>
            <trkpt lat="45.996713" lon="11.212476">
                <ele>0</ele>
            </trkpt>
            <trkpt lat="45.996407" lon="11.213222">
                <ele>0</ele>
            </trkpt>
            <trkpt lat="45.996185" lon="11.213808">
                <ele>0</ele>
            </trkpt>
            <trkpt lat="45.996098" lon="11.214077">
                <ele>0</ele>
            </trkpt>
            <trkpt lat="45.995824" lon="11.214931">
                <ele>0</ele>
            </trkpt>
            <trkpt lat="45.99581" lon="11.214975">
                <ele>0</ele>
            </trkpt>
            <trkpt lat="45.995672" lon="11.215402">
                <ele>0</ele>
            </trkpt>
            <trkpt lat="45.995569" lon="11.215649">
                <ele>0</ele>
            </trkpt>
            <trkpt lat="45.995482" lon="11.215831">
                <ele>0</ele>
            </trkpt>
            <trkpt lat="45.995308" lon="11.216144">
                <ele>0</ele>
            </trkpt>
            <trkpt lat="45.994673" lon="11.217236">
                <ele>0</ele>
            </trkpt>
            <trkpt lat="45.994556" lon="11.21741">
                <ele>0</ele>
            </trkpt>
            <trkpt lat="45.994483" lon="11.217466">
                <ele>0</ele>
            </trkpt>
            <trkpt lat="45.994417" lon="11.217499">
                <ele>0</ele>
            </trkpt>
            <trkpt lat="45.994045" lon="11.217519">
                <ele>0</ele>
            </trkpt>
            <trkpt lat="45.99395" lon="11.217524">
                <ele>0</ele>
            </trkpt>
            <trkpt lat="45.993857" lon="11.217531">
                <ele>0</ele>
            </trkpt>
            <trkpt lat="45.993786" lon="11.217556">
                <ele>0</ele>
            </trkpt>
            <trkpt lat="45.993746" lon="11.217577">
                <ele>0</ele>
            </trkpt>
            <trkpt lat="45.993715" lon="11.217593">
                <ele>0</ele>
            </trkpt>
            <trkpt lat="45.99365" lon="11.217663">
                <ele>0</ele>
            </trkpt>
            <trkpt lat="45.993584" lon="11.217768">
                <ele>0</ele>
            </trkpt>
            <trkpt lat="45.993506" lon="11.217893">
                <ele>0</ele>
            </trkpt>
            <trkpt lat="45.99316" lon="11.218424">
                <ele>0</ele>
            </trkpt>
            <trkpt lat="45.992937" lon="11.218786">
                <ele>0</ele>
            </trkpt>
            <trkpt lat="45.992797" lon="11.218983">
                <ele>0</ele>
            </trkpt>
            <trkpt lat="45.992779" lon="11.219008">
                <ele>0</ele>
            </trkpt>
            <trkpt lat="45.992566" lon="11.219332">
                <ele>0</ele>
            </trkpt>
            <trkpt lat="45.992426" lon="11.219551">
                <ele>0</ele>
            </trkpt>
            <trkpt lat="45.992386" lon="11.219611">
                <ele>0</ele>
            </trkpt>
            <trkpt lat="45.992309" lon="11.219726">
                <ele>0</ele>
            </trkpt>
            <trkpt lat="45.992226" lon="11.219801">
                <ele>0</ele>
            </trkpt>
            <trkpt lat="45.99213" lon="11.219852">
                <ele>0</ele>
            </trkpt>
            <trkpt lat="45.992055" lon="11.219889">
                <ele>0</ele>
            </trkpt>
            <trkpt lat="45.991968" lon="11.219899">
                <ele>0</ele>
            </trkpt>
            <trkpt lat="45.991813" lon="11.219867">
                <ele>0</ele>
            </trkpt>
            <trkpt lat="45.991775" lon="11.219855">
                <ele>0</ele>
            </trkpt>
            <trkpt lat="45.991237" lon="11.219688">
                <ele>0</ele>
            </trkpt>
            <trkpt lat="45.990934" lon="11.21958">
                <ele>0</ele>
            </trkpt>
            <trkpt lat="45.990679" lon="11.219489">
                <ele>0</ele>
            </trkpt>
            <trkpt lat="45.99063" lon="11.219468">
                <ele>0</ele>
            </trkpt>
            <trkpt lat="45.990626" lon="11.219466">
                <ele>0</ele>
            </trkpt>
            <trkpt lat="45.99062" lon="11.219463">
                <ele>0</ele>
            </trkpt>
            <trkpt lat="45.990394" lon="11.219365">
                <ele>0</ele>
            </trkpt>
            <trkpt lat="45.990054" lon="11.219218">
                <ele>0</ele>
            </trkpt>
            <trkpt lat="45.989468" lon="11.218975">
                <ele>0</ele>
            </trkpt>
            <trkpt lat="45.989304" lon="11.218981">
                <ele>0</ele>
            </trkpt>
            <trkpt lat="45.989235" lon="11.219015">
                <ele>0</ele>
            </trkpt>
            <trkpt lat="45.989161" lon="11.219079">
                <ele>0</ele>
            </trkpt>
            <trkpt lat="45.989115" lon="11.219126">
                <ele>0</ele>
            </trkpt>
            <trkpt lat="45.989053" lon="11.219188">
                <ele>0</ele>
            </trkpt>
            <trkpt lat="45.988716" lon="11.220048">
                <ele>0</ele>
            </trkpt>
            <trkpt lat="45.988579" lon="11.220394">
                <ele>0</ele>
            </trkpt>
            <trkpt lat="45.988428" lon="11.22078">
                <ele>0</ele>
            </trkpt>
            <trkpt lat="45.988397" lon="11.220923">
                <ele>0</ele>
            </trkpt>
            <trkpt lat="45.988386" lon="11.221184">
                <ele>0</ele>
            </trkpt>
            <trkpt lat="45.988444" lon="11.221395">
                <ele>0</ele>
            </trkpt>
            <trkpt lat="45.988822" lon="11.221947">
                <ele>0</ele>
            </trkpt>
            <trkpt lat="45.988947" lon="11.222138">
                <ele>0</ele>
            </trkpt>
            <trkpt lat="45.989135" lon="11.2225">
                <ele>0</ele>
            </trkpt>
            <trkpt lat="45.989625" lon="11.223596">
                <ele>0</ele>
            </trkpt>
            <trkpt lat="45.989762" lon="11.224094">
                <ele>0</ele>
            </trkpt>
            <trkpt lat="45.989836" lon="11.224628">
                <ele>0</ele>
            </trkpt>
            <trkpt lat="45.989856" lon="11.225155">
                <ele>0</ele>
            </trkpt>
            <trkpt lat="45.98985" lon="11.22539">
                <ele>0</ele>
            </trkpt>
            <trkpt lat="45.989798" lon="11.22568">
                <ele>0</ele>
            </trkpt>
            <trkpt lat="45.989721" lon="11.225997">
                <ele>0</ele>
            </trkpt>
            <trkpt lat="45.98968" lon="11.22616">
                <ele>0</ele>
            </trkpt>
            <trkpt lat="45.989663" lon="11.226243">
                <ele>0</ele>
            </trkpt>
            <trkpt lat="45.989651" lon="11.226424">
                <ele>0</ele>
            </trkpt>
            <trkpt lat="45.989637" lon="11.22665">
                <ele>0</ele>
            </trkpt>
            <trkpt lat="45.989578" lon="11.226965">
                <ele>0</ele>
            </trkpt>
            <trkpt lat="45.989438" lon="11.227326">
                <ele>0</ele>
            </trkpt>
            <trkpt lat="45.989268" lon="11.227623">
                <ele>0</ele>
            </trkpt>
            <trkpt lat="45.987905" lon="11.228985">
                <ele>0</ele>
            </trkpt>
            <trkpt lat="45.987273" lon="11.229592">
                <ele>0</ele>
            </trkpt>
            <trkpt lat="45.987021" lon="11.229898">
                <ele>0</ele>
            </trkpt>
            <trkpt lat="45.986766" lon="11.230315">
                <ele>0</ele>
            </trkpt>
            <trkpt lat="45.986615" lon="11.230554">
                <ele>0</ele>
            </trkpt>
            <trkpt lat="45.986524" lon="11.230648">
                <ele>0</ele>
            </trkpt>
            <trkpt lat="45.986418" lon="11.23064">
                <ele>0</ele>
            </trkpt>
            <trkpt lat="45.986328" lon="11.230543">
                <ele>0</ele>
            </trkpt>
            <trkpt lat="45.986242" lon="11.230445">
                <ele>0</ele>
            </trkpt>
            <trkpt lat="45.986157" lon="11.230393">
                <ele>0</ele>
            </trkpt>
            <trkpt lat="45.986041" lon="11.230402">
                <ele>0</ele>
            </trkpt>
            <trkpt lat="45.985959" lon="11.230524">
                <ele>0</ele>
            </trkpt>
            <trkpt lat="45.985892" lon="11.231121">
                <ele>0</ele>
            </trkpt>
            <trkpt lat="45.985785" lon="11.231273">
                <ele>0</ele>
            </trkpt>
            <trkpt lat="45.985642" lon="11.23131">
                <ele>0</ele>
            </trkpt>
            <trkpt lat="45.985442" lon="11.231246">
                <ele>0</ele>
            </trkpt>
            <trkpt lat="45.985194" lon="11.231224">
                <ele>0</ele>
            </trkpt>
            <trkpt lat="45.985109" lon="11.231256">
                <ele>0</ele>
            </trkpt>
            <trkpt lat="45.985035" lon="11.231342">
                <ele>0</ele>
            </trkpt>
            <trkpt lat="45.985013" lon="11.231487">
                <ele>0</ele>
            </trkpt>
            <trkpt lat="45.985046" lon="11.231627">
                <ele>0</ele>
            </trkpt>
            <trkpt lat="45.98513" lon="11.23178">
                <ele>0</ele>
            </trkpt>
            <trkpt lat="45.985176" lon="11.231867">
                <ele>0</ele>
            </trkpt>
            <trkpt lat="45.985216" lon="11.231947">
                <ele>0</ele>
            </trkpt>
            <trkpt lat="45.985218" lon="11.232074">
                <ele>0</ele>
            </trkpt>
            <trkpt lat="45.985197" lon="11.232208">
                <ele>0</ele>
            </trkpt>
            <trkpt lat="45.985092" lon="11.232359">
                <ele>0</ele>
            </trkpt>
            <trkpt lat="45.984901" lon="11.232474">
                <ele>0</ele>
            </trkpt>
            <trkpt lat="45.984741" lon="11.232546">
                <ele>0</ele>
            </trkpt>
            <trkpt lat="45.984636" lon="11.232666">
                <ele>0</ele>
            </trkpt>
            <trkpt lat="45.984596" lon="11.232773">
                <ele>0</ele>
            </trkpt>
            <trkpt lat="45.984565" lon="11.23307">
                <ele>0</ele>
            </trkpt>
            <trkpt lat="45.984539" lon="11.233209">
                <ele>0</ele>
            </trkpt>
            <trkpt lat="45.984488" lon="11.233303">
                <ele>0</ele>
            </trkpt>
            <trkpt lat="45.98436" lon="11.233392">
                <ele>0</ele>
            </trkpt>
            <trkpt lat="45.984138" lon="11.23348">
                <ele>0</ele>
            </trkpt>
            <trkpt lat="45.984004" lon="11.233549">
                <ele>0</ele>
            </trkpt>
            <trkpt lat="45.983879" lon="11.23374">
                <ele>0</ele>
            </trkpt>
            <trkpt lat="45.983631" lon="11.234178">
                <ele>0</ele>
            </trkpt>
            <trkpt lat="45.983466" lon="11.234379">
                <ele>0</ele>
            </trkpt>
            <trkpt lat="45.983166" lon="11.234638">
                <ele>0</ele>
            </trkpt>
            <trkpt lat="45.983018" lon="11.234797">
                <ele>0</ele>
            </trkpt>
            <trkpt lat="45.98293" lon="11.234919">
                <ele>0</ele>
            </trkpt>
            <trkpt lat="45.981943" lon="11.23672">
                <ele>0</ele>
            </trkpt>
            <trkpt lat="45.981765" lon="11.237054">
                <ele>0</ele>
            </trkpt>
            <trkpt lat="45.981759" lon="11.237064">
                <ele>0</ele>
            </trkpt>
            <trkpt lat="45.981754" lon="11.237074">
                <ele>0</ele>
            </trkpt>
            <trkpt lat="45.981709" lon="11.237158">
                <ele>0</ele>
            </trkpt>
            <trkpt lat="45.98154" lon="11.23761">
                <ele>0</ele>
            </trkpt>
            <trkpt lat="45.981316" lon="11.237976">
                <ele>0</ele>
            </trkpt>
            <trkpt lat="45.980977" lon="11.238302">
                <ele>0</ele>
            </trkpt>
            <trkpt lat="45.980724" lon="11.23843">
                <ele>0</ele>
            </trkpt>
            <trkpt lat="45.980596" lon="11.238479">
                <ele>0</ele>
            </trkpt>
            <trkpt lat="45.980397" lon="11.23853">
                <ele>0</ele>
            </trkpt>
            <trkpt lat="45.979889" lon="11.238568">
                <ele>0</ele>
            </trkpt>
            <trkpt lat="45.979751" lon="11.238558">
                <ele>0</ele>
            </trkpt>
            <trkpt lat="45.979635" lon="11.238509">
                <ele>0</ele>
            </trkpt>
            <trkpt lat="45.979528" lon="11.238443">
                <ele>0</ele>
            </trkpt>
            <trkpt lat="45.979301" lon="11.238206">
                <ele>0</ele>
            </trkpt>
            <trkpt lat="45.979228" lon="11.238064">
                <ele>0</ele>
            </trkpt>
            <trkpt lat="45.979213" lon="11.238016">
                <ele>0</ele>
            </trkpt>
            <trkpt lat="45.97919" lon="11.237944">
                <ele>0</ele>
            </trkpt>
            <trkpt lat="45.979165" lon="11.237839">
                <ele>0</ele>
            </trkpt>
            <trkpt lat="45.979082" lon="11.237212">
                <ele>0</ele>
            </trkpt>
            <trkpt lat="45.97903" lon="11.236975">
                <ele>0</ele>
            </trkpt>
            <trkpt lat="45.978991" lon="11.236865">
                <ele>0</ele>
            </trkpt>
            <trkpt lat="45.978949" lon="11.236715">
                <ele>0</ele>
            </trkpt>
            <trkpt lat="45.978943" lon="11.236694">
                <ele>0</ele>
            </trkpt>
            <trkpt lat="45.978855" lon="11.236566">
                <ele>0</ele>
            </trkpt>
            <trkpt lat="45.978731" lon="11.23648">
                <ele>0</ele>
            </trkpt>
            <trkpt lat="45.978723" lon="11.236451">
                <ele>0</ele>
            </trkpt>
            <trkpt lat="45.978705" lon="11.236414">
                <ele>0</ele>
            </trkpt>
            <trkpt lat="45.978679" lon="11.236387">
                <ele>0</ele>
            </trkpt>
            <trkpt lat="45.978657" lon="11.236374">
                <ele>0</ele>
            </trkpt>
            <trkpt lat="45.978632" lon="11.23637">
                <ele>0</ele>
            </trkpt>
            <trkpt lat="45.978574" lon="11.236305">
                <ele>0</ele>
            </trkpt>
            <trkpt lat="45.978467" lon="11.236182">
                <ele>0</ele>
            </trkpt>
            <trkpt lat="45.978448" lon="11.23617">
                <ele>0</ele>
            </trkpt>
            <trkpt lat="45.978239" lon="11.235973">
                <ele>0</ele>
            </trkpt>
            <trkpt lat="45.978188" lon="11.235929">
                <ele>0</ele>
            </trkpt>
            <trkpt lat="45.978179" lon="11.235921">
                <ele>0</ele>
            </trkpt>
            <trkpt lat="45.977909" lon="11.235693">
                <ele>0</ele>
            </trkpt>
            <trkpt lat="45.977847" lon="11.235637">
                <ele>0</ele>
            </trkpt>
            <trkpt lat="45.977845" lon="11.235635">
                <ele>0</ele>
            </trkpt>
            <trkpt lat="45.977724" lon="11.235526">
                <ele>0</ele>
            </trkpt>
            <trkpt lat="45.977665" lon="11.235471">
                <ele>0</ele>
            </trkpt>
            <trkpt lat="45.977574" lon="11.235387">
                <ele>0</ele>
            </trkpt>
            <trkpt lat="45.977506" lon="11.235305">
                <ele>0</ele>
            </trkpt>
            <trkpt lat="45.97744" lon="11.235183">
                <ele>0</ele>
            </trkpt>
            <trkpt lat="45.97729" lon="11.234664">
                <ele>0</ele>
            </trkpt>
            <trkpt lat="45.977241" lon="11.234549">
                <ele>0</ele>
            </trkpt>
            <trkpt lat="45.977155" lon="11.2344">
                <ele>0</ele>
            </trkpt>
            <trkpt lat="45.977093" lon="11.234253">
                <ele>0</ele>
            </trkpt>
            <trkpt lat="45.977059" lon="11.234131">
                <ele>0</ele>
            </trkpt>
            <trkpt lat="45.977033" lon="11.233977">
                <ele>0</ele>
            </trkpt>
            <trkpt lat="45.977014" lon="11.233857">
                <ele>0</ele>
            </trkpt>
            <trkpt lat="45.977006" lon="11.233836">
                <ele>0</ele>
            </trkpt>
            <trkpt lat="45.976982" lon="11.233776">
                <ele>0</ele>
            </trkpt>
            <trkpt lat="45.976917" lon="11.233696">
                <ele>0</ele>
            </trkpt>
            <trkpt lat="45.976842" lon="11.233626">
                <ele>0</ele>
            </trkpt>
            <trkpt lat="45.976681" lon="11.233476">
                <ele>0</ele>
            </trkpt>
            <trkpt lat="45.976251" lon="11.233124">
                <ele>0</ele>
            </trkpt>
            <trkpt lat="45.975698" lon="11.232763">
                <ele>0</ele>
            </trkpt>
            <trkpt lat="45.975602" lon="11.232714">
                <ele>0</ele>
            </trkpt>
            <trkpt lat="45.975501" lon="11.232691">
                <ele>0</ele>
            </trkpt>
            <trkpt lat="45.975063" lon="11.232771">
                <ele>0</ele>
            </trkpt>
            <trkpt lat="45.974506" lon="11.232869">
                <ele>0</ele>
            </trkpt>
            <trkpt lat="45.974429" lon="11.232873">
                <ele>0</ele>
            </trkpt>
            <trkpt lat="45.974144" lon="11.232751">
                <ele>0</ele>
            </trkpt>
            <trkpt lat="45.973768" lon="11.232587">
                <ele>0</ele>
            </trkpt>
            <trkpt lat="45.973686" lon="11.232533">
                <ele>0</ele>
            </trkpt>
            <trkpt lat="45.973617" lon="11.232453">
                <ele>0</ele>
            </trkpt>
            <trkpt lat="45.973495" lon="11.232283">
                <ele>0</ele>
            </trkpt>
            <trkpt lat="45.9734" lon="11.232193">
                <ele>0</ele>
            </trkpt>
            <trkpt lat="45.973315" lon="11.232158">
                <ele>0</ele>
            </trkpt>
            <trkpt lat="45.972987" lon="11.232139">
                <ele>0</ele>
            </trkpt>
            <trkpt lat="45.97286" lon="11.232112">
                <ele>0</ele>
            </trkpt>
            <trkpt lat="45.972787" lon="11.232067">
                <ele>0</ele>
            </trkpt>
            <trkpt lat="45.972724" lon="11.232">
                <ele>0</ele>
            </trkpt>
            <trkpt lat="45.972692" lon="11.231919">
                <ele>0</ele>
            </trkpt>
            <trkpt lat="45.972655" lon="11.231769">
                <ele>0</ele>
            </trkpt>
            <trkpt lat="45.972612" lon="11.231589">
                <ele>0</ele>
            </trkpt>
            <trkpt lat="45.972572" lon="11.231469">
                <ele>0</ele>
            </trkpt>
            <trkpt lat="45.972519" lon="11.231375">
                <ele>0</ele>
            </trkpt>
            <trkpt lat="45.97235" lon="11.231143">
                <ele>0</ele>
            </trkpt>
            <trkpt lat="45.972272" lon="11.231036">
                <ele>0</ele>
            </trkpt>
            <trkpt lat="45.972183" lon="11.230962">
                <ele>0</ele>
            </trkpt>
            <trkpt lat="45.972088" lon="11.230924">
                <ele>0</ele>
            </trkpt>
            <trkpt lat="45.971995" lon="11.230921">
                <ele>0</ele>
            </trkpt>
            <trkpt lat="45.97187" lon="11.230954">
                <ele>0</ele>
            </trkpt>
            <trkpt lat="45.97167" lon="11.23101">
                <ele>0</ele>
            </trkpt>
            <trkpt lat="45.971562" lon="11.23102">
                <ele>0</ele>
            </trkpt>
            <trkpt lat="45.971461" lon="11.231016">
                <ele>0</ele>
            </trkpt>
            <trkpt lat="45.971374" lon="11.231032">
                <ele>0</ele>
            </trkpt>
            <trkpt lat="45.971173" lon="11.231173">
                <ele>0</ele>
            </trkpt>
            <trkpt lat="45.971082" lon="11.231176">
                <ele>0</ele>
            </trkpt>
            <trkpt lat="45.97097" lon="11.23111">
                <ele>0</ele>
            </trkpt>
            <trkpt lat="45.970451" lon="11.230715">
                <ele>0</ele>
            </trkpt>
            <trkpt lat="45.97039" lon="11.230683">
                <ele>0</ele>
            </trkpt>
            <trkpt lat="45.97033" lon="11.230675">
                <ele>0</ele>
            </trkpt>
            <trkpt lat="45.970151" lon="11.230739">
                <ele>0</ele>
            </trkpt>
            <trkpt lat="45.97006" lon="11.23076">
                <ele>0</ele>
            </trkpt>
            <trkpt lat="45.969998" lon="11.230761">
                <ele>0</ele>
            </trkpt>
            <trkpt lat="45.969627" lon="11.230579">
                <ele>0</ele>
            </trkpt>
            <trkpt lat="45.969298" lon="11.23041">
                <ele>0</ele>
            </trkpt>
            <trkpt lat="45.969215" lon="11.230334">
                <ele>0</ele>
            </trkpt>
            <trkpt lat="45.96912" lon="11.230194">
                <ele>0</ele>
            </trkpt>
            <trkpt lat="45.969038" lon="11.229996">
                <ele>0</ele>
            </trkpt>
            <trkpt lat="45.968992" lon="11.229806">
                <ele>0</ele>
            </trkpt>
            <trkpt lat="45.968986" lon="11.229661">
                <ele>0</ele>
            </trkpt>
            <trkpt lat="45.969006" lon="11.229486">
                <ele>0</ele>
            </trkpt>
            <trkpt lat="45.96903" lon="11.229379">
                <ele>0</ele>
            </trkpt>
            <trkpt lat="45.96904" lon="11.229291">
                <ele>0</ele>
            </trkpt>
            <trkpt lat="45.969037" lon="11.229191">
                <ele>0</ele>
            </trkpt>
            <trkpt lat="45.969015" lon="11.229104">
                <ele>0</ele>
            </trkpt>
            <trkpt lat="45.968882" lon="11.228768">
                <ele>0</ele>
            </trkpt>
            <trkpt lat="45.96885" lon="11.228688">
                <ele>0</ele>
            </trkpt>
            <trkpt lat="45.968638" lon="11.228141">
                <ele>0</ele>
            </trkpt>
            <trkpt lat="45.968553" lon="11.227978">
                <ele>0</ele>
            </trkpt>
            <trkpt lat="45.968258" lon="11.227585">
                <ele>0</ele>
            </trkpt>
            <trkpt lat="45.968009" lon="11.227333">
                <ele>0</ele>
            </trkpt>
            <trkpt lat="45.967702" lon="11.227142">
                <ele>0</ele>
            </trkpt>
            <trkpt lat="45.967319" lon="11.226879">
                <ele>0</ele>
            </trkpt>
            <trkpt lat="45.967279" lon="11.226852">
                <ele>0</ele>
            </trkpt>
            <trkpt lat="45.967264" lon="11.226842">
                <ele>0</ele>
            </trkpt>
            <trkpt lat="45.967163" lon="11.226805">
                <ele>0</ele>
            </trkpt>
            <trkpt lat="45.967068" lon="11.22683">
                <ele>0</ele>
            </trkpt>
            <trkpt lat="45.966652" lon="11.227184">
                <ele>0</ele>
            </trkpt>
            <trkpt lat="45.966569" lon="11.227218">
                <ele>0</ele>
            </trkpt>
            <trkpt lat="45.966413" lon="11.227244">
                <ele>0</ele>
            </trkpt>
            <trkpt lat="45.966318" lon="11.22722">
                <ele>0</ele>
            </trkpt>
            <trkpt lat="45.966224" lon="11.227163">
                <ele>0</ele>
            </trkpt>
            <trkpt lat="45.966078" lon="11.227008">
                <ele>0</ele>
            </trkpt>
            <trkpt lat="45.965974" lon="11.226899">
                <ele>0</ele>
            </trkpt>
            <trkpt lat="45.965889" lon="11.226866">
                <ele>0</ele>
            </trkpt>
            <trkpt lat="45.965755" lon="11.226873">
                <ele>0</ele>
            </trkpt>
            <trkpt lat="45.965671" lon="11.226873">
                <ele>0</ele>
            </trkpt>
            <trkpt lat="45.965593" lon="11.226837">
                <ele>0</ele>
            </trkpt>
            <trkpt lat="45.965435" lon="11.226689">
                <ele>0</ele>
            </trkpt>
            <trkpt lat="45.965301" lon="11.226522">
                <ele>0</ele>
            </trkpt>
            <trkpt lat="45.96526" lon="11.226378">
                <ele>0</ele>
            </trkpt>
            <trkpt lat="45.965276" lon="11.226149">
                <ele>0</ele>
            </trkpt>
            <trkpt lat="45.965314" lon="11.225716">
                <ele>0</ele>
            </trkpt>
            <trkpt lat="45.96534" lon="11.225264">
                <ele>0</ele>
            </trkpt>
            <trkpt lat="45.965337" lon="11.224958">
                <ele>0</ele>
            </trkpt>
            <trkpt lat="45.965342" lon="11.224677">
                <ele>0</ele>
            </trkpt>
            <trkpt lat="45.965342" lon="11.224487">
                <ele>0</ele>
            </trkpt>
            <trkpt lat="45.965325" lon="11.22435">
                <ele>0</ele>
            </trkpt>
            <trkpt lat="45.965247" lon="11.224161">
                <ele>0</ele>
            </trkpt>
            <trkpt lat="45.965066" lon="11.223736">
                <ele>0</ele>
            </trkpt>
            <trkpt lat="45.965007" lon="11.223478">
                <ele>0</ele>
            </trkpt>
            <trkpt lat="45.964982" lon="11.222857">
                <ele>0</ele>
            </trkpt>
            <trkpt lat="45.964941" lon="11.222741">
                <ele>0</ele>
            </trkpt>
            <trkpt lat="45.964876" lon="11.22267">
                <ele>0</ele>
            </trkpt>
            <trkpt lat="45.9646" lon="11.222568">
                <ele>0</ele>
            </trkpt>
            <trkpt lat="45.964429" lon="11.222432">
                <ele>0</ele>
            </trkpt>
            <trkpt lat="45.96432" lon="11.222235">
                <ele>0</ele>
            </trkpt>
            <trkpt lat="45.964243" lon="11.221814">
                <ele>0</ele>
            </trkpt>
            <trkpt lat="45.964177" lon="11.22159">
                <ele>0</ele>
            </trkpt>
            <trkpt lat="45.964053" lon="11.221412">
                <ele>0</ele>
            </trkpt>
            <trkpt lat="45.963853" lon="11.221265">
                <ele>0</ele>
            </trkpt>
            <trkpt lat="45.963366" lon="11.221068">
                <ele>0</ele>
            </trkpt>
            <trkpt lat="45.963068" lon="11.221005">
                <ele>0</ele>
            </trkpt>
            <trkpt lat="45.962861" lon="11.220884">
                <ele>0</ele>
            </trkpt>
            <trkpt lat="45.962683" lon="11.220719">
                <ele>0</ele>
            </trkpt>
            <trkpt lat="45.962233" lon="11.220313">
                <ele>0</ele>
            </trkpt>
            <trkpt lat="45.9622" lon="11.220241">
                <ele>0</ele>
            </trkpt>
            <trkpt lat="45.962185" lon="11.220158">
                <ele>0</ele>
            </trkpt>
            <trkpt lat="45.962174" lon="11.220015">
                <ele>0</ele>
            </trkpt>
            <trkpt lat="45.962179" lon="11.219731">
                <ele>0</ele>
            </trkpt>
            <trkpt lat="45.962162" lon="11.219619">
                <ele>0</ele>
            </trkpt>
            <trkpt lat="45.962142" lon="11.219554">
                <ele>0</ele>
            </trkpt>
            <trkpt lat="45.962113" lon="11.21949">
                <ele>0</ele>
            </trkpt>
            <trkpt lat="45.962069" lon="11.219417">
                <ele>0</ele>
            </trkpt>
            <trkpt lat="45.961999" lon="11.219348">
                <ele>0</ele>
            </trkpt>
            <trkpt lat="45.961578" lon="11.219068">
                <ele>0</ele>
            </trkpt>
            <trkpt lat="45.96135" lon="11.218931">
                <ele>0</ele>
            </trkpt>
            <trkpt lat="45.961242" lon="11.218921">
                <ele>0</ele>
            </trkpt>
            <trkpt lat="45.961146" lon="11.218976">
                <ele>0</ele>
            </trkpt>
            <trkpt lat="45.961073" lon="11.219119">
                <ele>0</ele>
            </trkpt>
            <trkpt lat="45.960974" lon="11.219403">
                <ele>0</ele>
            </trkpt>
            <trkpt lat="45.960914" lon="11.219459">
                <ele>0</ele>
            </trkpt>
            <trkpt lat="45.960798" lon="11.219487">
                <ele>0</ele>
            </trkpt>
            <trkpt lat="45.960702" lon="11.219498">
                <ele>0</ele>
            </trkpt>
            <trkpt lat="45.960495" lon="11.21953">
                <ele>0</ele>
            </trkpt>
            <trkpt lat="45.960322" lon="11.219549">
                <ele>0</ele>
            </trkpt>
            <trkpt lat="45.960275" lon="11.219522">
                <ele>0</ele>
            </trkpt>
            <trkpt lat="45.960225" lon="11.219463">
                <ele>0</ele>
            </trkpt>
            <trkpt lat="45.960184" lon="11.219372">
                <ele>0</ele>
            </trkpt>
            <trkpt lat="45.960096" lon="11.219135">
                <ele>0</ele>
            </trkpt>
            <trkpt lat="45.960057" lon="11.219068">
                <ele>0</ele>
            </trkpt>
            <trkpt lat="45.960005" lon="11.219036">
                <ele>0</ele>
            </trkpt>
            <trkpt lat="45.959958" lon="11.219035">
                <ele>0</ele>
            </trkpt>
            <trkpt lat="45.959886" lon="11.219058">
                <ele>0</ele>
            </trkpt>
            <trkpt lat="45.959796" lon="11.219122">
                <ele>0</ele>
            </trkpt>
            <trkpt lat="45.95963" lon="11.2194">
                <ele>0</ele>
            </trkpt>
            <trkpt lat="45.959466" lon="11.219691">
                <ele>0</ele>
            </trkpt>
            <trkpt lat="45.959369" lon="11.219758">
                <ele>0</ele>
            </trkpt>
            <trkpt lat="45.959285" lon="11.219761">
                <ele>0</ele>
            </trkpt>
            <trkpt lat="45.959198" lon="11.219718">
                <ele>0</ele>
            </trkpt>
            <trkpt lat="45.95914" lon="11.219645">
                <ele>0</ele>
            </trkpt>
            <trkpt lat="45.959078" lon="11.219553">
                <ele>0</ele>
            </trkpt>
            <trkpt lat="45.959019" lon="11.219503">
                <ele>0</ele>
            </trkpt>
            <trkpt lat="45.958972" lon="11.219489">
                <ele>0</ele>
            </trkpt>
            <trkpt lat="45.958914" lon="11.219498">
                <ele>0</ele>
            </trkpt>
            <trkpt lat="45.958771" lon="11.219598">
                <ele>0</ele>
            </trkpt>
            <trkpt lat="45.958517" lon="11.219778">
                <ele>0</ele>
            </trkpt>
            <trkpt lat="45.95846" lon="11.219867">
                <ele>0</ele>
            </trkpt>
            <trkpt lat="45.958448" lon="11.219985">
                <ele>0</ele>
            </trkpt>
            <trkpt lat="45.95858" lon="11.220485">
                <ele>0</ele>
            </trkpt>
            <trkpt lat="45.958623" lon="11.220632">
                <ele>0</ele>
            </trkpt>
            <trkpt lat="45.958641" lon="11.220763">
                <ele>0</ele>
            </trkpt>
            <trkpt lat="45.95862" lon="11.220891">
                <ele>0</ele>
            </trkpt>
            <trkpt lat="45.958562" lon="11.22098">
                <ele>0</ele>
            </trkpt>
            <trkpt lat="45.958486" lon="11.221022">
                <ele>0</ele>
            </trkpt>
            <trkpt lat="45.958233" lon="11.221036">
                <ele>0</ele>
            </trkpt>
            <trkpt lat="45.957649" lon="11.221041">
                <ele>0</ele>
            </trkpt>
            <trkpt lat="45.957494" lon="11.221013">
                <ele>0</ele>
            </trkpt>
            <trkpt lat="45.957416" lon="11.220961">
                <ele>0</ele>
            </trkpt>
            <trkpt lat="45.957334" lon="11.220819">
                <ele>0</ele>
            </trkpt>
            <trkpt lat="45.957147" lon="11.220278">
                <ele>0</ele>
            </trkpt>
            <trkpt lat="45.957103" lon="11.220061">
                <ele>0</ele>
            </trkpt>
            <trkpt lat="45.957081" lon="11.219841">
                <ele>0</ele>
            </trkpt>
            <trkpt lat="45.957072" lon="11.219372">
                <ele>0</ele>
            </trkpt>
            <trkpt lat="45.957063" lon="11.219267">
                <ele>0</ele>
            </trkpt>
            <trkpt lat="45.957037" lon="11.219176">
                <ele>0</ele>
            </trkpt>
            <trkpt lat="45.956995" lon="11.219096">
                <ele>0</ele>
            </trkpt>
            <trkpt lat="45.956936" lon="11.219036">
                <ele>0</ele>
            </trkpt>
            <trkpt lat="45.956874" lon="11.218996">
                <ele>0</ele>
            </trkpt>
            <trkpt lat="45.956774" lon="11.218972">
                <ele>0</ele>
            </trkpt>
            <trkpt lat="45.956612" lon="11.218936">
                <ele>0</ele>
            </trkpt>
            <trkpt lat="45.956561" lon="11.218905">
                <ele>0</ele>
            </trkpt>
            <trkpt lat="45.956505" lon="11.218843">
                <ele>0</ele>
            </trkpt>
            <trkpt lat="45.956464" lon="11.218755">
                <ele>0</ele>
            </trkpt>
            <trkpt lat="45.956421" lon="11.218597">
                <ele>0</ele>
            </trkpt>
            <trkpt lat="45.95638" lon="11.218465">
                <ele>0</ele>
            </trkpt>
            <trkpt lat="45.956346" lon="11.218414">
                <ele>0</ele>
            </trkpt>
            <trkpt lat="45.956279" lon="11.218341">
                <ele>0</ele>
            </trkpt>
            <trkpt lat="45.956113" lon="11.218197">
                <ele>0</ele>
            </trkpt>
            <trkpt lat="45.955879" lon="11.21776">
                <ele>0</ele>
            </trkpt>
            <trkpt lat="45.95578" lon="11.217647">
                <ele>0</ele>
            </trkpt>
            <trkpt lat="45.955707" lon="11.217564">
                <ele>0</ele>
            </trkpt>
            <trkpt lat="45.95567" lon="11.217475">
                <ele>0</ele>
            </trkpt>
            <trkpt lat="45.95566" lon="11.217368">
                <ele>0</ele>
            </trkpt>
            <trkpt lat="45.955687" lon="11.217213">
                <ele>0</ele>
            </trkpt>
            <trkpt lat="45.955726" lon="11.217033">
                <ele>0</ele>
            </trkpt>
            <trkpt lat="45.955738" lon="11.216896">
                <ele>0</ele>
            </trkpt>
            <trkpt lat="45.955718" lon="11.216785">
                <ele>0</ele>
            </trkpt>
            <trkpt lat="45.955658" lon="11.216674">
                <ele>0</ele>
            </trkpt>
            <trkpt lat="45.955552" lon="11.216504">
                <ele>0</ele>
            </trkpt>
            <trkpt lat="45.955495" lon="11.216397">
                <ele>0</ele>
            </trkpt>
            <trkpt lat="45.955405" lon="11.216045">
                <ele>0</ele>
            </trkpt>
            <trkpt lat="45.955353" lon="11.215955">
                <ele>0</ele>
            </trkpt>
            <trkpt lat="45.955282" lon="11.215906">
                <ele>0</ele>
            </trkpt>
            <trkpt lat="45.955112" lon="11.215869">
                <ele>0</ele>
            </trkpt>
            <trkpt lat="45.954821" lon="11.215825">
                <ele>0</ele>
            </trkpt>
            <trkpt lat="45.954745" lon="11.21584">
                <ele>0</ele>
            </trkpt>
            <trkpt lat="45.954496" lon="11.215935">
                <ele>0</ele>
            </trkpt>
            <trkpt lat="45.954327" lon="11.215909">
                <ele>0</ele>
            </trkpt>
            <trkpt lat="45.954054" lon="11.215834">
                <ele>0</ele>
            </trkpt>
            <trkpt lat="45.953942" lon="11.215722">
                <ele>0</ele>
            </trkpt>
            <trkpt lat="45.953861" lon="11.215527">
                <ele>0</ele>
            </trkpt>
            <trkpt lat="45.953769" lon="11.215269">
                <ele>0</ele>
            </trkpt>
            <trkpt lat="45.953647" lon="11.21509">
                <ele>0</ele>
            </trkpt>
            <trkpt lat="45.953281" lon="11.214762">
                <ele>0</ele>
            </trkpt>
            <trkpt lat="45.952952" lon="11.214386">
                <ele>0</ele>
            </trkpt>
            <trkpt lat="45.952935" lon="11.214368">
                <ele>0</ele>
            </trkpt>
            <trkpt lat="45.952592" lon="11.214195">
                <ele>0</ele>
            </trkpt>
            <trkpt lat="45.952529" lon="11.21411">
                <ele>0</ele>
            </trkpt>
            <trkpt lat="45.952491" lon="11.214002">
                <ele>0</ele>
            </trkpt>
            <trkpt lat="45.952483" lon="11.213895">
                <ele>0</ele>
            </trkpt>
            <trkpt lat="45.952497" lon="11.213131">
                <ele>0</ele>
            </trkpt>
            <trkpt lat="45.952365" lon="11.212252">
                <ele>0</ele>
            </trkpt>
            <trkpt lat="45.952266" lon="11.211657">
                <ele>0</ele>
            </trkpt>
            <trkpt lat="45.952211" lon="11.21154">
                <ele>0</ele>
            </trkpt>
            <trkpt lat="45.95216" lon="11.211431">
                <ele>0</ele>
            </trkpt>
            <trkpt lat="45.951687" lon="11.210899">
                <ele>0</ele>
            </trkpt>
            <trkpt lat="45.951437" lon="11.210632">
                <ele>0</ele>
            </trkpt>
            <trkpt lat="45.951138" lon="11.210313">
                <ele>0</ele>
            </trkpt>
            <trkpt lat="45.951044" lon="11.210264">
                <ele>0</ele>
            </trkpt>
            <trkpt lat="45.950951" lon="11.210274">
                <ele>0</ele>
            </trkpt>
            <trkpt lat="45.950895" lon="11.210288">
                <ele>0</ele>
            </trkpt>
            <trkpt lat="45.950835" lon="11.210326">
                <ele>0</ele>
            </trkpt>
            <trkpt lat="45.950775" lon="11.21038">
                <ele>0</ele>
            </trkpt>
            <trkpt lat="45.9507" lon="11.210542">
                <ele>0</ele>
            </trkpt>
            <trkpt lat="45.950566" lon="11.210847">
                <ele>0</ele>
            </trkpt>
            <trkpt lat="45.950517" lon="11.210938">
                <ele>0</ele>
            </trkpt>
            <trkpt lat="45.950457" lon="11.210995">
                <ele>0</ele>
            </trkpt>
            <trkpt lat="45.95041" lon="11.21103">
                <ele>0</ele>
            </trkpt>
            <trkpt lat="45.950309" lon="11.211051">
                <ele>0</ele>
            </trkpt>
            <trkpt lat="45.950153" lon="11.211015">
                <ele>0</ele>
            </trkpt>
            <trkpt lat="45.950008" lon="11.210857">
                <ele>0</ele>
            </trkpt>
            <trkpt lat="45.949928" lon="11.210621">
                <ele>0</ele>
            </trkpt>
            <trkpt lat="45.94986" lon="11.20987">
                <ele>0</ele>
            </trkpt>
            <trkpt lat="45.94962" lon="11.209463">
                <ele>0</ele>
            </trkpt>
            <trkpt lat="45.949399" lon="11.209219">
                <ele>0</ele>
            </trkpt>
            <trkpt lat="45.949337" lon="11.209134">
                <ele>0</ele>
            </trkpt>
            <trkpt lat="45.949281" lon="11.209056">
                <ele>0</ele>
            </trkpt>
            <trkpt lat="45.949185" lon="11.208794">
                <ele>0</ele>
            </trkpt>
            <trkpt lat="45.949139" lon="11.208513">
                <ele>0</ele>
            </trkpt>
            <trkpt lat="45.94914" lon="11.20826">
                <ele>0</ele>
            </trkpt>
            <trkpt lat="45.949177" lon="11.208088">
                <ele>0</ele>
            </trkpt>
            <trkpt lat="45.949253" lon="11.207892">
                <ele>0</ele>
            </trkpt>
            <trkpt lat="45.94932" lon="11.207794">
                <ele>0</ele>
            </trkpt>
            <trkpt lat="45.94946" lon="11.207607">
                <ele>0</ele>
            </trkpt>
            <trkpt lat="45.949725" lon="11.207255">
                <ele>0</ele>
            </trkpt>
            <trkpt lat="45.949945" lon="11.206991">
                <ele>0</ele>
            </trkpt>
            <trkpt lat="45.950003" lon="11.20689">
                <ele>0</ele>
            </trkpt>
            <trkpt lat="45.950018" lon="11.206751">
                <ele>0</ele>
            </trkpt>
            <trkpt lat="45.949983" lon="11.206595">
                <ele>0</ele>
            </trkpt>
            <trkpt lat="45.949917" lon="11.206493">
                <ele>0</ele>
            </trkpt>
            <trkpt lat="45.949823" lon="11.206438">
                <ele>0</ele>
            </trkpt>
            <trkpt lat="45.94967" lon="11.206383">
                <ele>0</ele>
            </trkpt>
            <trkpt lat="45.949537" lon="11.206356">
                <ele>0</ele>
            </trkpt>
            <trkpt lat="45.949483" lon="11.20629">
                <ele>0</ele>
            </trkpt>
            <trkpt lat="45.949451" lon="11.206194">
                <ele>0</ele>
            </trkpt>
            <trkpt lat="45.949472" lon="11.206056">
                <ele>0</ele>
            </trkpt>
            <trkpt lat="45.949482" lon="11.205827">
                <ele>0</ele>
            </trkpt>
            <trkpt lat="45.949497" lon="11.205579">
                <ele>0</ele>
            </trkpt>
            <trkpt lat="45.949493" lon="11.205312">
                <ele>0</ele>
            </trkpt>
            <trkpt lat="45.949519" lon="11.205112">
                <ele>0</ele>
            </trkpt>
            <trkpt lat="45.949576" lon="11.204868">
                <ele>0</ele>
            </trkpt>
            <trkpt lat="45.949672" lon="11.204565">
                <ele>0</ele>
            </trkpt>
            <trkpt lat="45.94969" lon="11.204453">
                <ele>0</ele>
            </trkpt>
            <trkpt lat="45.949691" lon="11.204335">
                <ele>0</ele>
            </trkpt>
            <trkpt lat="45.949669" lon="11.204222">
                <ele>0</ele>
            </trkpt>
            <trkpt lat="45.949636" lon="11.204146">
                <ele>0</ele>
            </trkpt>
            <trkpt lat="45.949597" lon="11.204092">
                <ele>0</ele>
            </trkpt>
            <trkpt lat="45.94958" lon="11.204077">
                <ele>0</ele>
            </trkpt>
            <trkpt lat="45.94954" lon="11.204044">
                <ele>0</ele>
            </trkpt>
            <trkpt lat="45.949488" lon="11.204022">
                <ele>0</ele>
            </trkpt>
            <trkpt lat="45.94942" lon="11.204018">
                <ele>0</ele>
            </trkpt>
            <trkpt lat="45.949335" lon="11.204037">
                <ele>0</ele>
            </trkpt>
            <trkpt lat="45.949088" lon="11.204104">
                <ele>0</ele>
            </trkpt>
            <trkpt lat="45.949046" lon="11.204126">
                <ele>0</ele>
            </trkpt>
            <trkpt lat="45.948985" lon="11.204171">
                <ele>0</ele>
            </trkpt>
            <trkpt lat="45.948909" lon="11.204253">
                <ele>0</ele>
            </trkpt>
            <trkpt lat="45.948271" lon="11.205">
                <ele>0</ele>
            </trkpt>
            <trkpt lat="45.948196" lon="11.205109">
                <ele>0</ele>
            </trkpt>
            <trkpt lat="45.948129" lon="11.205238">
                <ele>0</ele>
            </trkpt>
            <trkpt lat="45.948081" lon="11.205364">
                <ele>0</ele>
            </trkpt>
            <trkpt lat="45.94803" lon="11.205525">
                <ele>0</ele>
            </trkpt>
            <trkpt lat="45.947984" lon="11.20569">
                <ele>0</ele>
            </trkpt>
            <trkpt lat="45.947853" lon="11.206208">
                <ele>0</ele>
            </trkpt>
            <trkpt lat="45.947713" lon="11.206648">
                <ele>0</ele>
            </trkpt>
            <trkpt lat="45.947536" lon="11.207009">
                <ele>0</ele>
            </trkpt>
            <trkpt lat="45.947471" lon="11.207089">
                <ele>0</ele>
            </trkpt>
            <trkpt lat="45.947216" lon="11.207355">
                <ele>0</ele>
            </trkpt>
            <trkpt lat="45.946444" lon="11.207708">
                <ele>0</ele>
            </trkpt>
            <trkpt lat="45.945434" lon="11.208285">
                <ele>0</ele>
            </trkpt>
            <trkpt lat="45.944532" lon="11.209106">
                <ele>0</ele>
            </trkpt>
            <trkpt lat="45.944238" lon="11.2094">
                <ele>0</ele>
            </trkpt>
            <trkpt lat="45.943807" lon="11.209884">
                <ele>0</ele>
            </trkpt>
            <trkpt lat="45.943186" lon="11.210705">
                <ele>0</ele>
            </trkpt>
            <trkpt lat="45.942611" lon="11.212014">
                <ele>0</ele>
            </trkpt>
            <trkpt lat="45.94228" lon="11.213246">
                <ele>0</ele>
            </trkpt>
            <trkpt lat="45.942045" lon="11.214804">
                <ele>0</ele>
            </trkpt>
            <trkpt lat="45.942012" lon="11.214966">
                <ele>0</ele>
            </trkpt>
            <trkpt lat="45.941996" lon="11.215051">
                <ele>0</ele>
            </trkpt>
            <trkpt lat="45.941861" lon="11.215733">
                <ele>0</ele>
            </trkpt>
            <trkpt lat="45.941861" lon="11.215734">
                <ele>0</ele>
            </trkpt>
            <trkpt lat="45.941848" lon="11.215792">
                <ele>0</ele>
            </trkpt>
            <trkpt lat="45.941843" lon="11.21581">
                <ele>0</ele>
            </trkpt>
            <trkpt lat="45.94183" lon="11.21586">
                <ele>0</ele>
            </trkpt>
            <trkpt lat="45.941649" lon="11.21655">
                <ele>0</ele>
            </trkpt>
            <trkpt lat="45.941481" lon="11.217148">
                <ele>0</ele>
            </trkpt>
            <trkpt lat="45.941356" lon="11.217361">
                <ele>0</ele>
            </trkpt>
            <trkpt lat="45.941231" lon="11.217492">
                <ele>0</ele>
            </trkpt>
            <trkpt lat="45.940933" lon="11.217785">
                <ele>0</ele>
            </trkpt>
            <trkpt lat="45.940707" lon="11.217994">
                <ele>0</ele>
            </trkpt>
            <trkpt lat="45.940461" lon="11.218181">
                <ele>0</ele>
            </trkpt>
            <trkpt lat="45.940278" lon="11.218243">
                <ele>0</ele>
            </trkpt>
            <trkpt lat="45.940167" lon="11.218262">
                <ele>0</ele>
            </trkpt>
            <trkpt lat="45.940075" lon="11.218279">
                <ele>0</ele>
            </trkpt>
            <trkpt lat="45.93999" lon="11.21833">
                <ele>0</ele>
            </trkpt>
            <trkpt lat="45.939674" lon="11.218568">
                <ele>0</ele>
            </trkpt>
            <trkpt lat="45.939542" lon="11.218658">
                <ele>0</ele>
            </trkpt>
            <trkpt lat="45.939506" lon="11.218682">
                <ele>0</ele>
            </trkpt>
            <trkpt lat="45.939437" lon="11.218729">
                <ele>0</ele>
            </trkpt>
            <trkpt lat="45.939351" lon="11.218776">
                <ele>0</ele>
            </trkpt>
            <trkpt lat="45.939243" lon="11.218815">
                <ele>0</ele>
            </trkpt>
            <trkpt lat="45.939165" lon="11.218827">
                <ele>0</ele>
            </trkpt>
            <trkpt lat="45.939089" lon="11.218832">
                <ele>0</ele>
            </trkpt>
            <trkpt lat="45.93895" lon="11.218831">
                <ele>0</ele>
            </trkpt>
            <trkpt lat="45.938866" lon="11.218837">
                <ele>0</ele>
            </trkpt>
            <trkpt lat="45.938753" lon="11.21886">
                <ele>0</ele>
            </trkpt>
            <trkpt lat="45.938564" lon="11.218919">
                <ele>0</ele>
            </trkpt>
            <trkpt lat="45.938475" lon="11.218931">
                <ele>0</ele>
            </trkpt>
            <trkpt lat="45.938078" lon="11.218941">
                <ele>0</ele>
            </trkpt>
            <trkpt lat="45.937896" lon="11.218948">
                <ele>0</ele>
            </trkpt>
            <trkpt lat="45.937756" lon="11.218962">
                <ele>0</ele>
            </trkpt>
            <trkpt lat="45.937677" lon="11.218991">
                <ele>0</ele>
            </trkpt>
            <trkpt lat="45.937583" lon="11.219047">
                <ele>0</ele>
            </trkpt>
            <trkpt lat="45.93748" lon="11.219143">
                <ele>0</ele>
            </trkpt>
            <trkpt lat="45.937126" lon="11.219634">
                <ele>0</ele>
            </trkpt>
            <trkpt lat="45.936712" lon="11.220195">
                <ele>0</ele>
            </trkpt>
            <trkpt lat="45.936503" lon="11.220505">
                <ele>0</ele>
            </trkpt>
            <trkpt lat="45.93633" lon="11.220717">
                <ele>0</ele>
            </trkpt>
            <trkpt lat="45.93623" lon="11.220809">
                <ele>0</ele>
            </trkpt>
            <trkpt lat="45.936123" lon="11.220873">
                <ele>0</ele>
            </trkpt>
            <trkpt lat="45.935958" lon="11.220931">
                <ele>0</ele>
            </trkpt>
            <trkpt lat="45.935801" lon="11.220957">
                <ele>0</ele>
            </trkpt>
            <trkpt lat="45.935735" lon="11.220977">
                <ele>0</ele>
            </trkpt>
            <trkpt lat="45.935646" lon="11.221027">
                <ele>0</ele>
            </trkpt>
            <trkpt lat="45.935548" lon="11.221125">
                <ele>0</ele>
            </trkpt>
            <trkpt lat="45.935448" lon="11.221195">
                <ele>0</ele>
            </trkpt>
            <trkpt lat="45.935251" lon="11.2213">
                <ele>0</ele>
            </trkpt>
            <trkpt lat="45.935127" lon="11.221382">
                <ele>0</ele>
            </trkpt>
            <trkpt lat="45.93499" lon="11.221487">
                <ele>0</ele>
            </trkpt>
            <trkpt lat="45.934895" lon="11.221553">
                <ele>0</ele>
            </trkpt>
            <trkpt lat="45.934802" lon="11.221578">
                <ele>0</ele>
            </trkpt>
            <trkpt lat="45.934653" lon="11.221599">
                <ele>0</ele>
            </trkpt>
            <trkpt lat="45.93456" lon="11.221623">
                <ele>0</ele>
            </trkpt>
            <trkpt lat="45.934504" lon="11.221653">
                <ele>0</ele>
            </trkpt>
            <trkpt lat="45.934443" lon="11.2217">
                <ele>0</ele>
            </trkpt>
            <trkpt lat="45.934378" lon="11.221783">
                <ele>0</ele>
            </trkpt>
            <trkpt lat="45.934323" lon="11.221894">
                <ele>0</ele>
            </trkpt>
            <trkpt lat="45.934292" lon="11.222013">
                <ele>0</ele>
            </trkpt>
            <trkpt lat="45.934287" lon="11.222044">
                <ele>0</ele>
            </trkpt>
            <trkpt lat="45.934252" lon="11.222278">
                <ele>0</ele>
            </trkpt>
            <trkpt lat="45.934225" lon="11.222376">
                <ele>0</ele>
            </trkpt>
            <trkpt lat="45.934196" lon="11.222446">
                <ele>0</ele>
            </trkpt>
            <trkpt lat="45.934155" lon="11.22252">
                <ele>0</ele>
            </trkpt>
            <trkpt lat="45.934033" lon="11.222719">
                <ele>0</ele>
            </trkpt>
            <trkpt lat="45.93373" lon="11.223216">
                <ele>0</ele>
            </trkpt>
            <trkpt lat="45.933631" lon="11.223416">
                <ele>0</ele>
            </trkpt>
            <trkpt lat="45.933572" lon="11.223557">
                <ele>0</ele>
            </trkpt>
            <trkpt lat="45.93357" lon="11.223563">
                <ele>0</ele>
            </trkpt>
            <trkpt lat="45.933567" lon="11.22357">
                <ele>0</ele>
            </trkpt>
            <trkpt lat="45.933544" lon="11.223625">
                <ele>0</ele>
            </trkpt>
            <trkpt lat="45.93349" lon="11.223833">
                <ele>0</ele>
            </trkpt>
            <trkpt lat="45.933474" lon="11.223939">
                <ele>0</ele>
            </trkpt>
            <trkpt lat="45.933459" lon="11.224157">
                <ele>0</ele>
            </trkpt>
            <trkpt lat="45.933468" lon="11.224344">
                <ele>0</ele>
            </trkpt>
            <trkpt lat="45.933513" lon="11.224562">
                <ele>0</ele>
            </trkpt>
            <trkpt lat="45.93357" lon="11.224811">
                <ele>0</ele>
            </trkpt>
            <trkpt lat="45.933595" lon="11.22491">
                <ele>0</ele>
            </trkpt>
            <trkpt lat="45.933804" lon="11.225815">
                <ele>0</ele>
            </trkpt>
            <trkpt lat="45.933871" lon="11.225979">
                <ele>0</ele>
            </trkpt>
            <trkpt lat="45.933949" lon="11.226128">
                <ele>0</ele>
            </trkpt>
            <trkpt lat="45.934024" lon="11.22625">
                <ele>0</ele>
            </trkpt>
            <trkpt lat="45.934095" lon="11.226359">
                <ele>0</ele>
            </trkpt>
            <trkpt lat="45.9341" lon="11.226417">
                <ele>0</ele>
            </trkpt>
            <trkpt lat="45.934042" lon="11.22638">
                <ele>0</ele>
            </trkpt>
            <trkpt lat="45.933911" lon="11.226309">
                <ele>0</ele>
            </trkpt>
            <trkpt lat="45.933734" lon="11.226239">
                <ele>0</ele>
            </trkpt>
            <trkpt lat="45.933515" lon="11.226156">
                <ele>0</ele>
            </trkpt>
            <trkpt lat="45.933339" lon="11.226103">
                <ele>0</ele>
            </trkpt>
            <trkpt lat="45.93326" lon="11.226044">
                <ele>0</ele>
            </trkpt>
            <trkpt lat="45.933199" lon="11.225958">
                <ele>0</ele>
            </trkpt>
            <trkpt lat="45.933135" lon="11.225823">
                <ele>0</ele>
            </trkpt>
            <trkpt lat="45.93312" lon="11.22577">
                <ele>0</ele>
            </trkpt>
            <trkpt lat="45.933105" lon="11.225718">
                <ele>0</ele>
            </trkpt>
            <trkpt lat="45.932947" lon="11.225178">
                <ele>0</ele>
            </trkpt>
            <trkpt lat="45.932874" lon="11.225074">
                <ele>0</ele>
            </trkpt>
            <trkpt lat="45.932744" lon="11.224994">
                <ele>0</ele>
            </trkpt>
            <trkpt lat="45.932589" lon="11.224936">
                <ele>0</ele>
            </trkpt>
            <trkpt lat="45.932277" lon="11.2248">
                <ele>0</ele>
            </trkpt>
            <trkpt lat="45.932203" lon="11.224784">
                <ele>0</ele>
            </trkpt>
            <trkpt lat="45.932136" lon="11.224795">
                <ele>0</ele>
            </trkpt>
            <trkpt lat="45.93207" lon="11.224888">
                <ele>0</ele>
            </trkpt>
            <trkpt lat="45.932024" lon="11.22519">
                <ele>0</ele>
            </trkpt>
            <trkpt lat="45.932004" lon="11.225475">
                <ele>0</ele>
            </trkpt>
            <trkpt lat="45.931985" lon="11.225595">
                <ele>0</ele>
            </trkpt>
            <trkpt lat="45.931968" lon="11.2257">
                <ele>0</ele>
            </trkpt>
            <trkpt lat="45.931968" lon="11.225703">
                <ele>0</ele>
            </trkpt>
            <trkpt lat="45.931962" lon="11.22574">
                <ele>0</ele>
            </trkpt>
            <trkpt lat="45.931944" lon="11.225871">
                <ele>0</ele>
            </trkpt>
            <trkpt lat="45.931876" lon="11.225999">
                <ele>0</ele>
            </trkpt>
            <trkpt lat="45.931823" lon="11.226059">
                <ele>0</ele>
            </trkpt>
            <trkpt lat="45.931776" lon="11.226077">
                <ele>0</ele>
            </trkpt>
            <trkpt lat="45.931727" lon="11.226055">
                <ele>0</ele>
            </trkpt>
            <trkpt lat="45.931693" lon="11.226023">
                <ele>0</ele>
            </trkpt>
            <trkpt lat="45.931669" lon="11.225987">
                <ele>0</ele>
            </trkpt>
            <trkpt lat="45.931643" lon="11.225916">
                <ele>0</ele>
            </trkpt>
            <trkpt lat="45.931615" lon="11.225662">
                <ele>0</ele>
            </trkpt>
            <trkpt lat="45.931597" lon="11.225541">
                <ele>0</ele>
            </trkpt>
            <trkpt lat="45.931567" lon="11.225434">
                <ele>0</ele>
            </trkpt>
            <trkpt lat="45.931512" lon="11.225319">
                <ele>0</ele>
            </trkpt>
            <trkpt lat="45.931452" lon="11.225221">
                <ele>0</ele>
            </trkpt>
            <trkpt lat="45.931301" lon="11.225026">
                <ele>0</ele>
            </trkpt>
            <trkpt lat="45.931094" lon="11.224794">
                <ele>0</ele>
            </trkpt>
            <trkpt lat="45.931025" lon="11.224744">
                <ele>0</ele>
            </trkpt>
            <trkpt lat="45.93095" lon="11.22472">
                <ele>0</ele>
            </trkpt>
            <trkpt lat="45.930748" lon="11.224677">
                <ele>0</ele>
            </trkpt>
            <trkpt lat="45.930537" lon="11.22464">
                <ele>0</ele>
            </trkpt>
            <trkpt lat="45.930489" lon="11.22461">
                <ele>0</ele>
            </trkpt>
            <trkpt lat="45.930454" lon="11.224568">
                <ele>0</ele>
            </trkpt>
            <trkpt lat="45.930435" lon="11.22449">
                <ele>0</ele>
            </trkpt>
            <trkpt lat="45.930425" lon="11.22441">
                <ele>0</ele>
            </trkpt>
            <trkpt lat="45.930442" lon="11.224328">
                <ele>0</ele>
            </trkpt>
            <trkpt lat="45.93047" lon="11.224269">
                <ele>0</ele>
            </trkpt>
            <trkpt lat="45.930527" lon="11.224206">
                <ele>0</ele>
            </trkpt>
            <trkpt lat="45.93059" lon="11.22416">
                <ele>0</ele>
            </trkpt>
            <trkpt lat="45.930793" lon="11.224045">
                <ele>0</ele>
            </trkpt>
            <trkpt lat="45.931001" lon="11.223913">
                <ele>0</ele>
            </trkpt>
            <trkpt lat="45.9312" lon="11.223792">
                <ele>0</ele>
            </trkpt>
            <trkpt lat="45.931261" lon="11.223734">
                <ele>0</ele>
            </trkpt>
            <trkpt lat="45.931291" lon="11.223703">
                <ele>0</ele>
            </trkpt>
            <trkpt lat="45.931312" lon="11.22366">
                <ele>0</ele>
            </trkpt>
            <trkpt lat="45.931319" lon="11.223598">
                <ele>0</ele>
            </trkpt>
            <trkpt lat="45.931312" lon="11.22353">
                <ele>0</ele>
            </trkpt>
            <trkpt lat="45.93129" lon="11.223464">
                <ele>0</ele>
            </trkpt>
            <trkpt lat="45.93126" lon="11.223432">
                <ele>0</ele>
            </trkpt>
            <trkpt lat="45.931221" lon="11.223426">
                <ele>0</ele>
            </trkpt>
            <trkpt lat="45.931146" lon="11.223437">
                <ele>0</ele>
            </trkpt>
            <trkpt lat="45.931065" lon="11.223462">
                <ele>0</ele>
            </trkpt>
            <trkpt lat="45.930871" lon="11.223508">
                <ele>0</ele>
            </trkpt>
            <trkpt lat="45.930704" lon="11.223543">
                <ele>0</ele>
            </trkpt>
            <trkpt lat="45.930526" lon="11.223563">
                <ele>0</ele>
            </trkpt>
            <trkpt lat="45.93045" lon="11.223557">
                <ele>0</ele>
            </trkpt>
            <trkpt lat="45.93037" lon="11.223523">
                <ele>0</ele>
            </trkpt>
            <trkpt lat="45.930336" lon="11.223495">
                <ele>0</ele>
            </trkpt>
            <trkpt lat="45.930299" lon="11.22344">
                <ele>0</ele>
            </trkpt>
            <trkpt lat="45.930246" lon="11.223328">
                <ele>0</ele>
            </trkpt>
            <trkpt lat="45.93015" lon="11.223122">
                <ele>0</ele>
            </trkpt>
            <trkpt lat="45.929954" lon="11.222634">
                <ele>0</ele>
            </trkpt>
            <trkpt lat="45.929778" lon="11.222123">
                <ele>0</ele>
            </trkpt>
            <trkpt lat="45.929615" lon="11.221651">
                <ele>0</ele>
            </trkpt>
            <trkpt lat="45.929563" lon="11.221537">
                <ele>0</ele>
            </trkpt>
            <trkpt lat="45.929515" lon="11.221427">
                <ele>0</ele>
            </trkpt>
            <trkpt lat="45.929463" lon="11.221355">
                <ele>0</ele>
            </trkpt>
            <trkpt lat="45.929401" lon="11.221298">
                <ele>0</ele>
            </trkpt>
            <trkpt lat="45.929312" lon="11.221197">
                <ele>0</ele>
            </trkpt>
            <trkpt lat="45.92926" lon="11.221143">
                <ele>0</ele>
            </trkpt>
            <trkpt lat="45.929057" lon="11.220981">
                <ele>0</ele>
            </trkpt>
            <trkpt lat="45.928821" lon="11.220803">
                <ele>0</ele>
            </trkpt>
            <trkpt lat="45.928716" lon="11.220694">
                <ele>0</ele>
            </trkpt>
            <trkpt lat="45.928622" lon="11.22055">
                <ele>0</ele>
            </trkpt>
            <trkpt lat="45.92855" lon="11.220359">
                <ele>0</ele>
            </trkpt>
            <trkpt lat="45.928498" lon="11.220238">
                <ele>0</ele>
            </trkpt>
            <trkpt lat="45.928449" lon="11.220103">
                <ele>0</ele>
            </trkpt>
            <trkpt lat="45.928403" lon="11.220003">
                <ele>0</ele>
            </trkpt>
            <trkpt lat="45.928368" lon="11.219951">
                <ele>0</ele>
            </trkpt>
            <trkpt lat="45.928323" lon="11.219914">
                <ele>0</ele>
            </trkpt>
            <trkpt lat="45.928213" lon="11.21988">
                <ele>0</ele>
            </trkpt>
            <trkpt lat="45.928091" lon="11.219856">
                <ele>0</ele>
            </trkpt>
            <trkpt lat="45.92768" lon="11.219781">
                <ele>0</ele>
            </trkpt>
            <trkpt lat="45.927285" lon="11.219736">
                <ele>0</ele>
            </trkpt>
            <trkpt lat="45.927113" lon="11.219707">
                <ele>0</ele>
            </trkpt>
            <trkpt lat="45.927029" lon="11.219685">
                <ele>0</ele>
            </trkpt>
            <trkpt lat="45.92695" lon="11.219636">
                <ele>0</ele>
            </trkpt>
            <trkpt lat="45.926706" lon="11.219426">
                <ele>0</ele>
            </trkpt>
            <trkpt lat="45.926496" lon="11.219206">
                <ele>0</ele>
            </trkpt>
            <trkpt lat="45.926412" lon="11.21912">
                <ele>0</ele>
            </trkpt>
            <trkpt lat="45.926323" lon="11.21908">
                <ele>0</ele>
            </trkpt>
            <trkpt lat="45.926054" lon="11.21909">
                <ele>0</ele>
            </trkpt>
            <trkpt lat="45.925963" lon="11.219093">
                <ele>0</ele>
            </trkpt>
            <trkpt lat="45.925866" lon="11.219073">
                <ele>0</ele>
            </trkpt>
            <trkpt lat="45.925603" lon="11.218968">
                <ele>0</ele>
            </trkpt>
            <trkpt lat="45.92528" lon="11.218739">
                <ele>0</ele>
            </trkpt>
            <trkpt lat="45.925028" lon="11.21857">
                <ele>0</ele>
            </trkpt>
            <trkpt lat="45.924802" lon="11.218449">
                <ele>0</ele>
            </trkpt>
            <trkpt lat="45.924737" lon="11.218384">
                <ele>0</ele>
            </trkpt>
            <trkpt lat="45.924688" lon="11.218295">
                <ele>0</ele>
            </trkpt>
            <trkpt lat="45.924658" lon="11.218201">
                <ele>0</ele>
            </trkpt>
            <trkpt lat="45.924647" lon="11.218104">
                <ele>0</ele>
            </trkpt>
            <trkpt lat="45.924627" lon="11.21783">
                <ele>0</ele>
            </trkpt>
            <trkpt lat="45.924613" lon="11.217701">
                <ele>0</ele>
            </trkpt>
            <trkpt lat="45.924581" lon="11.217592">
                <ele>0</ele>
            </trkpt>
            <trkpt lat="45.924443" lon="11.217266">
                <ele>0</ele>
            </trkpt>
            <trkpt lat="45.924333" lon="11.217053">
                <ele>0</ele>
            </trkpt>
            <trkpt lat="45.924257" lon="11.216939">
                <ele>0</ele>
            </trkpt>
            <trkpt lat="45.924172" lon="11.216866">
                <ele>0</ele>
            </trkpt>
            <trkpt lat="45.923972" lon="11.216746">
                <ele>0</ele>
            </trkpt>
            <trkpt lat="45.923792" lon="11.216625">
                <ele>0</ele>
            </trkpt>
            <trkpt lat="45.923677" lon="11.216562">
                <ele>0</ele>
            </trkpt>
            <trkpt lat="45.923648" lon="11.216537">
                <ele>0</ele>
            </trkpt>
            <trkpt lat="45.923625" lon="11.216493">
                <ele>0</ele>
            </trkpt>
            <trkpt lat="45.92361" lon="11.216396">
                <ele>0</ele>
            </trkpt>
            <trkpt lat="45.923641" lon="11.21631">
                <ele>0</ele>
            </trkpt>
            <trkpt lat="45.923672" lon="11.216274">
                <ele>0</ele>
            </trkpt>
            <trkpt lat="45.923708" lon="11.216258">
                <ele>0</ele>
            </trkpt>
            <trkpt lat="45.923752" lon="11.216259">
                <ele>0</ele>
            </trkpt>
            <trkpt lat="45.923792" lon="11.216275">
                <ele>0</ele>
            </trkpt>
            <trkpt lat="45.923894" lon="11.21637">
                <ele>0</ele>
            </trkpt>
            <trkpt lat="45.924" lon="11.21647">
                <ele>0</ele>
            </trkpt>
            <trkpt lat="45.924058" lon="11.2165">
                <ele>0</ele>
            </trkpt>
            <trkpt lat="45.924116" lon="11.216516">
                <ele>0</ele>
            </trkpt>
            <trkpt lat="45.924243" lon="11.216534">
                <ele>0</ele>
            </trkpt>
            <trkpt lat="45.924383" lon="11.216574">
                <ele>0</ele>
            </trkpt>
            <trkpt lat="45.924515" lon="11.216648">
                <ele>0</ele>
            </trkpt>
            <trkpt lat="45.92467" lon="11.216769">
                <ele>0</ele>
            </trkpt>
            <trkpt lat="45.924834" lon="11.216918">
                <ele>0</ele>
            </trkpt>
            <trkpt lat="45.924982" lon="11.217066">
                <ele>0</ele>
            </trkpt>
            <trkpt lat="45.925132" lon="11.217213">
                <ele>0</ele>
            </trkpt>
            <trkpt lat="45.925182" lon="11.217235">
                <ele>0</ele>
            </trkpt>
            <trkpt lat="45.925235" lon="11.217241">
                <ele>0</ele>
            </trkpt>
            <trkpt lat="45.925276" lon="11.217189">
                <ele>0</ele>
            </trkpt>
            <trkpt lat="45.925298" lon="11.217134">
                <ele>0</ele>
            </trkpt>
            <trkpt lat="45.925303" lon="11.217121">
                <ele>0</ele>
            </trkpt>
            <trkpt lat="45.925299" lon="11.217035">
                <ele>0</ele>
            </trkpt>
            <trkpt lat="45.92527" lon="11.216981">
                <ele>0</ele>
            </trkpt>
            <trkpt lat="45.925125" lon="11.216849">
                <ele>0</ele>
            </trkpt>
            <trkpt lat="45.924954" lon="11.216706">
                <ele>0</ele>
            </trkpt>
            <trkpt lat="45.924782" lon="11.216528">
                <ele>0</ele>
            </trkpt>
            <trkpt lat="45.924643" lon="11.216356">
                <ele>0</ele>
            </trkpt>
            <trkpt lat="45.924591" lon="11.216287">
                <ele>0</ele>
            </trkpt>
            <trkpt lat="45.924547" lon="11.216201">
                <ele>0</ele>
            </trkpt>
            <trkpt lat="45.924504" lon="11.216107">
                <ele>0</ele>
            </trkpt>
            <trkpt lat="45.924471" lon="11.216011">
                <ele>0</ele>
            </trkpt>
            <trkpt lat="45.924465" lon="11.21592">
                <ele>0</ele>
            </trkpt>
            <trkpt lat="45.924451" lon="11.215713">
                <ele>0</ele>
            </trkpt>
            <trkpt lat="45.924446" lon="11.215382">
                <ele>0</ele>
            </trkpt>
            <trkpt lat="45.924445" lon="11.215357">
                <ele>0</ele>
            </trkpt>
            <trkpt lat="45.924441" lon="11.215163">
                <ele>0</ele>
            </trkpt>
            <trkpt lat="45.924439" lon="11.21508">
                <ele>0</ele>
            </trkpt>
            <trkpt lat="45.924432" lon="11.214755">
                <ele>0</ele>
            </trkpt>
            <trkpt lat="45.924411" lon="11.214321">
                <ele>0</ele>
            </trkpt>
            <trkpt lat="45.924385" lon="11.21366">
                <ele>0</ele>
            </trkpt>
            <trkpt lat="45.924383" lon="11.213632">
                <ele>0</ele>
            </trkpt>
            <trkpt lat="45.924378" lon="11.213531">
                <ele>0</ele>
            </trkpt>
            <trkpt lat="45.924332" lon="11.21269">
                <ele>0</ele>
            </trkpt>
            <trkpt lat="45.924291" lon="11.211703">
                <ele>0</ele>
            </trkpt>
            <trkpt lat="45.924287" lon="11.211602">
                <ele>0</ele>
            </trkpt>
            <trkpt lat="45.924287" lon="11.211596">
                <ele>0</ele>
            </trkpt>
            <trkpt lat="45.924283" lon="11.211459">
                <ele>0</ele>
            </trkpt>
            <trkpt lat="45.924277" lon="11.211254">
                <ele>0</ele>
            </trkpt>
            <trkpt lat="45.924259" lon="11.210576">
                <ele>0</ele>
            </trkpt>
            <trkpt lat="45.924243" lon="11.209932">
                <ele>0</ele>
            </trkpt>
            <trkpt lat="45.924244" lon="11.20983">
                <ele>0</ele>
            </trkpt>
            <trkpt lat="45.924262" lon="11.209731">
                <ele>0</ele>
            </trkpt>
            <trkpt lat="45.924296" lon="11.209635">
                <ele>0</ele>
            </trkpt>
            <trkpt lat="45.924337" lon="11.209547">
                <ele>0</ele>
            </trkpt>
            <trkpt lat="45.924443" lon="11.209428">
                <ele>0</ele>
            </trkpt>
            <trkpt lat="45.924527" lon="11.209334">
                <ele>0</ele>
            </trkpt>
            <trkpt lat="45.924827" lon="11.209073">
                <ele>0</ele>
            </trkpt>
            <trkpt lat="45.924849" lon="11.208998">
                <ele>0</ele>
            </trkpt>
            <trkpt lat="45.924853" lon="11.208909">
                <ele>0</ele>
            </trkpt>
            <trkpt lat="45.924843" lon="11.208834">
                <ele>0</ele>
            </trkpt>
            <trkpt lat="45.924811" lon="11.208776">
                <ele>0</ele>
            </trkpt>
            <trkpt lat="45.924784" lon="11.208738">
                <ele>0</ele>
            </trkpt>
            <trkpt lat="45.924745" lon="11.208715">
                <ele>0</ele>
            </trkpt>
            <trkpt lat="45.924594" lon="11.208675">
                <ele>0</ele>
            </trkpt>
            <trkpt lat="45.924291" lon="11.208672">
                <ele>0</ele>
            </trkpt>
            <trkpt lat="45.924097" lon="11.208686">
                <ele>0</ele>
            </trkpt>
            <trkpt lat="45.923976" lon="11.208666">
                <ele>0</ele>
            </trkpt>
            <trkpt lat="45.923862" lon="11.208613">
                <ele>0</ele>
            </trkpt>
            <trkpt lat="45.923817" lon="11.208573">
                <ele>0</ele>
            </trkpt>
            <trkpt lat="45.923773" lon="11.208515">
                <ele>0</ele>
            </trkpt>
            <trkpt lat="45.923663" lon="11.208276">
                <ele>0</ele>
            </trkpt>
            <trkpt lat="45.923597" lon="11.208126">
                <ele>0</ele>
            </trkpt>
            <trkpt lat="45.923558" lon="11.208067">
                <ele>0</ele>
            </trkpt>
            <trkpt lat="45.923514" lon="11.208044">
                <ele>0</ele>
            </trkpt>
            <trkpt lat="45.92346" lon="11.208037">
                <ele>0</ele>
            </trkpt>
            <trkpt lat="45.923407" lon="11.208045">
                <ele>0</ele>
            </trkpt>
            <trkpt lat="45.923365" lon="11.208074">
                <ele>0</ele>
            </trkpt>
            <trkpt lat="45.923338" lon="11.20812">
                <ele>0</ele>
            </trkpt>
            <trkpt lat="45.923209" lon="11.208503">
                <ele>0</ele>
            </trkpt>
            <trkpt lat="45.923133" lon="11.208644">
                <ele>0</ele>
            </trkpt>
            <trkpt lat="45.923086" lon="11.208696">
                <ele>0</ele>
            </trkpt>
            <trkpt lat="45.923024" lon="11.208728">
                <ele>0</ele>
            </trkpt>
            <trkpt lat="45.922904" lon="11.208729">
                <ele>0</ele>
            </trkpt>
            <trkpt lat="45.922836" lon="11.208711">
                <ele>0</ele>
            </trkpt>
            <trkpt lat="45.922767" lon="11.208658">
                <ele>0</ele>
            </trkpt>
            <trkpt lat="45.92257" lon="11.208347">
                <ele>0</ele>
            </trkpt>
            <trkpt lat="45.922227" lon="11.207805">
                <ele>0</ele>
            </trkpt>
            <trkpt lat="45.922077" lon="11.207598">
                <ele>0</ele>
            </trkpt>
            <trkpt lat="45.921882" lon="11.207451">
                <ele>0</ele>
            </trkpt>
            <trkpt lat="45.921751" lon="11.207403">
                <ele>0</ele>
            </trkpt>
            <trkpt lat="45.921613" lon="11.207386">
                <ele>0</ele>
            </trkpt>
            <trkpt lat="45.921452" lon="11.20741">
                <ele>0</ele>
            </trkpt>
            <trkpt lat="45.921354" lon="11.207454">
                <ele>0</ele>
            </trkpt>
            <trkpt lat="45.920991" lon="11.207618">
                <ele>0</ele>
            </trkpt>
            <trkpt lat="45.920886" lon="11.207634">
                <ele>0</ele>
            </trkpt>
            <trkpt lat="45.92078" lon="11.207612">
                <ele>0</ele>
            </trkpt>
            <trkpt lat="45.920621" lon="11.207506">
                <ele>0</ele>
            </trkpt>
            <trkpt lat="45.920137" lon="11.207048">
                <ele>0</ele>
            </trkpt>
            <trkpt lat="45.920006" lon="11.206924">
                <ele>0</ele>
            </trkpt>
            <trkpt lat="45.919856" lon="11.206768">
                <ele>0</ele>
            </trkpt>
            <trkpt lat="45.919731" lon="11.2066">
                <ele>0</ele>
            </trkpt>
            <trkpt lat="45.919625" lon="11.206406">
                <ele>0</ele>
            </trkpt>
            <trkpt lat="45.919548" lon="11.206243">
                <ele>0</ele>
            </trkpt>
            <trkpt lat="45.919445" lon="11.205978">
                <ele>0</ele>
            </trkpt>
            <trkpt lat="45.919085" lon="11.204935">
                <ele>0</ele>
            </trkpt>
            <trkpt lat="45.919004" lon="11.204699">
                <ele>0</ele>
            </trkpt>
            <trkpt lat="45.918767" lon="11.204001">
                <ele>0</ele>
            </trkpt>
            <trkpt lat="45.918664" lon="11.203662">
                <ele>0</ele>
            </trkpt>
            <trkpt lat="45.918518" lon="11.203181">
                <ele>0</ele>
            </trkpt>
            <trkpt lat="45.918453" lon="11.202965">
                <ele>0</ele>
            </trkpt>
            <trkpt lat="45.918241" lon="11.202268">
                <ele>0</ele>
            </trkpt>
            <trkpt lat="45.918105" lon="11.201816">
                <ele>0</ele>
            </trkpt>
            <trkpt lat="45.918075" lon="11.201644">
                <ele>0</ele>
            </trkpt>
            <trkpt lat="45.918064" lon="11.201473">
                <ele>0</ele>
            </trkpt>
            <trkpt lat="45.918083" lon="11.201265">
                <ele>0</ele>
            </trkpt>
            <trkpt lat="45.91813" lon="11.201097">
                <ele>0</ele>
            </trkpt>
            <trkpt lat="45.918254" lon="11.200804">
                <ele>0</ele>
            </trkpt>
            <trkpt lat="45.918436" lon="11.200426">
                <ele>0</ele>
            </trkpt>
            <trkpt lat="45.918624" lon="11.19986">
                <ele>0</ele>
            </trkpt>
            <trkpt lat="45.918793" lon="11.199274">
                <ele>0</ele>
            </trkpt>
            <trkpt lat="45.918918" lon="11.198703">
                <ele>0</ele>
            </trkpt>
            <trkpt lat="45.918936" lon="11.198622">
                <ele>0</ele>
            </trkpt>
            <trkpt lat="45.918956" lon="11.198504">
                <ele>0</ele>
            </trkpt>
            <trkpt lat="45.919133" lon="11.197322">
                <ele>0</ele>
            </trkpt>
            <trkpt lat="45.919231" lon="11.196678">
                <ele>0</ele>
            </trkpt>
            <trkpt lat="45.919282" lon="11.196411">
                <ele>0</ele>
            </trkpt>
            <trkpt lat="45.919309" lon="11.196311">
                <ele>0</ele>
            </trkpt>
            <trkpt lat="45.919372" lon="11.196083">
                <ele>0</ele>
            </trkpt>
            <trkpt lat="45.919539" lon="11.195451">
                <ele>0</ele>
            </trkpt>
            <trkpt lat="45.919649" lon="11.195093">
                <ele>0</ele>
            </trkpt>
            <trkpt lat="45.919734" lon="11.194906">
                <ele>0</ele>
            </trkpt>
            <trkpt lat="45.919942" lon="11.194546">
                <ele>0</ele>
            </trkpt>
            <trkpt lat="45.920045" lon="11.194363">
                <ele>0</ele>
            </trkpt>
            <trkpt lat="45.920134" lon="11.194207">
                <ele>0</ele>
            </trkpt>
            <trkpt lat="45.920152" lon="11.194175">
                <ele>0</ele>
            </trkpt>
            <trkpt lat="45.920216" lon="11.194056">
                <ele>0</ele>
            </trkpt>
            <trkpt lat="45.920294" lon="11.193902">
                <ele>0</ele>
            </trkpt>
            <trkpt lat="45.920374" lon="11.193748">
                <ele>0</ele>
            </trkpt>
            <trkpt lat="45.920447" lon="11.193591">
                <ele>0</ele>
            </trkpt>
            <trkpt lat="45.920532" lon="11.193422">
                <ele>0</ele>
            </trkpt>
            <trkpt lat="45.920635" lon="11.193133">
                <ele>0</ele>
            </trkpt>
            <trkpt lat="45.920762" lon="11.1928">
                <ele>0</ele>
            </trkpt>
            <trkpt lat="45.920813" lon="11.19265">
                <ele>0</ele>
            </trkpt>
            <trkpt lat="45.920856" lon="11.192532">
                <ele>0</ele>
            </trkpt>
            <trkpt lat="45.92087" lon="11.192487">
                <ele>0</ele>
            </trkpt>
            <trkpt lat="45.920902" lon="11.192381">
                <ele>0</ele>
            </trkpt>
            <trkpt lat="45.921019" lon="11.191979">
                <ele>0</ele>
            </trkpt>
            <trkpt lat="45.921101" lon="11.191666">
                <ele>0</ele>
            </trkpt>
            <trkpt lat="45.921139" lon="11.191484">
                <ele>0</ele>
            </trkpt>
            <trkpt lat="45.92114" lon="11.19128">
                <ele>0</ele>
            </trkpt>
            <trkpt lat="45.921124" lon="11.191154">
                <ele>0</ele>
            </trkpt>
            <trkpt lat="45.921108" lon="11.191048">
                <ele>0</ele>
            </trkpt>
            <trkpt lat="45.921086" lon="11.19098">
                <ele>0</ele>
            </trkpt>
            <trkpt lat="45.921078" lon="11.190955">
                <ele>0</ele>
            </trkpt>
            <trkpt lat="45.921052" lon="11.190872">
                <ele>0</ele>
            </trkpt>
            <trkpt lat="45.921044" lon="11.190847">
                <ele>0</ele>
            </trkpt>
            <trkpt lat="45.920927" lon="11.190496">
                <ele>0</ele>
            </trkpt>
            <trkpt lat="45.920908" lon="11.190443">
                <ele>0</ele>
            </trkpt>
            <trkpt lat="45.920857" lon="11.190287">
                <ele>0</ele>
            </trkpt>
            <trkpt lat="45.920823" lon="11.190191">
                <ele>0</ele>
            </trkpt>
            <trkpt lat="45.920735" lon="11.189971">
                <ele>0</ele>
            </trkpt>
            <trkpt lat="45.920676" lon="11.189825">
                <ele>0</ele>
            </trkpt>
            <trkpt lat="45.920609" lon="11.189655">
                <ele>0</ele>
            </trkpt>
            <trkpt lat="45.920608" lon="11.189651">
                <ele>0</ele>
            </trkpt>
            <trkpt lat="45.920583" lon="11.189587">
                <ele>0</ele>
            </trkpt>
            <trkpt lat="45.920534" lon="11.189464">
                <ele>0</ele>
            </trkpt>
            <trkpt lat="45.920462" lon="11.189276">
                <ele>0</ele>
            </trkpt>
            <trkpt lat="45.920415" lon="11.189137">
                <ele>0</ele>
            </trkpt>
            <trkpt lat="45.920344" lon="11.188924">
                <ele>0</ele>
            </trkpt>
            <trkpt lat="45.920285" lon="11.188705">
                <ele>0</ele>
            </trkpt>
            <trkpt lat="45.920269" lon="11.188628">
                <ele>0</ele>
            </trkpt>
            <trkpt lat="45.920259" lon="11.188576">
                <ele>0</ele>
            </trkpt>
            <trkpt lat="45.920202" lon="11.188215">
                <ele>0</ele>
            </trkpt>
            <trkpt lat="45.920144" lon="11.187843">
                <ele>0</ele>
            </trkpt>
            <trkpt lat="45.920131" lon="11.187757">
                <ele>0</ele>
            </trkpt>
            <trkpt lat="45.920125" lon="11.187719">
                <ele>0</ele>
            </trkpt>
            <trkpt lat="45.920072" lon="11.187442">
                <ele>0</ele>
            </trkpt>
            <trkpt lat="45.920019" lon="11.187282">
                <ele>0</ele>
            </trkpt>
            <trkpt lat="45.919918" lon="11.187087">
                <ele>0</ele>
            </trkpt>
            <trkpt lat="45.919695" lon="11.186798">
                <ele>0</ele>
            </trkpt>
            <trkpt lat="45.919472" lon="11.186576">
                <ele>0</ele>
            </trkpt>
            <trkpt lat="45.919347" lon="11.186457">
                <ele>0</ele>
            </trkpt>
            <trkpt lat="45.919341" lon="11.186451">
                <ele>0</ele>
            </trkpt>
            <trkpt lat="45.919172" lon="11.186358">
                <ele>0</ele>
            </trkpt>
            <trkpt lat="45.919068" lon="11.186316">
                <ele>0</ele>
            </trkpt>
            <trkpt lat="45.918952" lon="11.186289">
                <ele>0</ele>
            </trkpt>
            <trkpt lat="45.918775" lon="11.186262">
                <ele>0</ele>
            </trkpt>
            <trkpt lat="45.917964" lon="11.186283">
                <ele>0</ele>
            </trkpt>
            <trkpt lat="45.916874" lon="11.186312">
                <ele>0</ele>
            </trkpt>
            <trkpt lat="45.916767" lon="11.186318">
                <ele>0</ele>
            </trkpt>
            <trkpt lat="45.916431" lon="11.186339">
                <ele>0</ele>
            </trkpt>
            <trkpt lat="45.916251" lon="11.186321">
                <ele>0</ele>
            </trkpt>
            <trkpt lat="45.916072" lon="11.186247">
                <ele>0</ele>
            </trkpt>
            <trkpt lat="45.915925" lon="11.186152">
                <ele>0</ele>
            </trkpt>
            <trkpt lat="45.915757" lon="11.186014">
                <ele>0</ele>
            </trkpt>
            <trkpt lat="45.915649" lon="11.185906">
                <ele>0</ele>
            </trkpt>
            <trkpt lat="45.915511" lon="11.185768">
                <ele>0</ele>
            </trkpt>
            <trkpt lat="45.915285" lon="11.185546">
                <ele>0</ele>
            </trkpt>
            <trkpt lat="45.91503" lon="11.185279">
                <ele>0</ele>
            </trkpt>
            <trkpt lat="45.914869" lon="11.185118">
                <ele>0</ele>
            </trkpt>
            <trkpt lat="45.914795" lon="11.185028">
                <ele>0</ele>
            </trkpt>
            <trkpt lat="45.91472" lon="11.18494">
                <ele>0</ele>
            </trkpt>
            <trkpt lat="45.914663" lon="11.184864">
                <ele>0</ele>
            </trkpt>
            <trkpt lat="45.914508" lon="11.184583">
                <ele>0</ele>
            </trkpt>
            <trkpt lat="45.914505" lon="11.184578">
                <ele>0</ele>
            </trkpt>
            <trkpt lat="45.91446" lon="11.184459">
                <ele>0</ele>
            </trkpt>
            <trkpt lat="45.914408" lon="11.184333">
                <ele>0</ele>
            </trkpt>
            <trkpt lat="45.914367" lon="11.18417">
                <ele>0</ele>
            </trkpt>
            <trkpt lat="45.914375" lon="11.184135">
                <ele>0</ele>
            </trkpt>
            <trkpt lat="45.914375" lon="11.184106">
                <ele>0</ele>
            </trkpt>
            <trkpt lat="45.914375" lon="11.184082">
                <ele>0</ele>
            </trkpt>
            <trkpt lat="45.914363" lon="11.184032">
                <ele>0</ele>
            </trkpt>
            <trkpt lat="45.91434" lon="11.18399">
                <ele>0</ele>
            </trkpt>
            <trkpt lat="45.914309" lon="11.183962">
                <ele>0</ele>
            </trkpt>
            <trkpt lat="45.914295" lon="11.183957">
                <ele>0</ele>
            </trkpt>
            <trkpt lat="45.914273" lon="11.183949">
                <ele>0</ele>
            </trkpt>
            <trkpt lat="45.914252" lon="11.183951">
                <ele>0</ele>
            </trkpt>
            <trkpt lat="45.914184" lon="11.183868">
                <ele>0</ele>
            </trkpt>
            <trkpt lat="45.914108" lon="11.1837">
                <ele>0</ele>
            </trkpt>
            <trkpt lat="45.914101" lon="11.183685">
                <ele>0</ele>
            </trkpt>
            <trkpt lat="45.914031" lon="11.18355">
                <ele>0</ele>
            </trkpt>
            <trkpt lat="45.913891" lon="11.183191">
                <ele>0</ele>
            </trkpt>
            <trkpt lat="45.913711" lon="11.182745">
                <ele>0</ele>
            </trkpt>
            <trkpt lat="45.913555" lon="11.182377">
                <ele>0</ele>
            </trkpt>
            <trkpt lat="45.913405" lon="11.182068">
                <ele>0</ele>
            </trkpt>
            <trkpt lat="45.913226" lon="11.181735">
                <ele>0</ele>
            </trkpt>
            <trkpt lat="45.913077" lon="11.181428">
                <ele>0</ele>
            </trkpt>
            <trkpt lat="45.912939" lon="11.181138">
                <ele>0</ele>
            </trkpt>
            <trkpt lat="45.912792" lon="11.180842">
                <ele>0</ele>
            </trkpt>
            <trkpt lat="45.912752" lon="11.180712">
                <ele>0</ele>
            </trkpt>
            <trkpt lat="45.912715" lon="11.180564">
                <ele>0</ele>
            </trkpt>
            <trkpt lat="45.912685" lon="11.18043">
                <ele>0</ele>
            </trkpt>
            <trkpt lat="45.91266" lon="11.180287">
                <ele>0</ele>
            </trkpt>
            <trkpt lat="45.912641" lon="11.180122">
                <ele>0</ele>
            </trkpt>
            <trkpt lat="45.912626" lon="11.179967">
                <ele>0</ele>
            </trkpt>
            <trkpt lat="45.912621" lon="11.179856">
                <ele>0</ele>
            </trkpt>
            <trkpt lat="45.91262" lon="11.179747">
                <ele>0</ele>
            </trkpt>
            <trkpt lat="45.912627" lon="11.179602">
                <ele>0</ele>
            </trkpt>
            <trkpt lat="45.91264" lon="11.179432">
                <ele>0</ele>
            </trkpt>
            <trkpt lat="45.912656" lon="11.179309">
                <ele>0</ele>
            </trkpt>
            <trkpt lat="45.912674" lon="11.179224">
                <ele>0</ele>
            </trkpt>
            <trkpt lat="45.912723" lon="11.17905">
                <ele>0</ele>
            </trkpt>
            <trkpt lat="45.912744" lon="11.178946">
                <ele>0</ele>
            </trkpt>
            <trkpt lat="45.91277" lon="11.178833">
                <ele>0</ele>
            </trkpt>
            <trkpt lat="45.912779" lon="11.178778">
                <ele>0</ele>
            </trkpt>
            <trkpt lat="45.912806" lon="11.178628">
                <ele>0</ele>
            </trkpt>
            <trkpt lat="45.912831" lon="11.1786">
                <ele>0</ele>
            </trkpt>
            <trkpt lat="45.912855" lon="11.178561">
                <ele>0</ele>
            </trkpt>
            <trkpt lat="45.912871" lon="11.178515">
                <ele>0</ele>
            </trkpt>
            <trkpt lat="45.912878" lon="11.17849">
                <ele>0</ele>
            </trkpt>
            <trkpt lat="45.912883" lon="11.178412">
                <ele>0</ele>
            </trkpt>
            <trkpt lat="45.912883" lon="11.178367">
                <ele>0</ele>
            </trkpt>
            <trkpt lat="45.91287" lon="11.178317">
                <ele>0</ele>
            </trkpt>
            <trkpt lat="45.912853" lon="11.178285">
                <ele>0</ele>
            </trkpt>
            <trkpt lat="45.912834" lon="11.178253">
                <ele>0</ele>
            </trkpt>
            <trkpt lat="45.912811" lon="11.178226">
                <ele>0</ele>
            </trkpt>
            <trkpt lat="45.912785" lon="11.178205">
                <ele>0</ele>
            </trkpt>
            <trkpt lat="45.912718" lon="11.178183">
                <ele>0</ele>
            </trkpt>
            <trkpt lat="45.912679" lon="11.178188">
                <ele>0</ele>
            </trkpt>
            <trkpt lat="45.912641" lon="11.178207">
                <ele>0</ele>
            </trkpt>
            <trkpt lat="45.912608" lon="11.178238">
                <ele>0</ele>
            </trkpt>
            <trkpt lat="45.912594" lon="11.178259">
                <ele>0</ele>
            </trkpt>
            <trkpt lat="45.91258" lon="11.178279">
                <ele>0</ele>
            </trkpt>
            <trkpt lat="45.91256" lon="11.178329">
                <ele>0</ele>
            </trkpt>
            <trkpt lat="45.912547" lon="11.178438">
                <ele>0</ele>
            </trkpt>
            <trkpt lat="45.912553" lon="11.178493">
                <ele>0</ele>
            </trkpt>
            <trkpt lat="45.912568" lon="11.178544">
                <ele>0</ele>
            </trkpt>
            <trkpt lat="45.91259" lon="11.178588">
                <ele>0</ele>
            </trkpt>
            <trkpt lat="45.912607" lon="11.178677">
                <ele>0</ele>
            </trkpt>
            <trkpt lat="45.912612" lon="11.178722">
                <ele>0</ele>
            </trkpt>
            <trkpt lat="45.91261" lon="11.178758">
                <ele>0</ele>
            </trkpt>
            <trkpt lat="45.912599" lon="11.178812">
                <ele>0</ele>
            </trkpt>
            <trkpt lat="45.912551" lon="11.178872">
                <ele>0</ele>
            </trkpt>
            <trkpt lat="45.912514" lon="11.178933">
                <ele>0</ele>
            </trkpt>
            <trkpt lat="45.912483" lon="11.179">
                <ele>0</ele>
            </trkpt>
            <trkpt lat="45.912464" lon="11.179077">
                <ele>0</ele>
            </trkpt>
            <trkpt lat="45.912462" lon="11.179145">
                <ele>0</ele>
            </trkpt>
            <trkpt lat="45.912472" lon="11.1792">
                <ele>0</ele>
            </trkpt>
            <trkpt lat="45.912527" lon="11.17939">
                <ele>0</ele>
            </trkpt>
            <trkpt lat="45.912542" lon="11.179466">
                <ele>0</ele>
            </trkpt>
            <trkpt lat="45.91255" lon="11.179536">
                <ele>0</ele>
            </trkpt>
            <trkpt lat="45.912554" lon="11.179601">
                <ele>0</ele>
            </trkpt>
            <trkpt lat="45.912554" lon="11.179716">
                <ele>0</ele>
            </trkpt>
            <trkpt lat="45.912549" lon="11.179862">
                <ele>0</ele>
            </trkpt>
            <trkpt lat="45.912544" lon="11.179904">
                <ele>0</ele>
            </trkpt>
            <trkpt lat="45.912536" lon="11.179979">
                <ele>0</ele>
            </trkpt>
            <trkpt lat="45.912521" lon="11.180064">
                <ele>0</ele>
            </trkpt>
            <trkpt lat="45.912506" lon="11.180144">
                <ele>0</ele>
            </trkpt>
            <trkpt lat="45.912477" lon="11.180247">
                <ele>0</ele>
            </trkpt>
            <trkpt lat="45.912454" lon="11.18031">
                <ele>0</ele>
            </trkpt>
            <trkpt lat="45.912424" lon="11.180378">
                <ele>0</ele>
            </trkpt>
            <trkpt lat="45.912369" lon="11.180481">
                <ele>0</ele>
            </trkpt>
            <trkpt lat="45.912303" lon="11.180562">
                <ele>0</ele>
            </trkpt>
            <trkpt lat="45.912266" lon="11.180615">
                <ele>0</ele>
            </trkpt>
            <trkpt lat="45.912232" lon="11.180665">
                <ele>0</ele>
            </trkpt>
            <trkpt lat="45.912171" lon="11.180767">
                <ele>0</ele>
            </trkpt>
            <trkpt lat="45.912133" lon="11.180856">
                <ele>0</ele>
            </trkpt>
            <trkpt lat="45.912109" lon="11.180954">
                <ele>0</ele>
            </trkpt>
            <trkpt lat="45.912098" lon="11.181053">
                <ele>0</ele>
            </trkpt>
            <trkpt lat="45.912098" lon="11.181145">
                <ele>0</ele>
            </trkpt>
            <trkpt lat="45.912121" lon="11.181347">
                <ele>0</ele>
            </trkpt>
            <trkpt lat="45.912171" lon="11.18164">
                <ele>0</ele>
            </trkpt>
            <trkpt lat="45.912263" lon="11.182132">
                <ele>0</ele>
            </trkpt>
            <trkpt lat="45.912294" lon="11.182288">
                <ele>0</ele>
            </trkpt>
            <trkpt lat="45.912323" lon="11.182388">
                <ele>0</ele>
            </trkpt>
            <trkpt lat="45.912394" lon="11.18258">
                <ele>0</ele>
            </trkpt>
            <trkpt lat="45.912405" lon="11.182601">
                <ele>0</ele>
            </trkpt>
            <trkpt lat="45.912407" lon="11.182606">
                <ele>0</ele>
            </trkpt>
            <trkpt lat="45.912552" lon="11.182889">
                <ele>0</ele>
            </trkpt>
            <trkpt lat="45.91264" lon="11.183046">
                <ele>0</ele>
            </trkpt>
            <trkpt lat="45.912734" lon="11.183142">
                <ele>0</ele>
            </trkpt>
            <trkpt lat="45.912828" lon="11.183207">
                <ele>0</ele>
            </trkpt>
            <trkpt lat="45.912907" lon="11.183303">
                <ele>0</ele>
            </trkpt>
            <trkpt lat="45.912941" lon="11.183384">
                <ele>0</ele>
            </trkpt>
            <trkpt lat="45.912929" lon="11.183501">
                <ele>0</ele>
            </trkpt>
            <trkpt lat="45.912881" lon="11.183611">
                <ele>0</ele>
            </trkpt>
            <trkpt lat="45.912793" lon="11.183643">
                <ele>0</ele>
            </trkpt>
            <trkpt lat="45.912733" lon="11.183629">
                <ele>0</ele>
            </trkpt>
            <trkpt lat="45.912662" lon="11.183613">
                <ele>0</ele>
            </trkpt>
            <trkpt lat="45.912468" lon="11.183506">
                <ele>0</ele>
            </trkpt>
            <trkpt lat="45.912245" lon="11.18338">
                <ele>0</ele>
            </trkpt>
            <trkpt lat="45.911944" lon="11.183252">
                <ele>0</ele>
            </trkpt>
            <trkpt lat="45.911451" lon="11.182984">
                <ele>0</ele>
            </trkpt>
            <trkpt lat="45.911441" lon="11.182978">
                <ele>0</ele>
            </trkpt>
            <trkpt lat="45.911438" lon="11.182974">
                <ele>0</ele>
            </trkpt>
            <trkpt lat="45.911302" lon="11.182794">
                <ele>0</ele>
            </trkpt>
            <trkpt lat="45.911238" lon="11.182603">
                <ele>0</ele>
            </trkpt>
            <trkpt lat="45.911202" lon="11.182495">
                <ele>0</ele>
            </trkpt>
            <trkpt lat="45.911201" lon="11.182491">
                <ele>0</ele>
            </trkpt>
            <trkpt lat="45.911135" lon="11.182294">
                <ele>0</ele>
            </trkpt>
            <trkpt lat="45.911011" lon="11.182156">
                <ele>0</ele>
            </trkpt>
            <trkpt lat="45.910863" lon="11.182022">
                <ele>0</ele>
            </trkpt>
            <trkpt lat="45.910746" lon="11.181994">
                <ele>0</ele>
            </trkpt>
            <trkpt lat="45.910652" lon="11.182017">
                <ele>0</ele>
            </trkpt>
            <trkpt lat="45.910492" lon="11.182221">
                <ele>0</ele>
            </trkpt>
            <trkpt lat="45.910387" lon="11.182355">
                <ele>0</ele>
            </trkpt>
            <trkpt lat="45.910121" lon="11.182757">
                <ele>0</ele>
            </trkpt>
            <trkpt lat="45.91003" lon="11.182879">
                <ele>0</ele>
            </trkpt>
            <trkpt lat="45.909931" lon="11.183017">
                <ele>0</ele>
            </trkpt>
            <trkpt lat="45.909763" lon="11.183313">
                <ele>0</ele>
            </trkpt>
            <trkpt lat="45.909625" lon="11.183555">
                <ele>0</ele>
            </trkpt>
            <trkpt lat="45.909285" lon="11.184148">
                <ele>0</ele>
            </trkpt>
            <trkpt lat="45.909014" lon="11.184512">
                <ele>0</ele>
            </trkpt>
            <trkpt lat="45.909011" lon="11.184516">
                <ele>0</ele>
            </trkpt>
            <trkpt lat="45.908958" lon="11.184588">
                <ele>0</ele>
            </trkpt>
            <trkpt lat="45.908876" lon="11.184682">
                <ele>0</ele>
            </trkpt>
            <trkpt lat="45.908787" lon="11.184872">
                <ele>0</ele>
            </trkpt>
            <trkpt lat="45.908746" lon="11.184992">
                <ele>0</ele>
            </trkpt>
            <trkpt lat="45.908704" lon="11.18525">
                <ele>0</ele>
            </trkpt>
            <trkpt lat="45.90868" lon="11.185473">
                <ele>0</ele>
            </trkpt>
            <trkpt lat="45.908619" lon="11.185543">
                <ele>0</ele>
            </trkpt>
            <trkpt lat="45.908544" lon="11.18559">
                <ele>0</ele>
            </trkpt>
            <trkpt lat="45.908517" lon="11.18559">
                <ele>0</ele>
            </trkpt>
            <trkpt lat="45.908395" lon="11.18559">
                <ele>0</ele>
            </trkpt>
            <trkpt lat="45.908197" lon="11.185569">
                <ele>0</ele>
            </trkpt>
            <trkpt lat="45.907971" lon="11.185671">
                <ele>0</ele>
            </trkpt>
            <trkpt lat="45.907619" lon="11.185881">
                <ele>0</ele>
            </trkpt>
            <trkpt lat="45.907313" lon="11.185959">
                <ele>0</ele>
            </trkpt>
            <trkpt lat="45.90724" lon="11.18597">
                <ele>0</ele>
            </trkpt>
            <trkpt lat="45.906961" lon="11.18601">
                <ele>0</ele>
            </trkpt>
            <trkpt lat="45.906646" lon="11.186022">
                <ele>0</ele>
            </trkpt>
            <trkpt lat="45.906447" lon="11.185978">
                <ele>0</ele>
            </trkpt>
            <trkpt lat="45.906352" lon="11.185915">
                <ele>0</ele>
            </trkpt>
            <trkpt lat="45.906327" lon="11.185895">
                <ele>0</ele>
            </trkpt>
            <trkpt lat="45.906314" lon="11.185878">
                <ele>0</ele>
            </trkpt>
            <trkpt lat="45.906309" lon="11.185872">
                <ele>0</ele>
            </trkpt>
            <trkpt lat="45.906187" lon="11.185708">
                <ele>0</ele>
            </trkpt>
            <trkpt lat="45.906059" lon="11.185538">
                <ele>0</ele>
            </trkpt>
            <trkpt lat="45.906041" lon="11.185517">
                <ele>0</ele>
            </trkpt>
            <trkpt lat="45.90579" lon="11.185221">
                <ele>0</ele>
            </trkpt>
            <trkpt lat="45.90539" lon="11.184895">
                <ele>0</ele>
            </trkpt>
            <trkpt lat="45.905207" lon="11.184781">
                <ele>0</ele>
            </trkpt>
            <trkpt lat="45.905094" lon="11.184711">
                <ele>0</ele>
            </trkpt>
            <trkpt lat="45.904961" lon="11.184628">
                <ele>0</ele>
            </trkpt>
            <trkpt lat="45.904788" lon="11.184513">
                <ele>0</ele>
            </trkpt>
            <trkpt lat="45.904746" lon="11.184485">
                <ele>0</ele>
            </trkpt>
            <trkpt lat="45.90471" lon="11.184467">
                <ele>0</ele>
            </trkpt>
            <trkpt lat="45.904708" lon="11.184466">
                <ele>0</ele>
            </trkpt>
            <trkpt lat="45.904196" lon="11.184204">
                <ele>0</ele>
            </trkpt>
            <trkpt lat="45.904095" lon="11.184148">
                <ele>0</ele>
            </trkpt>
            <trkpt lat="45.903043" lon="11.18353">
                <ele>0</ele>
            </trkpt>
            <trkpt lat="45.902064" lon="11.182895">
                <ele>0</ele>
            </trkpt>
            <trkpt lat="45.901706" lon="11.182646">
                <ele>0</ele>
            </trkpt>
            <trkpt lat="45.901544" lon="11.182594">
                <ele>0</ele>
            </trkpt>
            <trkpt lat="45.901365" lon="11.18262">
                <ele>0</ele>
            </trkpt>
            <trkpt lat="45.901132" lon="11.182706">
                <ele>0</ele>
            </trkpt>
            <trkpt lat="45.900173" lon="11.182943">
                <ele>0</ele>
            </trkpt>
            <trkpt lat="45.899932" lon="11.182993">
                <ele>0</ele>
            </trkpt>
            <trkpt lat="45.89934" lon="11.18302">
                <ele>0</ele>
            </trkpt>
            <trkpt lat="45.898911" lon="11.183109">
                <ele>0</ele>
            </trkpt>
            <trkpt lat="45.898175" lon="11.183465">
                <ele>0</ele>
            </trkpt>
            <trkpt lat="45.897577" lon="11.18358">
                <ele>0</ele>
            </trkpt>
            <trkpt lat="45.897119" lon="11.183668">
                <ele>0</ele>
            </trkpt>
            <trkpt lat="45.896767" lon="11.183787">
                <ele>0</ele>
            </trkpt>
            <trkpt lat="45.896283" lon="11.184045">
                <ele>0</ele>
            </trkpt>
            <trkpt lat="45.895952" lon="11.184211">
                <ele>0</ele>
            </trkpt>
            <trkpt lat="45.895423" lon="11.184485">
                <ele>0</ele>
            </trkpt>
            <trkpt lat="45.895256" lon="11.184648">
                <ele>0</ele>
            </trkpt>
            <trkpt lat="45.895004" lon="11.185006">
                <ele>0</ele>
            </trkpt>
            <trkpt lat="45.894621" lon="11.185796">
                <ele>0</ele>
            </trkpt>
            <trkpt lat="45.894412" lon="11.186371">
                <ele>0</ele>
            </trkpt>
            <trkpt lat="45.894304" lon="11.186478">
                <ele>0</ele>
            </trkpt>
            <trkpt lat="45.89418" lon="11.186588">
                <ele>0</ele>
            </trkpt>
            <trkpt lat="45.894066" lon="11.186534">
                <ele>0</ele>
            </trkpt>
            <trkpt lat="45.89394" lon="11.186499">
                <ele>0</ele>
            </trkpt>
            <trkpt lat="45.893269" lon="11.18629">
                <ele>0</ele>
            </trkpt>
            <trkpt lat="45.892968" lon="11.186196">
                <ele>0</ele>
            </trkpt>
            <trkpt lat="45.892912" lon="11.186179">
                <ele>0</ele>
            </trkpt>
            <trkpt lat="45.892569" lon="11.186105">
                <ele>0</ele>
            </trkpt>
            <trkpt lat="45.892434" lon="11.186142">
                <ele>0</ele>
            </trkpt>
            <trkpt lat="45.892129" lon="11.186377">
                <ele>0</ele>
            </trkpt>
            <trkpt lat="45.891832" lon="11.186622">
                <ele>0</ele>
            </trkpt>
            <trkpt lat="45.891753" lon="11.186687">
                <ele>0</ele>
            </trkpt>
            <trkpt lat="45.891653" lon="11.18681">
                <ele>0</ele>
            </trkpt>
            <trkpt lat="45.891301" lon="11.187261">
                <ele>0</ele>
            </trkpt>
            <trkpt lat="45.891102" lon="11.187419">
                <ele>0</ele>
            </trkpt>
            <trkpt lat="45.890884" lon="11.187506">
                <ele>0</ele>
            </trkpt>
            <trkpt lat="45.890091" lon="11.187592">
                <ele>0</ele>
            </trkpt>
            <trkpt lat="45.88995" lon="11.187655">
                <ele>0</ele>
            </trkpt>
            <trkpt lat="45.889826" lon="11.187846">
                <ele>0</ele>
            </trkpt>
            <trkpt lat="45.889675" lon="11.188185">
                <ele>0</ele>
            </trkpt>
            <trkpt lat="45.889584" lon="11.188332">
                <ele>0</ele>
            </trkpt>
            <trkpt lat="45.889463" lon="11.188488">
                <ele>0</ele>
            </trkpt>
            <trkpt lat="45.889113" lon="11.188775">
                <ele>0</ele>
            </trkpt>
            <trkpt lat="45.888877" lon="11.189036">
                <ele>0</ele>
            </trkpt>
            <trkpt lat="45.888531" lon="11.189759">
                <ele>0</ele>
            </trkpt>
            <trkpt lat="45.888291" lon="11.19007">
                <ele>0</ele>
            </trkpt>
            <trkpt lat="45.887951" lon="11.190312">
                <ele>0</ele>
            </trkpt>
            <trkpt lat="45.887713" lon="11.190639">
                <ele>0</ele>
            </trkpt>
            <trkpt lat="45.887342" lon="11.191407">
                <ele>0</ele>
            </trkpt>
            <trkpt lat="45.886786" lon="11.192122">
                <ele>0</ele>
            </trkpt>
            <trkpt lat="45.886461" lon="11.192374">
                <ele>0</ele>
            </trkpt>
            <trkpt lat="45.885716" lon="11.192941">
                <ele>0</ele>
            </trkpt>
            <trkpt lat="45.885068" lon="11.193085">
                <ele>0</ele>
            </trkpt>
            <trkpt lat="45.884949" lon="11.193114">
                <ele>0</ele>
            </trkpt>
            <trkpt lat="45.88484" lon="11.193183">
                <ele>0</ele>
            </trkpt>
            <trkpt lat="45.884733" lon="11.193319">
                <ele>0</ele>
            </trkpt>
            <trkpt lat="45.884591" lon="11.1935">
                <ele>0</ele>
            </trkpt>
            <trkpt lat="45.88446" lon="11.193637">
                <ele>0</ele>
            </trkpt>
            <trkpt lat="45.884254" lon="11.193817">
                <ele>0</ele>
            </trkpt>
            <trkpt lat="45.884157" lon="11.193943">
                <ele>0</ele>
            </trkpt>
            <trkpt lat="45.884052" lon="11.194102">
                <ele>0</ele>
            </trkpt>
            <trkpt lat="45.883957" lon="11.194285">
                <ele>0</ele>
            </trkpt>
            <trkpt lat="45.883852" lon="11.194434">
                <ele>0</ele>
            </trkpt>
            <trkpt lat="45.883751" lon="11.194524">
                <ele>0</ele>
            </trkpt>
            <trkpt lat="45.88362" lon="11.194599">
                <ele>0</ele>
            </trkpt>
            <trkpt lat="45.883497" lon="11.194649">
                <ele>0</ele>
            </trkpt>
            <trkpt lat="45.883311" lon="11.194697">
                <ele>0</ele>
            </trkpt>
            <trkpt lat="45.883207" lon="11.194757">
                <ele>0</ele>
            </trkpt>
            <trkpt lat="45.883121" lon="11.194836">
                <ele>0</ele>
            </trkpt>
            <trkpt lat="45.883044" lon="11.194939">
                <ele>0</ele>
            </trkpt>
            <trkpt lat="45.883014" lon="11.194989">
                <ele>0</ele>
            </trkpt>
            <trkpt lat="45.882828" lon="11.195301">
                <ele>0</ele>
            </trkpt>
            <trkpt lat="45.88245" lon="11.195923">
                <ele>0</ele>
            </trkpt>
            <trkpt lat="45.882227" lon="11.196289">
                <ele>0</ele>
            </trkpt>
            <trkpt lat="45.881999" lon="11.196649">
                <ele>0</ele>
            </trkpt>
            <trkpt lat="45.881941" lon="11.196754">
                <ele>0</ele>
            </trkpt>
            <trkpt lat="45.881893" lon="11.196863">
                <ele>0</ele>
            </trkpt>
            <trkpt lat="45.881867" lon="11.196991">
                <ele>0</ele>
            </trkpt>
            <trkpt lat="45.881865" lon="11.197122">
                <ele>0</ele>
            </trkpt>
            <trkpt lat="45.881885" lon="11.197258">
                <ele>0</ele>
            </trkpt>
            <trkpt lat="45.88193" lon="11.197375">
                <ele>0</ele>
            </trkpt>
            <trkpt lat="45.881998" lon="11.197482">
                <ele>0</ele>
            </trkpt>
            <trkpt lat="45.882336" lon="11.197825">
                <ele>0</ele>
            </trkpt>
            <trkpt lat="45.8824" lon="11.197954">
                <ele>0</ele>
            </trkpt>
            <trkpt lat="45.882436" lon="11.198113">
                <ele>0</ele>
            </trkpt>
            <trkpt lat="45.882446" lon="11.198302">
                <ele>0</ele>
            </trkpt>
            <trkpt lat="45.882445" lon="11.198485">
                <ele>0</ele>
            </trkpt>
            <trkpt lat="45.88243" lon="11.19865">
                <ele>0</ele>
            </trkpt>
            <trkpt lat="45.882369" lon="11.198912">
                <ele>0</ele>
            </trkpt>
            <trkpt lat="45.882336" lon="11.199098">
                <ele>0</ele>
            </trkpt>
            <trkpt lat="45.882334" lon="11.199273">
                <ele>0</ele>
            </trkpt>
            <trkpt lat="45.882362" lon="11.199461">
                <ele>0</ele>
            </trkpt>
            <trkpt lat="45.882421" lon="11.199666">
                <ele>0</ele>
            </trkpt>
            <trkpt lat="45.882567" lon="11.20013">
                <ele>0</ele>
            </trkpt>
            <trkpt lat="45.882795" lon="11.200862">
                <ele>0</ele>
            </trkpt>
            <trkpt lat="45.882817" lon="11.201022">
                <ele>0</ele>
            </trkpt>
            <trkpt lat="45.8828" lon="11.201168">
                <ele>0</ele>
            </trkpt>
            <trkpt lat="45.882744" lon="11.201273">
                <ele>0</ele>
            </trkpt>
            <trkpt lat="45.88266" lon="11.201341">
                <ele>0</ele>
            </trkpt>
            <trkpt lat="45.882399" lon="11.201514">
                <ele>0</ele>
            </trkpt>
            <trkpt lat="45.88233" lon="11.201589">
                <ele>0</ele>
            </trkpt>
            <trkpt lat="45.882271" lon="11.201692">
                <ele>0</ele>
            </trkpt>
            <trkpt lat="45.881881" lon="11.203008">
                <ele>0</ele>
            </trkpt>
            <trkpt lat="45.881817" lon="11.203144">
                <ele>0</ele>
            </trkpt>
            <trkpt lat="45.881742" lon="11.203226">
                <ele>0</ele>
            </trkpt>
            <trkpt lat="45.88165" lon="11.203245">
                <ele>0</ele>
            </trkpt>
            <trkpt lat="45.881568" lon="11.203222">
                <ele>0</ele>
            </trkpt>
            <trkpt lat="45.881488" lon="11.203151">
                <ele>0</ele>
            </trkpt>
            <trkpt lat="45.881256" lon="11.202851">
                <ele>0</ele>
            </trkpt>
            <trkpt lat="45.881163" lon="11.202747">
                <ele>0</ele>
            </trkpt>
            <trkpt lat="45.881055" lon="11.202671">
                <ele>0</ele>
            </trkpt>
            <trkpt lat="45.880927" lon="11.2026">
                <ele>0</ele>
            </trkpt>
            <trkpt lat="45.880805" lon="11.202566">
                <ele>0</ele>
            </trkpt>
            <trkpt lat="45.88068" lon="11.202553">
                <ele>0</ele>
            </trkpt>
            <trkpt lat="45.880547" lon="11.202575">
                <ele>0</ele>
            </trkpt>
            <trkpt lat="45.880418" lon="11.202622">
                <ele>0</ele>
            </trkpt>
            <trkpt lat="45.880285" lon="11.202721">
                <ele>0</ele>
            </trkpt>
            <trkpt lat="45.879872" lon="11.203151">
                <ele>0</ele>
            </trkpt>
            <trkpt lat="45.879675" lon="11.203386">
                <ele>0</ele>
            </trkpt>
            <trkpt lat="45.87916" lon="11.204076">
                <ele>0</ele>
            </trkpt>
            <trkpt lat="45.879034" lon="11.204247">
                <ele>0</ele>
            </trkpt>
            <trkpt lat="45.878939" lon="11.204328">
                <ele>0</ele>
            </trkpt>
            <trkpt lat="45.878841" lon="11.204368">
                <ele>0</ele>
            </trkpt>
            <trkpt lat="45.878709" lon="11.204412">
                <ele>0</ele>
            </trkpt>
            <trkpt lat="45.878559" lon="11.204478">
                <ele>0</ele>
            </trkpt>
            <trkpt lat="45.878392" lon="11.204604">
                <ele>0</ele>
            </trkpt>
            <trkpt lat="45.878258" lon="11.204759">
                <ele>0</ele>
            </trkpt>
            <trkpt lat="45.878134" lon="11.204971">
                <ele>0</ele>
            </trkpt>
            <trkpt lat="45.87807" lon="11.205121">
                <ele>0</ele>
            </trkpt>
            <trkpt lat="45.878022" lon="11.205259">
                <ele>0</ele>
            </trkpt>
            <trkpt lat="45.877981" lon="11.205423">
                <ele>0</ele>
            </trkpt>
            <trkpt lat="45.877952" lon="11.205607">
                <ele>0</ele>
            </trkpt>
            <trkpt lat="45.877941" lon="11.205802">
                <ele>0</ele>
            </trkpt>
            <trkpt lat="45.877947" lon="11.206043">
                <ele>0</ele>
            </trkpt>
            <trkpt lat="45.877963" lon="11.206269">
                <ele>0</ele>
            </trkpt>
            <trkpt lat="45.87797" lon="11.206464">
                <ele>0</ele>
            </trkpt>
            <trkpt lat="45.877954" lon="11.206624">
                <ele>0</ele>
            </trkpt>
            <trkpt lat="45.877911" lon="11.20679">
                <ele>0</ele>
            </trkpt>
            <trkpt lat="45.87767" lon="11.207605">
                <ele>0</ele>
            </trkpt>
            <trkpt lat="45.877622" lon="11.207813">
                <ele>0</ele>
            </trkpt>
            <trkpt lat="45.877583" lon="11.20803">
                <ele>0</ele>
            </trkpt>
            <trkpt lat="45.877552" lon="11.208243">
                <ele>0</ele>
            </trkpt>
            <trkpt lat="45.877517" lon="11.208595">
                <ele>0</ele>
            </trkpt>
            <trkpt lat="45.877513" lon="11.208701">
                <ele>0</ele>
            </trkpt>
            <trkpt lat="45.877521" lon="11.208809">
                <ele>0</ele>
            </trkpt>
            <trkpt lat="45.877545" lon="11.2089">
                <ele>0</ele>
            </trkpt>
            <trkpt lat="45.877587" lon="11.208978">
                <ele>0</ele>
            </trkpt>
            <trkpt lat="45.877647" lon="11.209043">
                <ele>0</ele>
            </trkpt>
            <trkpt lat="45.877717" lon="11.209088">
                <ele>0</ele>
            </trkpt>
            <trkpt lat="45.877848" lon="11.209141">
                <ele>0</ele>
            </trkpt>
            <trkpt lat="45.87793" lon="11.2092">
                <ele>0</ele>
            </trkpt>
            <trkpt lat="45.878001" lon="11.209293">
                <ele>0</ele>
            </trkpt>
            <trkpt lat="45.878046" lon="11.209394">
                <ele>0</ele>
            </trkpt>
            <trkpt lat="45.878072" lon="11.209505">
                <ele>0</ele>
            </trkpt>
            <trkpt lat="45.878078" lon="11.209651">
                <ele>0</ele>
            </trkpt>
            <trkpt lat="45.878062" lon="11.209783">
                <ele>0</ele>
            </trkpt>
            <trkpt lat="45.878029" lon="11.209895">
                <ele>0</ele>
            </trkpt>
            <trkpt lat="45.877978" lon="11.209994">
                <ele>0</ele>
            </trkpt>
            <trkpt lat="45.877912" lon="11.210083">
                <ele>0</ele>
            </trkpt>
            <trkpt lat="45.877906" lon="11.210089">
                <ele>0</ele>
            </trkpt>
            <trkpt lat="45.877834" lon="11.21016">
                <ele>0</ele>
            </trkpt>
            <trkpt lat="45.877792" lon="11.210211">
                <ele>0</ele>
            </trkpt>
            <trkpt lat="45.877723" lon="11.210295">
                <ele>0</ele>
            </trkpt>
            <trkpt lat="45.877643" lon="11.210381">
                <ele>0</ele>
            </trkpt>
            <trkpt lat="45.877538" lon="11.210565">
                <ele>0</ele>
            </trkpt>
            <trkpt lat="45.877464" lon="11.210814">
                <ele>0</ele>
            </trkpt>
            <trkpt lat="45.877441" lon="11.211048">
                <ele>0</ele>
            </trkpt>
            <trkpt lat="45.877426" lon="11.211337">
                <ele>0</ele>
            </trkpt>
            <trkpt lat="45.877407" lon="11.211667">
                <ele>0</ele>
            </trkpt>
            <trkpt lat="45.877378" lon="11.21187">
                <ele>0</ele>
            </trkpt>
            <trkpt lat="45.877324" lon="11.212057">
                <ele>0</ele>
            </trkpt>
            <trkpt lat="45.877203" lon="11.212356">
                <ele>0</ele>
            </trkpt>
            <trkpt lat="45.877109" lon="11.212546">
                <ele>0</ele>
            </trkpt>
            <trkpt lat="45.876902" lon="11.213154">
                <ele>0</ele>
            </trkpt>
            <trkpt lat="45.876699" lon="11.214215">
                <ele>0</ele>
            </trkpt>
            <trkpt lat="45.876615" lon="11.214653">
                <ele>0</ele>
            </trkpt>
            <trkpt lat="45.87658" lon="11.215224">
                <ele>0</ele>
            </trkpt>
            <trkpt lat="45.876516" lon="11.216332">
                <ele>0</ele>
            </trkpt>
            <trkpt lat="45.876472" lon="11.216668">
                <ele>0</ele>
            </trkpt>
            <trkpt lat="45.876196" lon="11.217699">
                <ele>0</ele>
            </trkpt>
            <trkpt lat="45.876116" lon="11.218683">
                <ele>0</ele>
            </trkpt>
            <trkpt lat="45.876084" lon="11.219036">
                <ele>0</ele>
            </trkpt>
            <trkpt lat="45.876022" lon="11.21979">
                <ele>0</ele>
            </trkpt>
            <trkpt lat="45.875958" lon="11.220017">
                <ele>0</ele>
            </trkpt>
            <trkpt lat="45.875844" lon="11.220237">
                <ele>0</ele>
            </trkpt>
            <trkpt lat="45.875732" lon="11.220377">
                <ele>0</ele>
            </trkpt>
            <trkpt lat="45.875593" lon="11.22049">
                <ele>0</ele>
            </trkpt>
            <trkpt lat="45.875104" lon="11.220804">
                <ele>0</ele>
            </trkpt>
            <trkpt lat="45.874934" lon="11.220986">
                <ele>0</ele>
            </trkpt>
            <trkpt lat="45.874831" lon="11.221204">
                <ele>0</ele>
            </trkpt>
            <trkpt lat="45.874757" lon="11.221438">
                <ele>0</ele>
            </trkpt>
            <trkpt lat="45.874699" lon="11.221775">
                <ele>0</ele>
            </trkpt>
            <trkpt lat="45.874657" lon="11.222137">
                <ele>0</ele>
            </trkpt>
            <trkpt lat="45.87467" lon="11.222388">
                <ele>0</ele>
            </trkpt>
            <trkpt lat="45.874692" lon="11.222563">
                <ele>0</ele>
            </trkpt>
            <trkpt lat="45.874957" lon="11.223335">
                <ele>0</ele>
            </trkpt>
            <trkpt lat="45.874994" lon="11.223548">
                <ele>0</ele>
            </trkpt>
            <trkpt lat="45.874985" lon="11.223982">
                <ele>0</ele>
            </trkpt>
            <trkpt lat="45.874937" lon="11.224384">
                <ele>0</ele>
            </trkpt>
            <trkpt lat="45.874867" lon="11.22469">
                <ele>0</ele>
            </trkpt>
            <trkpt lat="45.874738" lon="11.22495">
                <ele>0</ele>
            </trkpt>
            <trkpt lat="45.874532" lon="11.225278">
                <ele>0</ele>
            </trkpt>
            <trkpt lat="45.874448" lon="11.225484">
                <ele>0</ele>
            </trkpt>
            <trkpt lat="45.874406" lon="11.225683">
                <ele>0</ele>
            </trkpt>
            <trkpt lat="45.874383" lon="11.225951">
                <ele>0</ele>
            </trkpt>
            <trkpt lat="45.87431" lon="11.226227">
                <ele>0</ele>
            </trkpt>
            <trkpt lat="45.874054" lon="11.226658">
                <ele>0</ele>
            </trkpt>
            <trkpt lat="45.873778" lon="11.227402">
                <ele>0</ele>
            </trkpt>
            <trkpt lat="45.873714" lon="11.227796">
                <ele>0</ele>
            </trkpt>
            <trkpt lat="45.873522" lon="11.22898">
                <ele>0</ele>
            </trkpt>
            <trkpt lat="45.873441" lon="11.229163">
                <ele>0</ele>
            </trkpt>
            <trkpt lat="45.873074" lon="11.229576">
                <ele>0</ele>
            </trkpt>
            <trkpt lat="45.873006" lon="11.22969">
                <ele>0</ele>
            </trkpt>
            <trkpt lat="45.872967" lon="11.229887">
                <ele>0</ele>
            </trkpt>
            <trkpt lat="45.872932" lon="11.230289">
                <ele>0</ele>
            </trkpt>
            <trkpt lat="45.872879" lon="11.23044">
                <ele>0</ele>
            </trkpt>
            <trkpt lat="45.872634" lon="11.230686">
                <ele>0</ele>
            </trkpt>
            <trkpt lat="45.872558" lon="11.23082">
                <ele>0</ele>
            </trkpt>
            <trkpt lat="45.872233" lon="11.231399">
                <ele>0</ele>
            </trkpt>
            <trkpt lat="45.871792" lon="11.231926">
                <ele>0</ele>
            </trkpt>
            <trkpt lat="45.871584" lon="11.23208">
                <ele>0</ele>
            </trkpt>
            <trkpt lat="45.871399" lon="11.232189">
                <ele>0</ele>
            </trkpt>
            <trkpt lat="45.871359" lon="11.232242">
                <ele>0</ele>
            </trkpt>
            <trkpt lat="45.871307" lon="11.23233">
                <ele>0</ele>
            </trkpt>
            <trkpt lat="45.870717" lon="11.233201">
                <ele>0</ele>
            </trkpt>
            <trkpt lat="45.870054" lon="11.234497">
                <ele>0</ele>
            </trkpt>
            <trkpt lat="45.869981" lon="11.234755">
                <ele>0</ele>
            </trkpt>
            <trkpt lat="45.869895" lon="11.235192">
                <ele>0</ele>
            </trkpt>
            <trkpt lat="45.86979" lon="11.235388">
                <ele>0</ele>
            </trkpt>
            <trkpt lat="45.869589" lon="11.23575">
                <ele>0</ele>
            </trkpt>
            <trkpt lat="45.86902" lon="11.236451">
                <ele>0</ele>
            </trkpt>
            <trkpt lat="45.868789" lon="11.236687">
                <ele>0</ele>
            </trkpt>
            <trkpt lat="45.868386" lon="11.236879">
                <ele>0</ele>
            </trkpt>
            <trkpt lat="45.868226" lon="11.237054">
                <ele>0</ele>
            </trkpt>
            <trkpt lat="45.868129" lon="11.237282">
                <ele>0</ele>
            </trkpt>
            <trkpt lat="45.868117" lon="11.237472">
                <ele>0</ele>
            </trkpt>
            <trkpt lat="45.868192" lon="11.238019">
                <ele>0</ele>
            </trkpt>
            <trkpt lat="45.868148" lon="11.23849">
                <ele>0</ele>
            </trkpt>
            <trkpt lat="45.867989" lon="11.239306">
                <ele>0</ele>
            </trkpt>
            <trkpt lat="45.868026" lon="11.23975">
                <ele>0</ele>
            </trkpt>
            <trkpt lat="45.868022" lon="11.239982">
                <ele>0</ele>
            </trkpt>
            <trkpt lat="45.867964" lon="11.240212">
                <ele>0</ele>
            </trkpt>
            <trkpt lat="45.867539" lon="11.240731">
                <ele>0</ele>
            </trkpt>
            <trkpt lat="45.86731" lon="11.241095">
                <ele>0</ele>
            </trkpt>
            <trkpt lat="45.867245" lon="11.241244">
                <ele>0</ele>
            </trkpt>
            <trkpt lat="45.867214" lon="11.241531">
                <ele>0</ele>
            </trkpt>
            <trkpt lat="45.867261" lon="11.241705">
                <ele>0</ele>
            </trkpt>
            <trkpt lat="45.86747" lon="11.242098">
                <ele>0</ele>
            </trkpt>
            <trkpt lat="45.867563" lon="11.242334">
                <ele>0</ele>
            </trkpt>
            <trkpt lat="45.867542" lon="11.242512">
                <ele>0</ele>
            </trkpt>
            <trkpt lat="45.867376" lon="11.242965">
                <ele>0</ele>
            </trkpt>
            <trkpt lat="45.867378" lon="11.243132">
                <ele>0</ele>
            </trkpt>
            <trkpt lat="45.867395" lon="11.243228">
                <ele>0</ele>
            </trkpt>
            <trkpt lat="45.867407" lon="11.243303">
                <ele>0</ele>
            </trkpt>
            <trkpt lat="45.8677" lon="11.243783">
                <ele>0</ele>
            </trkpt>
            <trkpt lat="45.867789" lon="11.243988">
                <ele>0</ele>
            </trkpt>
            <trkpt lat="45.867904" lon="11.244669">
                <ele>0</ele>
            </trkpt>
            <trkpt lat="45.867907" lon="11.244817">
                <ele>0</ele>
            </trkpt>
            <trkpt lat="45.867851" lon="11.245025">
                <ele>0</ele>
            </trkpt>
            <trkpt lat="45.867676" lon="11.245188">
                <ele>0</ele>
            </trkpt>
            <trkpt lat="45.867201" lon="11.245394">
                <ele>0</ele>
            </trkpt>
            <trkpt lat="45.867001" lon="11.245569">
                <ele>0</ele>
            </trkpt>
            <trkpt lat="45.866807" lon="11.245906">
                <ele>0</ele>
            </trkpt>
            <trkpt lat="45.866414" lon="11.246413">
                <ele>0</ele>
            </trkpt>
            <trkpt lat="45.866245" lon="11.246731">
                <ele>0</ele>
            </trkpt>
            <trkpt lat="45.866085" lon="11.24741">
                <ele>0</ele>
            </trkpt>
            <trkpt lat="45.866013" lon="11.247633">
                <ele>0</ele>
            </trkpt>
            <trkpt lat="45.865894" lon="11.247835">
                <ele>0</ele>
            </trkpt>
            <trkpt lat="45.865804" lon="11.247913">
                <ele>0</ele>
            </trkpt>
            <trkpt lat="45.865592" lon="11.248003">
                <ele>0</ele>
            </trkpt>
            <trkpt lat="45.86542" lon="11.24825">
                <ele>0</ele>
            </trkpt>
            <trkpt lat="45.865289" lon="11.248513">
                <ele>0</ele>
            </trkpt>
            <trkpt lat="45.865235" lon="11.248671">
                <ele>0</ele>
            </trkpt>
            <trkpt lat="45.865247" lon="11.248813">
                <ele>0</ele>
            </trkpt>
            <trkpt lat="45.86532" lon="11.248956">
                <ele>0</ele>
            </trkpt>
            <trkpt lat="45.865657" lon="11.24915">
                <ele>0</ele>
            </trkpt>
            <trkpt lat="45.86574" lon="11.249228">
                <ele>0</ele>
            </trkpt>
            <trkpt lat="45.865901" lon="11.249381">
                <ele>0</ele>
            </trkpt>
            <trkpt lat="45.866057" lon="11.249608">
                <ele>0</ele>
            </trkpt>
            <trkpt lat="45.867045" lon="11.251044">
                <ele>0</ele>
            </trkpt>
            <trkpt lat="45.867188" lon="11.251196">
                <ele>0</ele>
            </trkpt>
            <trkpt lat="45.867339" lon="11.251282">
                <ele>0</ele>
            </trkpt>
            <trkpt lat="45.86807" lon="11.251613">
                <ele>0</ele>
            </trkpt>
            <trkpt lat="45.86832" lon="11.25185">
                <ele>0</ele>
            </trkpt>
            <trkpt lat="45.868626" lon="11.252432">
                <ele>0</ele>
            </trkpt>
            <trkpt lat="45.869082" lon="11.252794">
                <ele>0</ele>
            </trkpt>
            <trkpt lat="45.86942" lon="11.253263">
                <ele>0</ele>
            </trkpt>
            <trkpt lat="45.869947" lon="11.254108">
                <ele>0</ele>
            </trkpt>
            <trkpt lat="45.870164" lon="11.254382">
                <ele>0</ele>
            </trkpt>
            <trkpt lat="45.870457" lon="11.254625">
                <ele>0</ele>
            </trkpt>
            <trkpt lat="45.870783" lon="11.254738">
                <ele>0</ele>
            </trkpt>
            <trkpt lat="45.871142" lon="11.254722">
                <ele>0</ele>
            </trkpt>
            <trkpt lat="45.871328" lon="11.254673">
                <ele>0</ele>
            </trkpt>
            <trkpt lat="45.871833" lon="11.25445">
                <ele>0</ele>
            </trkpt>
            <trkpt lat="45.872195" lon="11.2544">
                <ele>0</ele>
            </trkpt>
            <trkpt lat="45.872417" lon="11.254462">
                <ele>0</ele>
            </trkpt>
            <trkpt lat="45.872658" lon="11.254628">
                <ele>0</ele>
            </trkpt>
            <trkpt lat="45.872761" lon="11.254737">
                <ele>0</ele>
            </trkpt>
            <trkpt lat="45.872846" lon="11.254951">
                <ele>0</ele>
            </trkpt>
            <trkpt lat="45.872883" lon="11.25522">
                <ele>0</ele>
            </trkpt>
            <trkpt lat="45.872859" lon="11.2555">
                <ele>0</ele>
            </trkpt>
            <trkpt lat="45.872717" lon="11.25604">
                <ele>0</ele>
            </trkpt>
            <trkpt lat="45.872715" lon="11.25627">
                <ele>0</ele>
            </trkpt>
            <trkpt lat="45.872758" lon="11.256557">
                <ele>0</ele>
            </trkpt>
            <trkpt lat="45.872733" lon="11.256706">
                <ele>0</ele>
            </trkpt>
            <trkpt lat="45.872639" lon="11.256943">
                <ele>0</ele>
            </trkpt>
            <trkpt lat="45.872607" lon="11.257166">
                <ele>0</ele>
            </trkpt>
            <trkpt lat="45.872658" lon="11.257564">
                <ele>0</ele>
            </trkpt>
            <trkpt lat="45.872661" lon="11.257736">
                <ele>0</ele>
            </trkpt>
            <trkpt lat="45.872636" lon="11.257896">
                <ele>0</ele>
            </trkpt>
            <trkpt lat="45.872555" lon="11.258077">
                <ele>0</ele>
            </trkpt>
            <trkpt lat="45.872251" lon="11.258414">
                <ele>0</ele>
            </trkpt>
            <trkpt lat="45.872059" lon="11.258716">
                <ele>0</ele>
            </trkpt>
            <trkpt lat="45.871603" lon="11.259629">
                <ele>0</ele>
            </trkpt>
            <trkpt lat="45.871328" lon="11.260202">
                <ele>0</ele>
            </trkpt>
            <trkpt lat="45.871299" lon="11.260311">
                <ele>0</ele>
            </trkpt>
            <trkpt lat="45.871309" lon="11.260443">
                <ele>0</ele>
            </trkpt>
            <trkpt lat="45.87133" lon="11.260536">
                <ele>0</ele>
            </trkpt>
            <trkpt lat="45.871382" lon="11.260655">
                <ele>0</ele>
            </trkpt>
            <trkpt lat="45.871445" lon="11.260726">
                <ele>0</ele>
            </trkpt>
            <trkpt lat="45.871578" lon="11.260838">
                <ele>0</ele>
            </trkpt>
            <trkpt lat="45.871666" lon="11.260839">
                <ele>0</ele>
            </trkpt>
            <trkpt lat="45.87174" lon="11.260806">
                <ele>0</ele>
            </trkpt>
            <trkpt lat="45.871833" lon="11.260607">
                <ele>0</ele>
            </trkpt>
            <trkpt lat="45.871991" lon="11.259841">
                <ele>0</ele>
            </trkpt>
            <trkpt lat="45.872087" lon="11.259556">
                <ele>0</ele>
            </trkpt>
            <trkpt lat="45.872144" lon="11.259474">
                <ele>0</ele>
            </trkpt>
            <trkpt lat="45.872232" lon="11.259432">
                <ele>0</ele>
            </trkpt>
            <trkpt lat="45.872301" lon="11.25946">
                <ele>0</ele>
            </trkpt>
            <trkpt lat="45.872345" lon="11.259542">
                <ele>0</ele>
            </trkpt>
            <trkpt lat="45.872333" lon="11.259662">
                <ele>0</ele>
            </trkpt>
            <trkpt lat="45.872291" lon="11.259751">
                <ele>0</ele>
            </trkpt>
            <trkpt lat="45.872188" lon="11.259881">
                <ele>0</ele>
            </trkpt>
            <trkpt lat="45.872128" lon="11.260035">
                <ele>0</ele>
            </trkpt>
            <trkpt lat="45.87211" lon="11.26024">
                <ele>0</ele>
            </trkpt>
            <trkpt lat="45.872201" lon="11.260826">
                <ele>0</ele>
            </trkpt>
            <trkpt lat="45.872166" lon="11.261623">
                <ele>0</ele>
            </trkpt>
            <trkpt lat="45.872074" lon="11.262183">
                <ele>0</ele>
            </trkpt>
            <trkpt lat="45.871936" lon="11.262732">
                <ele>0</ele>
            </trkpt>
            <trkpt lat="45.871458" lon="11.264203">
                <ele>0</ele>
            </trkpt>
            <trkpt lat="45.871364" lon="11.264628">
                <ele>0</ele>
            </trkpt>
            <trkpt lat="45.871277" lon="11.265069">
                <ele>0</ele>
            </trkpt>
            <trkpt lat="45.871272" lon="11.266138">
                <ele>0</ele>
            </trkpt>
            <trkpt lat="45.871196" lon="11.266907">
                <ele>0</ele>
            </trkpt>
            <trkpt lat="45.871154" lon="11.267595">
                <ele>0</ele>
            </trkpt>
            <trkpt lat="45.871094" lon="11.267949">
                <ele>0</ele>
            </trkpt>
            <trkpt lat="45.870879" lon="11.268687">
                <ele>0</ele>
            </trkpt>
            <trkpt lat="45.870769" lon="11.2689">
                <ele>0</ele>
            </trkpt>
            <trkpt lat="45.870654" lon="11.269033">
                <ele>0</ele>
            </trkpt>
            <trkpt lat="45.870031" lon="11.269574">
                <ele>0</ele>
            </trkpt>
            <trkpt lat="45.869856" lon="11.269794">
                <ele>0</ele>
            </trkpt>
            <trkpt lat="45.869695" lon="11.270046">
                <ele>0</ele>
            </trkpt>
            <trkpt lat="45.869189" lon="11.270829">
                <ele>0</ele>
            </trkpt>
            <trkpt lat="45.869054" lon="11.270988">
                <ele>0</ele>
            </trkpt>
            <trkpt lat="45.868317" lon="11.271651">
                <ele>0</ele>
            </trkpt>
            <trkpt lat="45.868235" lon="11.271807">
                <ele>0</ele>
            </trkpt>
            <trkpt lat="45.868223" lon="11.271917">
                <ele>0</ele>
            </trkpt>
            <trkpt lat="45.868232" lon="11.272055">
                <ele>0</ele>
            </trkpt>
            <trkpt lat="45.868276" lon="11.272199">
                <ele>0</ele>
            </trkpt>
            <trkpt lat="45.868291" lon="11.272208">
                <ele>0</ele>
            </trkpt>
            <trkpt lat="45.868886" lon="11.27255">
                <ele>0</ele>
            </trkpt>
            <trkpt lat="45.86932" lon="11.272888">
                <ele>0</ele>
            </trkpt>
            <trkpt lat="45.869567" lon="11.273143">
                <ele>0</ele>
            </trkpt>
            <trkpt lat="45.87034" lon="11.274411">
                <ele>0</ele>
            </trkpt>
            <trkpt lat="45.870737" lon="11.275363">
                <ele>0</ele>
            </trkpt>
            <trkpt lat="45.870758" lon="11.275556">
                <ele>0</ele>
            </trkpt>
            <trkpt lat="45.870729" lon="11.27574">
                <ele>0</ele>
            </trkpt>
            <trkpt lat="45.870326" lon="11.276691">
                <ele>0</ele>
            </trkpt>
            <trkpt lat="45.869669" lon="11.277729">
                <ele>0</ele>
            </trkpt>
            <trkpt lat="45.869529" lon="11.277846">
                <ele>0</ele>
            </trkpt>
            <trkpt lat="45.869349" lon="11.277877">
                <ele>0</ele>
            </trkpt>
            <trkpt lat="45.869002" lon="11.277816">
                <ele>0</ele>
            </trkpt>
            <trkpt lat="45.868747" lon="11.277784">
                <ele>0</ele>
            </trkpt>
            <trkpt lat="45.868548" lon="11.27787">
                <ele>0</ele>
            </trkpt>
            <trkpt lat="45.86843" lon="11.278087">
                <ele>0</ele>
            </trkpt>
            <trkpt lat="45.868398" lon="11.278306">
                <ele>0</ele>
            </trkpt>
            <trkpt lat="45.868421" lon="11.278586">
                <ele>0</ele>
            </trkpt>
            <trkpt lat="45.868747" lon="11.280243">
                <ele>0</ele>
            </trkpt>
            <trkpt lat="45.868724" lon="11.280379">
                <ele>0</ele>
            </trkpt>
            <trkpt lat="45.868676" lon="11.280496">
                <ele>0</ele>
            </trkpt>
            <trkpt lat="45.868587" lon="11.280528">
                <ele>0</ele>
            </trkpt>
            <trkpt lat="45.868478" lon="11.280474">
                <ele>0</ele>
            </trkpt>
            <trkpt lat="45.868406" lon="11.28036">
                <ele>0</ele>
            </trkpt>
            <trkpt lat="45.867728" lon="11.278589">
                <ele>0</ele>
            </trkpt>
            <trkpt lat="45.867671" lon="11.278454">
                <ele>0</ele>
            </trkpt>
            <trkpt lat="45.867582" lon="11.278373">
                <ele>0</ele>
            </trkpt>
            <trkpt lat="45.867537" lon="11.278377">
                <ele>0</ele>
            </trkpt>
            <trkpt lat="45.86749" lon="11.278388">
                <ele>0</ele>
            </trkpt>
            <trkpt lat="45.867421" lon="11.278451">
                <ele>0</ele>
            </trkpt>
            <trkpt lat="45.867394" lon="11.278546">
                <ele>0</ele>
            </trkpt>
            <trkpt lat="45.867391" lon="11.278606">
                <ele>0</ele>
            </trkpt>
            <trkpt lat="45.8674" lon="11.278672">
                <ele>0</ele>
            </trkpt>
            <trkpt lat="45.867429" lon="11.278762">
                <ele>0</ele>
            </trkpt>
            <trkpt lat="45.86758" lon="11.278898">
                <ele>0</ele>
            </trkpt>
            <trkpt lat="45.86769" lon="11.278998">
                <ele>0</ele>
            </trkpt>
            <trkpt lat="45.867775" lon="11.279161">
                <ele>0</ele>
            </trkpt>
            <trkpt lat="45.86786" lon="11.279349">
                <ele>0</ele>
            </trkpt>
            <trkpt lat="45.867904" lon="11.279538">
                <ele>0</ele>
            </trkpt>
            <trkpt lat="45.867949" lon="11.280067">
                <ele>0</ele>
            </trkpt>
            <trkpt lat="45.868049" lon="11.28034">
                <ele>0</ele>
            </trkpt>
            <trkpt lat="45.868334" lon="11.281033">
                <ele>0</ele>
            </trkpt>
            <trkpt lat="45.868399" lon="11.281202">
                <ele>0</ele>
            </trkpt>
            <trkpt lat="45.868465" lon="11.281237">
                <ele>0</ele>
            </trkpt>
            <trkpt lat="45.86853" lon="11.281229">
                <ele>0</ele>
            </trkpt>
            <trkpt lat="45.868756" lon="11.281177">
                <ele>0</ele>
            </trkpt>
            <trkpt lat="45.868896" lon="11.281179">
                <ele>0</ele>
            </trkpt>
            <trkpt lat="45.868963" lon="11.281226">
                <ele>0</ele>
            </trkpt>
            <trkpt lat="45.8691" lon="11.281415">
                <ele>0</ele>
            </trkpt>
            <trkpt lat="45.869175" lon="11.281506">
                <ele>0</ele>
            </trkpt>
            <trkpt lat="45.869344" lon="11.281573">
                <ele>0</ele>
            </trkpt>
            <trkpt lat="45.869446" lon="11.281661">
                <ele>0</ele>
            </trkpt>
            <trkpt lat="45.869538" lon="11.281816">
                <ele>0</ele>
            </trkpt>
            <trkpt lat="45.869576" lon="11.28201">
                <ele>0</ele>
            </trkpt>
            <trkpt lat="45.869579" lon="11.282343">
                <ele>0</ele>
            </trkpt>
            <trkpt lat="45.869653" lon="11.282909">
                <ele>0</ele>
            </trkpt>
            <trkpt lat="45.869617" lon="11.283137">
                <ele>0</ele>
            </trkpt>
            <trkpt lat="45.869574" lon="11.283404">
                <ele>0</ele>
            </trkpt>
            <trkpt lat="45.869423" lon="11.283677">
                <ele>0</ele>
            </trkpt>
            <trkpt lat="45.868975" lon="11.2842">
                <ele>0</ele>
            </trkpt>
            <trkpt lat="45.868551" lon="11.284705">
                <ele>0</ele>
            </trkpt>
            <trkpt lat="45.868428" lon="11.285035">
                <ele>0</ele>
            </trkpt>
            <trkpt lat="45.868428" lon="11.285248">
                <ele>0</ele>
            </trkpt>
            <trkpt lat="45.86848" lon="11.285563">
                <ele>0</ele>
            </trkpt>
            <trkpt lat="45.868469" lon="11.285705">
                <ele>0</ele>
            </trkpt>
            <trkpt lat="45.868511" lon="11.286002">
                <ele>0</ele>
            </trkpt>
            <trkpt lat="45.868605" lon="11.286183">
                <ele>0</ele>
            </trkpt>
            <trkpt lat="45.869037" lon="11.286789">
                <ele>0</ele>
            </trkpt>
            <trkpt lat="45.869285" lon="11.286986">
                <ele>0</ele>
            </trkpt>
            <trkpt lat="45.869475" lon="11.287185">
                <ele>0</ele>
            </trkpt>
            <trkpt lat="45.869563" lon="11.287308">
                <ele>0</ele>
            </trkpt>
            <trkpt lat="45.869608" lon="11.287413">
                <ele>0</ele>
            </trkpt>
            <trkpt lat="45.869627" lon="11.287528">
                <ele>0</ele>
            </trkpt>
            <trkpt lat="45.869649" lon="11.287866">
                <ele>0</ele>
            </trkpt>
            <trkpt lat="45.869666" lon="11.288024">
                <ele>0</ele>
            </trkpt>
            <trkpt lat="45.869672" lon="11.288175">
                <ele>0</ele>
            </trkpt>
            <trkpt lat="45.869653" lon="11.288566">
                <ele>0</ele>
            </trkpt>
            <trkpt lat="45.869657" lon="11.28876">
                <ele>0</ele>
            </trkpt>
            <trkpt lat="45.869688" lon="11.288921">
                <ele>0</ele>
            </trkpt>
            <trkpt lat="45.86972" lon="11.288976">
                <ele>0</ele>
            </trkpt>
            <trkpt lat="45.869752" lon="11.289013">
                <ele>0</ele>
            </trkpt>
            <trkpt lat="45.869815" lon="11.289025">
                <ele>0</ele>
            </trkpt>
            <trkpt lat="45.869901" lon="11.28899">
                <ele>0</ele>
            </trkpt>
            <trkpt lat="45.870179" lon="11.288917">
                <ele>0</ele>
            </trkpt>
            <trkpt lat="45.870278" lon="11.288909">
                <ele>0</ele>
            </trkpt>
            <trkpt lat="45.870346" lon="11.288915">
                <ele>0</ele>
            </trkpt>
            <trkpt lat="45.870414" lon="11.288928">
                <ele>0</ele>
            </trkpt>
            <trkpt lat="45.870671" lon="11.289001">
                <ele>0</ele>
            </trkpt>
            <trkpt lat="45.870814" lon="11.289073">
                <ele>0</ele>
            </trkpt>
            <trkpt lat="45.870893" lon="11.289097">
                <ele>0</ele>
            </trkpt>
            <trkpt lat="45.870981" lon="11.289097">
                <ele>0</ele>
            </trkpt>
            <trkpt lat="45.871139" lon="11.289086">
                <ele>0</ele>
            </trkpt>
            <trkpt lat="45.871214" lon="11.2891">
                <ele>0</ele>
            </trkpt>
            <trkpt lat="45.871324" lon="11.289148">
                <ele>0</ele>
            </trkpt>
            <trkpt lat="45.871515" lon="11.289258">
                <ele>0</ele>
            </trkpt>
            <trkpt lat="45.871616" lon="11.289296">
                <ele>0</ele>
            </trkpt>
            <trkpt lat="45.871688" lon="11.289293">
                <ele>0</ele>
            </trkpt>
            <trkpt lat="45.871752" lon="11.289271">
                <ele>0</ele>
            </trkpt>
            <trkpt lat="45.871827" lon="11.289231">
                <ele>0</ele>
            </trkpt>
            <trkpt lat="45.871987" lon="11.289148">
                <ele>0</ele>
            </trkpt>
            <trkpt lat="45.872389" lon="11.288968">
                <ele>0</ele>
            </trkpt>
            <trkpt lat="45.872465" lon="11.288955">
                <ele>0</ele>
            </trkpt>
            <trkpt lat="45.872527" lon="11.288982">
                <ele>0</ele>
            </trkpt>
            <trkpt lat="45.872635" lon="11.28907">
                <ele>0</ele>
            </trkpt>
            <trkpt lat="45.872734" lon="11.289151">
                <ele>0</ele>
            </trkpt>
            <trkpt lat="45.872809" lon="11.289199">
                <ele>0</ele>
            </trkpt>
            <trkpt lat="45.872871" lon="11.289215">
                <ele>0</ele>
            </trkpt>
            <trkpt lat="45.872975" lon="11.289215">
                <ele>0</ele>
            </trkpt>
            <trkpt lat="45.873065" lon="11.289199">
                <ele>0</ele>
            </trkpt>
            <trkpt lat="45.873134" lon="11.289204">
                <ele>0</ele>
            </trkpt>
            <trkpt lat="45.873199" lon="11.289239">
                <ele>0</ele>
            </trkpt>
            <trkpt lat="45.873244" lon="11.289285">
                <ele>0</ele>
            </trkpt>
            <trkpt lat="45.873283" lon="11.289347">
                <ele>0</ele>
            </trkpt>
            <trkpt lat="45.873315" lon="11.289438">
                <ele>0</ele>
            </trkpt>
            <trkpt lat="45.873375" lon="11.289706">
                <ele>0</ele>
            </trkpt>
            <trkpt lat="45.873396" lon="11.289763">
                <ele>0</ele>
            </trkpt>
            <trkpt lat="45.873432" lon="11.289812">
                <ele>0</ele>
            </trkpt>
            <trkpt lat="45.873472" lon="11.289836">
                <ele>0</ele>
            </trkpt>
            <trkpt lat="45.873624" lon="11.289887">
                <ele>0</ele>
            </trkpt>
            <trkpt lat="45.873711" lon="11.289942">
                <ele>0</ele>
            </trkpt>
            <trkpt lat="45.873766" lon="11.289982">
                <ele>0</ele>
            </trkpt>
            <trkpt lat="45.87386" lon="11.290064">
                <ele>0</ele>
            </trkpt>
            <trkpt lat="45.873929" lon="11.29011">
                <ele>0</ele>
            </trkpt>
            <trkpt lat="45.874058" lon="11.290187">
                <ele>0</ele>
            </trkpt>
            <trkpt lat="45.874153" lon="11.290282">
                <ele>0</ele>
            </trkpt>
            <trkpt lat="45.87421" lon="11.29035">
                <ele>0</ele>
            </trkpt>
            <trkpt lat="45.874257" lon="11.290457">
                <ele>0</ele>
            </trkpt>
            <trkpt lat="45.874273" lon="11.290566">
                <ele>0</ele>
            </trkpt>
            <trkpt lat="45.874261" lon="11.290838">
                <ele>0</ele>
            </trkpt>
            <trkpt lat="45.874261" lon="11.291122">
                <ele>0</ele>
            </trkpt>
            <trkpt lat="45.874265" lon="11.291226">
                <ele>0</ele>
            </trkpt>
            <trkpt lat="45.874284" lon="11.291299">
                <ele>0</ele>
            </trkpt>
            <trkpt lat="45.874326" lon="11.291362">
                <ele>0</ele>
            </trkpt>
            <trkpt lat="45.874413" lon="11.291441">
                <ele>0</ele>
            </trkpt>
            <trkpt lat="45.874479" lon="11.291515">
                <ele>0</ele>
            </trkpt>
            <trkpt lat="45.874525" lon="11.291586">
                <ele>0</ele>
            </trkpt>
            <trkpt lat="45.874552" lon="11.291648">
                <ele>0</ele>
            </trkpt>
            <trkpt lat="45.874586" lon="11.291736">
                <ele>0</ele>
            </trkpt>
            <trkpt lat="45.874622" lon="11.291798">
                <ele>0</ele>
            </trkpt>
            <trkpt lat="45.874675" lon="11.291839">
                <ele>0</ele>
            </trkpt>
            <trkpt lat="45.874793" lon="11.29191">
                <ele>0</ele>
            </trkpt>
            <trkpt lat="45.874848" lon="11.291957">
                <ele>0</ele>
            </trkpt>
            <trkpt lat="45.874926" lon="11.292077">
                <ele>0</ele>
            </trkpt>
            <trkpt lat="45.874977" lon="11.292158">
                <ele>0</ele>
            </trkpt>
            <trkpt lat="45.875021" lon="11.292259">
                <ele>0</ele>
            </trkpt>
            <trkpt lat="45.875047" lon="11.292366">
                <ele>0</ele>
            </trkpt>
            <trkpt lat="45.875059" lon="11.29248">
                <ele>0</ele>
            </trkpt>
            <trkpt lat="45.875053" lon="11.292652">
                <ele>0</ele>
            </trkpt>
            <trkpt lat="45.875019" lon="11.292873">
                <ele>0</ele>
            </trkpt>
            <trkpt lat="45.875013" lon="11.292963">
                <ele>0</ele>
            </trkpt>
            <trkpt lat="45.875023" lon="11.293039">
                <ele>0</ele>
            </trkpt>
            <trkpt lat="45.875066" lon="11.293124">
                <ele>0</ele>
            </trkpt>
            <trkpt lat="45.875106" lon="11.293236">
                <ele>0</ele>
            </trkpt>
            <trkpt lat="45.875121" lon="11.293345">
                <ele>0</ele>
            </trkpt>
            <trkpt lat="45.87514" lon="11.293448">
                <ele>0</ele>
            </trkpt>
            <trkpt lat="45.875165" lon="11.293544">
                <ele>0</ele>
            </trkpt>
            <trkpt lat="45.875216" lon="11.293675">
                <ele>0</ele>
            </trkpt>
            <trkpt lat="45.875235" lon="11.293756">
                <ele>0</ele>
            </trkpt>
            <trkpt lat="45.875243" lon="11.293871">
                <ele>0</ele>
            </trkpt>
            <trkpt lat="45.875224" lon="11.293999">
                <ele>0</ele>
            </trkpt>
            <trkpt lat="45.875178" lon="11.294108">
                <ele>0</ele>
            </trkpt>
            <trkpt lat="45.87515" lon="11.29419">
                <ele>0</ele>
            </trkpt>
            <trkpt lat="45.875142" lon="11.294277">
                <ele>0</ele>
            </trkpt>
            <trkpt lat="45.875159" lon="11.294376">
                <ele>0</ele>
            </trkpt>
            <trkpt lat="45.875228" lon="11.294577">
                <ele>0</ele>
            </trkpt>
            <trkpt lat="45.875271" lon="11.294703">
                <ele>0</ele>
            </trkpt>
            <trkpt lat="45.875275" lon="11.294793">
                <ele>0</ele>
            </trkpt>
            <trkpt lat="45.875267" lon="11.294875">
                <ele>0</ele>
            </trkpt>
            <trkpt lat="45.87525" lon="11.294937">
                <ele>0</ele>
            </trkpt>
            <trkpt lat="45.875178" lon="11.295101">
                <ele>0</ele>
            </trkpt>
            <trkpt lat="45.87514" lon="11.295207">
                <ele>0</ele>
            </trkpt>
            <trkpt lat="45.875117" lon="11.295306">
                <ele>0</ele>
            </trkpt>
            <trkpt lat="45.875116" lon="11.295428">
                <ele>0</ele>
            </trkpt>
            <trkpt lat="45.875136" lon="11.295551">
                <ele>0</ele>
            </trkpt>
            <trkpt lat="45.875165" lon="11.295717">
                <ele>0</ele>
            </trkpt>
            <trkpt lat="45.875174" lon="11.295876">
                <ele>0</ele>
            </trkpt>
            <trkpt lat="45.875161" lon="11.296012">
                <ele>0</ele>
            </trkpt>
            <trkpt lat="45.875125" lon="11.296173">
                <ele>0</ele>
            </trkpt>
            <trkpt lat="45.875032" lon="11.296418">
                <ele>0</ele>
            </trkpt>
            <trkpt lat="45.874986" lon="11.296568">
                <ele>0</ele>
            </trkpt>
            <trkpt lat="45.874966" lon="11.296677">
                <ele>0</ele>
            </trkpt>
            <trkpt lat="45.874969" lon="11.296816">
                <ele>0</ele>
            </trkpt>
            <trkpt lat="45.874983" lon="11.296985">
                <ele>0</ele>
            </trkpt>
            <trkpt lat="45.874979" lon="11.297182">
                <ele>0</ele>
            </trkpt>
            <trkpt lat="45.874979" lon="11.297283">
                <ele>0</ele>
            </trkpt>
            <trkpt lat="45.874994" lon="11.297384">
                <ele>0</ele>
            </trkpt>
            <trkpt lat="45.875019" lon="11.297449">
                <ele>0</ele>
            </trkpt>
            <trkpt lat="45.875059" lon="11.297504">
                <ele>0</ele>
            </trkpt>
            <trkpt lat="45.875108" lon="11.297585">
                <ele>0</ele>
            </trkpt>
            <trkpt lat="45.87516" lon="11.297687">
                <ele>0</ele>
            </trkpt>
            <trkpt lat="45.875201" lon="11.297798">
                <ele>0</ele>
            </trkpt>
            <trkpt lat="45.875224" lon="11.297883">
                <ele>0</ele>
            </trkpt>
            <trkpt lat="45.875283" lon="11.298098">
                <ele>0</ele>
            </trkpt>
            <trkpt lat="45.875317" lon="11.298199">
                <ele>0</ele>
            </trkpt>
            <trkpt lat="45.875357" lon="11.298243">
                <ele>0</ele>
            </trkpt>
            <trkpt lat="45.875428" lon="11.298245">
                <ele>0</ele>
            </trkpt>
            <trkpt lat="45.876066" lon="11.298203">
                <ele>0</ele>
            </trkpt>
            <trkpt lat="45.876285" lon="11.298316">
                <ele>0</ele>
            </trkpt>
            <trkpt lat="45.876458" lon="11.298478">
                <ele>0</ele>
            </trkpt>
            <trkpt lat="45.876756" lon="11.298848">
                <ele>0</ele>
            </trkpt>
            <trkpt lat="45.876934" lon="11.299026">
                <ele>0</ele>
            </trkpt>
            <trkpt lat="45.877066" lon="11.299145">
                <ele>0</ele>
            </trkpt>
            <trkpt lat="45.877298" lon="11.299246">
                <ele>0</ele>
            </trkpt>
            <trkpt lat="45.877504" lon="11.299289">
                <ele>0</ele>
            </trkpt>
            <trkpt lat="45.877638" lon="11.29944">
                <ele>0</ele>
            </trkpt>
            <trkpt lat="45.877744" lon="11.299578">
                <ele>0</ele>
            </trkpt>
            <trkpt lat="45.877828" lon="11.299762">
                <ele>0</ele>
            </trkpt>
            <trkpt lat="45.877833" lon="11.299994">
                <ele>0</ele>
            </trkpt>
            <trkpt lat="45.877794" lon="11.300212">
                <ele>0</ele>
            </trkpt>
            <trkpt lat="45.877718" lon="11.300316">
                <ele>0</ele>
            </trkpt>
            <trkpt lat="45.87762" lon="11.300452">
                <ele>0</ele>
            </trkpt>
            <trkpt lat="45.877566" lon="11.300658">
                <ele>0</ele>
            </trkpt>
            <trkpt lat="45.877625" lon="11.300781">
                <ele>0</ele>
            </trkpt>
            <trkpt lat="45.877737" lon="11.300863">
                <ele>0</ele>
            </trkpt>
            <trkpt lat="45.877888" lon="11.300924">
                <ele>0</ele>
            </trkpt>
            <trkpt lat="45.87806" lon="11.300979">
                <ele>0</ele>
            </trkpt>
            <trkpt lat="45.878166" lon="11.301144">
                <ele>0</ele>
            </trkpt>
            <trkpt lat="45.878231" lon="11.30132">
                <ele>0</ele>
            </trkpt>
            <trkpt lat="45.878247" lon="11.301493">
                <ele>0</ele>
            </trkpt>
            <trkpt lat="45.878274" lon="11.301656">
                <ele>0</ele>
            </trkpt>
            <trkpt lat="45.878355" lon="11.301756">
                <ele>0</ele>
            </trkpt>
            <trkpt lat="45.878464" lon="11.301829">
                <ele>0</ele>
            </trkpt>
            <trkpt lat="45.878527" lon="11.301898">
                <ele>0</ele>
            </trkpt>
            <trkpt lat="45.878576" lon="11.302">
                <ele>0</ele>
            </trkpt>
            <trkpt lat="45.878599" lon="11.302109">
                <ele>0</ele>
            </trkpt>
            <trkpt lat="45.878606" lon="11.302349">
                <ele>0</ele>
            </trkpt>
            <trkpt lat="45.878618" lon="11.302455">
                <ele>0</ele>
            </trkpt>
            <trkpt lat="45.878647" lon="11.302589">
                <ele>0</ele>
            </trkpt>
            <trkpt lat="45.878654" lon="11.302595">
                <ele>0</ele>
            </trkpt>
            <trkpt lat="45.878737" lon="11.302663">
                <ele>0</ele>
            </trkpt>
            <trkpt lat="45.878854" lon="11.302684">
                <ele>0</ele>
            </trkpt>
            <trkpt lat="45.878843" lon="11.302724">
                <ele>0</ele>
            </trkpt>
            <trkpt lat="45.878803" lon="11.302814">
                <ele>0</ele>
            </trkpt>
            <trkpt lat="45.878746" lon="11.302912">
                <ele>0</ele>
            </trkpt>
            <trkpt lat="45.878672" lon="11.303006">
                <ele>0</ele>
            </trkpt>
            <trkpt lat="45.878643" lon="11.303036">
                <ele>0</ele>
            </trkpt>
            <trkpt lat="45.878626" lon="11.303056">
                <ele>0</ele>
            </trkpt>
            <trkpt lat="45.878556" lon="11.303115">
                <ele>0</ele>
            </trkpt>
            <trkpt lat="45.878378" lon="11.303292">
                <ele>0</ele>
            </trkpt>
            <trkpt lat="45.878131" lon="11.303614">
                <ele>0</ele>
            </trkpt>
            <trkpt lat="45.878027" lon="11.303708">
                <ele>0</ele>
            </trkpt>
            <trkpt lat="45.877907" lon="11.303797">
                <ele>0</ele>
            </trkpt>
            <trkpt lat="45.877845" lon="11.303897">
                <ele>0</ele>
            </trkpt>
            <trkpt lat="45.877803" lon="11.304105">
                <ele>0</ele>
            </trkpt>
            <trkpt lat="45.877795" lon="11.304141">
                <ele>0</ele>
            </trkpt>
            <trkpt lat="45.87776" lon="11.304324">
                <ele>0</ele>
            </trkpt>
            <trkpt lat="45.877699" lon="11.304518">
                <ele>0</ele>
            </trkpt>
            <trkpt lat="45.877594" lon="11.304674">
                <ele>0</ele>
            </trkpt>
            <trkpt lat="45.877339" lon="11.304912">
                <ele>0</ele>
            </trkpt>
            <trkpt lat="45.87722" lon="11.30499">
                <ele>0</ele>
            </trkpt>
            <trkpt lat="45.877081" lon="11.305062">
                <ele>0</ele>
            </trkpt>
            <trkpt lat="45.876872" lon="11.305273">
                <ele>0</ele>
            </trkpt>
            <trkpt lat="45.876532" lon="11.305572">
                <ele>0</ele>
            </trkpt>
            <trkpt lat="45.876359" lon="11.30565">
                <ele>0</ele>
            </trkpt>
            <trkpt lat="45.876138" lon="11.305827">
                <ele>0</ele>
            </trkpt>
            <trkpt lat="45.875934" lon="11.306094">
                <ele>0</ele>
            </trkpt>
            <trkpt lat="45.875772" lon="11.306277">
                <ele>0</ele>
            </trkpt>
            <trkpt lat="45.87559" lon="11.306515">
                <ele>0</ele>
            </trkpt>
            <trkpt lat="45.875474" lon="11.306826">
                <ele>0</ele>
            </trkpt>
            <trkpt lat="45.875358" lon="11.307231">
                <ele>0</ele>
            </trkpt>
            <trkpt lat="45.875283" lon="11.307565">
                <ele>0</ele>
            </trkpt>
            <trkpt lat="45.875252" lon="11.307704">
                <ele>0</ele>
            </trkpt>
            <trkpt lat="45.875163" lon="11.307947">
                <ele>0</ele>
            </trkpt>
            <trkpt lat="45.87503" lon="11.308257">
                <ele>0</ele>
            </trkpt>
            <trkpt lat="45.874993" lon="11.308296">
                <ele>0</ele>
            </trkpt>
            <trkpt lat="45.874975" lon="11.308291">
                <ele>0</ele>
            </trkpt>
            <trkpt lat="45.874966" lon="11.308288">
                <ele>0</ele>
            </trkpt>
            <trkpt lat="45.874927" lon="11.30827">
                <ele>0</ele>
            </trkpt>
            <trkpt lat="45.874852" lon="11.30819">
                <ele>0</ele>
            </trkpt>
            <trkpt lat="45.87469" lon="11.307791">
                <ele>0</ele>
            </trkpt>
            <trkpt lat="45.874648" lon="11.307566">
                <ele>0</ele>
            </trkpt>
            <trkpt lat="45.874594" lon="11.307477">
                <ele>0</ele>
            </trkpt>
            <trkpt lat="45.874536" lon="11.307474">
                <ele>0</ele>
            </trkpt>
            <trkpt lat="45.874504" lon="11.307567">
                <ele>0</ele>
            </trkpt>
            <trkpt lat="45.874514" lon="11.307654">
                <ele>0</ele>
            </trkpt>
            <trkpt lat="45.874655" lon="11.308119">
                <ele>0</ele>
            </trkpt>
            <trkpt lat="45.874713" lon="11.308442">
                <ele>0</ele>
            </trkpt>
            <trkpt lat="45.874728" lon="11.308704">
                <ele>0</ele>
            </trkpt>
            <trkpt lat="45.8747" lon="11.309042">
                <ele>0</ele>
            </trkpt>
            <trkpt lat="45.874661" lon="11.309275">
                <ele>0</ele>
            </trkpt>
            <trkpt lat="45.874594" lon="11.3094">
                <ele>0</ele>
            </trkpt>
            <trkpt lat="45.874574" lon="11.309422">
                <ele>0</ele>
            </trkpt>
            <trkpt lat="45.87455" lon="11.309448">
                <ele>0</ele>
            </trkpt>
            <trkpt lat="45.87396" lon="11.310015">
                <ele>0</ele>
            </trkpt>
            <trkpt lat="45.873875" lon="11.310065">
                <ele>0</ele>
            </trkpt>
            <trkpt lat="45.873659" lon="11.310038">
                <ele>0</ele>
            </trkpt>
            <trkpt lat="45.873605" lon="11.310065">
                <ele>0</ele>
            </trkpt>
            <trkpt lat="45.873512" lon="11.310137">
                <ele>0</ele>
            </trkpt>
            <trkpt lat="45.873311" lon="11.310149">
                <ele>0</ele>
            </trkpt>
            <trkpt lat="45.872597" lon="11.310165">
                <ele>0</ele>
            </trkpt>
            <trkpt lat="45.872481" lon="11.310215">
                <ele>0</ele>
            </trkpt>
            <trkpt lat="45.872405" lon="11.310355">
                <ele>0</ele>
            </trkpt>
            <trkpt lat="45.872378" lon="11.310501">
                <ele>0</ele>
            </trkpt>
            <trkpt lat="45.87238" lon="11.310671">
                <ele>0</ele>
            </trkpt>
            <trkpt lat="45.872361" lon="11.310848">
                <ele>0</ele>
            </trkpt>
            <trkpt lat="45.872334" lon="11.310978">
                <ele>0</ele>
            </trkpt>
            <trkpt lat="45.872285" lon="11.311133">
                <ele>0</ele>
            </trkpt>
            <trkpt lat="45.872199" lon="11.311353">
                <ele>0</ele>
            </trkpt>
            <trkpt lat="45.872096" lon="11.311561">
                <ele>0</ele>
            </trkpt>
            <trkpt lat="45.871939" lon="11.311849">
                <ele>0</ele>
            </trkpt>
            <trkpt lat="45.871886" lon="11.311973">
                <ele>0</ele>
            </trkpt>
            <trkpt lat="45.871856" lon="11.312099">
                <ele>0</ele>
            </trkpt>
            <trkpt lat="45.871848" lon="11.312362">
                <ele>0</ele>
            </trkpt>
            <trkpt lat="45.871882" lon="11.313139">
                <ele>0</ele>
            </trkpt>
            <trkpt lat="45.871882" lon="11.31324">
                <ele>0</ele>
            </trkpt>
            <trkpt lat="45.871883" lon="11.313556">
                <ele>0</ele>
            </trkpt>
            <trkpt lat="45.87183" lon="11.314089">
                <ele>0</ele>
            </trkpt>
            <trkpt lat="45.871675" lon="11.315091">
                <ele>0</ele>
            </trkpt>
            <trkpt lat="45.871556" lon="11.31583">
                <ele>0</ele>
            </trkpt>
            <trkpt lat="45.871526" lon="11.316173">
                <ele>0</ele>
            </trkpt>
            <trkpt lat="45.871425" lon="11.316504">
                <ele>0</ele>
            </trkpt>
            <trkpt lat="45.871385" lon="11.316976">
                <ele>0</ele>
            </trkpt>
            <trkpt lat="45.8714" lon="11.317263">
                <ele>0</ele>
            </trkpt>
            <trkpt lat="45.871498" lon="11.317912">
                <ele>0</ele>
            </trkpt>
            <trkpt lat="45.871505" lon="11.318325">
                <ele>0</ele>
            </trkpt>
            <trkpt lat="45.871474" lon="11.318604">
                <ele>0</ele>
            </trkpt>
            <trkpt lat="45.871431" lon="11.31877">
                <ele>0</ele>
            </trkpt>
            <trkpt lat="45.871377" lon="11.318857">
                <ele>0</ele>
            </trkpt>
            <trkpt lat="45.87131" lon="11.318918">
                <ele>0</ele>
            </trkpt>
            <trkpt lat="45.871273" lon="11.319014">
                <ele>0</ele>
            </trkpt>
            <trkpt lat="45.871284" lon="11.319145">
                <ele>0</ele>
            </trkpt>
            <trkpt lat="45.871339" lon="11.31933">
                <ele>0</ele>
            </trkpt>
            <trkpt lat="45.871544" lon="11.319887">
                <ele>0</ele>
            </trkpt>
            <trkpt lat="45.871608" lon="11.320123">
                <ele>0</ele>
            </trkpt>
            <trkpt lat="45.871662" lon="11.320415">
                <ele>0</ele>
            </trkpt>
            <trkpt lat="45.871695" lon="11.320622">
                <ele>0</ele>
            </trkpt>
            <trkpt lat="45.871648" lon="11.320834">
                <ele>0</ele>
            </trkpt>
            <trkpt lat="45.87158" lon="11.321029">
                <ele>0</ele>
            </trkpt>
            <trkpt lat="45.871466" lon="11.32127">
                <ele>0</ele>
            </trkpt>
            <trkpt lat="45.871377" lon="11.32143">
                <ele>0</ele>
            </trkpt>
            <trkpt lat="45.871314" lon="11.32157">
                <ele>0</ele>
            </trkpt>
            <trkpt lat="45.871228" lon="11.321816">
                <ele>0</ele>
            </trkpt>
            <trkpt lat="45.871123" lon="11.322003">
                <ele>0</ele>
            </trkpt>
            <trkpt lat="45.870816" lon="11.322277">
                <ele>0</ele>
            </trkpt>
            <trkpt lat="45.870598" lon="11.322532">
                <ele>0</ele>
            </trkpt>
            <trkpt lat="45.870483" lon="11.322786">
                <ele>0</ele>
            </trkpt>
            <trkpt lat="45.870426" lon="11.32328">
                <ele>0</ele>
            </trkpt>
            <trkpt lat="45.870317" lon="11.323723">
                <ele>0</ele>
            </trkpt>
            <trkpt lat="45.870334" lon="11.323913">
                <ele>0</ele>
            </trkpt>
            <trkpt lat="45.870491" lon="11.324136">
                <ele>0</ele>
            </trkpt>
            <trkpt lat="45.87067" lon="11.32445">
                <ele>0</ele>
            </trkpt>
            <trkpt lat="45.870701" lon="11.324866">
                <ele>0</ele>
            </trkpt>
            <trkpt lat="45.87078" lon="11.32551">
                <ele>0</ele>
            </trkpt>
            <trkpt lat="45.870742" lon="11.32584">
                <ele>0</ele>
            </trkpt>
            <trkpt lat="45.870609" lon="11.326265">
                <ele>0</ele>
            </trkpt>
            <trkpt lat="45.870397" lon="11.32668">
                <ele>0</ele>
            </trkpt>
            <trkpt lat="45.870102" lon="11.327197">
                <ele>0</ele>
            </trkpt>
            <trkpt lat="45.870006" lon="11.3274">
                <ele>0</ele>
            </trkpt>
            <trkpt lat="45.869968" lon="11.327612">
                <ele>0</ele>
            </trkpt>
            <trkpt lat="45.869958" lon="11.327975">
                <ele>0</ele>
            </trkpt>
            <trkpt lat="45.869927" lon="11.328096">
                <ele>0</ele>
            </trkpt>
            <trkpt lat="45.869877" lon="11.328134">
                <ele>0</ele>
            </trkpt>
            <trkpt lat="45.869822" lon="11.328111">
                <ele>0</ele>
            </trkpt>
            <trkpt lat="45.869796" lon="11.327959">
                <ele>0</ele>
            </trkpt>
            <trkpt lat="45.869826" lon="11.327215">
                <ele>0</ele>
            </trkpt>
            <trkpt lat="45.869874" lon="11.326961">
                <ele>0</ele>
            </trkpt>
            <trkpt lat="45.870122" lon="11.325974">
                <ele>0</ele>
            </trkpt>
            <trkpt lat="45.87012" lon="11.325652">
                <ele>0</ele>
            </trkpt>
            <trkpt lat="45.870044" lon="11.325305">
                <ele>0</ele>
            </trkpt>
            <trkpt lat="45.869972" lon="11.325177">
                <ele>0</ele>
            </trkpt>
            <trkpt lat="45.869866" lon="11.325085">
                <ele>0</ele>
            </trkpt>
            <trkpt lat="45.869639" lon="11.324925">
                <ele>0</ele>
            </trkpt>
            <trkpt lat="45.86928" lon="11.324532">
                <ele>0</ele>
            </trkpt>
            <trkpt lat="45.868986" lon="11.324097">
                <ele>0</ele>
            </trkpt>
            <trkpt lat="45.868745" lon="11.32367">
                <ele>0</ele>
            </trkpt>
            <trkpt lat="45.868705" lon="11.32336">
                <ele>0</ele>
            </trkpt>
            <trkpt lat="45.868754" lon="11.323107">
                <ele>0</ele>
            </trkpt>
            <trkpt lat="45.868831" lon="11.322839">
                <ele>0</ele>
            </trkpt>
            <trkpt lat="45.868799" lon="11.322771">
                <ele>0</ele>
            </trkpt>
            <trkpt lat="45.868724" lon="11.322738">
                <ele>0</ele>
            </trkpt>
            <trkpt lat="45.868647" lon="11.32288">
                <ele>0</ele>
            </trkpt>
            <trkpt lat="45.868531" lon="11.323212">
                <ele>0</ele>
            </trkpt>
            <trkpt lat="45.868441" lon="11.323543">
                <ele>0</ele>
            </trkpt>
            <trkpt lat="45.868435" lon="11.323696">
                <ele>0</ele>
            </trkpt>
            <trkpt lat="45.868471" lon="11.323814">
                <ele>0</ele>
            </trkpt>
            <trkpt lat="45.868595" lon="11.324215">
                <ele>0</ele>
            </trkpt>
            <trkpt lat="45.868845" lon="11.324808">
                <ele>0</ele>
            </trkpt>
            <trkpt lat="45.869124" lon="11.325409">
                <ele>0</ele>
            </trkpt>
            <trkpt lat="45.869208" lon="11.325604">
                <ele>0</ele>
            </trkpt>
            <trkpt lat="45.869232" lon="11.325748">
                <ele>0</ele>
            </trkpt>
            <trkpt lat="45.869181" lon="11.325954">
                <ele>0</ele>
            </trkpt>
            <trkpt lat="45.868908" lon="11.326498">
                <ele>0</ele>
            </trkpt>
            <trkpt lat="45.868744" lon="11.326961">
                <ele>0</ele>
            </trkpt>
            <trkpt lat="45.868502" lon="11.327706">
                <ele>0</ele>
            </trkpt>
            <trkpt lat="45.868465" lon="11.328567">
                <ele>0</ele>
            </trkpt>
            <trkpt lat="45.868396" lon="11.329255">
                <ele>0</ele>
            </trkpt>
            <trkpt lat="45.868397" lon="11.329863">
                <ele>0</ele>
            </trkpt>
            <trkpt lat="45.868384" lon="11.330592">
                <ele>0</ele>
            </trkpt>
            <trkpt lat="45.868433" lon="11.330921">
                <ele>0</ele>
            </trkpt>
            <trkpt lat="45.868582" lon="11.331261">
                <ele>0</ele>
            </trkpt>
            <trkpt lat="45.868693" lon="11.331617">
                <ele>0</ele>
            </trkpt>
            <trkpt lat="45.868706" lon="11.331879">
                <ele>0</ele>
            </trkpt>
            <trkpt lat="45.868675" lon="11.332366">
                <ele>0</ele>
            </trkpt>
            <trkpt lat="45.868687" lon="11.332601">
                <ele>0</ele>
            </trkpt>
            <trkpt lat="45.868845" lon="11.333532">
                <ele>0</ele>
            </trkpt>
            <trkpt lat="45.86895" lon="11.334326">
                <ele>0</ele>
            </trkpt>
            <trkpt lat="45.869122" lon="11.334591">
                <ele>0</ele>
            </trkpt>
            <trkpt lat="45.86924" lon="11.334968">
                <ele>0</ele>
            </trkpt>
            <trkpt lat="45.869368" lon="11.335468">
                <ele>0</ele>
            </trkpt>
            <trkpt lat="45.869443" lon="11.335906">
                <ele>0</ele>
            </trkpt>
            <trkpt lat="45.869493" lon="11.336232">
                <ele>0</ele>
            </trkpt>
            <trkpt lat="45.869674" lon="11.336759">
                <ele>0</ele>
            </trkpt>
            <trkpt lat="45.869683" lon="11.336973">
                <ele>0</ele>
            </trkpt>
            <trkpt lat="45.869634" lon="11.337089">
                <ele>0</ele>
            </trkpt>
            <trkpt lat="45.869564" lon="11.337114">
                <ele>0</ele>
            </trkpt>
            <trkpt lat="45.869539" lon="11.337123">
                <ele>0</ele>
            </trkpt>
            <trkpt lat="45.869523" lon="11.337035">
                <ele>0</ele>
            </trkpt>
            <trkpt lat="45.869487" lon="11.336841">
                <ele>0</ele>
            </trkpt>
            <trkpt lat="45.869419" lon="11.336696">
                <ele>0</ele>
            </trkpt>
            <trkpt lat="45.86928" lon="11.336515">
                <ele>0</ele>
            </trkpt>
            <trkpt lat="45.868761" lon="11.335561">
                <ele>0</ele>
            </trkpt>
            <trkpt lat="45.868166" lon="11.334248">
                <ele>0</ele>
            </trkpt>
            <trkpt lat="45.86801" lon="11.333879">
                <ele>0</ele>
            </trkpt>
            <trkpt lat="45.867806" lon="11.333506">
                <ele>0</ele>
            </trkpt>
            <trkpt lat="45.867614" lon="11.333132">
                <ele>0</ele>
            </trkpt>
            <trkpt lat="45.867535" lon="11.332996">
                <ele>0</ele>
            </trkpt>
            <trkpt lat="45.86744" lon="11.332882">
                <ele>0</ele>
            </trkpt>
            <trkpt lat="45.86715" lon="11.332832">
                <ele>0</ele>
            </trkpt>
            <trkpt lat="45.86704" lon="11.332821">
                <ele>0</ele>
            </trkpt>
            <trkpt lat="45.866587" lon="11.332774">
                <ele>0</ele>
            </trkpt>
            <trkpt lat="45.866358" lon="11.332878">
                <ele>0</ele>
            </trkpt>
            <trkpt lat="45.866085" lon="11.333093">
                <ele>0</ele>
            </trkpt>
            <trkpt lat="45.865928" lon="11.333167">
                <ele>0</ele>
            </trkpt>
            <trkpt lat="45.865757" lon="11.333193">
                <ele>0</ele>
            </trkpt>
            <trkpt lat="45.865629" lon="11.33317">
                <ele>0</ele>
            </trkpt>
            <trkpt lat="45.865619" lon="11.333168">
                <ele>0</ele>
            </trkpt>
            <trkpt lat="45.865548" lon="11.333164">
                <ele>0</ele>
            </trkpt>
            <trkpt lat="45.865495" lon="11.333161">
                <ele>0</ele>
            </trkpt>
            <trkpt lat="45.865365" lon="11.33317">
                <ele>0</ele>
            </trkpt>
            <trkpt lat="45.86528" lon="11.33323">
                <ele>0</ele>
            </trkpt>
            <trkpt lat="45.865222" lon="11.333312">
                <ele>0</ele>
            </trkpt>
            <trkpt lat="45.865023" lon="11.333595">
                <ele>0</ele>
            </trkpt>
            <trkpt lat="45.865012" lon="11.333606">
                <ele>0</ele>
            </trkpt>
            <trkpt lat="45.864852" lon="11.333764">
                <ele>0</ele>
            </trkpt>
            <trkpt lat="45.86437" lon="11.333907">
                <ele>0</ele>
            </trkpt>
            <trkpt lat="45.863901" lon="11.333978">
                <ele>0</ele>
            </trkpt>
            <trkpt lat="45.863378" lon="11.334027">
                <ele>0</ele>
            </trkpt>
            <trkpt lat="45.86208" lon="11.334348">
                <ele>0</ele>
            </trkpt>
            <trkpt lat="45.861944" lon="11.33444">
                <ele>0</ele>
            </trkpt>
            <trkpt lat="45.861902" lon="11.334474">
                <ele>0</ele>
            </trkpt>
            <trkpt lat="45.861374" lon="11.334901">
                <ele>0</ele>
            </trkpt>
            <trkpt lat="45.861244" lon="11.335013">
                <ele>0</ele>
            </trkpt>
            <trkpt lat="45.861127" lon="11.335148">
                <ele>0</ele>
            </trkpt>
            <trkpt lat="45.861085" lon="11.335224">
                <ele>0</ele>
            </trkpt>
            <trkpt lat="45.861052" lon="11.335302">
                <ele>0</ele>
            </trkpt>
            <trkpt lat="45.861001" lon="11.335532">
                <ele>0</ele>
            </trkpt>
            <trkpt lat="45.860945" lon="11.335862">
                <ele>0</ele>
            </trkpt>
            <trkpt lat="45.860932" lon="11.335939">
                <ele>0</ele>
            </trkpt>
            <trkpt lat="45.860787" lon="11.336257">
                <ele>0</ele>
            </trkpt>
            <trkpt lat="45.860514" lon="11.336518">
                <ele>0</ele>
            </trkpt>
            <trkpt lat="45.860306" lon="11.336626">
                <ele>0</ele>
            </trkpt>
            <trkpt lat="45.860089" lon="11.336706">
                <ele>0</ele>
            </trkpt>
            <trkpt lat="45.85993" lon="11.33674">
                <ele>0</ele>
            </trkpt>
            <trkpt lat="45.859486" lon="11.336997">
                <ele>0</ele>
            </trkpt>
            <trkpt lat="45.859328" lon="11.337088">
                <ele>0</ele>
            </trkpt>
            <trkpt lat="45.858548" lon="11.337411">
                <ele>0</ele>
            </trkpt>
            <trkpt lat="45.858119" lon="11.33753">
                <ele>0</ele>
            </trkpt>
            <trkpt lat="45.857762" lon="11.337526">
                <ele>0</ele>
            </trkpt>
            <trkpt lat="45.857588" lon="11.337589">
                <ele>0</ele>
            </trkpt>
            <trkpt lat="45.857546" lon="11.337625">
                <ele>0</ele>
            </trkpt>
            <trkpt lat="45.857508" lon="11.337696">
                <ele>0</ele>
            </trkpt>
            <trkpt lat="45.857519" lon="11.33778">
                <ele>0</ele>
            </trkpt>
            <trkpt lat="45.857551" lon="11.337866">
                <ele>0</ele>
            </trkpt>
            <trkpt lat="45.857841" lon="11.338116">
                <ele>0</ele>
            </trkpt>
            <trkpt lat="45.858141" lon="11.338356">
                <ele>0</ele>
            </trkpt>
            <trkpt lat="45.858432" lon="11.338383">
                <ele>0</ele>
            </trkpt>
            <trkpt lat="45.858688" lon="11.338376">
                <ele>0</ele>
            </trkpt>
            <trkpt lat="45.859094" lon="11.33839">
                <ele>0</ele>
            </trkpt>
            <trkpt lat="45.859936" lon="11.33851">
                <ele>0</ele>
            </trkpt>
            <trkpt lat="45.860212" lon="11.338636">
                <ele>0</ele>
            </trkpt>
            <trkpt lat="45.860675" lon="11.338846">
                <ele>0</ele>
            </trkpt>
            <trkpt lat="45.860854" lon="11.33891">
                <ele>0</ele>
            </trkpt>
            <trkpt lat="45.860955" lon="11.338946">
                <ele>0</ele>
            </trkpt>
            <trkpt lat="45.861172" lon="11.339131">
                <ele>0</ele>
            </trkpt>
            <trkpt lat="45.861343" lon="11.339507">
                <ele>0</ele>
            </trkpt>
            <trkpt lat="45.861456" lon="11.339752">
                <ele>0</ele>
            </trkpt>
            <trkpt lat="45.861514" lon="11.339831">
                <ele>0</ele>
            </trkpt>
            <trkpt lat="45.861542" lon="11.339851">
                <ele>0</ele>
            </trkpt>
            <trkpt lat="45.861851" lon="11.33991">
                <ele>0</ele>
            </trkpt>
            <trkpt lat="45.862155" lon="11.339969">
                <ele>0</ele>
            </trkpt>
            <trkpt lat="45.862191" lon="11.339976">
                <ele>0</ele>
            </trkpt>
            <trkpt lat="45.862291" lon="11.340026">
                <ele>0</ele>
            </trkpt>
            <trkpt lat="45.862372" lon="11.340085">
                <ele>0</ele>
            </trkpt>
            <trkpt lat="45.862401" lon="11.340149">
                <ele>0</ele>
            </trkpt>
            <trkpt lat="45.862424" lon="11.340202">
                <ele>0</ele>
            </trkpt>
            <trkpt lat="45.862441" lon="11.340238">
                <ele>0</ele>
            </trkpt>
            <trkpt lat="45.862491" lon="11.340351">
                <ele>0</ele>
            </trkpt>
            <trkpt lat="45.862521" lon="11.340416">
                <ele>0</ele>
            </trkpt>
            <trkpt lat="45.862553" lon="11.340618">
                <ele>0</ele>
            </trkpt>
            <trkpt lat="45.86257" lon="11.340816">
                <ele>0</ele>
            </trkpt>
            <trkpt lat="45.86256" lon="11.340989">
                <ele>0</ele>
            </trkpt>
            <trkpt lat="45.862507" lon="11.341171">
                <ele>0</ele>
            </trkpt>
            <trkpt lat="45.86247" lon="11.341226">
                <ele>0</ele>
            </trkpt>
            <trkpt lat="45.8622" lon="11.34142">
                <ele>0</ele>
            </trkpt>
            <trkpt lat="45.862059" lon="11.341544">
                <ele>0</ele>
            </trkpt>
            <trkpt lat="45.862017" lon="11.34158">
                <ele>0</ele>
            </trkpt>
            <trkpt lat="45.861967" lon="11.341618">
                <ele>0</ele>
            </trkpt>
            <trkpt lat="45.8619" lon="11.341682">
                <ele>0</ele>
            </trkpt>
            <trkpt lat="45.861749" lon="11.341842">
                <ele>0</ele>
            </trkpt>
            <trkpt lat="45.861503" lon="11.342104">
                <ele>0</ele>
            </trkpt>
            <trkpt lat="45.861407" lon="11.34217">
                <ele>0</ele>
            </trkpt>
            <trkpt lat="45.86134" lon="11.342216">
                <ele>0</ele>
            </trkpt>
            <trkpt lat="45.861051" lon="11.342413">
                <ele>0</ele>
            </trkpt>
            <trkpt lat="45.860953" lon="11.342504">
                <ele>0</ele>
            </trkpt>
            <trkpt lat="45.860834" lon="11.342619">
                <ele>0</ele>
            </trkpt>
            <trkpt lat="45.860766" lon="11.34272">
                <ele>0</ele>
            </trkpt>
            <trkpt lat="45.860705" lon="11.34283">
                <ele>0</ele>
            </trkpt>
            <trkpt lat="45.860649" lon="11.342977">
                <ele>0</ele>
            </trkpt>
            <trkpt lat="45.860618" lon="11.343095">
                <ele>0</ele>
            </trkpt>
            <trkpt lat="45.860607" lon="11.343213">
                <ele>0</ele>
            </trkpt>
            <trkpt lat="45.86061" lon="11.343408">
                <ele>0</ele>
            </trkpt>
            <trkpt lat="45.86063" lon="11.34353">
                <ele>0</ele>
            </trkpt>
            <trkpt lat="45.860635" lon="11.343547">
                <ele>0</ele>
            </trkpt>
            <trkpt lat="45.860701" lon="11.34378">
                <ele>0</ele>
            </trkpt>
            <trkpt lat="45.860917" lon="11.34439">
                <ele>0</ele>
            </trkpt>
            <trkpt lat="45.860941" lon="11.344457">
                <ele>0</ele>
            </trkpt>
            <trkpt lat="45.861496" lon="11.345828">
                <ele>0</ele>
            </trkpt>
            <trkpt lat="45.861648" lon="11.34616">
                <ele>0</ele>
            </trkpt>
            <trkpt lat="45.861871" lon="11.346648">
                <ele>0</ele>
            </trkpt>
            <trkpt lat="45.861949" lon="11.346978">
                <ele>0</ele>
            </trkpt>
            <trkpt lat="45.861954" lon="11.347169">
                <ele>0</ele>
            </trkpt>
            <trkpt lat="45.861911" lon="11.347374">
                <ele>0</ele>
            </trkpt>
            <trkpt lat="45.861865" lon="11.347504">
                <ele>0</ele>
            </trkpt>
            <trkpt lat="45.8618" lon="11.347621">
                <ele>0</ele>
            </trkpt>
            <trkpt lat="45.861668" lon="11.347733">
                <ele>0</ele>
            </trkpt>
            <trkpt lat="45.861498" lon="11.34781">
                <ele>0</ele>
            </trkpt>
            <trkpt lat="45.861078" lon="11.34788">
                <ele>0</ele>
            </trkpt>
            <trkpt lat="45.861039" lon="11.347882">
                <ele>0</ele>
            </trkpt>
            <trkpt lat="45.860851" lon="11.347892">
                <ele>0</ele>
            </trkpt>
            <trkpt lat="45.860714" lon="11.347865">
                <ele>0</ele>
            </trkpt>
            <trkpt lat="45.860679" lon="11.347843">
                <ele>0</ele>
            </trkpt>
            <trkpt lat="45.860628" lon="11.347825">
                <ele>0</ele>
            </trkpt>
            <trkpt lat="45.860397" lon="11.347745">
                <ele>0</ele>
            </trkpt>
            <trkpt lat="45.860206" lon="11.34765">
                <ele>0</ele>
            </trkpt>
            <trkpt lat="45.860023" lon="11.347541">
                <ele>0</ele>
            </trkpt>
            <trkpt lat="45.859901" lon="11.347481">
                <ele>0</ele>
            </trkpt>
            <trkpt lat="45.859744" lon="11.347372">
                <ele>0</ele>
            </trkpt>
            <trkpt lat="45.859434" lon="11.347178">
                <ele>0</ele>
            </trkpt>
            <trkpt lat="45.859209" lon="11.347028">
                <ele>0</ele>
            </trkpt>
            <trkpt lat="45.859176" lon="11.347007">
                <ele>0</ele>
            </trkpt>
            <trkpt lat="45.859076" lon="11.346943">
                <ele>0</ele>
            </trkpt>
            <trkpt lat="45.858984" lon="11.346884">
                <ele>0</ele>
            </trkpt>
            <trkpt lat="45.858704" lon="11.346705">
                <ele>0</ele>
            </trkpt>
            <trkpt lat="45.858517" lon="11.346573">
                <ele>0</ele>
            </trkpt>
            <trkpt lat="45.858368" lon="11.346453">
                <ele>0</ele>
            </trkpt>
            <trkpt lat="45.858347" lon="11.346436">
                <ele>0</ele>
            </trkpt>
            <trkpt lat="45.858153" lon="11.346237">
                <ele>0</ele>
            </trkpt>
            <trkpt lat="45.858115" lon="11.346198">
                <ele>0</ele>
            </trkpt>
            <trkpt lat="45.857936" lon="11.34605">
                <ele>0</ele>
            </trkpt>
            <trkpt lat="45.857869" lon="11.345995">
                <ele>0</ele>
            </trkpt>
            <trkpt lat="45.85771" lon="11.345864">
                <ele>0</ele>
            </trkpt>
            <trkpt lat="45.857651" lon="11.345793">
                <ele>0</ele>
            </trkpt>
            <trkpt lat="45.85762" lon="11.345744">
                <ele>0</ele>
            </trkpt>
            <trkpt lat="45.857565" lon="11.345713">
                <ele>0</ele>
            </trkpt>
            <trkpt lat="45.857548" lon="11.345711">
                <ele>0</ele>
            </trkpt>
            <trkpt lat="45.857486" lon="11.345749">
                <ele>0</ele>
            </trkpt>
            <trkpt lat="45.857428" lon="11.345816">
                <ele>0</ele>
            </trkpt>
            <trkpt lat="45.857408" lon="11.345829">
                <ele>0</ele>
            </trkpt>
            <trkpt lat="45.857287" lon="11.345915">
                <ele>0</ele>
            </trkpt>
            <trkpt lat="45.857221" lon="11.345924">
                <ele>0</ele>
            </trkpt>
            <trkpt lat="45.857204" lon="11.345921">
                <ele>0</ele>
            </trkpt>
            <trkpt lat="45.857156" lon="11.345911">
                <ele>0</ele>
            </trkpt>
            <trkpt lat="45.856878" lon="11.34581">
                <ele>0</ele>
            </trkpt>
            <trkpt lat="45.856862" lon="11.345804">
                <ele>0</ele>
            </trkpt>
            <trkpt lat="45.856824" lon="11.345791">
                <ele>0</ele>
            </trkpt>
            <trkpt lat="45.856444" lon="11.345655">
                <ele>0</ele>
            </trkpt>
            <trkpt lat="45.856253" lon="11.345571">
                <ele>0</ele>
            </trkpt>
            <trkpt lat="45.856054" lon="11.345557">
                <ele>0</ele>
            </trkpt>
            <trkpt lat="45.854984" lon="11.345749">
                <ele>0</ele>
            </trkpt>
            <trkpt lat="45.854693" lon="11.34596">
                <ele>0</ele>
            </trkpt>
            <trkpt lat="45.854642" lon="11.345997">
                <ele>0</ele>
            </trkpt>
            <trkpt lat="45.854603" lon="11.346025">
                <ele>0</ele>
            </trkpt>
            <trkpt lat="45.853934" lon="11.34666">
                <ele>0</ele>
            </trkpt>
            <trkpt lat="45.853803" lon="11.346785">
                <ele>0</ele>
            </trkpt>
            <trkpt lat="45.853737" lon="11.346905">
                <ele>0</ele>
            </trkpt>
            <trkpt lat="45.853677" lon="11.347064">
                <ele>0</ele>
            </trkpt>
            <trkpt lat="45.853672" lon="11.347152">
                <ele>0</ele>
            </trkpt>
            <trkpt lat="45.853702" lon="11.347201">
                <ele>0</ele>
            </trkpt>
            <trkpt lat="45.853738" lon="11.347213">
                <ele>0</ele>
            </trkpt>
            <trkpt lat="45.85381" lon="11.347192">
                <ele>0</ele>
            </trkpt>
            <trkpt lat="45.854062" lon="11.347087">
                <ele>0</ele>
            </trkpt>
            <trkpt lat="45.854121" lon="11.347056">
                <ele>0</ele>
            </trkpt>
            <trkpt lat="45.854414" lon="11.346904">
                <ele>0</ele>
            </trkpt>
            <trkpt lat="45.85458" lon="11.346878">
                <ele>0</ele>
            </trkpt>
            <trkpt lat="45.854711" lon="11.346857">
                <ele>0</ele>
            </trkpt>
            <trkpt lat="45.854957" lon="11.346876">
                <ele>0</ele>
            </trkpt>
            <trkpt lat="45.855108" lon="11.346895">
                <ele>0</ele>
            </trkpt>
            <trkpt lat="45.855161" lon="11.346903">
                <ele>0</ele>
            </trkpt>
            <trkpt lat="45.855235" lon="11.346923">
                <ele>0</ele>
            </trkpt>
            <trkpt lat="45.855627" lon="11.347211">
                <ele>0</ele>
            </trkpt>
            <trkpt lat="45.855918" lon="11.347428">
                <ele>0</ele>
            </trkpt>
            <trkpt lat="45.856125" lon="11.347749">
                <ele>0</ele>
            </trkpt>
            <trkpt lat="45.856382" lon="11.347938">
                <ele>0</ele>
            </trkpt>
            <trkpt lat="45.856654" lon="11.34806">
                <ele>0</ele>
            </trkpt>
            <trkpt lat="45.856989" lon="11.348171">
                <ele>0</ele>
            </trkpt>
            <trkpt lat="45.857234" lon="11.348252">
                <ele>0</ele>
            </trkpt>
            <trkpt lat="45.857404" lon="11.348335">
                <ele>0</ele>
            </trkpt>
            <trkpt lat="45.857455" lon="11.348358">
                <ele>0</ele>
            </trkpt>
            <trkpt lat="45.857496" lon="11.348405">
                <ele>0</ele>
            </trkpt>
            <trkpt lat="45.857522" lon="11.348448">
                <ele>0</ele>
            </trkpt>
            <trkpt lat="45.857539" lon="11.348507">
                <ele>0</ele>
            </trkpt>
            <trkpt lat="45.857544" lon="11.348583">
                <ele>0</ele>
            </trkpt>
            <trkpt lat="45.857533" lon="11.348645">
                <ele>0</ele>
            </trkpt>
            <trkpt lat="45.857512" lon="11.348683">
                <ele>0</ele>
            </trkpt>
            <trkpt lat="45.857399" lon="11.348773">
                <ele>0</ele>
            </trkpt>
            <trkpt lat="45.857123" lon="11.348964">
                <ele>0</ele>
            </trkpt>
            <trkpt lat="45.856994" lon="11.349053">
                <ele>0</ele>
            </trkpt>
            <trkpt lat="45.856699" lon="11.349204">
                <ele>0</ele>
            </trkpt>
            <trkpt lat="45.856333" lon="11.349393">
                <ele>0</ele>
            </trkpt>
            <trkpt lat="45.856306" lon="11.349406">
                <ele>0</ele>
            </trkpt>
            <trkpt lat="45.856104" lon="11.34951">
                <ele>0</ele>
            </trkpt>
            <trkpt lat="45.855415" lon="11.349674">
                <ele>0</ele>
            </trkpt>
            <trkpt lat="45.854869" lon="11.349824">
                <ele>0</ele>
            </trkpt>
            <trkpt lat="45.854644" lon="11.349813">
                <ele>0</ele>
            </trkpt>
            <trkpt lat="45.85449" lon="11.349681">
                <ele>0</ele>
            </trkpt>
            <trkpt lat="45.854442" lon="11.349675">
                <ele>0</ele>
            </trkpt>
            <trkpt lat="45.854253" lon="11.349652">
                <ele>0</ele>
            </trkpt>
            <trkpt lat="45.854187" lon="11.349683">
                <ele>0</ele>
            </trkpt>
            <trkpt lat="45.854028" lon="11.349758">
                <ele>0</ele>
            </trkpt>
            <trkpt lat="45.85389" lon="11.349936">
                <ele>0</ele>
            </trkpt>
            <trkpt lat="45.853736" lon="11.350122">
                <ele>0</ele>
            </trkpt>
            <trkpt lat="45.853515" lon="11.350388">
                <ele>0</ele>
            </trkpt>
            <trkpt lat="45.853285" lon="11.350656">
                <ele>0</ele>
            </trkpt>
            <trkpt lat="45.853002" lon="11.350876">
                <ele>0</ele>
            </trkpt>
            <trkpt lat="45.852156" lon="11.351448">
                <ele>0</ele>
            </trkpt>
            <trkpt lat="45.851313" lon="11.352101">
                <ele>0</ele>
            </trkpt>
            <trkpt lat="45.850872" lon="11.352274">
                <ele>0</ele>
            </trkpt>
            <trkpt lat="45.850583" lon="11.352311">
                <ele>0</ele>
            </trkpt>
            <trkpt lat="45.850297" lon="11.352275">
                <ele>0</ele>
            </trkpt>
            <trkpt lat="45.850021" lon="11.352241">
                <ele>0</ele>
            </trkpt>
            <trkpt lat="45.849919" lon="11.352244">
                <ele>0</ele>
            </trkpt>
            <trkpt lat="45.849917" lon="11.352332">
                <ele>0</ele>
            </trkpt>
            <trkpt lat="45.849954" lon="11.352439">
                <ele>0</ele>
            </trkpt>
            <trkpt lat="45.85008" lon="11.352501">
                <ele>0</ele>
            </trkpt>
            <trkpt lat="45.850795" lon="11.352641">
                <ele>0</ele>
            </trkpt>
            <trkpt lat="45.851188" lon="11.352701">
                <ele>0</ele>
            </trkpt>
            <trkpt lat="45.851426" lon="11.352696">
                <ele>0</ele>
            </trkpt>
            <trkpt lat="45.851586" lon="11.352698">
                <ele>0</ele>
            </trkpt>
            <trkpt lat="45.852589" lon="11.352516">
                <ele>0</ele>
            </trkpt>
            <trkpt lat="45.85265" lon="11.352505">
                <ele>0</ele>
            </trkpt>
            <trkpt lat="45.853023" lon="11.352521">
                <ele>0</ele>
            </trkpt>
            <trkpt lat="45.853393" lon="11.352497">
                <ele>0</ele>
            </trkpt>
            <trkpt lat="45.85375" lon="11.352283">
                <ele>0</ele>
            </trkpt>
            <trkpt lat="45.854103" lon="11.352164">
                <ele>0</ele>
            </trkpt>
            <trkpt lat="45.854396" lon="11.352132">
                <ele>0</ele>
            </trkpt>
            <trkpt lat="45.854685" lon="11.352182">
                <ele>0</ele>
            </trkpt>
            <trkpt lat="45.855396" lon="11.352295">
                <ele>0</ele>
            </trkpt>
            <trkpt lat="45.856094" lon="11.352504">
                <ele>0</ele>
            </trkpt>
            <trkpt lat="45.856158" lon="11.352531">
                <ele>0</ele>
            </trkpt>
            <trkpt lat="45.856198" lon="11.352561">
                <ele>0</ele>
            </trkpt>
            <trkpt lat="45.856217" lon="11.35258">
                <ele>0</ele>
            </trkpt>
            <trkpt lat="45.856229" lon="11.352607">
                <ele>0</ele>
            </trkpt>
            <trkpt lat="45.856235" lon="11.352635">
                <ele>0</ele>
            </trkpt>
            <trkpt lat="45.856233" lon="11.352664">
                <ele>0</ele>
            </trkpt>
            <trkpt lat="45.85623" lon="11.352689">
                <ele>0</ele>
            </trkpt>
            <trkpt lat="45.856222" lon="11.352709">
                <ele>0</ele>
            </trkpt>
            <trkpt lat="45.856208" lon="11.35273">
                <ele>0</ele>
            </trkpt>
            <trkpt lat="45.856188" lon="11.352741">
                <ele>0</ele>
            </trkpt>
            <trkpt lat="45.856129" lon="11.352743">
                <ele>0</ele>
            </trkpt>
            <trkpt lat="45.856039" lon="11.352735">
                <ele>0</ele>
            </trkpt>
            <trkpt lat="45.855853" lon="11.352742">
                <ele>0</ele>
            </trkpt>
            <trkpt lat="45.855605" lon="11.352722">
                <ele>0</ele>
            </trkpt>
            <trkpt lat="45.855318" lon="11.352811">
                <ele>0</ele>
            </trkpt>
            <trkpt lat="45.855062" lon="11.352912">
                <ele>0</ele>
            </trkpt>
            <trkpt lat="45.854817" lon="11.353068">
                <ele>0</ele>
            </trkpt>
            <trkpt lat="45.854708" lon="11.353169">
                <ele>0</ele>
            </trkpt>
            <trkpt lat="45.854494" lon="11.353368">
                <ele>0</ele>
            </trkpt>
            <trkpt lat="45.854189" lon="11.353794">
                <ele>0</ele>
            </trkpt>
            <trkpt lat="45.854026" lon="11.354204">
                <ele>0</ele>
            </trkpt>
            <trkpt lat="45.85394" lon="11.354407">
                <ele>0</ele>
            </trkpt>
            <trkpt lat="45.853796" lon="11.35456">
                <ele>0</ele>
            </trkpt>
            <trkpt lat="45.853246" lon="11.355118">
                <ele>0</ele>
            </trkpt>
            <trkpt lat="45.852528" lon="11.355448">
                <ele>0</ele>
            </trkpt>
            <trkpt lat="45.85076" lon="11.356084">
                <ele>0</ele>
            </trkpt>
            <trkpt lat="45.849905" lon="11.356392">
                <ele>0</ele>
            </trkpt>
            <trkpt lat="45.84958" lon="11.356699">
                <ele>0</ele>
            </trkpt>
            <trkpt lat="45.849538" lon="11.356749">
                <ele>0</ele>
            </trkpt>
            <trkpt lat="45.849169" lon="11.357195">
                <ele>0</ele>
            </trkpt>
            <trkpt lat="45.849044" lon="11.357388">
                <ele>0</ele>
            </trkpt>
            <trkpt lat="45.848926" lon="11.357597">
                <ele>0</ele>
            </trkpt>
            <trkpt lat="45.848792" lon="11.357734">
                <ele>0</ele>
            </trkpt>
            <trkpt lat="45.848602" lon="11.357839">
                <ele>0</ele>
            </trkpt>
            <trkpt lat="45.848236" lon="11.357881">
                <ele>0</ele>
            </trkpt>
            <trkpt lat="45.847882" lon="11.358066">
                <ele>0</ele>
            </trkpt>
            <trkpt lat="45.847674" lon="11.358321">
                <ele>0</ele>
            </trkpt>
            <trkpt lat="45.847509" lon="11.358667">
                <ele>0</ele>
            </trkpt>
            <trkpt lat="45.847371" lon="11.359021">
                <ele>0</ele>
            </trkpt>
            <trkpt lat="45.847243" lon="11.359208">
                <ele>0</ele>
            </trkpt>
            <trkpt lat="45.847012" lon="11.359277">
                <ele>0</ele>
            </trkpt>
            <trkpt lat="45.84676" lon="11.359215">
                <ele>0</ele>
            </trkpt>
            <trkpt lat="45.846526" lon="11.359206">
                <ele>0</ele>
            </trkpt>
            <trkpt lat="45.846424" lon="11.359254">
                <ele>0</ele>
            </trkpt>
            <trkpt lat="45.84633" lon="11.359336">
                <ele>0</ele>
            </trkpt>
            <trkpt lat="45.846202" lon="11.359453">
                <ele>0</ele>
            </trkpt>
            <trkpt lat="45.846099" lon="11.359622">
                <ele>0</ele>
            </trkpt>
            <trkpt lat="45.84595" lon="11.359989">
                <ele>0</ele>
            </trkpt>
            <trkpt lat="45.845853" lon="11.360271">
                <ele>0</ele>
            </trkpt>
            <trkpt lat="45.845713" lon="11.360578">
                <ele>0</ele>
            </trkpt>
            <trkpt lat="45.845619" lon="11.360714">
                <ele>0</ele>
            </trkpt>
            <trkpt lat="45.845408" lon="11.360751">
                <ele>0</ele>
            </trkpt>
            <trkpt lat="45.845221" lon="11.360683">
                <ele>0</ele>
            </trkpt>
            <trkpt lat="45.844752" lon="11.360474">
                <ele>0</ele>
            </trkpt>
            <trkpt lat="45.844247" lon="11.360069">
                <ele>0</ele>
            </trkpt>
            <trkpt lat="45.844188" lon="11.360022">
                <ele>0</ele>
            </trkpt>
            <trkpt lat="45.84412" lon="11.359984">
                <ele>0</ele>
            </trkpt>
            <trkpt lat="45.844049" lon="11.359957">
                <ele>0</ele>
            </trkpt>
            <trkpt lat="45.843977" lon="11.359941">
                <ele>0</ele>
            </trkpt>
            <trkpt lat="45.843904" lon="11.359935">
                <ele>0</ele>
            </trkpt>
            <trkpt lat="45.84383" lon="11.359941">
                <ele>0</ele>
            </trkpt>
            <trkpt lat="45.843757" lon="11.359957">
                <ele>0</ele>
            </trkpt>
            <trkpt lat="45.843576" lon="11.360044">
                <ele>0</ele>
            </trkpt>
            <trkpt lat="45.843359" lon="11.36019">
                <ele>0</ele>
            </trkpt>
            <trkpt lat="45.84311" lon="11.360437">
                <ele>0</ele>
            </trkpt>
            <trkpt lat="45.842931" lon="11.360702">
                <ele>0</ele>
            </trkpt>
            <trkpt lat="45.842766" lon="11.360925">
                <ele>0</ele>
            </trkpt>
            <trkpt lat="45.842749" lon="11.360948">
                <ele>0</ele>
            </trkpt>
            <trkpt lat="45.842637" lon="11.361058">
                <ele>0</ele>
            </trkpt>
            <trkpt lat="45.8426" lon="11.361093">
                <ele>0</ele>
            </trkpt>
            <trkpt lat="45.842585" lon="11.361107">
                <ele>0</ele>
            </trkpt>
            <trkpt lat="45.842541" lon="11.361129">
                <ele>0</ele>
            </trkpt>
            <trkpt lat="45.842496" lon="11.361143">
                <ele>0</ele>
            </trkpt>
            <trkpt lat="45.84245" lon="11.361148">
                <ele>0</ele>
            </trkpt>
            <trkpt lat="45.842403" lon="11.361145">
                <ele>0</ele>
            </trkpt>
            <trkpt lat="45.842356" lon="11.361133">
                <ele>0</ele>
            </trkpt>
            <trkpt lat="45.842311" lon="11.361113">
                <ele>0</ele>
            </trkpt>
            <trkpt lat="45.842205" lon="11.361045">
                <ele>0</ele>
            </trkpt>
            <trkpt lat="45.842045" lon="11.360947">
                <ele>0</ele>
            </trkpt>
            <trkpt lat="45.841691" lon="11.36079">
                <ele>0</ele>
            </trkpt>
            <trkpt lat="45.84152" lon="11.360761">
                <ele>0</ele>
            </trkpt>
            <trkpt lat="45.841408" lon="11.360771">
                <ele>0</ele>
            </trkpt>
            <trkpt lat="45.840977" lon="11.360809">
                <ele>0</ele>
            </trkpt>
            <trkpt lat="45.840929" lon="11.360805">
                <ele>0</ele>
            </trkpt>
            <trkpt lat="45.840881" lon="11.360809">
                <ele>0</ele>
            </trkpt>
            <trkpt lat="45.840834" lon="11.360822">
                <ele>0</ele>
            </trkpt>
            <trkpt lat="45.84079" lon="11.360843">
                <ele>0</ele>
            </trkpt>
            <trkpt lat="45.840747" lon="11.360871">
                <ele>0</ele>
            </trkpt>
            <trkpt lat="45.840707" lon="11.360905">
                <ele>0</ele>
            </trkpt>
            <trkpt lat="45.839762" lon="11.361939">
                <ele>0</ele>
            </trkpt>
            <trkpt lat="45.839597" lon="11.36211">
                <ele>0</ele>
            </trkpt>
            <trkpt lat="45.838754" lon="11.362984">
                <ele>0</ele>
            </trkpt>
            <trkpt lat="45.838714" lon="11.363024">
                <ele>0</ele>
            </trkpt>
            <trkpt lat="45.83867" lon="11.363055">
                <ele>0</ele>
            </trkpt>
            <trkpt lat="45.838624" lon="11.363078">
                <ele>0</ele>
            </trkpt>
            <trkpt lat="45.838581" lon="11.36309">
                <ele>0</ele>
            </trkpt>
            <trkpt lat="45.838538" lon="11.363095">
                <ele>0</ele>
            </trkpt>
            <trkpt lat="45.838495" lon="11.363093">
                <ele>0</ele>
            </trkpt>
            <trkpt lat="45.838452" lon="11.363083">
                <ele>0</ele>
            </trkpt>
            <trkpt lat="45.837965" lon="11.362889">
                <ele>0</ele>
            </trkpt>
            <trkpt lat="45.837833" lon="11.362816">
                <ele>0</ele>
            </trkpt>
            <trkpt lat="45.837789" lon="11.362806">
                <ele>0</ele>
            </trkpt>
            <trkpt lat="45.837744" lon="11.362806">
                <ele>0</ele>
            </trkpt>
            <trkpt lat="45.8377" lon="11.362817">
                <ele>0</ele>
            </trkpt>
            <trkpt lat="45.837658" lon="11.362837">
                <ele>0</ele>
            </trkpt>
            <trkpt lat="45.83762" lon="11.362867">
                <ele>0</ele>
            </trkpt>
            <trkpt lat="45.837584" lon="11.362906">
                <ele>0</ele>
            </trkpt>
            <trkpt lat="45.837554" lon="11.362952">
                <ele>0</ele>
            </trkpt>
            <trkpt lat="45.83728" lon="11.363543">
                <ele>0</ele>
            </trkpt>
            <trkpt lat="45.837256" lon="11.363583">
                <ele>0</ele>
            </trkpt>
            <trkpt lat="45.837228" lon="11.363618">
                <ele>0</ele>
            </trkpt>
            <trkpt lat="45.837197" lon="11.363647">
                <ele>0</ele>
            </trkpt>
            <trkpt lat="45.837164" lon="11.363669">
                <ele>0</ele>
            </trkpt>
            <trkpt lat="45.837124" lon="11.363686">
                <ele>0</ele>
            </trkpt>
            <trkpt lat="45.837082" lon="11.363693">
                <ele>0</ele>
            </trkpt>
            <trkpt lat="45.837041" lon="11.363691">
                <ele>0</ele>
            </trkpt>
            <trkpt lat="45.837" lon="11.363679">
                <ele>0</ele>
            </trkpt>
            <trkpt lat="45.836397" lon="11.363229">
                <ele>0</ele>
            </trkpt>
            <trkpt lat="45.836319" lon="11.36314">
                <ele>0</ele>
            </trkpt>
            <trkpt lat="45.836262" lon="11.363036">
                <ele>0</ele>
            </trkpt>
            <trkpt lat="45.836174" lon="11.362796">
                <ele>0</ele>
            </trkpt>
            <trkpt lat="45.836104" lon="11.362687">
                <ele>0</ele>
            </trkpt>
            <trkpt lat="45.836064" lon="11.362653">
                <ele>0</ele>
            </trkpt>
            <trkpt lat="45.836021" lon="11.36263">
                <ele>0</ele>
            </trkpt>
            <trkpt lat="45.835976" lon="11.362617">
                <ele>0</ele>
            </trkpt>
            <trkpt lat="45.835929" lon="11.362617">
                <ele>0</ele>
            </trkpt>
            <trkpt lat="45.835882" lon="11.362629">
                <ele>0</ele>
            </trkpt>
            <trkpt lat="45.835782" lon="11.362719">
                <ele>0</ele>
            </trkpt>
            <trkpt lat="45.835639" lon="11.36287">
                <ele>0</ele>
            </trkpt>
            <trkpt lat="45.835482" lon="11.363029">
                <ele>0</ele>
            </trkpt>
            <trkpt lat="45.835403" lon="11.363096">
                <ele>0</ele>
            </trkpt>
            <trkpt lat="45.835336" lon="11.363128">
                <ele>0</ele>
            </trkpt>
            <trkpt lat="45.834339" lon="11.363348">
                <ele>0</ele>
            </trkpt>
            <trkpt lat="45.834213" lon="11.363364">
                <ele>0</ele>
            </trkpt>
            <trkpt lat="45.834096" lon="11.363375">
                <ele>0</ele>
            </trkpt>
            <trkpt lat="45.834006" lon="11.363372">
                <ele>0</ele>
            </trkpt>
            <trkpt lat="45.833935" lon="11.363351">
                <ele>0</ele>
            </trkpt>
            <trkpt lat="45.83384" lon="11.363292">
                <ele>0</ele>
            </trkpt>
            <trkpt lat="45.833509" lon="11.363">
                <ele>0</ele>
            </trkpt>
            <trkpt lat="45.833028" lon="11.362571">
                <ele>0</ele>
            </trkpt>
            <trkpt lat="45.832935" lon="11.362498">
                <ele>0</ele>
            </trkpt>
            <trkpt lat="45.832844" lon="11.362452">
                <ele>0</ele>
            </trkpt>
            <trkpt lat="45.832761" lon="11.362436">
                <ele>0</ele>
            </trkpt>
            <trkpt lat="45.832692" lon="11.36245">
                <ele>0</ele>
            </trkpt>
            <trkpt lat="45.832561" lon="11.362554">
                <ele>0</ele>
            </trkpt>
            <trkpt lat="45.832371" lon="11.362753">
                <ele>0</ele>
            </trkpt>
            <trkpt lat="45.832113" lon="11.362992">
                <ele>0</ele>
            </trkpt>
            <trkpt lat="45.831971" lon="11.363107">
                <ele>0</ele>
            </trkpt>
            <trkpt lat="45.831852" lon="11.363177">
                <ele>0</ele>
            </trkpt>
            <trkpt lat="45.83147" lon="11.363415">
                <ele>0</ele>
            </trkpt>
            <trkpt lat="45.831298" lon="11.363563">
                <ele>0</ele>
            </trkpt>
            <trkpt lat="45.831236" lon="11.36363">
                <ele>0</ele>
            </trkpt>
            <trkpt lat="45.831177" lon="11.363713">
                <ele>0</ele>
            </trkpt>
            <trkpt lat="45.831023" lon="11.363912">
                <ele>0</ele>
            </trkpt>
            <trkpt lat="45.830865" lon="11.364115">
                <ele>0</ele>
            </trkpt>
            <trkpt lat="45.830816" lon="11.364173">
                <ele>0</ele>
            </trkpt>
            <trkpt lat="45.830702" lon="11.364266">
                <ele>0</ele>
            </trkpt>
            <trkpt lat="45.830556" lon="11.364372">
                <ele>0</ele>
            </trkpt>
            <trkpt lat="45.830443" lon="11.364422">
                <ele>0</ele>
            </trkpt>
            <trkpt lat="45.830373" lon="11.364432">
                <ele>0</ele>
            </trkpt>
            <trkpt lat="45.830294" lon="11.364431">
                <ele>0</ele>
            </trkpt>
            <trkpt lat="45.830207" lon="11.364405">
                <ele>0</ele>
            </trkpt>
            <trkpt lat="45.829779" lon="11.364212">
                <ele>0</ele>
            </trkpt>
            <trkpt lat="45.829629" lon="11.364099">
                <ele>0</ele>
            </trkpt>
            <trkpt lat="45.829458" lon="11.363917">
                <ele>0</ele>
            </trkpt>
            <trkpt lat="45.829166" lon="11.363609">
                <ele>0</ele>
            </trkpt>
            <trkpt lat="45.829067" lon="11.363509">
                <ele>0</ele>
            </trkpt>
            <trkpt lat="45.828979" lon="11.363437">
                <ele>0</ele>
            </trkpt>
            <trkpt lat="45.828876" lon="11.363391">
                <ele>0</ele>
            </trkpt>
            <trkpt lat="45.828753" lon="11.363372">
                <ele>0</ele>
            </trkpt>
            <trkpt lat="45.828584" lon="11.363375">
                <ele>0</ele>
            </trkpt>
            <trkpt lat="45.82842" lon="11.36341">
                <ele>0</ele>
            </trkpt>
            <trkpt lat="45.828231" lon="11.36348">
                <ele>0</ele>
            </trkpt>
            <trkpt lat="45.827958" lon="11.363601">
                <ele>0</ele>
            </trkpt>
            <trkpt lat="45.827842" lon="11.36363">
                <ele>0</ele>
            </trkpt>
            <trkpt lat="45.827734" lon="11.363627">
                <ele>0</ele>
            </trkpt>
            <trkpt lat="45.827626" lon="11.363595">
                <ele>0</ele>
            </trkpt>
            <trkpt lat="45.82754" lon="11.363552">
                <ele>0</ele>
            </trkpt>
            <trkpt lat="45.827321" lon="11.363415">
                <ele>0</ele>
            </trkpt>
            <trkpt lat="45.827091" lon="11.363244">
                <ele>0</ele>
            </trkpt>
            <trkpt lat="45.82699" lon="11.363118">
                <ele>0</ele>
            </trkpt>
            <trkpt lat="45.826798" lon="11.362839">
                <ele>0</ele>
            </trkpt>
            <trkpt lat="45.826715" lon="11.362753">
                <ele>0</ele>
            </trkpt>
            <trkpt lat="45.826616" lon="11.362705">
                <ele>0</ele>
            </trkpt>
            <trkpt lat="45.826499" lon="11.362678">
                <ele>0</ele>
            </trkpt>
            <trkpt lat="45.826398" lon="11.362697">
                <ele>0</ele>
            </trkpt>
            <trkpt lat="45.826269" lon="11.362761">
                <ele>0</ele>
            </trkpt>
            <trkpt lat="45.82619" lon="11.362836">
                <ele>0</ele>
            </trkpt>
            <trkpt lat="45.826134" lon="11.362927">
                <ele>0</ele>
            </trkpt>
            <trkpt lat="45.825971" lon="11.363313">
                <ele>0</ele>
            </trkpt>
            <trkpt lat="45.825915" lon="11.363405">
                <ele>0</ele>
            </trkpt>
            <trkpt lat="45.825835" lon="11.363474">
                <ele>0</ele>
            </trkpt>
            <trkpt lat="45.825736" lon="11.363504">
                <ele>0</ele>
            </trkpt>
            <trkpt lat="45.825598" lon="11.36353">
                <ele>0</ele>
            </trkpt>
            <trkpt lat="45.825056" lon="11.363614">
                <ele>0</ele>
            </trkpt>
            <trkpt lat="45.824523" lon="11.363659">
                <ele>0</ele>
            </trkpt>
            <trkpt lat="45.824308" lon="11.363657">
                <ele>0</ele>
            </trkpt>
            <trkpt lat="45.824224" lon="11.363633">
                <ele>0</ele>
            </trkpt>
            <trkpt lat="45.824155" lon="11.363576">
                <ele>0</ele>
            </trkpt>
            <trkpt lat="45.824054" lon="11.363458">
                <ele>0</ele>
            </trkpt>
            <trkpt lat="45.823868" lon="11.363166">
                <ele>0</ele>
            </trkpt>
            <trkpt lat="45.823803" lon="11.363032">
                <ele>0</ele>
            </trkpt>
            <trkpt lat="45.823775" lon="11.362962">
                <ele>0</ele>
            </trkpt>
            <trkpt lat="45.823751" lon="11.362874">
                <ele>0</ele>
            </trkpt>
            <trkpt lat="45.823717" lon="11.362707">
                <ele>0</ele>
            </trkpt>
            <trkpt lat="45.823648" lon="11.362452">
                <ele>0</ele>
            </trkpt>
            <trkpt lat="45.823618" lon="11.362385">
                <ele>0</ele>
            </trkpt>
            <trkpt lat="45.82357" lon="11.362323">
                <ele>0</ele>
            </trkpt>
            <trkpt lat="45.823514" lon="11.362273">
                <ele>0</ele>
            </trkpt>
            <trkpt lat="45.823435" lon="11.362235">
                <ele>0</ele>
            </trkpt>
            <trkpt lat="45.823289" lon="11.362203">
                <ele>0</ele>
            </trkpt>
            <trkpt lat="45.82308" lon="11.362118">
                <ele>0</ele>
            </trkpt>
            <trkpt lat="45.823028" lon="11.362104">
                <ele>0</ele>
            </trkpt>
            <trkpt lat="45.822969" lon="11.3621">
                <ele>0</ele>
            </trkpt>
            <trkpt lat="45.822897" lon="11.362123">
                <ele>0</ele>
            </trkpt>
            <trkpt lat="45.822813" lon="11.36215">
                <ele>0</ele>
            </trkpt>
            <trkpt lat="45.822712" lon="11.36216">
                <ele>0</ele>
            </trkpt>
            <trkpt lat="45.822614" lon="11.36215">
                <ele>0</ele>
            </trkpt>
            <trkpt lat="45.822184" lon="11.362047">
                <ele>0</ele>
            </trkpt>
            <trkpt lat="45.82211" lon="11.362042">
                <ele>0</ele>
            </trkpt>
            <trkpt lat="45.822056" lon="11.362039">
                <ele>0</ele>
            </trkpt>
            <trkpt lat="45.822011" lon="11.36205">
                <ele>0</ele>
            </trkpt>
            <trkpt lat="45.821962" lon="11.362072">
                <ele>0</ele>
            </trkpt>
            <trkpt lat="45.82184" lon="11.36213">
                <ele>0</ele>
            </trkpt>
            <trkpt lat="45.821732" lon="11.362182">
                <ele>0</ele>
            </trkpt>
            <trkpt lat="45.821658" lon="11.362208">
                <ele>0</ele>
            </trkpt>
            <trkpt lat="45.821534" lon="11.362238">
                <ele>0</ele>
            </trkpt>
            <trkpt lat="45.821416" lon="11.362235">
                <ele>0</ele>
            </trkpt>
            <trkpt lat="45.821256" lon="11.362216">
                <ele>0</ele>
            </trkpt>
            <trkpt lat="45.820863" lon="11.362113">
                <ele>0</ele>
            </trkpt>
            <trkpt lat="45.819788" lon="11.361747">
                <ele>0</ele>
            </trkpt>
            <trkpt lat="45.819663" lon="11.361688">
                <ele>0</ele>
            </trkpt>
            <trkpt lat="45.819543" lon="11.361656">
                <ele>0</ele>
            </trkpt>
            <trkpt lat="45.819345" lon="11.361651">
                <ele>0</ele>
            </trkpt>
            <trkpt lat="45.819119" lon="11.361624">
                <ele>0</ele>
            </trkpt>
            <trkpt lat="45.818556" lon="11.361495">
                <ele>0</ele>
            </trkpt>
            <trkpt lat="45.818158" lon="11.361361">
                <ele>0</ele>
            </trkpt>
            <trkpt lat="45.817971" lon="11.361264">
                <ele>0</ele>
            </trkpt>
            <trkpt lat="45.817893" lon="11.361211">
                <ele>0</ele>
            </trkpt>
            <trkpt lat="45.81784" lon="11.36113">
                <ele>0</ele>
            </trkpt>
            <trkpt lat="45.817799" lon="11.361036">
                <ele>0</ele>
            </trkpt>
            <trkpt lat="45.817758" lon="11.360899">
                <ele>0</ele>
            </trkpt>
            <trkpt lat="45.817713" lon="11.360798">
                <ele>0</ele>
            </trkpt>
            <trkpt lat="45.817654" lon="11.360728">
                <ele>0</ele>
            </trkpt>
            <trkpt lat="45.817532" lon="11.360647">
                <ele>0</ele>
            </trkpt>
            <trkpt lat="45.817306" lon="11.360543">
                <ele>0</ele>
            </trkpt>
            <trkpt lat="45.816986" lon="11.360382">
                <ele>0</ele>
            </trkpt>
            <trkpt lat="45.816807" lon="11.360269">
                <ele>0</ele>
            </trkpt>
            <trkpt lat="45.816706" lon="11.360173">
                <ele>0</ele>
            </trkpt>
            <trkpt lat="45.816601" lon="11.360028">
                <ele>0</ele>
            </trkpt>
            <trkpt lat="45.816433" lon="11.359703">
                <ele>0</ele>
            </trkpt>
            <trkpt lat="45.816349" lon="11.359521">
                <ele>0</ele>
            </trkpt>
            <trkpt lat="45.816291" lon="11.359365">
                <ele>0</ele>
            </trkpt>
            <trkpt lat="45.81627" lon="11.359253">
                <ele>0</ele>
            </trkpt>
            <trkpt lat="45.816281" lon="11.359161">
                <ele>0</ele>
            </trkpt>
            <trkpt lat="45.816317" lon="11.359089">
                <ele>0</ele>
            </trkpt>
            <trkpt lat="45.816401" lon="11.358995">
                <ele>0</ele>
            </trkpt>
            <trkpt lat="45.816562" lon="11.358832">
                <ele>0</ele>
            </trkpt>
            <trkpt lat="45.816754" lon="11.358594">
                <ele>0</ele>
            </trkpt>
            <trkpt lat="45.816868" lon="11.358421">
                <ele>0</ele>
            </trkpt>
            <trkpt lat="45.816902" lon="11.358317">
                <ele>0</ele>
            </trkpt>
            <trkpt lat="45.816903" lon="11.358203">
                <ele>0</ele>
            </trkpt>
            <trkpt lat="45.81688" lon="11.358113">
                <ele>0</ele>
            </trkpt>
            <trkpt lat="45.816837" lon="11.358029">
                <ele>0</ele>
            </trkpt>
            <trkpt lat="45.816803" lon="11.357992">
                <ele>0</ele>
            </trkpt>
            <trkpt lat="45.816738" lon="11.357968">
                <ele>0</ele>
            </trkpt>
            <trkpt lat="45.816605" lon="11.357965">
                <ele>0</ele>
            </trkpt>
            <trkpt lat="45.816405" lon="11.357981">
                <ele>0</ele>
            </trkpt>
            <trkpt lat="45.816197" lon="11.358032">
                <ele>0</ele>
            </trkpt>
            <trkpt lat="45.815973" lon="11.358086">
                <ele>0</ele>
            </trkpt>
            <trkpt lat="45.815818" lon="11.358137">
                <ele>0</ele>
            </trkpt>
            <trkpt lat="45.815661" lon="11.358207">
                <ele>0</ele>
            </trkpt>
            <trkpt lat="45.815249" lon="11.358359">
                <ele>0</ele>
            </trkpt>
            <trkpt lat="45.814932" lon="11.358472">
                <ele>0</ele>
            </trkpt>
            <trkpt lat="45.814849" lon="11.358499">
                <ele>0</ele>
            </trkpt>
            <trkpt lat="45.81479" lon="11.358502">
                <ele>0</ele>
            </trkpt>
            <trkpt lat="45.814674" lon="11.358491">
                <ele>0</ele>
            </trkpt>
            <trkpt lat="45.814375" lon="11.358413">
                <ele>0</ele>
            </trkpt>
            <trkpt lat="45.814048" lon="11.358325">
                <ele>0</ele>
            </trkpt>
            <trkpt lat="45.813948" lon="11.358306">
                <ele>0</ele>
            </trkpt>
            <trkpt lat="45.81387" lon="11.358303">
                <ele>0</ele>
            </trkpt>
            <trkpt lat="45.813769" lon="11.358314">
                <ele>0</ele>
            </trkpt>
            <trkpt lat="45.813586" lon="11.358378">
                <ele>0</ele>
            </trkpt>
            <trkpt lat="45.813292" lon="11.358486">
                <ele>0</ele>
            </trkpt>
            <trkpt lat="45.813012" lon="11.358585">
                <ele>0</ele>
            </trkpt>
            <trkpt lat="45.812903" lon="11.35862">
                <ele>0</ele>
            </trkpt>
            <trkpt lat="45.812752" lon="11.358649">
                <ele>0</ele>
            </trkpt>
            <trkpt lat="45.812617" lon="11.358663">
                <ele>0</ele>
            </trkpt>
            <trkpt lat="45.812477" lon="11.358657">
                <ele>0</ele>
            </trkpt>
            <trkpt lat="45.812107" lon="11.358571">
                <ele>0</ele>
            </trkpt>
            <trkpt lat="45.81198" lon="11.358523">
                <ele>0</ele>
            </trkpt>
            <trkpt lat="45.811763" lon="11.3584">
                <ele>0</ele>
            </trkpt>
            <trkpt lat="45.811638" lon="11.358341">
                <ele>0</ele>
            </trkpt>
            <trkpt lat="45.811555" lon="11.358325">
                <ele>0</ele>
            </trkpt>
            <trkpt lat="45.811346" lon="11.358346">
                <ele>0</ele>
            </trkpt>
            <trkpt lat="45.811264" lon="11.358343">
                <ele>0</ele>
            </trkpt>
            <trkpt lat="45.811174" lon="11.358325">
                <ele>0</ele>
            </trkpt>
            <trkpt lat="45.810959" lon="11.358247">
                <ele>0</ele>
            </trkpt>
            <trkpt lat="45.810712" lon="11.358169">
                <ele>0</ele>
            </trkpt>
            <trkpt lat="45.81049" lon="11.358094">
                <ele>0</ele>
            </trkpt>
            <trkpt lat="45.810288" lon="11.358006">
                <ele>0</ele>
            </trkpt>
            <trkpt lat="45.810024" lon="11.357893">
                <ele>0</ele>
            </trkpt>
            <trkpt lat="45.809957" lon="11.357853">
                <ele>0</ele>
            </trkpt>
            <trkpt lat="45.809817" lon="11.357765">
                <ele>0</ele>
            </trkpt>
            <trkpt lat="45.809336" lon="11.357394">
                <ele>0</ele>
            </trkpt>
            <trkpt lat="45.809134" lon="11.357266">
                <ele>0</ele>
            </trkpt>
            <trkpt lat="45.808897" lon="11.357097">
                <ele>0</ele>
            </trkpt>
            <trkpt lat="45.808786" lon="11.357008">
                <ele>0</ele>
            </trkpt>
            <trkpt lat="45.808714" lon="11.356925">
                <ele>0</ele>
            </trkpt>
            <trkpt lat="45.808512" lon="11.356635">
                <ele>0</ele>
            </trkpt>
            <trkpt lat="45.808323" lon="11.356375">
                <ele>0</ele>
            </trkpt>
            <trkpt lat="45.808222" lon="11.356255">
                <ele>0</ele>
            </trkpt>
            <trkpt lat="45.807962" lon="11.355978">
                <ele>0</ele>
            </trkpt>
            <trkpt lat="45.807728" lon="11.355713">
                <ele>0</ele>
            </trkpt>
            <trkpt lat="45.807537" lon="11.355479">
                <ele>0</ele>
            </trkpt>
            <trkpt lat="45.807425" lon="11.355305">
                <ele>0</ele>
            </trkpt>
            <trkpt lat="45.807337" lon="11.355147">
                <ele>0</ele>
            </trkpt>
            <trkpt lat="45.807276" lon="11.355024">
                <ele>0</ele>
            </trkpt>
            <trkpt lat="45.807275" lon="11.355021">
                <ele>0</ele>
            </trkpt>
            <trkpt lat="45.807132" lon="11.354732">
                <ele>0</ele>
            </trkpt>
            <trkpt lat="45.807071" lon="11.354579">
                <ele>0</ele>
            </trkpt>
            <trkpt lat="45.807031" lon="11.354503">
                <ele>0</ele>
            </trkpt>
            <trkpt lat="45.806596" lon="11.353555">
                <ele>0</ele>
            </trkpt>
            <trkpt lat="45.80641" lon="11.353148">
                <ele>0</ele>
            </trkpt>
            <trkpt lat="45.806119" lon="11.352509">
                <ele>0</ele>
            </trkpt>
            <trkpt lat="45.806037" lon="11.352343">
                <ele>0</ele>
            </trkpt>
            <trkpt lat="45.805955" lon="11.35219">
                <ele>0</ele>
            </trkpt>
            <trkpt lat="45.805854" lon="11.352037">
                <ele>0</ele>
            </trkpt>
            <trkpt lat="45.805738" lon="11.351889">
                <ele>0</ele>
            </trkpt>
            <trkpt lat="45.805569" lon="11.35175">
                <ele>0</ele>
            </trkpt>
            <trkpt lat="45.805422" lon="11.351641">
                <ele>0</ele>
            </trkpt>
            <trkpt lat="45.804959" lon="11.351308">
                <ele>0</ele>
            </trkpt>
            <trkpt lat="45.804732" lon="11.351114">
                <ele>0</ele>
            </trkpt>
            <trkpt lat="45.804596" lon="11.350979">
                <ele>0</ele>
            </trkpt>
            <trkpt lat="45.804247" lon="11.350611">
                <ele>0</ele>
            </trkpt>
            <trkpt lat="45.804106" lon="11.350491">
                <ele>0</ele>
            </trkpt>
            <trkpt lat="45.803972" lon="11.350429">
                <ele>0</ele>
            </trkpt>
            <trkpt lat="45.803858" lon="11.350382">
                <ele>0</ele>
            </trkpt>
            <trkpt lat="45.803758" lon="11.35034">
                <ele>0</ele>
            </trkpt>
            <trkpt lat="45.803695" lon="11.350313">
                <ele>0</ele>
            </trkpt>
            <trkpt lat="45.803622" lon="11.35026">
                <ele>0</ele>
            </trkpt>
            <trkpt lat="45.80357" lon="11.350271">
                <ele>0</ele>
            </trkpt>
            <trkpt lat="45.803527" lon="11.350362">
                <ele>0</ele>
            </trkpt>
            <trkpt lat="45.80334" lon="11.350746">
                <ele>0</ele>
            </trkpt>
            <trkpt lat="45.803251" lon="11.350929">
                <ele>0</ele>
            </trkpt>
            <trkpt lat="45.803224" lon="11.350987">
                <ele>0</ele>
            </trkpt>
            <trkpt lat="45.803109" lon="11.351229">
                <ele>0</ele>
            </trkpt>
            <trkpt lat="45.803098" lon="11.351308">
                <ele>0</ele>
            </trkpt>
            <trkpt lat="45.803103" lon="11.351405">
                <ele>0</ele>
            </trkpt>
            <trkpt lat="45.803136" lon="11.35187">
                <ele>0</ele>
            </trkpt>
            <trkpt lat="45.803155" lon="11.351976">
                <ele>0</ele>
            </trkpt>
            <trkpt lat="45.803203" lon="11.352129">
                <ele>0</ele>
            </trkpt>
            <trkpt lat="45.803561" lon="11.352762">
                <ele>0</ele>
            </trkpt>
            <trkpt lat="45.803664" lon="11.35303">
                <ele>0</ele>
            </trkpt>
            <trkpt lat="45.803733" lon="11.35336">
                <ele>0</ele>
            </trkpt>
            <trkpt lat="45.803735" lon="11.353423">
                <ele>0</ele>
            </trkpt>
            <trkpt lat="45.803738" lon="11.353628">
                <ele>0</ele>
            </trkpt>
            <trkpt lat="45.803729" lon="11.353666">
                <ele>0</ele>
            </trkpt>
            <trkpt lat="45.803679" lon="11.35387">
                <ele>0</ele>
            </trkpt>
            <trkpt lat="45.803452" lon="11.354567">
                <ele>0</ele>
            </trkpt>
            <trkpt lat="45.803285" lon="11.355029">
                <ele>0</ele>
            </trkpt>
            <trkpt lat="45.80328" lon="11.355044">
                <ele>0</ele>
            </trkpt>
            <trkpt lat="45.803204" lon="11.355257">
                <ele>0</ele>
            </trkpt>
            <trkpt lat="45.803174" lon="11.35535">
                <ele>0</ele>
            </trkpt>
            <trkpt lat="45.803164" lon="11.355425">
                <ele>0</ele>
            </trkpt>
            <trkpt lat="45.803166" lon="11.35548">
                <ele>0</ele>
            </trkpt>
            <trkpt lat="45.803169" lon="11.355516">
                <ele>0</ele>
            </trkpt>
            <trkpt lat="45.803191" lon="11.355615">
                <ele>0</ele>
            </trkpt>
            <trkpt lat="45.803211" lon="11.355667">
                <ele>0</ele>
            </trkpt>
            <trkpt lat="45.803217" lon="11.355676">
                <ele>0</ele>
            </trkpt>
            <trkpt lat="45.803267" lon="11.355748">
                <ele>0</ele>
            </trkpt>
            <trkpt lat="45.803367" lon="11.35584">
                <ele>0</ele>
            </trkpt>
            <trkpt lat="45.8034" lon="11.355884">
                <ele>0</ele>
            </trkpt>
            <trkpt lat="45.80345" lon="11.355929">
                <ele>0</ele>
            </trkpt>
            <trkpt lat="45.803488" lon="11.355964">
                <ele>0</ele>
            </trkpt>
            <trkpt lat="45.803764" lon="11.356215">
                <ele>0</ele>
            </trkpt>
            <trkpt lat="45.804031" lon="11.356463">
                <ele>0</ele>
            </trkpt>
            <trkpt lat="45.804088" lon="11.356517">
                <ele>0</ele>
            </trkpt>
            <trkpt lat="45.804363" lon="11.356777">
                <ele>0</ele>
            </trkpt>
            <trkpt lat="45.804478" lon="11.356883">
                <ele>0</ele>
            </trkpt>
            <trkpt lat="45.804602" lon="11.356996">
                <ele>0</ele>
            </trkpt>
            <trkpt lat="45.804674" lon="11.357069">
                <ele>0</ele>
            </trkpt>
            <trkpt lat="45.804781" lon="11.357163">
                <ele>0</ele>
            </trkpt>
            <trkpt lat="45.80485" lon="11.357223">
                <ele>0</ele>
            </trkpt>
            <trkpt lat="45.805076" lon="11.357446">
                <ele>0</ele>
            </trkpt>
            <trkpt lat="45.80512" lon="11.357487">
                <ele>0</ele>
            </trkpt>
            <trkpt lat="45.805482" lon="11.35783">
                <ele>0</ele>
            </trkpt>
            <trkpt lat="45.805536" lon="11.357881">
                <ele>0</ele>
            </trkpt>
            <trkpt lat="45.805632" lon="11.357973">
                <ele>0</ele>
            </trkpt>
            <trkpt lat="45.8057" lon="11.358043">
                <ele>0</ele>
            </trkpt>
            <trkpt lat="45.805746" lon="11.358114">
                <ele>0</ele>
            </trkpt>
            <trkpt lat="45.805768" lon="11.358269">
                <ele>0</ele>
            </trkpt>
            <trkpt lat="45.805797" lon="11.35857">
                <ele>0</ele>
            </trkpt>
            <trkpt lat="45.805794" lon="11.35861">
                <ele>0</ele>
            </trkpt>
            <trkpt lat="45.805786" lon="11.358741">
                <ele>0</ele>
            </trkpt>
            <trkpt lat="45.805775" lon="11.358809">
                <ele>0</ele>
            </trkpt>
            <trkpt lat="45.805763" lon="11.358878">
                <ele>0</ele>
            </trkpt>
            <trkpt lat="45.805736" lon="11.359025">
                <ele>0</ele>
            </trkpt>
            <trkpt lat="45.805678" lon="11.359168">
                <ele>0</ele>
            </trkpt>
            <trkpt lat="45.805636" lon="11.359276">
                <ele>0</ele>
            </trkpt>
            <trkpt lat="45.805621" lon="11.359318">
                <ele>0</ele>
            </trkpt>
            <trkpt lat="45.805598" lon="11.359391">
                <ele>0</ele>
            </trkpt>
            <trkpt lat="45.805519" lon="11.359439">
                <ele>0</ele>
            </trkpt>
            <trkpt lat="45.805457" lon="11.359494">
                <ele>0</ele>
            </trkpt>
            <trkpt lat="45.805445" lon="11.359504">
                <ele>0</ele>
            </trkpt>
            <trkpt lat="45.805399" lon="11.359542">
                <ele>0</ele>
            </trkpt>
            <trkpt lat="45.805385" lon="11.359553">
                <ele>0</ele>
            </trkpt>
            <trkpt lat="45.805292" lon="11.359631">
                <ele>0</ele>
            </trkpt>
            <trkpt lat="45.805245" lon="11.35968">
                <ele>0</ele>
            </trkpt>
            <trkpt lat="45.805235" lon="11.35969">
                <ele>0</ele>
            </trkpt>
            <trkpt lat="45.805148" lon="11.359776">
                <ele>0</ele>
            </trkpt>
            <trkpt lat="45.804997" lon="11.359944">
                <ele>0</ele>
            </trkpt>
            <trkpt lat="45.804796" lon="11.36024">
                <ele>0</ele>
            </trkpt>
            <trkpt lat="45.804763" lon="11.360289">
                <ele>0</ele>
            </trkpt>
            <trkpt lat="45.804738" lon="11.36035">
                <ele>0</ele>
            </trkpt>
            <trkpt lat="45.804691" lon="11.360462">
                <ele>0</ele>
            </trkpt>
            <trkpt lat="45.80462" lon="11.360632">
                <ele>0</ele>
            </trkpt>
            <trkpt lat="45.804426" lon="11.3611">
                <ele>0</ele>
            </trkpt>
            <trkpt lat="45.804386" lon="11.361196">
                <ele>0</ele>
            </trkpt>
            <trkpt lat="45.804103" lon="11.361915">
                <ele>0</ele>
            </trkpt>
            <trkpt lat="45.804013" lon="11.362147">
                <ele>0</ele>
            </trkpt>
            <trkpt lat="45.803977" lon="11.362224">
                <ele>0</ele>
            </trkpt>
            <trkpt lat="45.803783" lon="11.36265">
                <ele>0</ele>
            </trkpt>
            <trkpt lat="45.803706" lon="11.362842">
                <ele>0</ele>
            </trkpt>
            <trkpt lat="45.803474" lon="11.363418">
                <ele>0</ele>
            </trkpt>
            <trkpt lat="45.803321" lon="11.36383">
                <ele>0</ele>
            </trkpt>
            <trkpt lat="45.803243" lon="11.364275">
                <ele>0</ele>
            </trkpt>
            <trkpt lat="45.803182" lon="11.36513">
                <ele>0</ele>
            </trkpt>
            <trkpt lat="45.803266" lon="11.367629">
                <ele>0</ele>
            </trkpt>
            <trkpt lat="45.803283" lon="11.36802">
                <ele>0</ele>
            </trkpt>
            <trkpt lat="45.803445" lon="11.371551">
                <ele>0</ele>
            </trkpt>
            <trkpt lat="45.803441" lon="11.37195">
                <ele>0</ele>
            </trkpt>
            <trkpt lat="45.803383" lon="11.372658">
                <ele>0</ele>
            </trkpt>
            <trkpt lat="45.803283" lon="11.37329">
                <ele>0</ele>
            </trkpt>
            <trkpt lat="45.803188" lon="11.373685">
                <ele>0</ele>
            </trkpt>
            <trkpt lat="45.803094" lon="11.374028">
                <ele>0</ele>
            </trkpt>
            <trkpt lat="45.80298" lon="11.374373">
                <ele>0</ele>
            </trkpt>
            <trkpt lat="45.802883" lon="11.374642">
                <ele>0</ele>
            </trkpt>
            <trkpt lat="45.802779" lon="11.374905">
                <ele>0</ele>
            </trkpt>
            <trkpt lat="45.802608" lon="11.375241">
                <ele>0</ele>
            </trkpt>
            <trkpt lat="45.802374" lon="11.375703">
                <ele>0</ele>
            </trkpt>
            <trkpt lat="45.802191" lon="11.376077">
                <ele>0</ele>
            </trkpt>
            <trkpt lat="45.801707" lon="11.377065">
                <ele>0</ele>
            </trkpt>
            <trkpt lat="45.801313" lon="11.377856">
                <ele>0</ele>
            </trkpt>
            <trkpt lat="45.801201" lon="11.378076">
                <ele>0</ele>
            </trkpt>
            <trkpt lat="45.801078" lon="11.378301">
                <ele>0</ele>
            </trkpt>
            <trkpt lat="45.800574" lon="11.379305">
                <ele>0</ele>
            </trkpt>
            <trkpt lat="45.800147" lon="11.380154">
                <ele>0</ele>
            </trkpt>
            <trkpt lat="45.800108" lon="11.380232">
                <ele>0</ele>
            </trkpt>
            <trkpt lat="45.799541" lon="11.38139">
                <ele>0</ele>
            </trkpt>
            <trkpt lat="45.799483" lon="11.381509">
                <ele>0</ele>
            </trkpt>
            <trkpt lat="45.798967" lon="11.382561">
                <ele>0</ele>
            </trkpt>
            <trkpt lat="45.798945" lon="11.382605">
                <ele>0</ele>
            </trkpt>
            <trkpt lat="45.798846" lon="11.382808">
                <ele>0</ele>
            </trkpt>
            <trkpt lat="45.798444" lon="11.383658">
                <ele>0</ele>
            </trkpt>
            <trkpt lat="45.798106" lon="11.384419">
                <ele>0</ele>
            </trkpt>
            <trkpt lat="45.797844" lon="11.385362">
                <ele>0</ele>
            </trkpt>
            <trkpt lat="45.797665" lon="11.386322">
                <ele>0</ele>
            </trkpt>
            <trkpt lat="45.797621" lon="11.386496">
                <ele>0</ele>
            </trkpt>
            <trkpt lat="45.797534" lon="11.386854">
                <ele>0</ele>
            </trkpt>
            <trkpt lat="45.797367" lon="11.387526">
                <ele>0</ele>
            </trkpt>
            <trkpt lat="45.797326" lon="11.387688">
                <ele>0</ele>
            </trkpt>
            <trkpt lat="45.79681" lon="11.38986">
                <ele>0</ele>
            </trkpt>
            <trkpt lat="45.796728" lon="11.390181">
                <ele>0</ele>
            </trkpt>
            <trkpt lat="45.796684" lon="11.390346">
                <ele>0</ele>
            </trkpt>
            <trkpt lat="45.796635" lon="11.390478">
                <ele>0</ele>
            </trkpt>
            <trkpt lat="45.796566" lon="11.390632">
                <ele>0</ele>
            </trkpt>
            <trkpt lat="45.796494" lon="11.390757">
                <ele>0</ele>
            </trkpt>
            <trkpt lat="45.796409" lon="11.390894">
                <ele>0</ele>
            </trkpt>
            <trkpt lat="45.796254" lon="11.391067">
                <ele>0</ele>
            </trkpt>
            <trkpt lat="45.79614" lon="11.391154">
                <ele>0</ele>
            </trkpt>
            <trkpt lat="45.796025" lon="11.391238">
                <ele>0</ele>
            </trkpt>
            <trkpt lat="45.795841" lon="11.391348">
                <ele>0</ele>
            </trkpt>
            <trkpt lat="45.795642" lon="11.391422">
                <ele>0</ele>
            </trkpt>
            <trkpt lat="45.795056" lon="11.391585">
                <ele>0</ele>
            </trkpt>
            <trkpt lat="45.794974" lon="11.391616">
                <ele>0</ele>
            </trkpt>
            <trkpt lat="45.794827" lon="11.391675">
                <ele>0</ele>
            </trkpt>
            <trkpt lat="45.79445" lon="11.39188">
                <ele>0</ele>
            </trkpt>
            <trkpt lat="45.794131" lon="11.392139">
                <ele>0</ele>
            </trkpt>
            <trkpt lat="45.794034" lon="11.392228">
                <ele>0</ele>
            </trkpt>
            <trkpt lat="45.793895" lon="11.392358">
                <ele>0</ele>
            </trkpt>
            <trkpt lat="45.793607" lon="11.39278">
                <ele>0</ele>
            </trkpt>
            <trkpt lat="45.79328" lon="11.393257">
                <ele>0</ele>
            </trkpt>
            <trkpt lat="45.792902" lon="11.394144">
                <ele>0</ele>
            </trkpt>
            <trkpt lat="45.79272" lon="11.395112">
                <ele>0</ele>
            </trkpt>
            <trkpt lat="45.792714" lon="11.395947">
                <ele>0</ele>
            </trkpt>
            <trkpt lat="45.792686" lon="11.397768">
                <ele>0</ele>
            </trkpt>
            <trkpt lat="45.792684" lon="11.397879">
                <ele>0</ele>
            </trkpt>
            <trkpt lat="45.792512" lon="11.399108">
                <ele>0</ele>
            </trkpt>
            <trkpt lat="45.792397" lon="11.399626">
                <ele>0</ele>
            </trkpt>
            <trkpt lat="45.792151" lon="11.400741">
                <ele>0</ele>
            </trkpt>
            <trkpt lat="45.791685" lon="11.403106">
                <ele>0</ele>
            </trkpt>
            <trkpt lat="45.791452" lon="11.404287">
                <ele>0</ele>
            </trkpt>
            <trkpt lat="45.791399" lon="11.404505">
                <ele>0</ele>
            </trkpt>
            <trkpt lat="45.79139" lon="11.404541">
                <ele>0</ele>
            </trkpt>
            <trkpt lat="45.791284" lon="11.404982">
                <ele>0</ele>
            </trkpt>
            <trkpt lat="45.791235" lon="11.405187">
                <ele>0</ele>
            </trkpt>
            <trkpt lat="45.791006" lon="11.406086">
                <ele>0</ele>
            </trkpt>
            <trkpt lat="45.790731" lon="11.407021">
                <ele>0</ele>
            </trkpt>
            <trkpt lat="45.790705" lon="11.407108">
                <ele>0</ele>
            </trkpt>
            <trkpt lat="45.790583" lon="11.407583">
                <ele>0</ele>
            </trkpt>
            <trkpt lat="45.790442" lon="11.408137">
                <ele>0</ele>
            </trkpt>
            <trkpt lat="45.790425" lon="11.408203">
                <ele>0</ele>
            </trkpt>
            <trkpt lat="45.790405" lon="11.408275">
                <ele>0</ele>
            </trkpt>
            <trkpt lat="45.790349" lon="11.408474">
                <ele>0</ele>
            </trkpt>
            <trkpt lat="45.790139" lon="11.409136">
                <ele>0</ele>
            </trkpt>
            <trkpt lat="45.789942" lon="11.409637">
                <ele>0</ele>
            </trkpt>
            <trkpt lat="45.789849" lon="11.409818">
                <ele>0</ele>
            </trkpt>
            <trkpt lat="45.789729" lon="11.410009">
                <ele>0</ele>
            </trkpt>
            <trkpt lat="45.789653" lon="11.410129">
                <ele>0</ele>
            </trkpt>
            <trkpt lat="45.789594" lon="11.410092">
                <ele>0</ele>
            </trkpt>
            <trkpt lat="45.78953" lon="11.410086">
                <ele>0</ele>
            </trkpt>
            <trkpt lat="45.789468" lon="11.410111">
                <ele>0</ele>
            </trkpt>
            <trkpt lat="45.789415" lon="11.410164">
                <ele>0</ele>
            </trkpt>
            <trkpt lat="45.789378" lon="11.410239">
                <ele>0</ele>
            </trkpt>
            <trkpt lat="45.789361" lon="11.410328">
                <ele>0</ele>
            </trkpt>
            <trkpt lat="45.789365" lon="11.41042">
                <ele>0</ele>
            </trkpt>
            <trkpt lat="45.78939" lon="11.410505">
                <ele>0</ele>
            </trkpt>
            <trkpt lat="45.789382" lon="11.41054">
                <ele>0</ele>
            </trkpt>
            <trkpt lat="45.789337" lon="11.410742">
                <ele>0</ele>
            </trkpt>
            <trkpt lat="45.789334" lon="11.410757">
                <ele>0</ele>
            </trkpt>
            <trkpt lat="45.788271" lon="11.412629">
                <ele>0</ele>
            </trkpt>
            <trkpt lat="45.787884" lon="11.41335">
                <ele>0</ele>
            </trkpt>
            <trkpt lat="45.787552" lon="11.414129">
                <ele>0</ele>
            </trkpt>
            <trkpt lat="45.787211" lon="11.415049">
                <ele>0</ele>
            </trkpt>
            <trkpt lat="45.78717" lon="11.415164">
                <ele>0</ele>
            </trkpt>
            <trkpt lat="45.786178" lon="11.417927">
                <ele>0</ele>
            </trkpt>
            <trkpt lat="45.785786" lon="11.419001">
                <ele>0</ele>
            </trkpt>
            <trkpt lat="45.785653" lon="11.419366">
                <ele>0</ele>
            </trkpt>
            <trkpt lat="45.785567" lon="11.419601">
                <ele>0</ele>
            </trkpt>
            <trkpt lat="45.785181" lon="11.420675">
                <ele>0</ele>
            </trkpt>
            <trkpt lat="45.785148" lon="11.420764">
                <ele>0</ele>
            </trkpt>
            <trkpt lat="45.784684" lon="11.422049">
                <ele>0</ele>
            </trkpt>
            <trkpt lat="45.784638" lon="11.422177">
                <ele>0</ele>
            </trkpt>
            <trkpt lat="45.7846" lon="11.422281">
                <ele>0</ele>
            </trkpt>
            <trkpt lat="45.784364" lon="11.422942">
                <ele>0</ele>
            </trkpt>
            <trkpt lat="45.784256" lon="11.423245">
                <ele>0</ele>
            </trkpt>
            <trkpt lat="45.784189" lon="11.423428">
                <ele>0</ele>
            </trkpt>
            <trkpt lat="45.784077" lon="11.423659">
                <ele>0</ele>
            </trkpt>
            <trkpt lat="45.784048" lon="11.423658">
                <ele>0</ele>
            </trkpt>
            <trkpt lat="45.784022" lon="11.42367">
                <ele>0</ele>
            </trkpt>
            <trkpt lat="45.783999" lon="11.423693">
                <ele>0</ele>
            </trkpt>
            <trkpt lat="45.783983" lon="11.423726">
                <ele>0</ele>
            </trkpt>
            <trkpt lat="45.783974" lon="11.423765">
                <ele>0</ele>
            </trkpt>
            <trkpt lat="45.783975" lon="11.423805">
                <ele>0</ele>
            </trkpt>
            <trkpt lat="45.783985" lon="11.423842">
                <ele>0</ele>
            </trkpt>
            <trkpt lat="45.784003" lon="11.423873">
                <ele>0</ele>
            </trkpt>
            <trkpt lat="45.783999" lon="11.423888">
                <ele>0</ele>
            </trkpt>
            <trkpt lat="45.783945" lon="11.424093">
                <ele>0</ele>
            </trkpt>
            <trkpt lat="45.783922" lon="11.42418">
                <ele>0</ele>
            </trkpt>
            <trkpt lat="45.783807" lon="11.424495">
                <ele>0</ele>
            </trkpt>
            <trkpt lat="45.783762" lon="11.424619">
                <ele>0</ele>
            </trkpt>
            <trkpt lat="45.783502" lon="11.425304">
                <ele>0</ele>
            </trkpt>
            <trkpt lat="45.782485" lon="11.428026">
                <ele>0</ele>
            </trkpt>
            <trkpt lat="45.782471" lon="11.428063">
                <ele>0</ele>
            </trkpt>
            <trkpt lat="45.782274" lon="11.428424">
                <ele>0</ele>
            </trkpt>
            <trkpt lat="45.782039" lon="11.428757">
                <ele>0</ele>
            </trkpt>
            <trkpt lat="45.781846" lon="11.428947">
                <ele>0</ele>
            </trkpt>
            <trkpt lat="45.781589" lon="11.429169">
                <ele>0</ele>
            </trkpt>
            <trkpt lat="45.78129" lon="11.429328">
                <ele>0</ele>
            </trkpt>
            <trkpt lat="45.781004" lon="11.429416">
                <ele>0</ele>
            </trkpt>
            <trkpt lat="45.78061" lon="11.429466">
                <ele>0</ele>
            </trkpt>
            <trkpt lat="45.779643" lon="11.429292">
                <ele>0</ele>
            </trkpt>
            <trkpt lat="45.779446" lon="11.429264">
                <ele>0</ele>
            </trkpt>
            <trkpt lat="45.778983" lon="11.429178">
                <ele>0</ele>
            </trkpt>
            <trkpt lat="45.778322" lon="11.429024">
                <ele>0</ele>
            </trkpt>
            <trkpt lat="45.778112" lon="11.428975">
                <ele>0</ele>
            </trkpt>
            <trkpt lat="45.777822" lon="11.428858">
                <ele>0</ele>
            </trkpt>
            <trkpt lat="45.776677" lon="11.428359">
                <ele>0</ele>
            </trkpt>
            <trkpt lat="45.775837" lon="11.427993">
                <ele>0</ele>
            </trkpt>
            <trkpt lat="45.77483" lon="11.42753">
                <ele>0</ele>
            </trkpt>
            <trkpt lat="45.774657" lon="11.42744">
                <ele>0</ele>
            </trkpt>
            <trkpt lat="45.774522" lon="11.427369">
                <ele>0</ele>
            </trkpt>
            <trkpt lat="45.773882" lon="11.427034">
                <ele>0</ele>
            </trkpt>
            <trkpt lat="45.773825" lon="11.427007">
                <ele>0</ele>
            </trkpt>
            <trkpt lat="45.773797" lon="11.426993">
                <ele>0</ele>
            </trkpt>
            <trkpt lat="45.773159" lon="11.426674">
                <ele>0</ele>
            </trkpt>
            <trkpt lat="45.772635" lon="11.426442">
                <ele>0</ele>
            </trkpt>
            <trkpt lat="45.772606" lon="11.426429">
                <ele>0</ele>
            </trkpt>
            <trkpt lat="45.772516" lon="11.426389">
                <ele>0</ele>
            </trkpt>
            <trkpt lat="45.772507" lon="11.426386">
                <ele>0</ele>
            </trkpt>
            <trkpt lat="45.771884" lon="11.426188">
                <ele>0</ele>
            </trkpt>
            <trkpt lat="45.771433" lon="11.426016">
                <ele>0</ele>
            </trkpt>
            <trkpt lat="45.771039" lon="11.425746">
                <ele>0</ele>
            </trkpt>
            <trkpt lat="45.770784" lon="11.425571">
                <ele>0</ele>
            </trkpt>
            <trkpt lat="45.770689" lon="11.425522">
                <ele>0</ele>
            </trkpt>
            <trkpt lat="45.770628" lon="11.42549">
                <ele>0</ele>
            </trkpt>
            <trkpt lat="45.770579" lon="11.425464">
                <ele>0</ele>
            </trkpt>
            <trkpt lat="45.770569" lon="11.425462">
                <ele>0</ele>
            </trkpt>
            <trkpt lat="45.770406" lon="11.425434">
                <ele>0</ele>
            </trkpt>
            <trkpt lat="45.770269" lon="11.425461">
                <ele>0</ele>
            </trkpt>
            <trkpt lat="45.770193" lon="11.425476">
                <ele>0</ele>
            </trkpt>
            <trkpt lat="45.770055" lon="11.425535">
                <ele>0</ele>
            </trkpt>
            <trkpt lat="45.769921" lon="11.425601">
                <ele>0</ele>
            </trkpt>
            <trkpt lat="45.769915" lon="11.425606">
                <ele>0</ele>
            </trkpt>
            <trkpt lat="45.769821" lon="11.425678">
                <ele>0</ele>
            </trkpt>
            <trkpt lat="45.7697" lon="11.425784">
                <ele>0</ele>
            </trkpt>
            <trkpt lat="45.769627" lon="11.425866">
                <ele>0</ele>
            </trkpt>
            <trkpt lat="45.769539" lon="11.425991">
                <ele>0</ele>
            </trkpt>
            <trkpt lat="45.769467" lon="11.426129">
                <ele>0</ele>
            </trkpt>
            <trkpt lat="45.769467" lon="11.42613">
                <ele>0</ele>
            </trkpt>
            <trkpt lat="45.769447" lon="11.42617">
                <ele>0</ele>
            </trkpt>
            <trkpt lat="45.769407" lon="11.426248">
                <ele>0</ele>
            </trkpt>
            <trkpt lat="45.769382" lon="11.426307">
                <ele>0</ele>
            </trkpt>
            <trkpt lat="45.769192" lon="11.426759">
                <ele>0</ele>
            </trkpt>
            <trkpt lat="45.769016" lon="11.427119">
                <ele>0</ele>
            </trkpt>
            <trkpt lat="45.768882" lon="11.427393">
                <ele>0</ele>
            </trkpt>
            <trkpt lat="45.768869" lon="11.42742">
                <ele>0</ele>
            </trkpt>
            <trkpt lat="45.768527" lon="11.42807">
                <ele>0</ele>
            </trkpt>
            <trkpt lat="45.768421" lon="11.428272">
                <ele>0</ele>
            </trkpt>
            <trkpt lat="45.767386" lon="11.430204">
                <ele>0</ele>
            </trkpt>
            <trkpt lat="45.767122" lon="11.430633">
                <ele>0</ele>
            </trkpt>
            <trkpt lat="45.766838" lon="11.430934">
                <ele>0</ele>
            </trkpt>
            <trkpt lat="45.766589" lon="11.431132">
                <ele>0</ele>
            </trkpt>
            <trkpt lat="45.766395" lon="11.431235">
                <ele>0</ele>
            </trkpt>
            <trkpt lat="45.766358" lon="11.431255">
                <ele>0</ele>
            </trkpt>
            <trkpt lat="45.766211" lon="11.431328">
                <ele>0</ele>
            </trkpt>
            <trkpt lat="45.76607" lon="11.431367">
                <ele>0</ele>
            </trkpt>
            <trkpt lat="45.765911" lon="11.431404">
                <ele>0</ele>
            </trkpt>
            <trkpt lat="45.764984" lon="11.431635">
                <ele>0</ele>
            </trkpt>
            <trkpt lat="45.764878" lon="11.43166">
                <ele>0</ele>
            </trkpt>
            <trkpt lat="45.764851" lon="11.431667">
                <ele>0</ele>
            </trkpt>
            <trkpt lat="45.764729" lon="11.431707">
                <ele>0</ele>
            </trkpt>
            <trkpt lat="45.764713" lon="11.431719">
                <ele>0</ele>
            </trkpt>
            <trkpt lat="45.764669" lon="11.431753">
                <ele>0</ele>
            </trkpt>
            <trkpt lat="45.76463" lon="11.431807">
                <ele>0</ele>
            </trkpt>
            <trkpt lat="45.764583" lon="11.431873">
                <ele>0</ele>
            </trkpt>
            <trkpt lat="45.764555" lon="11.431937">
                <ele>0</ele>
            </trkpt>
            <trkpt lat="45.764504" lon="11.432048">
                <ele>0</ele>
            </trkpt>
            <trkpt lat="45.764175" lon="11.432765">
                <ele>0</ele>
            </trkpt>
            <trkpt lat="45.764145" lon="11.432834">
                <ele>0</ele>
            </trkpt>
            <trkpt lat="45.76379" lon="11.433656">
                <ele>0</ele>
            </trkpt>
            <trkpt lat="45.763709" lon="11.433845">
                <ele>0</ele>
            </trkpt>
            <trkpt lat="45.763233" lon="11.434915">
                <ele>0</ele>
            </trkpt>
            <trkpt lat="45.76289" lon="11.435686">
                <ele>0</ele>
            </trkpt>
            <trkpt lat="45.762875" lon="11.435721">
                <ele>0</ele>
            </trkpt>
            <trkpt lat="45.762762" lon="11.435943">
                <ele>0</ele>
            </trkpt>
            <trkpt lat="45.762702" lon="11.43605">
                <ele>0</ele>
            </trkpt>
            <trkpt lat="45.762605" lon="11.436116">
                <ele>0</ele>
            </trkpt>
            <trkpt lat="45.762502" lon="11.436216">
                <ele>0</ele>
            </trkpt>
            <trkpt lat="45.762385" lon="11.436323">
                <ele>0</ele>
            </trkpt>
            <trkpt lat="45.762228" lon="11.436448">
                <ele>0</ele>
            </trkpt>
            <trkpt lat="45.762178" lon="11.436489">
                <ele>0</ele>
            </trkpt>
            <trkpt lat="45.762014" lon="11.436569">
                <ele>0</ele>
            </trkpt>
            <trkpt lat="45.761822" lon="11.436624">
                <ele>0</ele>
            </trkpt>
            <trkpt lat="45.761712" lon="11.436638">
                <ele>0</ele>
            </trkpt>
            <trkpt lat="45.761618" lon="11.43666">
                <ele>0</ele>
            </trkpt>
            <trkpt lat="45.76136" lon="11.436619">
                <ele>0</ele>
            </trkpt>
            <trkpt lat="45.761293" lon="11.436608">
                <ele>0</ele>
            </trkpt>
            <trkpt lat="45.761251" lon="11.436603">
                <ele>0</ele>
            </trkpt>
            <trkpt lat="45.761216" lon="11.436589">
                <ele>0</ele>
            </trkpt>
            <trkpt lat="45.760571" lon="11.436345">
                <ele>0</ele>
            </trkpt>
            <trkpt lat="45.760491" lon="11.436313">
                <ele>0</ele>
            </trkpt>
            <trkpt lat="45.760033" lon="11.436151">
                <ele>0</ele>
            </trkpt>
            <trkpt lat="45.759788" lon="11.436067">
                <ele>0</ele>
            </trkpt>
            <trkpt lat="45.759589" lon="11.435998">
                <ele>0</ele>
            </trkpt>
            <trkpt lat="45.759341" lon="11.4359">
                <ele>0</ele>
            </trkpt>
            <trkpt lat="45.759103" lon="11.435784">
                <ele>0</ele>
            </trkpt>
            <trkpt lat="45.758843" lon="11.43565">
                <ele>0</ele>
            </trkpt>
            <trkpt lat="45.758733" lon="11.435587">
                <ele>0</ele>
            </trkpt>
            <trkpt lat="45.758664" lon="11.435545">
                <ele>0</ele>
            </trkpt>
            <trkpt lat="45.758668" lon="11.435518">
                <ele>0</ele>
            </trkpt>
            <trkpt lat="45.758666" lon="11.435489">
                <ele>0</ele>
            </trkpt>
            <trkpt lat="45.75866" lon="11.435462">
                <ele>0</ele>
            </trkpt>
            <trkpt lat="45.758649" lon="11.435439">
                <ele>0</ele>
            </trkpt>
            <trkpt lat="45.758629" lon="11.435416">
                <ele>0</ele>
            </trkpt>
            <trkpt lat="45.758605" lon="11.435403">
                <ele>0</ele>
            </trkpt>
            <trkpt lat="45.75858" lon="11.435403">
                <ele>0</ele>
            </trkpt>
            <trkpt lat="45.758556" lon="11.435415">
                <ele>0</ele>
            </trkpt>
            <trkpt lat="45.758536" lon="11.435438">
                <ele>0</ele>
            </trkpt>
            <trkpt lat="45.758522" lon="11.43547">
                <ele>0</ele>
            </trkpt>
            <trkpt lat="45.758503" lon="11.435446">
                <ele>0</ele>
            </trkpt>
            <trkpt lat="45.758465" lon="11.435399">
                <ele>0</ele>
            </trkpt>
            <trkpt lat="45.758243" lon="11.435206">
                <ele>0</ele>
            </trkpt>
            <trkpt lat="45.75821" lon="11.435177">
                <ele>0</ele>
            </trkpt>
            <trkpt lat="45.758011" lon="11.434998">
                <ele>0</ele>
            </trkpt>
            <trkpt lat="45.757737" lon="11.434685">
                <ele>0</ele>
            </trkpt>
            <trkpt lat="45.757521" lon="11.434399">
                <ele>0</ele>
            </trkpt>
            <trkpt lat="45.757497" lon="11.434365">
                <ele>0</ele>
            </trkpt>
            <trkpt lat="45.757421" lon="11.434254">
                <ele>0</ele>
            </trkpt>
            <trkpt lat="45.756998" lon="11.43365">
                <ele>0</ele>
            </trkpt>
            <trkpt lat="45.756626" lon="11.433118">
                <ele>0</ele>
            </trkpt>
            <trkpt lat="45.756555" lon="11.433017">
                <ele>0</ele>
            </trkpt>
            <trkpt lat="45.756498" lon="11.432935">
                <ele>0</ele>
            </trkpt>
            <trkpt lat="45.756455" lon="11.432873">
                <ele>0</ele>
            </trkpt>
            <trkpt lat="45.756415" lon="11.432815">
                <ele>0</ele>
            </trkpt>
            <trkpt lat="45.755526" lon="11.431507">
                <ele>0</ele>
            </trkpt>
            <trkpt lat="45.755395" lon="11.431315">
                <ele>0</ele>
            </trkpt>
            <trkpt lat="45.755333" lon="11.431223">
                <ele>0</ele>
            </trkpt>
            <trkpt lat="45.755125" lon="11.43092">
                <ele>0</ele>
            </trkpt>
            <trkpt lat="45.75505" lon="11.430806">
                <ele>0</ele>
            </trkpt>
            <trkpt lat="45.754993" lon="11.430719">
                <ele>0</ele>
            </trkpt>
            <trkpt lat="45.754688" lon="11.430286">
                <ele>0</ele>
            </trkpt>
            <trkpt lat="45.754506" lon="11.430078">
                <ele>0</ele>
            </trkpt>
            <trkpt lat="45.754495" lon="11.430068">
                <ele>0</ele>
            </trkpt>
            <trkpt lat="45.754491" lon="11.430065">
                <ele>0</ele>
            </trkpt>
            <trkpt lat="45.754481" lon="11.430047">
                <ele>0</ele>
            </trkpt>
            <trkpt lat="45.754452" lon="11.429993">
                <ele>0</ele>
            </trkpt>
            <trkpt lat="45.754415" lon="11.429964">
                <ele>0</ele>
            </trkpt>
            <trkpt lat="45.75434" lon="11.429897">
                <ele>0</ele>
            </trkpt>
            <trkpt lat="45.754195" lon="11.4298">
                <ele>0</ele>
            </trkpt>
            <trkpt lat="45.754128" lon="11.429756">
                <ele>0</ele>
            </trkpt>
            <trkpt lat="45.754084" lon="11.429756">
                <ele>0</ele>
            </trkpt>
            <trkpt lat="45.754069" lon="11.429746">
                <ele>0</ele>
            </trkpt>
            <trkpt lat="45.753929" lon="11.429683">
                <ele>0</ele>
            </trkpt>
            <trkpt lat="45.753733" lon="11.429602">
                <ele>0</ele>
            </trkpt>
            <trkpt lat="45.752871" lon="11.429295">
                <ele>0</ele>
            </trkpt>
            <trkpt lat="45.752859" lon="11.429291">
                <ele>0</ele>
            </trkpt>
            <trkpt lat="45.752849" lon="11.429287">
                <ele>0</ele>
            </trkpt>
            <trkpt lat="45.752842" lon="11.429282">
                <ele>0</ele>
            </trkpt>
            <trkpt lat="45.752799" lon="11.429252">
                <ele>0</ele>
            </trkpt>
            <trkpt lat="45.752781" lon="11.429244">
                <ele>0</ele>
            </trkpt>
            <trkpt lat="45.752697" lon="11.429211">
                <ele>0</ele>
            </trkpt>
            <trkpt lat="45.752596" lon="11.429203">
                <ele>0</ele>
            </trkpt>
            <trkpt lat="45.752553" lon="11.429204">
                <ele>0</ele>
            </trkpt>
            <trkpt lat="45.752466" lon="11.429207">
                <ele>0</ele>
            </trkpt>
            <trkpt lat="45.75224" lon="11.4291">
                <ele>0</ele>
            </trkpt>
            <trkpt lat="45.752183" lon="11.429082">
                <ele>0</ele>
            </trkpt>
            <trkpt lat="45.751734" lon="11.428903">
                <ele>0</ele>
            </trkpt>
            <trkpt lat="45.751638" lon="11.428876">
                <ele>0</ele>
            </trkpt>
            <trkpt lat="45.751539" lon="11.42884">
                <ele>0</ele>
            </trkpt>
            <trkpt lat="45.751412" lon="11.428794">
                <ele>0</ele>
            </trkpt>
            <trkpt lat="45.751381" lon="11.428781">
                <ele>0</ele>
            </trkpt>
            <trkpt lat="45.751363" lon="11.428774">
                <ele>0</ele>
            </trkpt>
            <trkpt lat="45.751275" lon="11.428738">
                <ele>0</ele>
            </trkpt>
            <trkpt lat="45.751217" lon="11.428718">
                <ele>0</ele>
            </trkpt>
            <trkpt lat="45.751137" lon="11.428677">
                <ele>0</ele>
            </trkpt>
            <trkpt lat="45.751118" lon="11.428661">
                <ele>0</ele>
            </trkpt>
            <trkpt lat="45.750803" lon="11.428396">
                <ele>0</ele>
            </trkpt>
            <trkpt lat="45.750754" lon="11.428345">
                <ele>0</ele>
            </trkpt>
            <trkpt lat="45.750425" lon="11.427966">
                <ele>0</ele>
            </trkpt>
            <trkpt lat="45.750202" lon="11.427718">
                <ele>0</ele>
            </trkpt>
            <trkpt lat="45.750074" lon="11.427576">
                <ele>0</ele>
            </trkpt>
            <trkpt lat="45.749965" lon="11.42745">
                <ele>0</ele>
            </trkpt>
            <trkpt lat="45.749823" lon="11.427285">
                <ele>0</ele>
            </trkpt>
            <trkpt lat="45.749617" lon="11.427056">
                <ele>0</ele>
            </trkpt>
            <trkpt lat="45.748132" lon="11.425412">
                <ele>0</ele>
            </trkpt>
            <trkpt lat="45.748066" lon="11.425338">
                <ele>0</ele>
            </trkpt>
            <trkpt lat="45.74802" lon="11.425284">
                <ele>0</ele>
            </trkpt>
            <trkpt lat="45.747976" lon="11.425232">
                <ele>0</ele>
            </trkpt>
            <trkpt lat="45.747822" lon="11.425062">
                <ele>0</ele>
            </trkpt>
            <trkpt lat="45.747807" lon="11.425045">
                <ele>0</ele>
            </trkpt>
            <trkpt lat="45.747549" lon="11.424747">
                <ele>0</ele>
            </trkpt>
            <trkpt lat="45.747511" lon="11.424703">
                <ele>0</ele>
            </trkpt>
            <trkpt lat="45.746819" lon="11.423946">
                <ele>0</ele>
            </trkpt>
            <trkpt lat="45.746634" lon="11.423736">
                <ele>0</ele>
            </trkpt>
            <trkpt lat="45.746572" lon="11.423667">
                <ele>0</ele>
            </trkpt>
            <trkpt lat="45.746428" lon="11.423508">
                <ele>0</ele>
            </trkpt>
            <trkpt lat="45.746021" lon="11.423072">
                <ele>0</ele>
            </trkpt>
            <trkpt lat="45.74498" lon="11.421877">
                <ele>0</ele>
            </trkpt>
            <trkpt lat="45.744779" lon="11.421646">
                <ele>0</ele>
            </trkpt>
            <trkpt lat="45.744686" lon="11.42149">
                <ele>0</ele>
            </trkpt>
            <trkpt lat="45.744379" lon="11.420921">
                <ele>0</ele>
            </trkpt>
            <trkpt lat="45.744334" lon="11.420819">
                <ele>0</ele>
            </trkpt>
            <trkpt lat="45.744168" lon="11.420507">
                <ele>0</ele>
            </trkpt>
            <trkpt lat="45.743846" lon="11.41989">
                <ele>0</ele>
            </trkpt>
            <trkpt lat="45.743475" lon="11.419203">
                <ele>0</ele>
            </trkpt>
            <trkpt lat="45.743323" lon="11.418916">
                <ele>0</ele>
            </trkpt>
            <trkpt lat="45.743172" lon="11.418632">
                <ele>0</ele>
            </trkpt>
            <trkpt lat="45.743112" lon="11.418518">
                <ele>0</ele>
            </trkpt>
            <trkpt lat="45.743038" lon="11.418376">
                <ele>0</ele>
            </trkpt>
            <trkpt lat="45.742965" lon="11.418234">
                <ele>0</ele>
            </trkpt>
            <trkpt lat="45.742508" lon="11.417351">
                <ele>0</ele>
            </trkpt>
            <trkpt lat="45.742415" lon="11.41717">
                <ele>0</ele>
            </trkpt>
            <trkpt lat="45.741927" lon="11.416228">
                <ele>0</ele>
            </trkpt>
            <trkpt lat="45.741895" lon="11.416166">
                <ele>0</ele>
            </trkpt>
            <trkpt lat="45.740631" lon="11.413723">
                <ele>0</ele>
            </trkpt>
            <trkpt lat="45.739402" lon="11.411353">
                <ele>0</ele>
            </trkpt>
            <trkpt lat="45.739134" lon="11.410837">
                <ele>0</ele>
            </trkpt>
            <trkpt lat="45.738879" lon="11.410345">
                <ele>0</ele>
            </trkpt>
            <trkpt lat="45.738445" lon="11.40951">
                <ele>0</ele>
            </trkpt>
            <trkpt lat="45.738204" lon="11.409045">
                <ele>0</ele>
            </trkpt>
            <trkpt lat="45.738115" lon="11.408872">
                <ele>0</ele>
            </trkpt>
            <trkpt lat="45.738086" lon="11.408768">
                <ele>0</ele>
            </trkpt>
            <trkpt lat="45.737988" lon="11.408426">
                <ele>0</ele>
            </trkpt>
            <trkpt lat="45.737817" lon="11.407821">
                <ele>0</ele>
            </trkpt>
            <trkpt lat="45.737794" lon="11.407741">
                <ele>0</ele>
            </trkpt>
            <trkpt lat="45.737139" lon="11.405321">
                <ele>0</ele>
            </trkpt>
            <trkpt lat="45.737121" lon="11.405257">
                <ele>0</ele>
            </trkpt>
            <trkpt lat="45.737047" lon="11.404982">
                <ele>0</ele>
            </trkpt>
            <trkpt lat="45.737036" lon="11.404953">
                <ele>0</ele>
            </trkpt>
            <trkpt lat="45.736983" lon="11.404769">
                <ele>0</ele>
            </trkpt>
            <trkpt lat="45.736938" lon="11.404697">
                <ele>0</ele>
            </trkpt>
            <trkpt lat="45.736885" lon="11.404641">
                <ele>0</ele>
            </trkpt>
            <trkpt lat="45.736796" lon="11.404548">
                <ele>0</ele>
            </trkpt>
            <trkpt lat="45.736758" lon="11.404486">
                <ele>0</ele>
            </trkpt>
            <trkpt lat="45.736719" lon="11.404389">
                <ele>0</ele>
            </trkpt>
            <trkpt lat="45.736708" lon="11.404312">
                <ele>0</ele>
            </trkpt>
            <trkpt lat="45.736683" lon="11.404243">
                <ele>0</ele>
            </trkpt>
            <trkpt lat="45.736646" lon="11.404185">
                <ele>0</ele>
            </trkpt>
            <trkpt lat="45.736601" lon="11.404142">
                <ele>0</ele>
            </trkpt>
            <trkpt lat="45.736543" lon="11.404116">
                <ele>0</ele>
            </trkpt>
            <trkpt lat="45.736482" lon="11.404114">
                <ele>0</ele>
            </trkpt>
            <trkpt lat="45.736389" lon="11.404033">
                <ele>0</ele>
            </trkpt>
            <trkpt lat="45.736349" lon="11.403988">
                <ele>0</ele>
            </trkpt>
            <trkpt lat="45.736315" lon="11.403887">
                <ele>0</ele>
            </trkpt>
            <trkpt lat="45.736284" lon="11.403733">
                <ele>0</ele>
            </trkpt>
            <trkpt lat="45.736331" lon="11.403547">
                <ele>0</ele>
            </trkpt>
            <trkpt lat="45.736411" lon="11.403317">
                <ele>0</ele>
            </trkpt>
            <trkpt lat="45.736449" lon="11.403148">
                <ele>0</ele>
            </trkpt>
            <trkpt lat="45.736466" lon="11.402988">
                <ele>0</ele>
            </trkpt>
            <trkpt lat="45.736456" lon="11.402854">
                <ele>0</ele>
            </trkpt>
            <trkpt lat="45.736414" lon="11.402634">
                <ele>0</ele>
            </trkpt>
            <trkpt lat="45.736376" lon="11.402433">
                <ele>0</ele>
            </trkpt>
            <trkpt lat="45.736345" lon="11.402324">
                <ele>0</ele>
            </trkpt>
            <trkpt lat="45.735704" lon="11.399941">
                <ele>0</ele>
            </trkpt>
            <trkpt lat="45.735587" lon="11.399505">
                <ele>0</ele>
            </trkpt>
            <trkpt lat="45.735509" lon="11.399216">
                <ele>0</ele>
            </trkpt>
            <trkpt lat="45.735445" lon="11.398972">
                <ele>0</ele>
            </trkpt>
            <trkpt lat="45.735412" lon="11.398847">
                <ele>0</ele>
            </trkpt>
            <trkpt lat="45.735393" lon="11.398775">
                <ele>0</ele>
            </trkpt>
            <trkpt lat="45.735224" lon="11.39813">
                <ele>0</ele>
            </trkpt>
            <trkpt lat="45.735066" lon="11.397526">
                <ele>0</ele>
            </trkpt>
            <trkpt lat="45.734723" lon="11.396086">
                <ele>0</ele>
            </trkpt>
            <trkpt lat="45.734397" lon="11.394721">
                <ele>0</ele>
            </trkpt>
            <trkpt lat="45.734305" lon="11.394376">
                <ele>0</ele>
            </trkpt>
            <trkpt lat="45.734257" lon="11.394196">
                <ele>0</ele>
            </trkpt>
            <trkpt lat="45.733592" lon="11.391677">
                <ele>0</ele>
            </trkpt>
            <trkpt lat="45.733116" lon="11.389873">
                <ele>0</ele>
            </trkpt>
            <trkpt lat="45.733098" lon="11.389805">
                <ele>0</ele>
            </trkpt>
            <trkpt lat="45.732932" lon="11.38915">
                <ele>0</ele>
            </trkpt>
            <trkpt lat="45.73245" lon="11.387237">
                <ele>0</ele>
            </trkpt>
            <trkpt lat="45.732401" lon="11.387047">
                <ele>0</ele>
            </trkpt>
            <trkpt lat="45.732355" lon="11.386849">
                <ele>0</ele>
            </trkpt>
            <trkpt lat="45.732328" lon="11.386745">
                <ele>0</ele>
            </trkpt>
            <trkpt lat="45.73227" lon="11.38653">
                <ele>0</ele>
            </trkpt>
            <trkpt lat="45.732136" lon="11.386001">
                <ele>0</ele>
            </trkpt>
            <trkpt lat="45.732021" lon="11.385554">
                <ele>0</ele>
            </trkpt>
            <trkpt lat="45.731555" lon="11.383745">
                <ele>0</ele>
            </trkpt>
            <trkpt lat="45.731333" lon="11.382884">
                <ele>0</ele>
            </trkpt>
            <trkpt lat="45.731156" lon="11.382196">
                <ele>0</ele>
            </trkpt>
            <trkpt lat="45.731113" lon="11.382028">
                <ele>0</ele>
            </trkpt>
            <trkpt lat="45.730755" lon="11.380616">
                <ele>0</ele>
            </trkpt>
            <trkpt lat="45.730548" lon="11.379831">
                <ele>0</ele>
            </trkpt>
            <trkpt lat="45.730482" lon="11.379572">
                <ele>0</ele>
            </trkpt>
            <trkpt lat="45.730328" lon="11.378972">
                <ele>0</ele>
            </trkpt>
            <trkpt lat="45.730018" lon="11.377762">
                <ele>0</ele>
            </trkpt>
            <trkpt lat="45.729856" lon="11.377167">
                <ele>0</ele>
            </trkpt>
            <trkpt lat="45.729822" lon="11.377042">
                <ele>0</ele>
            </trkpt>
            <trkpt lat="45.729643" lon="11.376345">
                <ele>0</ele>
            </trkpt>
            <trkpt lat="45.729366" lon="11.375271">
                <ele>0</ele>
            </trkpt>
            <trkpt lat="45.729354" lon="11.375221">
                <ele>0</ele>
            </trkpt>
            <trkpt lat="45.729181" lon="11.374535">
                <ele>0</ele>
            </trkpt>
            <trkpt lat="45.729121" lon="11.374298">
                <ele>0</ele>
            </trkpt>
            <trkpt lat="45.729052" lon="11.374037">
                <ele>0</ele>
            </trkpt>
            <trkpt lat="45.729027" lon="11.373943">
                <ele>0</ele>
            </trkpt>
            <trkpt lat="45.728968" lon="11.373721">
                <ele>0</ele>
            </trkpt>
            <trkpt lat="45.728939" lon="11.373609">
                <ele>0</ele>
            </trkpt>
            <trkpt lat="45.728908" lon="11.373496">
                <ele>0</ele>
            </trkpt>
            <trkpt lat="45.728892" lon="11.373432">
                <ele>0</ele>
            </trkpt>
            <trkpt lat="45.728841" lon="11.37323">
                <ele>0</ele>
            </trkpt>
            <trkpt lat="45.728802" lon="11.373064">
                <ele>0</ele>
            </trkpt>
            <trkpt lat="45.728782" lon="11.372981">
                <ele>0</ele>
            </trkpt>
            <trkpt lat="45.728734" lon="11.372783">
                <ele>0</ele>
            </trkpt>
            <trkpt lat="45.728732" lon="11.372773">
                <ele>0</ele>
            </trkpt>
            <trkpt lat="45.728684" lon="11.372582">
                <ele>0</ele>
            </trkpt>
            <trkpt lat="45.728684" lon="11.372581">
                <ele>0</ele>
            </trkpt>
            <trkpt lat="45.728628" lon="11.372361">
                <ele>0</ele>
            </trkpt>
            <trkpt lat="45.728623" lon="11.372337">
                <ele>0</ele>
            </trkpt>
            <trkpt lat="45.728308" lon="11.371115">
                <ele>0</ele>
            </trkpt>
            <trkpt lat="45.728132" lon="11.370684">
                <ele>0</ele>
            </trkpt>
            <trkpt lat="45.728079" lon="11.370609">
                <ele>0</ele>
            </trkpt>
            <trkpt lat="45.727947" lon="11.37042">
                <ele>0</ele>
            </trkpt>
            <trkpt lat="45.727748" lon="11.370134">
                <ele>0</ele>
            </trkpt>
            <trkpt lat="45.7276" lon="11.369959">
                <ele>0</ele>
            </trkpt>
            <trkpt lat="45.727407" lon="11.369731">
                <ele>0</ele>
            </trkpt>
            <trkpt lat="45.727136" lon="11.369405">
                <ele>0</ele>
            </trkpt>
            <trkpt lat="45.727091" lon="11.369351">
                <ele>0</ele>
            </trkpt>
            <trkpt lat="45.727001" lon="11.369244">
                <ele>0</ele>
            </trkpt>
            <trkpt lat="45.726941" lon="11.369137">
                <ele>0</ele>
            </trkpt>
            <trkpt lat="45.7269" lon="11.369063">
                <ele>0</ele>
            </trkpt>
            <trkpt lat="45.726829" lon="11.368872">
                <ele>0</ele>
            </trkpt>
            <trkpt lat="45.72683" lon="11.368791">
                <ele>0</ele>
            </trkpt>
            <trkpt lat="45.726813" lon="11.368714">
                <ele>0</ele>
            </trkpt>
            <trkpt lat="45.72678" lon="11.368648">
                <ele>0</ele>
            </trkpt>
            <trkpt lat="45.726735" lon="11.3686">
                <ele>0</ele>
            </trkpt>
            <trkpt lat="45.726682" lon="11.368573">
                <ele>0</ele>
            </trkpt>
            <trkpt lat="45.726625" lon="11.368572">
                <ele>0</ele>
            </trkpt>
            <trkpt lat="45.726571" lon="11.368595">
                <ele>0</ele>
            </trkpt>
            <trkpt lat="45.726554" lon="11.368584">
                <ele>0</ele>
            </trkpt>
            <trkpt lat="45.726398" lon="11.368482">
                <ele>0</ele>
            </trkpt>
            <trkpt lat="45.726372" lon="11.368465">
                <ele>0</ele>
            </trkpt>
            <trkpt lat="45.726358" lon="11.368456">
                <ele>0</ele>
            </trkpt>
            <trkpt lat="45.726315" lon="11.368428">
                <ele>0</ele>
            </trkpt>
            <trkpt lat="45.72631" lon="11.368422">
                <ele>0</ele>
            </trkpt>
            <trkpt lat="45.726014" lon="11.368092">
                <ele>0</ele>
            </trkpt>
            <trkpt lat="45.725826" lon="11.367862">
                <ele>0</ele>
            </trkpt>
            <trkpt lat="45.725154" lon="11.36704">
                <ele>0</ele>
            </trkpt>
            <trkpt lat="45.725128" lon="11.367008">
                <ele>0</ele>
            </trkpt>
            <trkpt lat="45.725061" lon="11.366928">
                <ele>0</ele>
            </trkpt>
            <trkpt lat="45.725026" lon="11.366865">
                <ele>0</ele>
            </trkpt>
            <trkpt lat="45.724757" lon="11.366547">
                <ele>0</ele>
            </trkpt>
            <trkpt lat="45.724719" lon="11.366484">
                <ele>0</ele>
            </trkpt>
            <trkpt lat="45.724677" lon="11.366416">
                <ele>0</ele>
            </trkpt>
            <trkpt lat="45.72468" lon="11.366381">
                <ele>0</ele>
            </trkpt>
            <trkpt lat="45.724678" lon="11.366346">
                <ele>0</ele>
            </trkpt>
            <trkpt lat="45.724669" lon="11.366314">
                <ele>0</ele>
            </trkpt>
            <trkpt lat="45.724649" lon="11.366278">
                <ele>0</ele>
            </trkpt>
            <trkpt lat="45.724621" lon="11.366254">
                <ele>0</ele>
            </trkpt>
            <trkpt lat="45.72459" lon="11.366244">
                <ele>0</ele>
            </trkpt>
            <trkpt lat="45.724565" lon="11.366247">
                <ele>0</ele>
            </trkpt>
            <trkpt lat="45.724541" lon="11.36626">
                <ele>0</ele>
            </trkpt>
            <trkpt lat="45.724394" lon="11.366144">
                <ele>0</ele>
            </trkpt>
            <trkpt lat="45.723958" lon="11.365593">
                <ele>0</ele>
            </trkpt>
            <trkpt lat="45.723895" lon="11.365505">
                <ele>0</ele>
            </trkpt>
            <trkpt lat="45.723197" lon="11.364699">
                <ele>0</ele>
            </trkpt>
            <trkpt lat="45.723078" lon="11.364537">
                <ele>0</ele>
            </trkpt>
            <trkpt lat="45.722483" lon="11.363827">
                <ele>0</ele>
            </trkpt>
            <trkpt lat="45.722385" lon="11.363709">
                <ele>0</ele>
            </trkpt>
            <trkpt lat="45.722274" lon="11.363572">
                <ele>0</ele>
            </trkpt>
            <trkpt lat="45.722255" lon="11.363548">
                <ele>0</ele>
            </trkpt>
            <trkpt lat="45.722002" lon="11.363239">
                <ele>0</ele>
            </trkpt>
            <trkpt lat="45.721958" lon="11.363185">
                <ele>0</ele>
            </trkpt>
            <trkpt lat="45.721741" lon="11.362949">
                <ele>0</ele>
            </trkpt>
            <trkpt lat="45.72106" lon="11.362165">
                <ele>0</ele>
            </trkpt>
            <trkpt lat="45.720758" lon="11.361769">
                <ele>0</ele>
            </trkpt>
            <trkpt lat="45.720715" lon="11.361713">
                <ele>0</ele>
            </trkpt>
            <trkpt lat="45.720615" lon="11.361601">
                <ele>0</ele>
            </trkpt>
            <trkpt lat="45.719934" lon="11.360835">
                <ele>0</ele>
            </trkpt>
            <trkpt lat="45.7194" lon="11.360223">
                <ele>0</ele>
            </trkpt>
            <trkpt lat="45.71928" lon="11.360088">
                <ele>0</ele>
            </trkpt>
            <trkpt lat="45.719261" lon="11.360068">
                <ele>0</ele>
            </trkpt>
            <trkpt lat="45.719247" lon="11.360053">
                <ele>0</ele>
            </trkpt>
            <trkpt lat="45.719208" lon="11.360012">
                <ele>0</ele>
            </trkpt>
            <trkpt lat="45.719178" lon="11.359886">
                <ele>0</ele>
            </trkpt>
            <trkpt lat="45.719166" lon="11.359819">
                <ele>0</ele>
            </trkpt>
            <trkpt lat="45.719165" lon="11.359734">
                <ele>0</ele>
            </trkpt>
            <trkpt lat="45.719164" lon="11.359687">
                <ele>0</ele>
            </trkpt>
            <trkpt lat="45.7192" lon="11.359614">
                <ele>0</ele>
            </trkpt>
            <trkpt lat="45.719249" lon="11.359516">
                <ele>0</ele>
            </trkpt>
            <trkpt lat="45.719372" lon="11.359253">
                <ele>0</ele>
            </trkpt>
            <trkpt lat="45.71943" lon="11.35913">
                <ele>0</ele>
            </trkpt>
            <trkpt lat="45.719472" lon="11.35904">
                <ele>0</ele>
            </trkpt>
            <trkpt lat="45.719501" lon="11.358978">
                <ele>0</ele>
            </trkpt>
            <trkpt lat="45.719674" lon="11.358622">
                <ele>0</ele>
            </trkpt>
            <trkpt lat="45.719692" lon="11.358574">
                <ele>0</ele>
            </trkpt>
            <trkpt lat="45.719697" lon="11.358527">
                <ele>0</ele>
            </trkpt>
            <trkpt lat="45.719696" lon="11.358522">
                <ele>0</ele>
            </trkpt>
            <trkpt lat="45.719691" lon="11.358498">
                <ele>0</ele>
            </trkpt>
            <trkpt lat="45.719686" lon="11.358477">
                <ele>0</ele>
            </trkpt>
            <trkpt lat="45.719669" lon="11.358464">
                <ele>0</ele>
            </trkpt>
            <trkpt lat="45.719662" lon="11.358459">
                <ele>0</ele>
            </trkpt>
            <trkpt lat="45.719405" lon="11.35826">
                <ele>0</ele>
            </trkpt>
            <trkpt lat="45.719227" lon="11.358085">
                <ele>0</ele>
            </trkpt>
            <trkpt lat="45.719144" lon="11.358071">
                <ele>0</ele>
            </trkpt>
            <trkpt lat="45.719095" lon="11.358091">
                <ele>0</ele>
            </trkpt>
            <trkpt lat="45.719063" lon="11.358104">
                <ele>0</ele>
            </trkpt>
            <trkpt lat="45.718944" lon="11.358247">
                <ele>0</ele>
            </trkpt>
            <trkpt lat="45.718902" lon="11.358355">
                <ele>0</ele>
            </trkpt>
            <trkpt lat="45.718872" lon="11.358433">
                <ele>0</ele>
            </trkpt>
            <trkpt lat="45.718795" lon="11.358631">
                <ele>0</ele>
            </trkpt>
            <trkpt lat="45.718659" lon="11.358991">
                <ele>0</ele>
            </trkpt>
            <trkpt lat="45.718587" lon="11.359186">
                <ele>0</ele>
            </trkpt>
            <trkpt lat="45.718576" lon="11.359225">
                <ele>0</ele>
            </trkpt>
            <trkpt lat="45.718502" lon="11.359296">
                <ele>0</ele>
            </trkpt>
            <trkpt lat="45.718353" lon="11.35939">
                <ele>0</ele>
            </trkpt>
            <trkpt lat="45.718328" lon="11.359387">
                <ele>0</ele>
            </trkpt>
            <trkpt lat="45.718151" lon="11.35937">
                <ele>0</ele>
            </trkpt>
            <trkpt lat="45.718076" lon="11.359369">
                <ele>0</ele>
            </trkpt>
            <trkpt lat="45.718021" lon="11.359375">
                <ele>0</ele>
            </trkpt>
            <trkpt lat="45.717965" lon="11.359384">
                <ele>0</ele>
            </trkpt>
            <trkpt lat="45.717901" lon="11.359402">
                <ele>0</ele>
            </trkpt>
            <trkpt lat="45.717842" lon="11.35942">
                <ele>0</ele>
            </trkpt>
            <trkpt lat="45.717353" lon="11.359647">
                <ele>0</ele>
            </trkpt>
            <trkpt lat="45.717315" lon="11.359676">
                <ele>0</ele>
            </trkpt>
            <trkpt lat="45.71722" lon="11.359696">
                <ele>0</ele>
            </trkpt>
            <trkpt lat="45.717214" lon="11.359697">
                <ele>0</ele>
            </trkpt>
            <trkpt lat="45.717119" lon="11.359719">
                <ele>0</ele>
            </trkpt>
            <trkpt lat="45.717108" lon="11.359693">
                <ele>0</ele>
            </trkpt>
            <trkpt lat="45.717092" lon="11.359672">
                <ele>0</ele>
            </trkpt>
            <trkpt lat="45.717073" lon="11.359658">
                <ele>0</ele>
            </trkpt>
            <trkpt lat="45.717051" lon="11.359652">
                <ele>0</ele>
            </trkpt>
            <trkpt lat="45.71703" lon="11.359654">
                <ele>0</ele>
            </trkpt>
            <trkpt lat="45.716918" lon="11.359601">
                <ele>0</ele>
            </trkpt>
            <trkpt lat="45.71679" lon="11.359372">
                <ele>0</ele>
            </trkpt>
            <trkpt lat="45.716769" lon="11.359333">
                <ele>0</ele>
            </trkpt>
            <trkpt lat="45.716561" lon="11.358919">
                <ele>0</ele>
            </trkpt>
            <trkpt lat="45.716455" lon="11.35873">
                <ele>0</ele>
            </trkpt>
            <trkpt lat="45.716327" lon="11.358469">
                <ele>0</ele>
            </trkpt>
            <trkpt lat="45.716268" lon="11.358351">
                <ele>0</ele>
            </trkpt>
            <trkpt lat="45.716226" lon="11.358289">
                <ele>0</ele>
            </trkpt>
            <trkpt lat="45.71617" lon="11.358236">
                <ele>0</ele>
            </trkpt>
            <trkpt lat="45.716083" lon="11.358213">
                <ele>0</ele>
            </trkpt>
            <trkpt lat="45.716022" lon="11.358213">
                <ele>0</ele>
            </trkpt>
            <trkpt lat="45.715938" lon="11.358218">
                <ele>0</ele>
            </trkpt>
            <trkpt lat="45.715833" lon="11.358278">
                <ele>0</ele>
            </trkpt>
            <trkpt lat="45.715771" lon="11.358311">
                <ele>0</ele>
            </trkpt>
            <trkpt lat="45.715712" lon="11.358312">
                <ele>0</ele>
            </trkpt>
            <trkpt lat="45.715603" lon="11.3583">
                <ele>0</ele>
            </trkpt>
            <trkpt lat="45.715487" lon="11.35833">
                <ele>0</ele>
            </trkpt>
            <trkpt lat="45.715335" lon="11.358463">
                <ele>0</ele>
            </trkpt>
            <trkpt lat="45.715329" lon="11.358469">
                <ele>0</ele>
            </trkpt>
            <trkpt lat="45.715233" lon="11.358581">
                <ele>0</ele>
            </trkpt>
            <trkpt lat="45.715032" lon="11.358815">
                <ele>0</ele>
            </trkpt>
            <trkpt lat="45.714762" lon="11.359069">
                <ele>0</ele>
            </trkpt>
            <trkpt lat="45.714545" lon="11.359282">
                <ele>0</ele>
            </trkpt>
            <trkpt lat="45.714504" lon="11.359323">
                <ele>0</ele>
            </trkpt>
            <trkpt lat="45.714403" lon="11.35906">
                <ele>0</ele>
            </trkpt>
            <trkpt lat="45.714265" lon="11.358868">
                <ele>0</ele>
            </trkpt>
            <trkpt lat="45.714224" lon="11.358805">
                <ele>0</ele>
            </trkpt>
            <trkpt lat="45.714273" lon="11.358584">
                <ele>0</ele>
            </trkpt>
            <trkpt lat="45.714285" lon="11.358529">
                <ele>0</ele>
            </trkpt>
            <trkpt lat="45.714303" lon="11.358394">
                <ele>0</ele>
            </trkpt>
            <trkpt lat="45.7143" lon="11.358365">
                <ele>0</ele>
            </trkpt>
            <trkpt lat="45.714289" lon="11.35828">
                <ele>0</ele>
            </trkpt>
            <trkpt lat="45.714268" lon="11.358203">
                <ele>0</ele>
            </trkpt>
            <trkpt lat="45.714149" lon="11.35798">
                <ele>0</ele>
            </trkpt>
            <trkpt lat="45.714096" lon="11.357883">
                <ele>0</ele>
            </trkpt>
            <trkpt lat="45.714051" lon="11.357802">
                <ele>0</ele>
            </trkpt>
            <trkpt lat="45.714012" lon="11.357717">
                <ele>0</ele>
            </trkpt>
            <trkpt lat="45.713902" lon="11.357474">
                <ele>0</ele>
            </trkpt>
            <trkpt lat="45.713885" lon="11.357423">
                <ele>0</ele>
            </trkpt>
            <trkpt lat="45.713875" lon="11.357369">
                <ele>0</ele>
            </trkpt>
            <trkpt lat="45.713853" lon="11.357357">
                <ele>0</ele>
            </trkpt>
            <trkpt lat="45.713853" lon="11.357357">
                <ele>0</ele>
            </trkpt>
            <trkpt lat="45.713492" lon="11.357172">
                <ele>0</ele>
            </trkpt>
            <trkpt lat="45.713304" lon="11.357076">
                <ele>0</ele>
            </trkpt>
            <trkpt lat="45.713226" lon="11.357021">
                <ele>0</ele>
            </trkpt>
            <trkpt lat="45.713008" lon="11.356854">
                <ele>0</ele>
            </trkpt>
            <trkpt lat="45.712938" lon="11.356798">
                <ele>0</ele>
            </trkpt>
            <trkpt lat="45.712803" lon="11.356679">
                <ele>0</ele>
            </trkpt>
            <trkpt lat="45.712536" lon="11.356498">
                <ele>0</ele>
            </trkpt>
            <trkpt lat="45.71242" lon="11.356395">
                <ele>0</ele>
            </trkpt>
            <trkpt lat="45.712153" lon="11.356153">
                <ele>0</ele>
            </trkpt>
            <trkpt lat="45.71196" lon="11.356017">
                <ele>0</ele>
            </trkpt>
            <trkpt lat="45.711954" lon="11.356013">
                <ele>0</ele>
            </trkpt>
            <trkpt lat="45.711876" lon="11.355974">
                <ele>0</ele>
            </trkpt>
            <trkpt lat="45.711864" lon="11.356014">
                <ele>0</ele>
            </trkpt>
            <trkpt lat="45.711795" lon="11.356224">
                <ele>0</ele>
            </trkpt>
            <trkpt lat="45.711599" lon="11.357018">
                <ele>0</ele>
            </trkpt>
            <trkpt lat="45.711538" lon="11.357271">
                <ele>0</ele>
            </trkpt>
            <trkpt lat="45.711411" lon="11.357718">
                <ele>0</ele>
            </trkpt>
            <trkpt lat="45.711403" lon="11.357746">
                <ele>0</ele>
            </trkpt>
            <trkpt lat="45.71122" lon="11.357695">
                <ele>0</ele>
            </trkpt>
            <trkpt lat="45.711209" lon="11.357692">
                <ele>0</ele>
            </trkpt>
            <trkpt lat="45.711167" lon="11.357681">
                <ele>0</ele>
            </trkpt>
            <trkpt lat="45.711022" lon="11.3576">
                <ele>0</ele>
            </trkpt>
            <trkpt lat="45.710949" lon="11.357515">
                <ele>0</ele>
            </trkpt>
            <trkpt lat="45.710898" lon="11.357405">
                <ele>0</ele>
            </trkpt>
            <trkpt lat="45.710926" lon="11.357268">
                <ele>0</ele>
            </trkpt>
            <trkpt lat="45.71096" lon="11.357099">
                <ele>0</ele>
            </trkpt>
            <trkpt lat="45.711044" lon="11.356615">
                <ele>0</ele>
            </trkpt>
            <trkpt lat="45.711147" lon="11.356088">
                <ele>0</ele>
            </trkpt>
            <trkpt lat="45.711182" lon="11.35591">
                <ele>0</ele>
            </trkpt>
            <trkpt lat="45.71124" lon="11.35571">
                <ele>0</ele>
            </trkpt>
            <trkpt lat="45.711256" lon="11.355657">
                <ele>0</ele>
            </trkpt>
            <trkpt lat="45.711273" lon="11.355637">
                <ele>0</ele>
            </trkpt>
            <trkpt lat="45.711285" lon="11.355611">
                <ele>0</ele>
            </trkpt>
            <trkpt lat="45.711294" lon="11.355581">
                <ele>0</ele>
            </trkpt>
            <trkpt lat="45.711297" lon="11.355548">
                <ele>0</ele>
            </trkpt>
            <trkpt lat="45.711294" lon="11.355515">
                <ele>0</ele>
            </trkpt>
            <trkpt lat="45.711285" lon="11.355483">
                <ele>0</ele>
            </trkpt>
            <trkpt lat="45.711272" lon="11.355456">
                <ele>0</ele>
            </trkpt>
            <trkpt lat="45.711253" lon="11.355435">
                <ele>0</ele>
            </trkpt>
            <trkpt lat="45.711261" lon="11.355415">
                <ele>0</ele>
            </trkpt>
            <trkpt lat="45.7113" lon="11.35535">
                <ele>0</ele>
            </trkpt>
            <trkpt lat="45.711349" lon="11.355245">
                <ele>0</ele>
            </trkpt>
            <trkpt lat="45.711372" lon="11.355176">
                <ele>0</ele>
            </trkpt>
            <trkpt lat="45.711641" lon="11.354421">
                <ele>0</ele>
            </trkpt>
            <trkpt lat="45.711712" lon="11.354222">
                <ele>0</ele>
            </trkpt>
            <trkpt lat="45.711717" lon="11.354207">
                <ele>0</ele>
            </trkpt>
            <trkpt lat="45.711778" lon="11.354038">
                <ele>0</ele>
            </trkpt>
            <trkpt lat="45.711889" lon="11.35366">
                <ele>0</ele>
            </trkpt>
            <trkpt lat="45.711936" lon="11.353535">
                <ele>0</ele>
            </trkpt>
            <trkpt lat="45.711958" lon="11.353541">
                <ele>0</ele>
            </trkpt>
            <trkpt lat="45.71198" lon="11.35354">
                <ele>0</ele>
            </trkpt>
            <trkpt lat="45.712002" lon="11.35353">
                <ele>0</ele>
            </trkpt>
            <trkpt lat="45.712021" lon="11.353513">
                <ele>0</ele>
            </trkpt>
            <trkpt lat="45.712037" lon="11.35349">
                <ele>0</ele>
            </trkpt>
            <trkpt lat="45.71205" lon="11.353455">
                <ele>0</ele>
            </trkpt>
            <trkpt lat="45.712056" lon="11.353415">
                <ele>0</ele>
            </trkpt>
            <trkpt lat="45.712052" lon="11.353375">
                <ele>0</ele>
            </trkpt>
            <trkpt lat="45.71204" lon="11.353338">
                <ele>0</ele>
            </trkpt>
            <trkpt lat="45.712021" lon="11.353309">
                <ele>0</ele>
            </trkpt>
            <trkpt lat="45.711996" lon="11.353289">
                <ele>0</ele>
            </trkpt>
            <trkpt lat="45.712028" lon="11.353196">
                <ele>0</ele>
            </trkpt>
            <trkpt lat="45.712045" lon="11.353146">
                <ele>0</ele>
            </trkpt>
            <trkpt lat="45.712051" lon="11.353129">
                <ele>0</ele>
            </trkpt>
            <trkpt lat="45.712449" lon="11.351971">
                <ele>0</ele>
            </trkpt>
            <trkpt lat="45.712481" lon="11.351876">
                <ele>0</ele>
            </trkpt>
            <trkpt lat="45.712762" lon="11.351002">
                <ele>0</ele>
            </trkpt>
            <trkpt lat="45.71277" lon="11.350978">
                <ele>0</ele>
            </trkpt>
            <trkpt lat="45.71282" lon="11.350823">
                <ele>0</ele>
            </trkpt>
            <trkpt lat="45.712873" lon="11.350667">
                <ele>0</ele>
            </trkpt>
            <trkpt lat="45.713253" lon="11.349564">
                <ele>0</ele>
            </trkpt>
            <trkpt lat="45.713288" lon="11.349464">
                <ele>0</ele>
            </trkpt>
            <trkpt lat="45.713498" lon="11.348796">
                <ele>0</ele>
            </trkpt>
            <trkpt lat="45.71362" lon="11.348424">
                <ele>0</ele>
            </trkpt>
            <trkpt lat="45.713625" lon="11.34841">
                <ele>0</ele>
            </trkpt>
            <trkpt lat="45.713731" lon="11.348086">
                <ele>0</ele>
            </trkpt>
            <trkpt lat="45.713735" lon="11.348074">
                <ele>0</ele>
            </trkpt>
            <trkpt lat="45.714194" lon="11.346674">
                <ele>0</ele>
            </trkpt>
            <trkpt lat="45.714197" lon="11.346666">
                <ele>0</ele>
            </trkpt>
            <trkpt lat="45.714435" lon="11.345939">
                <ele>0</ele>
            </trkpt>
            <trkpt lat="45.71444" lon="11.345922">
                <ele>0</ele>
            </trkpt>
            <trkpt lat="45.714472" lon="11.345825">
                <ele>0</ele>
            </trkpt>
            <trkpt lat="45.714594" lon="11.345446">
                <ele>0</ele>
            </trkpt>
            <trkpt lat="45.714624" lon="11.345352">
                <ele>0</ele>
            </trkpt>
            <trkpt lat="45.714887" lon="11.344536">
                <ele>0</ele>
            </trkpt>
            <trkpt lat="45.714964" lon="11.344301">
                <ele>0</ele>
            </trkpt>
            <trkpt lat="45.715342" lon="11.343144">
                <ele>0</ele>
            </trkpt>
            <trkpt lat="45.715413" lon="11.342928">
                <ele>0</ele>
            </trkpt>
            <trkpt lat="45.715422" lon="11.342894">
                <ele>0</ele>
            </trkpt>
            <trkpt lat="45.715426" lon="11.342878">
                <ele>0</ele>
            </trkpt>
            <trkpt lat="45.715466" lon="11.342723">
                <ele>0</ele>
            </trkpt>
            <trkpt lat="45.715497" lon="11.342601">
                <ele>0</ele>
            </trkpt>
            <trkpt lat="45.715619" lon="11.342293">
                <ele>0</ele>
            </trkpt>
            <trkpt lat="45.71565" lon="11.342177">
                <ele>0</ele>
            </trkpt>
            <trkpt lat="45.715673" lon="11.342047">
                <ele>0</ele>
            </trkpt>
            <trkpt lat="45.715688" lon="11.341971">
                <ele>0</ele>
            </trkpt>
            <trkpt lat="45.715682" lon="11.341884">
                <ele>0</ele>
            </trkpt>
            <trkpt lat="45.715681" lon="11.341879">
                <ele>0</ele>
            </trkpt>
            <trkpt lat="45.715651" lon="11.341626">
                <ele>0</ele>
            </trkpt>
            <trkpt lat="45.715645" lon="11.341573">
                <ele>0</ele>
            </trkpt>
            <trkpt lat="45.715635" lon="11.341468">
                <ele>0</ele>
            </trkpt>
            <trkpt lat="45.715629" lon="11.341415">
                <ele>0</ele>
            </trkpt>
            <trkpt lat="45.715626" lon="11.341389">
                <ele>0</ele>
            </trkpt>
            <trkpt lat="45.715624" lon="11.341375">
                <ele>0</ele>
            </trkpt>
            <trkpt lat="45.715621" lon="11.34135">
                <ele>0</ele>
            </trkpt>
            <trkpt lat="45.715621" lon="11.341346">
                <ele>0</ele>
            </trkpt>
            <trkpt lat="45.715615" lon="11.34126">
                <ele>0</ele>
            </trkpt>
            <trkpt lat="45.715568" lon="11.340615">
                <ele>0</ele>
            </trkpt>
            <trkpt lat="45.71555" lon="11.340391">
                <ele>0</ele>
            </trkpt>
            <trkpt lat="45.715497" lon="11.339524">
                <ele>0</ele>
            </trkpt>
            <trkpt lat="45.71549" lon="11.33939">
                <ele>0</ele>
            </trkpt>
            <trkpt lat="45.715394" lon="11.338266">
                <ele>0</ele>
            </trkpt>
            <trkpt lat="45.715383" lon="11.338124">
                <ele>0</ele>
            </trkpt>
            <trkpt lat="45.715359" lon="11.337769">
                <ele>0</ele>
            </trkpt>
            <trkpt lat="45.71531" lon="11.337082">
                <ele>0</ele>
            </trkpt>
            <trkpt lat="45.715249" lon="11.336122">
                <ele>0</ele>
            </trkpt>
            <trkpt lat="45.715237" lon="11.33578">
                <ele>0</ele>
            </trkpt>
            <trkpt lat="45.715235" lon="11.335731">
                <ele>0</ele>
            </trkpt>
            <trkpt lat="45.715234" lon="11.335712">
                <ele>0</ele>
            </trkpt>
            <trkpt lat="45.715229" lon="11.33553">
                <ele>0</ele>
            </trkpt>
            <trkpt lat="45.715229" lon="11.335526">
                <ele>0</ele>
            </trkpt>
            <trkpt lat="45.715221" lon="11.335398">
                <ele>0</ele>
            </trkpt>
            <trkpt lat="45.715221" lon="11.335395">
                <ele>0</ele>
            </trkpt>
            <trkpt lat="45.715219" lon="11.335352">
                <ele>0</ele>
            </trkpt>
            <trkpt lat="45.715182" lon="11.334722">
                <ele>0</ele>
            </trkpt>
            <trkpt lat="45.715119" lon="11.333913">
                <ele>0</ele>
            </trkpt>
            <trkpt lat="45.715104" lon="11.333722">
                <ele>0</ele>
            </trkpt>
            <trkpt lat="45.715098" lon="11.333572">
                <ele>0</ele>
            </trkpt>
            <trkpt lat="45.715092" lon="11.333491">
                <ele>0</ele>
            </trkpt>
            <trkpt lat="45.715091" lon="11.333409">
                <ele>0</ele>
            </trkpt>
            <trkpt lat="45.715089" lon="11.333286">
                <ele>0</ele>
            </trkpt>
            <trkpt lat="45.715089" lon="11.333272">
                <ele>0</ele>
            </trkpt>
            <trkpt lat="45.71511" lon="11.333216">
                <ele>0</ele>
            </trkpt>
            <trkpt lat="45.715119" lon="11.333154">
                <ele>0</ele>
            </trkpt>
            <trkpt lat="45.715115" lon="11.333093">
                <ele>0</ele>
            </trkpt>
            <trkpt lat="45.715099" lon="11.333037">
                <ele>0</ele>
            </trkpt>
            <trkpt lat="45.715073" lon="11.332989">
                <ele>0</ele>
            </trkpt>
            <trkpt lat="45.715038" lon="11.332954">
                <ele>0</ele>
            </trkpt>
            <trkpt lat="45.714998" lon="11.332935">
                <ele>0</ele>
            </trkpt>
            <trkpt lat="45.714955" lon="11.332933">
                <ele>0</ele>
            </trkpt>
            <trkpt lat="45.714915" lon="11.332947">
                <ele>0</ele>
            </trkpt>
            <trkpt lat="45.71488" lon="11.332977">
                <ele>0</ele>
            </trkpt>
            <trkpt lat="45.714852" lon="11.333019">
                <ele>0</ele>
            </trkpt>
            <trkpt lat="45.714746" lon="11.333071">
                <ele>0</ele>
            </trkpt>
            <trkpt lat="45.714615" lon="11.333101">
                <ele>0</ele>
            </trkpt>
            <trkpt lat="45.714547" lon="11.333116">
                <ele>0</ele>
            </trkpt>
            <trkpt lat="45.714272" lon="11.333097">
                <ele>0</ele>
            </trkpt>
            <trkpt lat="45.714164" lon="11.333089">
                <ele>0</ele>
            </trkpt>
            <trkpt lat="45.713979" lon="11.333023">
                <ele>0</ele>
            </trkpt>
            <trkpt lat="45.713906" lon="11.332972">
                <ele>0</ele>
            </trkpt>
            <trkpt lat="45.71384" lon="11.332911">
                <ele>0</ele>
            </trkpt>
            <trkpt lat="45.713809" lon="11.33284">
                <ele>0</ele>
            </trkpt>
            <trkpt lat="45.713767" lon="11.332782">
                <ele>0</ele>
            </trkpt>
            <trkpt lat="45.713716" lon="11.332741">
                <ele>0</ele>
            </trkpt>
            <trkpt lat="45.713659" lon="11.33272">
                <ele>0</ele>
            </trkpt>
            <trkpt lat="45.713637" lon="11.332718">
                <ele>0</ele>
            </trkpt>
            <trkpt lat="45.713541" lon="11.33263">
                <ele>0</ele>
            </trkpt>
            <trkpt lat="45.713481" lon="11.332537">
                <ele>0</ele>
            </trkpt>
            <trkpt lat="45.713454" lon="11.33245">
                <ele>0</ele>
            </trkpt>
            <trkpt lat="45.713446" lon="11.332313">
                <ele>0</ele>
            </trkpt>
            <trkpt lat="45.713455" lon="11.332019">
                <ele>0</ele>
            </trkpt>
            <trkpt lat="45.713514" lon="11.331509">
                <ele>0</ele>
            </trkpt>
            <trkpt lat="45.713598" lon="11.330736">
                <ele>0</ele>
            </trkpt>
            <trkpt lat="45.713608" lon="11.330522">
                <ele>0</ele>
            </trkpt>
            <trkpt lat="45.71361" lon="11.330282">
                <ele>0</ele>
            </trkpt>
            <trkpt lat="45.713601" lon="11.329547">
                <ele>0</ele>
            </trkpt>
            <trkpt lat="45.713595" lon="11.329334">
                <ele>0</ele>
            </trkpt>
            <trkpt lat="45.713606" lon="11.328702">
                <ele>0</ele>
            </trkpt>
            <trkpt lat="45.713613" lon="11.328487">
                <ele>0</ele>
            </trkpt>
            <trkpt lat="45.713627" lon="11.328278">
                <ele>0</ele>
            </trkpt>
            <trkpt lat="45.713662" lon="11.327766">
                <ele>0</ele>
            </trkpt>
            <trkpt lat="45.713764" lon="11.326443">
                <ele>0</ele>
            </trkpt>
            <trkpt lat="45.713779" lon="11.326207">
                <ele>0</ele>
            </trkpt>
            <trkpt lat="45.71377" lon="11.325533">
                <ele>0</ele>
            </trkpt>
            <trkpt lat="45.713723" lon="11.323955">
                <ele>0</ele>
            </trkpt>
            <trkpt lat="45.713723" lon="11.323145">
                <ele>0</ele>
            </trkpt>
            <trkpt lat="45.713659" lon="11.321903">
                <ele>0</ele>
            </trkpt>
            <trkpt lat="45.713634" lon="11.321183">
                <ele>0</ele>
            </trkpt>
            <trkpt lat="45.713625" lon="11.320916">
                <ele>0</ele>
            </trkpt>
            <trkpt lat="45.713616" lon="11.320322">
                <ele>0</ele>
            </trkpt>
            <trkpt lat="45.713655" lon="11.320005">
                <ele>0</ele>
            </trkpt>
            <trkpt lat="45.713666" lon="11.319938">
                <ele>0</ele>
            </trkpt>
            <trkpt lat="45.713676" lon="11.319866">
                <ele>0</ele>
            </trkpt>
            <trkpt lat="45.713685" lon="11.319786">
                <ele>0</ele>
            </trkpt>
            <trkpt lat="45.713705" lon="11.319611">
                <ele>0</ele>
            </trkpt>
            <trkpt lat="45.713711" lon="11.319562">
                <ele>0</ele>
            </trkpt>
            <trkpt lat="45.713748" lon="11.319274">
                <ele>0</ele>
            </trkpt>
            <trkpt lat="45.713781" lon="11.31902">
                <ele>0</ele>
            </trkpt>
            <trkpt lat="45.713792" lon="11.318607">
                <ele>0</ele>
            </trkpt>
            <trkpt lat="45.713793" lon="11.318573">
                <ele>0</ele>
            </trkpt>
            <trkpt lat="45.713799" lon="11.318354">
                <ele>0</ele>
            </trkpt>
            <trkpt lat="45.713716" lon="11.31782">
                <ele>0</ele>
            </trkpt>
            <trkpt lat="45.713581" lon="11.317115">
                <ele>0</ele>
            </trkpt>
            <trkpt lat="45.713524" lon="11.316693">
                <ele>0</ele>
            </trkpt>
            <trkpt lat="45.7135" lon="11.316515">
                <ele>0</ele>
            </trkpt>
            <trkpt lat="45.713503" lon="11.315949">
                <ele>0</ele>
            </trkpt>
            <trkpt lat="45.713572" lon="11.31544">
                <ele>0</ele>
            </trkpt>
            <trkpt lat="45.713628" lon="11.315213">
                <ele>0</ele>
            </trkpt>
            <trkpt lat="45.713683" lon="11.315003">
                <ele>0</ele>
            </trkpt>
            <trkpt lat="45.714014" lon="11.313964">
                <ele>0</ele>
            </trkpt>
            <trkpt lat="45.714327" lon="11.312635">
                <ele>0</ele>
            </trkpt>
            <trkpt lat="45.714335" lon="11.3126">
                <ele>0</ele>
            </trkpt>
            <trkpt lat="45.714448" lon="11.312121">
                <ele>0</ele>
            </trkpt>
            <trkpt lat="45.71447" lon="11.312028">
                <ele>0</ele>
            </trkpt>
            <trkpt lat="45.714491" lon="11.311935">
                <ele>0</ele>
            </trkpt>
            <trkpt lat="45.71455" lon="11.311678">
                <ele>0</ele>
            </trkpt>
            <trkpt lat="45.714599" lon="11.311456">
                <ele>0</ele>
            </trkpt>
            <trkpt lat="45.714812" lon="11.310499">
                <ele>0</ele>
            </trkpt>
            <trkpt lat="45.714936" lon="11.310135">
                <ele>0</ele>
            </trkpt>
            <trkpt lat="45.715077" lon="11.309865">
                <ele>0</ele>
            </trkpt>
            <trkpt lat="45.715286" lon="11.30959">
                <ele>0</ele>
            </trkpt>
            <trkpt lat="45.715503" lon="11.309343">
                <ele>0</ele>
            </trkpt>
            <trkpt lat="45.715721" lon="11.309085">
                <ele>0</ele>
            </trkpt>
            <trkpt lat="45.716201" lon="11.308444">
                <ele>0</ele>
            </trkpt>
            <trkpt lat="45.716614" lon="11.307892">
                <ele>0</ele>
            </trkpt>
            <trkpt lat="45.716812" lon="11.307627">
                <ele>0</ele>
            </trkpt>
            <trkpt lat="45.716921" lon="11.307401">
                <ele>0</ele>
            </trkpt>
            <trkpt lat="45.717283" lon="11.306652">
                <ele>0</ele>
            </trkpt>
            <trkpt lat="45.717435" lon="11.306453">
                <ele>0</ele>
            </trkpt>
            <trkpt lat="45.717506" lon="11.306376">
                <ele>0</ele>
            </trkpt>
            <trkpt lat="45.717607" lon="11.306297">
                <ele>0</ele>
            </trkpt>
            <trkpt lat="45.717837" lon="11.306104">
                <ele>0</ele>
            </trkpt>
            <trkpt lat="45.71806" lon="11.305903">
                <ele>0</ele>
            </trkpt>
            <trkpt lat="45.718223" lon="11.305612">
                <ele>0</ele>
            </trkpt>
            <trkpt lat="45.718319" lon="11.305331">
                <ele>0</ele>
            </trkpt>
            <trkpt lat="45.718409" lon="11.304987">
                <ele>0</ele>
            </trkpt>
            <trkpt lat="45.718503" lon="11.304567">
                <ele>0</ele>
            </trkpt>
            <trkpt lat="45.718592" lon="11.304174">
                <ele>0</ele>
            </trkpt>
            <trkpt lat="45.718626" lon="11.304043">
                <ele>0</ele>
            </trkpt>
            <trkpt lat="45.718684" lon="11.30381">
                <ele>0</ele>
            </trkpt>
            <trkpt lat="45.718703" lon="11.303733">
                <ele>0</ele>
            </trkpt>
            <trkpt lat="45.718759" lon="11.303509">
                <ele>0</ele>
            </trkpt>
            <trkpt lat="45.719044" lon="11.302374">
                <ele>0</ele>
            </trkpt>
            <trkpt lat="45.719143" lon="11.302137">
                <ele>0</ele>
            </trkpt>
            <trkpt lat="45.71918" lon="11.302026">
                <ele>0</ele>
            </trkpt>
            <trkpt lat="45.719193" lon="11.301968">
                <ele>0</ele>
            </trkpt>
            <trkpt lat="45.719197" lon="11.301949">
                <ele>0</ele>
            </trkpt>
            <trkpt lat="45.719206" lon="11.301905">
                <ele>0</ele>
            </trkpt>
            <trkpt lat="45.719208" lon="11.301894">
                <ele>0</ele>
            </trkpt>
            <trkpt lat="45.719212" lon="11.301858">
                <ele>0</ele>
            </trkpt>
            <trkpt lat="45.71922" lon="11.301782">
                <ele>0</ele>
            </trkpt>
            <trkpt lat="45.719225" lon="11.301677">
                <ele>0</ele>
            </trkpt>
            <trkpt lat="45.719225" lon="11.301568">
                <ele>0</ele>
            </trkpt>
            <trkpt lat="45.719225" lon="11.301542">
                <ele>0</ele>
            </trkpt>
            <trkpt lat="45.71922" lon="11.301477">
                <ele>0</ele>
            </trkpt>
            <trkpt lat="45.71922" lon="11.301473">
                <ele>0</ele>
            </trkpt>
            <trkpt lat="45.719219" lon="11.301452">
                <ele>0</ele>
            </trkpt>
            <trkpt lat="45.719212" lon="11.301353">
                <ele>0</ele>
            </trkpt>
            <trkpt lat="45.719204" lon="11.301239">
                <ele>0</ele>
            </trkpt>
            <trkpt lat="45.719197" lon="11.301129">
                <ele>0</ele>
            </trkpt>
            <trkpt lat="45.71916" lon="11.300824">
                <ele>0</ele>
            </trkpt>
            <trkpt lat="45.719117" lon="11.300512">
                <ele>0</ele>
            </trkpt>
            <trkpt lat="45.719088" lon="11.3002">
                <ele>0</ele>
            </trkpt>
            <trkpt lat="45.719067" lon="11.299854">
                <ele>0</ele>
            </trkpt>
            <trkpt lat="45.719069" lon="11.299566">
                <ele>0</ele>
            </trkpt>
            <trkpt lat="45.719069" lon="11.299555">
                <ele>0</ele>
            </trkpt>
            <trkpt lat="45.71907" lon="11.299289">
                <ele>0</ele>
            </trkpt>
            <trkpt lat="45.719058" lon="11.299045">
                <ele>0</ele>
            </trkpt>
            <trkpt lat="45.719041" lon="11.29884">
                <ele>0</ele>
            </trkpt>
            <trkpt lat="45.718986" lon="11.298242">
                <ele>0</ele>
            </trkpt>
            <trkpt lat="45.718946" lon="11.297918">
                <ele>0</ele>
            </trkpt>
            <trkpt lat="45.718954" lon="11.29759">
                <ele>0</ele>
            </trkpt>
            <trkpt lat="45.718968" lon="11.297497">
                <ele>0</ele>
            </trkpt>
            <trkpt lat="45.718968" lon="11.297389">
                <ele>0</ele>
            </trkpt>
            <trkpt lat="45.718964" lon="11.297246">
                <ele>0</ele>
            </trkpt>
            <trkpt lat="45.718964" lon="11.297229">
                <ele>0</ele>
            </trkpt>
            <trkpt lat="45.718952" lon="11.2971">
                <ele>0</ele>
            </trkpt>
            <trkpt lat="45.718934" lon="11.296959">
                <ele>0</ele>
            </trkpt>
            <trkpt lat="45.718836" lon="11.296513">
                <ele>0</ele>
            </trkpt>
            <trkpt lat="45.718647" lon="11.295557">
                <ele>0</ele>
            </trkpt>
            <trkpt lat="45.718639" lon="11.295247">
                <ele>0</ele>
            </trkpt>
            <trkpt lat="45.718659" lon="11.294593">
                <ele>0</ele>
            </trkpt>
            <trkpt lat="45.718661" lon="11.294403">
                <ele>0</ele>
            </trkpt>
            <trkpt lat="45.718695" lon="11.293404">
                <ele>0</ele>
            </trkpt>
            <trkpt lat="45.718742" lon="11.292556">
                <ele>0</ele>
            </trkpt>
            <trkpt lat="45.718765" lon="11.292238">
                <ele>0</ele>
            </trkpt>
            <trkpt lat="45.718787" lon="11.291977">
                <ele>0</ele>
            </trkpt>
            <trkpt lat="45.718833" lon="11.291688">
                <ele>0</ele>
            </trkpt>
            <trkpt lat="45.718871" lon="11.291428">
                <ele>0</ele>
            </trkpt>
            <trkpt lat="45.718908" lon="11.291253">
                <ele>0</ele>
            </trkpt>
            <trkpt lat="45.718962" lon="11.291079">
                <ele>0</ele>
            </trkpt>
            <trkpt lat="45.719055" lon="11.29088">
                <ele>0</ele>
            </trkpt>
            <trkpt lat="45.71917" lon="11.290673">
                <ele>0</ele>
            </trkpt>
            <trkpt lat="45.719301" lon="11.290509">
                <ele>0</ele>
            </trkpt>
            <trkpt lat="45.719358" lon="11.290413">
                <ele>0</ele>
            </trkpt>
            <trkpt lat="45.720304" lon="11.289217">
                <ele>0</ele>
            </trkpt>
            <trkpt lat="45.720457" lon="11.289">
                <ele>0</ele>
            </trkpt>
            <trkpt lat="45.720617" lon="11.288757">
                <ele>0</ele>
            </trkpt>
            <trkpt lat="45.720781" lon="11.288497">
                <ele>0</ele>
            </trkpt>
            <trkpt lat="45.7216" lon="11.286641">
                <ele>0</ele>
            </trkpt>
            <trkpt lat="45.721749" lon="11.286288">
                <ele>0</ele>
            </trkpt>
            <trkpt lat="45.721885" lon="11.285856">
                <ele>0</ele>
            </trkpt>
            <trkpt lat="45.721978" lon="11.285417">
                <ele>0</ele>
            </trkpt>
            <trkpt lat="45.722014" lon="11.285171">
                <ele>0</ele>
            </trkpt>
            <trkpt lat="45.722023" lon="11.285111">
                <ele>0</ele>
            </trkpt>
            <trkpt lat="45.722054" lon="11.284906">
                <ele>0</ele>
            </trkpt>
            <trkpt lat="45.72214" lon="11.284395">
                <ele>0</ele>
            </trkpt>
            <trkpt lat="45.722244" lon="11.283924">
                <ele>0</ele>
            </trkpt>
            <trkpt lat="45.722272" lon="11.283831">
                <ele>0</ele>
            </trkpt>
            <trkpt lat="45.722291" lon="11.28377">
                <ele>0</ele>
            </trkpt>
            <trkpt lat="45.722364" lon="11.283534">
                <ele>0</ele>
            </trkpt>
            <trkpt lat="45.722498" lon="11.283158">
                <ele>0</ele>
            </trkpt>
            <trkpt lat="45.72254" lon="11.283026">
                <ele>0</ele>
            </trkpt>
            <trkpt lat="45.722664" lon="11.282847">
                <ele>0</ele>
            </trkpt>
            <trkpt lat="45.722993" lon="11.282469">
                <ele>0</ele>
            </trkpt>
            <trkpt lat="45.723062" lon="11.282384">
                <ele>0</ele>
            </trkpt>
            <trkpt lat="45.723081" lon="11.282362">
                <ele>0</ele>
            </trkpt>
            <trkpt lat="45.723117" lon="11.282321">
                <ele>0</ele>
            </trkpt>
            <trkpt lat="45.723123" lon="11.28231">
                <ele>0</ele>
            </trkpt>
            <trkpt lat="45.72316" lon="11.282245">
                <ele>0</ele>
            </trkpt>
            <trkpt lat="45.723166" lon="11.28214">
                <ele>0</ele>
            </trkpt>
            <trkpt lat="45.72317" lon="11.281993">
                <ele>0</ele>
            </trkpt>
            <trkpt lat="45.723171" lon="11.281837">
                <ele>0</ele>
            </trkpt>
            <trkpt lat="45.723201" lon="11.281729">
                <ele>0</ele>
            </trkpt>
            <trkpt lat="45.723257" lon="11.281639">
                <ele>0</ele>
            </trkpt>
            <trkpt lat="45.723308" lon="11.281568">
                <ele>0</ele>
            </trkpt>
            <trkpt lat="45.723435" lon="11.281473">
                <ele>0</ele>
            </trkpt>
            <trkpt lat="45.723619" lon="11.281367">
                <ele>0</ele>
            </trkpt>
            <trkpt lat="45.723773" lon="11.28127">
                <ele>0</ele>
            </trkpt>
            <trkpt lat="45.724026" lon="11.281115">
                <ele>0</ele>
            </trkpt>
            <trkpt lat="45.724311" lon="11.280941">
                <ele>0</ele>
            </trkpt>
            <trkpt lat="45.724362" lon="11.28091">
                <ele>0</ele>
            </trkpt>
            <trkpt lat="45.725137" lon="11.280356">
                <ele>0</ele>
            </trkpt>
            <trkpt lat="45.725143" lon="11.280352">
                <ele>0</ele>
            </trkpt>
            <trkpt lat="45.725267" lon="11.280289">
                <ele>0</ele>
            </trkpt>
            <trkpt lat="45.725276" lon="11.280285">
                <ele>0</ele>
            </trkpt>
            <trkpt lat="45.725539" lon="11.280181">
                <ele>0</ele>
            </trkpt>
            <trkpt lat="45.725684" lon="11.280123">
                <ele>0</ele>
            </trkpt>
            <trkpt lat="45.726131" lon="11.279991">
                <ele>0</ele>
            </trkpt>
            <trkpt lat="45.726592" lon="11.279935">
                <ele>0</ele>
            </trkpt>
            <trkpt lat="45.726707" lon="11.279926">
                <ele>0</ele>
            </trkpt>
            <trkpt lat="45.727129" lon="11.279892">
                <ele>0</ele>
            </trkpt>
            <trkpt lat="45.727245" lon="11.279846">
                <ele>0</ele>
            </trkpt>
            <trkpt lat="45.727362" lon="11.279737">
                <ele>0</ele>
            </trkpt>
            <trkpt lat="45.727489" lon="11.279585">
                <ele>0</ele>
            </trkpt>
            <trkpt lat="45.727592" lon="11.279423">
                <ele>0</ele>
            </trkpt>
            <trkpt lat="45.727777" lon="11.279133">
                <ele>0</ele>
            </trkpt>
            <trkpt lat="45.727901" lon="11.279006">
                <ele>0</ele>
            </trkpt>
            <trkpt lat="45.727998" lon="11.278949">
                <ele>0</ele>
            </trkpt>
            <trkpt lat="45.728084" lon="11.278954">
                <ele>0</ele>
            </trkpt>
            <trkpt lat="45.728103" lon="11.278964">
                <ele>0</ele>
            </trkpt>
            <trkpt lat="45.728119" lon="11.278973">
                <ele>0</ele>
            </trkpt>
            <trkpt lat="45.728163" lon="11.278997">
                <ele>0</ele>
            </trkpt>
            <trkpt lat="45.728211" lon="11.279023">
                <ele>0</ele>
            </trkpt>
            <trkpt lat="45.728305" lon="11.279092">
                <ele>0</ele>
            </trkpt>
            <trkpt lat="45.728408" lon="11.279112">
                <ele>0</ele>
            </trkpt>
            <trkpt lat="45.728513" lon="11.279075">
                <ele>0</ele>
            </trkpt>
            <trkpt lat="45.728854" lon="11.278795">
                <ele>0</ele>
            </trkpt>
            <trkpt lat="45.729152" lon="11.278489">
                <ele>0</ele>
            </trkpt>
            <trkpt lat="45.729294" lon="11.278374">
                <ele>0</ele>
            </trkpt>
            <trkpt lat="45.729535" lon="11.278179">
                <ele>0</ele>
            </trkpt>
            <trkpt lat="45.729655" lon="11.27807">
                <ele>0</ele>
            </trkpt>
            <trkpt lat="45.729785" lon="11.277952">
                <ele>0</ele>
            </trkpt>
            <trkpt lat="45.730013" lon="11.277743">
                <ele>0</ele>
            </trkpt>
            <trkpt lat="45.730104" lon="11.277635">
                <ele>0</ele>
            </trkpt>
            <trkpt lat="45.730341" lon="11.277308">
                <ele>0</ele>
            </trkpt>
            <trkpt lat="45.730473" lon="11.277126">
                <ele>0</ele>
            </trkpt>
            <trkpt lat="45.730608" lon="11.276957">
                <ele>0</ele>
            </trkpt>
            <trkpt lat="45.730667" lon="11.276871">
                <ele>0</ele>
            </trkpt>
            <trkpt lat="45.730668" lon="11.27687">
                <ele>0</ele>
            </trkpt>
            <trkpt lat="45.730793" lon="11.276648">
                <ele>0</ele>
            </trkpt>
            <trkpt lat="45.730907" lon="11.276447">
                <ele>0</ele>
            </trkpt>
            <trkpt lat="45.731066" lon="11.276215">
                <ele>0</ele>
            </trkpt>
            <trkpt lat="45.731389" lon="11.275753">
                <ele>0</ele>
            </trkpt>
            <trkpt lat="45.731657" lon="11.275407">
                <ele>0</ele>
            </trkpt>
            <trkpt lat="45.73178" lon="11.275183">
                <ele>0</ele>
            </trkpt>
            <trkpt lat="45.731962" lon="11.274814">
                <ele>0</ele>
            </trkpt>
            <trkpt lat="45.732077" lon="11.274643">
                <ele>0</ele>
            </trkpt>
            <trkpt lat="45.732222" lon="11.274505">
                <ele>0</ele>
            </trkpt>
            <trkpt lat="45.73264" lon="11.274042">
                <ele>0</ele>
            </trkpt>
            <trkpt lat="45.732782" lon="11.273835">
                <ele>0</ele>
            </trkpt>
            <trkpt lat="45.732786" lon="11.273829">
                <ele>0</ele>
            </trkpt>
            <trkpt lat="45.732825" lon="11.273772">
                <ele>0</ele>
            </trkpt>
            <trkpt lat="45.732999" lon="11.273391">
                <ele>0</ele>
            </trkpt>
            <trkpt lat="45.733096" lon="11.273133">
                <ele>0</ele>
            </trkpt>
            <trkpt lat="45.733142" lon="11.27293">
                <ele>0</ele>
            </trkpt>
            <trkpt lat="45.733158" lon="11.272852">
                <ele>0</ele>
            </trkpt>
            <trkpt lat="45.73316" lon="11.272843">
                <ele>0</ele>
            </trkpt>
            <trkpt lat="45.733202" lon="11.272638">
                <ele>0</ele>
            </trkpt>
            <trkpt lat="45.733299" lon="11.272373">
                <ele>0</ele>
            </trkpt>
            <trkpt lat="45.733683" lon="11.27197">
                <ele>0</ele>
            </trkpt>
            <trkpt lat="45.733948" lon="11.271664">
                <ele>0</ele>
            </trkpt>
            <trkpt lat="45.734087" lon="11.271524">
                <ele>0</ele>
            </trkpt>
            <trkpt lat="45.734448" lon="11.271158">
                <ele>0</ele>
            </trkpt>
            <trkpt lat="45.734767" lon="11.270817">
                <ele>0</ele>
            </trkpt>
            <trkpt lat="45.734791" lon="11.270775">
                <ele>0</ele>
            </trkpt>
            <trkpt lat="45.734912" lon="11.270564">
                <ele>0</ele>
            </trkpt>
            <trkpt lat="45.734913" lon="11.270562">
                <ele>0</ele>
            </trkpt>
            <trkpt lat="45.734982" lon="11.270383">
                <ele>0</ele>
            </trkpt>
            <trkpt lat="45.734987" lon="11.27037">
                <ele>0</ele>
            </trkpt>
            <trkpt lat="45.735056" lon="11.270237">
                <ele>0</ele>
            </trkpt>
            <trkpt lat="45.735297" lon="11.269865">
                <ele>0</ele>
            </trkpt>
            <trkpt lat="45.735664" lon="11.269397">
                <ele>0</ele>
            </trkpt>
            <trkpt lat="45.735751" lon="11.269289">
                <ele>0</ele>
            </trkpt>
            <trkpt lat="45.735847" lon="11.26917">
                <ele>0</ele>
            </trkpt>
            <trkpt lat="45.73594" lon="11.269033">
                <ele>0</ele>
            </trkpt>
            <trkpt lat="45.736012" lon="11.268928">
                <ele>0</ele>
            </trkpt>
            <trkpt lat="45.736156" lon="11.268639">
                <ele>0</ele>
            </trkpt>
            <trkpt lat="45.736205" lon="11.26854">
                <ele>0</ele>
            </trkpt>
            <trkpt lat="45.736435" lon="11.268081">
                <ele>0</ele>
            </trkpt>
            <trkpt lat="45.736525" lon="11.267973">
                <ele>0</ele>
            </trkpt>
            <trkpt lat="45.736589" lon="11.267898">
                <ele>0</ele>
            </trkpt>
            <trkpt lat="45.736691" lon="11.267784">
                <ele>0</ele>
            </trkpt>
            <trkpt lat="45.736814" lon="11.267618">
                <ele>0</ele>
            </trkpt>
            <trkpt lat="45.736895" lon="11.267517">
                <ele>0</ele>
            </trkpt>
            <trkpt lat="45.736928" lon="11.267474">
                <ele>0</ele>
            </trkpt>
            <trkpt lat="45.737" lon="11.267328">
                <ele>0</ele>
            </trkpt>
            <trkpt lat="45.737293" lon="11.266806">
                <ele>0</ele>
            </trkpt>
            <trkpt lat="45.737393" lon="11.266631">
                <ele>0</ele>
            </trkpt>
            <trkpt lat="45.737487" lon="11.266465">
                <ele>0</ele>
            </trkpt>
            <trkpt lat="45.737623" lon="11.26623">
                <ele>0</ele>
            </trkpt>
            <trkpt lat="45.73776" lon="11.265993">
                <ele>0</ele>
            </trkpt>
            <trkpt lat="45.73782" lon="11.265927">
                <ele>0</ele>
            </trkpt>
            <trkpt lat="45.737876" lon="11.265885">
                <ele>0</ele>
            </trkpt>
            <trkpt lat="45.737884" lon="11.26588">
                <ele>0</ele>
            </trkpt>
            <trkpt lat="45.737999" lon="11.265805">
                <ele>0</ele>
            </trkpt>
            <trkpt lat="45.738098" lon="11.265767">
                <ele>0</ele>
            </trkpt>
            <trkpt lat="45.738179" lon="11.265753">
                <ele>0</ele>
            </trkpt>
            <trkpt lat="45.738244" lon="11.265748">
                <ele>0</ele>
            </trkpt>
            <trkpt lat="45.73838" lon="11.265747">
                <ele>0</ele>
            </trkpt>
            <trkpt lat="45.738509" lon="11.265748">
                <ele>0</ele>
            </trkpt>
            <trkpt lat="45.738577" lon="11.265742">
                <ele>0</ele>
            </trkpt>
            <trkpt lat="45.738635" lon="11.265723">
                <ele>0</ele>
            </trkpt>
            <trkpt lat="45.73869" lon="11.265698">
                <ele>0</ele>
            </trkpt>
            <trkpt lat="45.738751" lon="11.26566">
                <ele>0</ele>
            </trkpt>
            <trkpt lat="45.738813" lon="11.265605">
                <ele>0</ele>
            </trkpt>
            <trkpt lat="45.738958" lon="11.265446">
                <ele>0</ele>
            </trkpt>
            <trkpt lat="45.739136" lon="11.265238">
                <ele>0</ele>
            </trkpt>
            <trkpt lat="45.739179" lon="11.265183">
                <ele>0</ele>
            </trkpt>
            <trkpt lat="45.73921" lon="11.265121">
                <ele>0</ele>
            </trkpt>
            <trkpt lat="45.739234" lon="11.26505">
                <ele>0</ele>
            </trkpt>
            <trkpt lat="45.739261" lon="11.264952">
                <ele>0</ele>
            </trkpt>
            <trkpt lat="45.739277" lon="11.264856">
                <ele>0</ele>
            </trkpt>
            <trkpt lat="45.739301" lon="11.264707">
                <ele>0</ele>
            </trkpt>
            <trkpt lat="45.739313" lon="11.264637">
                <ele>0</ele>
            </trkpt>
            <trkpt lat="45.739329" lon="11.26455">
                <ele>0</ele>
            </trkpt>
            <trkpt lat="45.739347" lon="11.264466">
                <ele>0</ele>
            </trkpt>
            <trkpt lat="45.739375" lon="11.264328">
                <ele>0</ele>
            </trkpt>
            <trkpt lat="45.739485" lon="11.263779">
                <ele>0</ele>
            </trkpt>
            <trkpt lat="45.739511" lon="11.263649">
                <ele>0</ele>
            </trkpt>
            <trkpt lat="45.739529" lon="11.263575">
                <ele>0</ele>
            </trkpt>
            <trkpt lat="45.739565" lon="11.263461">
                <ele>0</ele>
            </trkpt>
            <trkpt lat="45.73961" lon="11.263329">
                <ele>0</ele>
            </trkpt>
            <trkpt lat="45.739734" lon="11.263037">
                <ele>0</ele>
            </trkpt>
            <trkpt lat="45.73975" lon="11.26299">
                <ele>0</ele>
            </trkpt>
            <trkpt lat="45.739773" lon="11.262922">
                <ele>0</ele>
            </trkpt>
            <trkpt lat="45.739884" lon="11.262604">
                <ele>0</ele>
            </trkpt>
            <trkpt lat="45.739923" lon="11.262491">
                <ele>0</ele>
            </trkpt>
            <trkpt lat="45.739993" lon="11.262258">
                <ele>0</ele>
            </trkpt>
            <trkpt lat="45.740008" lon="11.262216">
                <ele>0</ele>
            </trkpt>
            <trkpt lat="45.740092" lon="11.261981">
                <ele>0</ele>
            </trkpt>
            <trkpt lat="45.740207" lon="11.26166">
                <ele>0</ele>
            </trkpt>
            <trkpt lat="45.740282" lon="11.26149">
                <ele>0</ele>
            </trkpt>
            <trkpt lat="45.740394" lon="11.261252">
                <ele>0</ele>
            </trkpt>
            <trkpt lat="45.740649" lon="11.260768">
                <ele>0</ele>
            </trkpt>
            <trkpt lat="45.740669" lon="11.260729">
                <ele>0</ele>
            </trkpt>
            <trkpt lat="45.740769" lon="11.260541">
                <ele>0</ele>
            </trkpt>
            <trkpt lat="45.740844" lon="11.260399">
                <ele>0</ele>
            </trkpt>
            <trkpt lat="45.740905" lon="11.260294">
                <ele>0</ele>
            </trkpt>
            <trkpt lat="45.740941" lon="11.26024">
                <ele>0</ele>
            </trkpt>
            <trkpt lat="45.740988" lon="11.260175">
                <ele>0</ele>
            </trkpt>
            <trkpt lat="45.741037" lon="11.260116">
                <ele>0</ele>
            </trkpt>
            <trkpt lat="45.741083" lon="11.260066">
                <ele>0</ele>
            </trkpt>
            <trkpt lat="45.74111" lon="11.26004">
                <ele>0</ele>
            </trkpt>
            <trkpt lat="45.741133" lon="11.260022">
                <ele>0</ele>
            </trkpt>
            <trkpt lat="45.741198" lon="11.259977">
                <ele>0</ele>
            </trkpt>
            <trkpt lat="45.741249" lon="11.259943">
                <ele>0</ele>
            </trkpt>
            <trkpt lat="45.741355" lon="11.259875">
                <ele>0</ele>
            </trkpt>
            <trkpt lat="45.741654" lon="11.259677">
                <ele>0</ele>
            </trkpt>
            <trkpt lat="45.742128" lon="11.259372">
                <ele>0</ele>
            </trkpt>
            <trkpt lat="45.742245" lon="11.259297">
                <ele>0</ele>
            </trkpt>
            <trkpt lat="45.742469" lon="11.259136">
                <ele>0</ele>
            </trkpt>
            <trkpt lat="45.742626" lon="11.25903">
                <ele>0</ele>
            </trkpt>
            <trkpt lat="45.74271" lon="11.258946">
                <ele>0</ele>
            </trkpt>
            <trkpt lat="45.742831" lon="11.258825">
                <ele>0</ele>
            </trkpt>
            <trkpt lat="45.742955" lon="11.258587">
                <ele>0</ele>
            </trkpt>
            <trkpt lat="45.743051" lon="11.25833">
                <ele>0</ele>
            </trkpt>
            <trkpt lat="45.743117" lon="11.258107">
                <ele>0</ele>
            </trkpt>
            <trkpt lat="45.74329" lon="11.257426">
                <ele>0</ele>
            </trkpt>
            <trkpt lat="45.743554" lon="11.256409">
                <ele>0</ele>
            </trkpt>
            <trkpt lat="45.743665" lon="11.256005">
                <ele>0</ele>
            </trkpt>
            <trkpt lat="45.743671" lon="11.255884">
                <ele>0</ele>
            </trkpt>
            <trkpt lat="45.743636" lon="11.255551">
                <ele>0</ele>
            </trkpt>
            <trkpt lat="45.743537" lon="11.255185">
                <ele>0</ele>
            </trkpt>
            <trkpt lat="45.743455" lon="11.254564">
                <ele>0</ele>
            </trkpt>
            <trkpt lat="45.743381" lon="11.253973">
                <ele>0</ele>
            </trkpt>
            <trkpt lat="45.743359" lon="11.253351">
                <ele>0</ele>
            </trkpt>
            <trkpt lat="45.743423" lon="11.252304">
                <ele>0</ele>
            </trkpt>
            <trkpt lat="45.743458" lon="11.251825">
                <ele>0</ele>
            </trkpt>
            <trkpt lat="45.74352" lon="11.25147">
                <ele>0</ele>
            </trkpt>
            <trkpt lat="45.743818" lon="11.250544">
                <ele>0</ele>
            </trkpt>
            <trkpt lat="45.743951" lon="11.24991">
                <ele>0</ele>
            </trkpt>
            <trkpt lat="45.744042" lon="11.249281">
                <ele>0</ele>
            </trkpt>
            <trkpt lat="45.744172" lon="11.248541">
                <ele>0</ele>
            </trkpt>
            <trkpt lat="45.744206" lon="11.248287">
                <ele>0</ele>
            </trkpt>
            <trkpt lat="45.74422" lon="11.248037">
                <ele>0</ele>
            </trkpt>
            <trkpt lat="45.744186" lon="11.247736">
                <ele>0</ele>
            </trkpt>
            <trkpt lat="45.744158" lon="11.247616">
                <ele>0</ele>
            </trkpt>
            <trkpt lat="45.744019" lon="11.247124">
                <ele>0</ele>
            </trkpt>
            <trkpt lat="45.74396" lon="11.246761">
                <ele>0</ele>
            </trkpt>
            <trkpt lat="45.743938" lon="11.245821">
                <ele>0</ele>
            </trkpt>
            <trkpt lat="45.743872" lon="11.244193">
                <ele>0</ele>
            </trkpt>
            <trkpt lat="45.743825" lon="11.243909">
                <ele>0</ele>
            </trkpt>
            <trkpt lat="45.743823" lon="11.243898">
                <ele>0</ele>
            </trkpt>
            <trkpt lat="45.743737" lon="11.243377">
                <ele>0</ele>
            </trkpt>
            <trkpt lat="45.743729" lon="11.243058">
                <ele>0</ele>
            </trkpt>
            <trkpt lat="45.743755" lon="11.242861">
                <ele>0</ele>
            </trkpt>
            <trkpt lat="45.743805" lon="11.2427">
                <ele>0</ele>
            </trkpt>
            <trkpt lat="45.743913" lon="11.242342">
                <ele>0</ele>
            </trkpt>
            <trkpt lat="45.74397" lon="11.242059">
                <ele>0</ele>
            </trkpt>
            <trkpt lat="45.744025" lon="11.24179">
                <ele>0</ele>
            </trkpt>
            <trkpt lat="45.744151" lon="11.241173">
                <ele>0</ele>
            </trkpt>
            <trkpt lat="45.744169" lon="11.241094">
                <ele>0</ele>
            </trkpt>
            <trkpt lat="45.744342" lon="11.240356">
                <ele>0</ele>
            </trkpt>
            <trkpt lat="45.744433" lon="11.239979">
                <ele>0</ele>
            </trkpt>
            <trkpt lat="45.744517" lon="11.239784">
                <ele>0</ele>
            </trkpt>
            <trkpt lat="45.744579" lon="11.239693">
                <ele>0</ele>
            </trkpt>
            <trkpt lat="45.744639" lon="11.239557">
                <ele>0</ele>
            </trkpt>
            <trkpt lat="45.744663" lon="11.239448">
                <ele>0</ele>
            </trkpt>
            <trkpt lat="45.744677" lon="11.239312">
                <ele>0</ele>
            </trkpt>
            <trkpt lat="45.74472" lon="11.238889">
                <ele>0</ele>
            </trkpt>
            <trkpt lat="45.744763" lon="11.238683">
                <ele>0</ele>
            </trkpt>
            <trkpt lat="45.744783" lon="11.238617">
                <ele>0</ele>
            </trkpt>
            <trkpt lat="45.744802" lon="11.238576">
                <ele>0</ele>
            </trkpt>
            <trkpt lat="45.744812" lon="11.238555">
                <ele>0</ele>
            </trkpt>
            <trkpt lat="45.744863" lon="11.238468">
                <ele>0</ele>
            </trkpt>
            <trkpt lat="45.744931" lon="11.238399">
                <ele>0</ele>
            </trkpt>
            <trkpt lat="45.745056" lon="11.238297">
                <ele>0</ele>
            </trkpt>
            <trkpt lat="45.745242" lon="11.238152">
                <ele>0</ele>
            </trkpt>
            <trkpt lat="45.745759" lon="11.237693">
                <ele>0</ele>
            </trkpt>
            <trkpt lat="45.746063" lon="11.237402">
                <ele>0</ele>
            </trkpt>
            <trkpt lat="45.746138" lon="11.237331">
                <ele>0</ele>
            </trkpt>
            <trkpt lat="45.746497" lon="11.237086">
                <ele>0</ele>
            </trkpt>
            <trkpt lat="45.746857" lon="11.236919">
                <ele>0</ele>
            </trkpt>
            <trkpt lat="45.747058" lon="11.236863">
                <ele>0</ele>
            </trkpt>
            <trkpt lat="45.747258" lon="11.236845">
                <ele>0</ele>
            </trkpt>
            <trkpt lat="45.747596" lon="11.23691">
                <ele>0</ele>
            </trkpt>
            <trkpt lat="45.747905" lon="11.23685">
                <ele>0</ele>
            </trkpt>
            <trkpt lat="45.748271" lon="11.236568">
                <ele>0</ele>
            </trkpt>
            <trkpt lat="45.748396" lon="11.236472">
                <ele>0</ele>
            </trkpt>
            <trkpt lat="45.748851" lon="11.236103">
                <ele>0</ele>
            </trkpt>
            <trkpt lat="45.749006" lon="11.235845">
                <ele>0</ele>
            </trkpt>
            <trkpt lat="45.749143" lon="11.235579">
                <ele>0</ele>
            </trkpt>
            <trkpt lat="45.749251" lon="11.235282">
                <ele>0</ele>
            </trkpt>
            <trkpt lat="45.749288" lon="11.235174">
                <ele>0</ele>
            </trkpt>
            <trkpt lat="45.74948" lon="11.234614">
                <ele>0</ele>
            </trkpt>
            <trkpt lat="45.749625" lon="11.234316">
                <ele>0</ele>
            </trkpt>
            <trkpt lat="45.749727" lon="11.23404">
                <ele>0</ele>
            </trkpt>
            <trkpt lat="45.749793" lon="11.233638">
                <ele>0</ele>
            </trkpt>
            <trkpt lat="45.749837" lon="11.233247">
                <ele>0</ele>
            </trkpt>
            <trkpt lat="45.750085" lon="11.23122">
                <ele>0</ele>
            </trkpt>
            <trkpt lat="45.750132" lon="11.230909">
                <ele>0</ele>
            </trkpt>
            <trkpt lat="45.750201" lon="11.230613">
                <ele>0</ele>
            </trkpt>
            <trkpt lat="45.750351" lon="11.230106">
                <ele>0</ele>
            </trkpt>
            <trkpt lat="45.750363" lon="11.230065">
                <ele>0</ele>
            </trkpt>
            <trkpt lat="45.750604" lon="11.229242">
                <ele>0</ele>
            </trkpt>
            <trkpt lat="45.750892" lon="11.228454">
                <ele>0</ele>
            </trkpt>
            <trkpt lat="45.751239" lon="11.227677">
                <ele>0</ele>
            </trkpt>
            <trkpt lat="45.751411" lon="11.227417">
                <ele>0</ele>
            </trkpt>
            <trkpt lat="45.751457" lon="11.227348">
                <ele>0</ele>
            </trkpt>
            <trkpt lat="45.751594" lon="11.227142">
                <ele>0</ele>
            </trkpt>
            <trkpt lat="45.751703" lon="11.226983">
                <ele>0</ele>
            </trkpt>
            <trkpt lat="45.752127" lon="11.226364">
                <ele>0</ele>
            </trkpt>
            <trkpt lat="45.752352" lon="11.226035">
                <ele>0</ele>
            </trkpt>
            <trkpt lat="45.752361" lon="11.226022">
                <ele>0</ele>
            </trkpt>
            <trkpt lat="45.752743" lon="11.225482">
                <ele>0</ele>
            </trkpt>
            <trkpt lat="45.753093" lon="11.225019">
                <ele>0</ele>
            </trkpt>
            <trkpt lat="45.753135" lon="11.224964">
                <ele>0</ele>
            </trkpt>
            <trkpt lat="45.753345" lon="11.224705">
                <ele>0</ele>
            </trkpt>
            <trkpt lat="45.753441" lon="11.224529">
                <ele>0</ele>
            </trkpt>
            <trkpt lat="45.753474" lon="11.224467">
                <ele>0</ele>
            </trkpt>
            <trkpt lat="45.753655" lon="11.224068">
                <ele>0</ele>
            </trkpt>
            <trkpt lat="45.753721" lon="11.22371">
                <ele>0</ele>
            </trkpt>
            <trkpt lat="45.753769" lon="11.223282">
                <ele>0</ele>
            </trkpt>
            <trkpt lat="45.753919" lon="11.222834">
                <ele>0</ele>
            </trkpt>
            <trkpt lat="45.754097" lon="11.222391">
                <ele>0</ele>
            </trkpt>
            <trkpt lat="45.754291" lon="11.221864">
                <ele>0</ele>
            </trkpt>
            <trkpt lat="45.754503" lon="11.221373">
                <ele>0</ele>
            </trkpt>
            <trkpt lat="45.754658" lon="11.221163">
                <ele>0</ele>
            </trkpt>
            <trkpt lat="45.754776" lon="11.221016">
                <ele>0</ele>
            </trkpt>
            <trkpt lat="45.755014" lon="11.22073">
                <ele>0</ele>
            </trkpt>
            <trkpt lat="45.755053" lon="11.22068">
                <ele>0</ele>
            </trkpt>
            <trkpt lat="45.755083" lon="11.220627">
                <ele>0</ele>
            </trkpt>
            <trkpt lat="45.75511" lon="11.220564">
                <ele>0</ele>
            </trkpt>
            <trkpt lat="45.755128" lon="11.220496">
                <ele>0</ele>
            </trkpt>
            <trkpt lat="45.755134" lon="11.220423">
                <ele>0</ele>
            </trkpt>
            <trkpt lat="45.755128" lon="11.220326">
                <ele>0</ele>
            </trkpt>
            <trkpt lat="45.755063" lon="11.219855">
                <ele>0</ele>
            </trkpt>
            <trkpt lat="45.755043" lon="11.219772">
                <ele>0</ele>
            </trkpt>
            <trkpt lat="45.755019" lon="11.2197">
                <ele>0</ele>
            </trkpt>
            <trkpt lat="45.755003" lon="11.219667">
                <ele>0</ele>
            </trkpt>
            <trkpt lat="45.754973" lon="11.219623">
                <ele>0</ele>
            </trkpt>
            <trkpt lat="45.754801" lon="11.219422">
                <ele>0</ele>
            </trkpt>
            <trkpt lat="45.754767" lon="11.219362">
                <ele>0</ele>
            </trkpt>
            <trkpt lat="45.754738" lon="11.21926">
                <ele>0</ele>
            </trkpt>
            <trkpt lat="45.75474" lon="11.219188">
                <ele>0</ele>
            </trkpt>
            <trkpt lat="45.754757" lon="11.219118">
                <ele>0</ele>
            </trkpt>
            <trkpt lat="45.754802" lon="11.219015">
                <ele>0</ele>
            </trkpt>
            <trkpt lat="45.7549" lon="11.218826">
                <ele>0</ele>
            </trkpt>
            <trkpt lat="45.754926" lon="11.218766">
                <ele>0</ele>
            </trkpt>
            <trkpt lat="45.754947" lon="11.218709">
                <ele>0</ele>
            </trkpt>
            <trkpt lat="45.75497" lon="11.218639">
                <ele>0</ele>
            </trkpt>
            <trkpt lat="45.755009" lon="11.218492">
                <ele>0</ele>
            </trkpt>
            <trkpt lat="45.755084" lon="11.218215">
                <ele>0</ele>
            </trkpt>
            <trkpt lat="45.755096" lon="11.218176">
                <ele>0</ele>
            </trkpt>
            <trkpt lat="45.755112" lon="11.2181">
                <ele>0</ele>
            </trkpt>
            <trkpt lat="45.755126" lon="11.218023">
                <ele>0</ele>
            </trkpt>
            <trkpt lat="45.755133" lon="11.217947">
                <ele>0</ele>
            </trkpt>
            <trkpt lat="45.755136" lon="11.217848">
                <ele>0</ele>
            </trkpt>
            <trkpt lat="45.755143" lon="11.217144">
                <ele>0</ele>
            </trkpt>
            <trkpt lat="45.755147" lon="11.216674">
                <ele>0</ele>
            </trkpt>
            <trkpt lat="45.75515" lon="11.216444">
                <ele>0</ele>
            </trkpt>
            <trkpt lat="45.755164" lon="11.216182">
                <ele>0</ele>
            </trkpt>
            <trkpt lat="45.755173" lon="11.216061">
                <ele>0</ele>
            </trkpt>
            <trkpt lat="45.755183" lon="11.215938">
                <ele>0</ele>
            </trkpt>
            <trkpt lat="45.755194" lon="11.215858">
                <ele>0</ele>
            </trkpt>
            <trkpt lat="45.755209" lon="11.215781">
                <ele>0</ele>
            </trkpt>
            <trkpt lat="45.755266" lon="11.215552">
                <ele>0</ele>
            </trkpt>
            <trkpt lat="45.755317" lon="11.215356">
                <ele>0</ele>
            </trkpt>
            <trkpt lat="45.755326" lon="11.215318">
                <ele>0</ele>
            </trkpt>
            <trkpt lat="45.755332" lon="11.215291">
                <ele>0</ele>
            </trkpt>
            <trkpt lat="45.755508" lon="11.21462">
                <ele>0</ele>
            </trkpt>
            <trkpt lat="45.755516" lon="11.214573">
                <ele>0</ele>
            </trkpt>
            <trkpt lat="45.75552" lon="11.21454">
                <ele>0</ele>
            </trkpt>
            <trkpt lat="45.755516" lon="11.214511">
                <ele>0</ele>
            </trkpt>
            <trkpt lat="45.755509" lon="11.214488">
                <ele>0</ele>
            </trkpt>
            <trkpt lat="45.755492" lon="11.214464">
                <ele>0</ele>
            </trkpt>
            <trkpt lat="45.755479" lon="11.214456">
                <ele>0</ele>
            </trkpt>
            <trkpt lat="45.755464" lon="11.214456">
                <ele>0</ele>
            </trkpt>
            <trkpt lat="45.755446" lon="11.214468">
                <ele>0</ele>
            </trkpt>
            <trkpt lat="45.755421" lon="11.214497">
                <ele>0</ele>
            </trkpt>
            <trkpt lat="45.755065" lon="11.215135">
                <ele>0</ele>
            </trkpt>
            <trkpt lat="45.755021" lon="11.215226">
                <ele>0</ele>
            </trkpt>
            <trkpt lat="45.754666" lon="11.216092">
                <ele>0</ele>
            </trkpt>
            <trkpt lat="45.754529" lon="11.216417">
                <ele>0</ele>
            </trkpt>
            <trkpt lat="45.754523" lon="11.216433">
                <ele>0</ele>
            </trkpt>
            <trkpt lat="45.754501" lon="11.216472">
                <ele>0</ele>
            </trkpt>
            <trkpt lat="45.754488" lon="11.216486">
                <ele>0</ele>
            </trkpt>
            <trkpt lat="45.754471" lon="11.216497">
                <ele>0</ele>
            </trkpt>
            <trkpt lat="45.754451" lon="11.216495">
                <ele>0</ele>
            </trkpt>
            <trkpt lat="45.754432" lon="11.216481">
                <ele>0</ele>
            </trkpt>
            <trkpt lat="45.754421" lon="11.216469">
                <ele>0</ele>
            </trkpt>
            <trkpt lat="45.754413" lon="11.216455">
                <ele>0</ele>
            </trkpt>
            <trkpt lat="45.754409" lon="11.216441">
                <ele>0</ele>
            </trkpt>
            <trkpt lat="45.754408" lon="11.216421">
                <ele>0</ele>
            </trkpt>
            <trkpt lat="45.754408" lon="11.216393">
                <ele>0</ele>
            </trkpt>
            <trkpt lat="45.75441" lon="11.21636">
                <ele>0</ele>
            </trkpt>
            <trkpt lat="45.754433" lon="11.216119">
                <ele>0</ele>
            </trkpt>
            <trkpt lat="45.754514" lon="11.215379">
                <ele>0</ele>
            </trkpt>
            <trkpt lat="45.754621" lon="11.214433">
                <ele>0</ele>
            </trkpt>
            <trkpt lat="45.75465" lon="11.21431">
                <ele>0</ele>
            </trkpt>
            <trkpt lat="45.754688" lon="11.214186">
                <ele>0</ele>
            </trkpt>
            <trkpt lat="45.75474" lon="11.214053">
                <ele>0</ele>
            </trkpt>
            <trkpt lat="45.75478" lon="11.213967">
                <ele>0</ele>
            </trkpt>
            <trkpt lat="45.754846" lon="11.213856">
                <ele>0</ele>
            </trkpt>
            <trkpt lat="45.754899" lon="11.21377">
                <ele>0</ele>
            </trkpt>
            <trkpt lat="45.754995" lon="11.213656">
                <ele>0</ele>
            </trkpt>
            <trkpt lat="45.755129" lon="11.213572">
                <ele>0</ele>
            </trkpt>
            <trkpt lat="45.755349" lon="11.213415">
                <ele>0</ele>
            </trkpt>
            <trkpt lat="45.755543" lon="11.213189">
                <ele>0</ele>
            </trkpt>
            <trkpt lat="45.755772" lon="11.212893">
                <ele>0</ele>
            </trkpt>
            <trkpt lat="45.756732" lon="11.211911">
                <ele>0</ele>
            </trkpt>
            <trkpt lat="45.75678" lon="11.211873">
                <ele>0</ele>
            </trkpt>
            <trkpt lat="45.757166" lon="11.211665">
                <ele>0</ele>
            </trkpt>
            <trkpt lat="45.757449" lon="11.211561">
                <ele>0</ele>
            </trkpt>
            <trkpt lat="45.757549" lon="11.211514">
                <ele>0</ele>
            </trkpt>
            <trkpt lat="45.757614" lon="11.211476">
                <ele>0</ele>
            </trkpt>
            <trkpt lat="45.75769" lon="11.211422">
                <ele>0</ele>
            </trkpt>
            <trkpt lat="45.757831" lon="11.211302">
                <ele>0</ele>
            </trkpt>
            <trkpt lat="45.758091" lon="11.211054">
                <ele>0</ele>
            </trkpt>
            <trkpt lat="45.758188" lon="11.210986">
                <ele>0</ele>
            </trkpt>
            <trkpt lat="45.758247" lon="11.210962">
                <ele>0</ele>
            </trkpt>
            <trkpt lat="45.758384" lon="11.210916">
                <ele>0</ele>
            </trkpt>
            <trkpt lat="45.758445" lon="11.210875">
                <ele>0</ele>
            </trkpt>
            <trkpt lat="45.758515" lon="11.210799">
                <ele>0</ele>
            </trkpt>
            <trkpt lat="45.758574" lon="11.210728">
                <ele>0</ele>
            </trkpt>
            <trkpt lat="45.758614" lon="11.210666">
                <ele>0</ele>
            </trkpt>
            <trkpt lat="45.758652" lon="11.210584">
                <ele>0</ele>
            </trkpt>
            <trkpt lat="45.758685" lon="11.210471">
                <ele>0</ele>
            </trkpt>
            <trkpt lat="45.758708" lon="11.210361">
                <ele>0</ele>
            </trkpt>
            <trkpt lat="45.758722" lon="11.210266">
                <ele>0</ele>
            </trkpt>
            <trkpt lat="45.758818" lon="11.209114">
                <ele>0</ele>
            </trkpt>
            <trkpt lat="45.758834" lon="11.208944">
                <ele>0</ele>
            </trkpt>
            <trkpt lat="45.75886" lon="11.208778">
                <ele>0</ele>
            </trkpt>
            <trkpt lat="45.758879" lon="11.208677">
                <ele>0</ele>
            </trkpt>
            <trkpt lat="45.758903" lon="11.208589">
                <ele>0</ele>
            </trkpt>
            <trkpt lat="45.758939" lon="11.208513">
                <ele>0</ele>
            </trkpt>
            <trkpt lat="45.759087" lon="11.20827">
                <ele>0</ele>
            </trkpt>
            <trkpt lat="45.759182" lon="11.208087">
                <ele>0</ele>
            </trkpt>
            <trkpt lat="45.759403" lon="11.207559">
                <ele>0</ele>
            </trkpt>
            <trkpt lat="45.759424" lon="11.207491">
                <ele>0</ele>
            </trkpt>
            <trkpt lat="45.759447" lon="11.2074">
                <ele>0</ele>
            </trkpt>
            <trkpt lat="45.759618" lon="11.206616">
                <ele>0</ele>
            </trkpt>
            <trkpt lat="45.75963" lon="11.206524">
                <ele>0</ele>
            </trkpt>
            <trkpt lat="45.759632" lon="11.206461">
                <ele>0</ele>
            </trkpt>
            <trkpt lat="45.759628" lon="11.20642">
                <ele>0</ele>
            </trkpt>
            <trkpt lat="45.759622" lon="11.206379">
                <ele>0</ele>
            </trkpt>
            <trkpt lat="45.759606" lon="11.206317">
                <ele>0</ele>
            </trkpt>
            <trkpt lat="45.759588" lon="11.206259">
                <ele>0</ele>
            </trkpt>
            <trkpt lat="45.759571" lon="11.206201">
                <ele>0</ele>
            </trkpt>
            <trkpt lat="45.759518" lon="11.206038">
                <ele>0</ele>
            </trkpt>
            <trkpt lat="45.759486" lon="11.205941">
                <ele>0</ele>
            </trkpt>
            <trkpt lat="45.759461" lon="11.205837">
                <ele>0</ele>
            </trkpt>
            <trkpt lat="45.759455" lon="11.205778">
                <ele>0</ele>
            </trkpt>
            <trkpt lat="45.759456" lon="11.205712">
                <ele>0</ele>
            </trkpt>
            <trkpt lat="45.759467" lon="11.205628">
                <ele>0</ele>
            </trkpt>
            <trkpt lat="45.75948" lon="11.205569">
                <ele>0</ele>
            </trkpt>
            <trkpt lat="45.759498" lon="11.205506">
                <ele>0</ele>
            </trkpt>
            <trkpt lat="45.759524" lon="11.205433">
                <ele>0</ele>
            </trkpt>
            <trkpt lat="45.759554" lon="11.20537">
                <ele>0</ele>
            </trkpt>
            <trkpt lat="45.759765" lon="11.205057">
                <ele>0</ele>
            </trkpt>
            <trkpt lat="45.759971" lon="11.20476">
                <ele>0</ele>
            </trkpt>
            <trkpt lat="45.759992" lon="11.204725">
                <ele>0</ele>
            </trkpt>
            <trkpt lat="45.759998" lon="11.204703">
                <ele>0</ele>
            </trkpt>
            <trkpt lat="45.760001" lon="11.204676">
                <ele>0</ele>
            </trkpt>
            <trkpt lat="45.759998" lon="11.204634">
                <ele>0</ele>
            </trkpt>
            <trkpt lat="45.759986" lon="11.204606">
                <ele>0</ele>
            </trkpt>
            <trkpt lat="45.759967" lon="11.204587">
                <ele>0</ele>
            </trkpt>
            <trkpt lat="45.759952" lon="11.204582">
                <ele>0</ele>
            </trkpt>
            <trkpt lat="45.759934" lon="11.204579">
                <ele>0</ele>
            </trkpt>
            <trkpt lat="45.759903" lon="11.20459">
                <ele>0</ele>
            </trkpt>
            <trkpt lat="45.759884" lon="11.204601">
                <ele>0</ele>
            </trkpt>
            <trkpt lat="45.759861" lon="11.204618">
                <ele>0</ele>
            </trkpt>
            <trkpt lat="45.759834" lon="11.204644">
                <ele>0</ele>
            </trkpt>
            <trkpt lat="45.759797" lon="11.204681">
                <ele>0</ele>
            </trkpt>
            <trkpt lat="45.758708" lon="11.206012">
                <ele>0</ele>
            </trkpt>
            <trkpt lat="45.758241" lon="11.206564">
                <ele>0</ele>
            </trkpt>
            <trkpt lat="45.758183" lon="11.206609">
                <ele>0</ele>
            </trkpt>
            <trkpt lat="45.75814" lon="11.20659">
                <ele>0</ele>
            </trkpt>
            <trkpt lat="45.758118" lon="11.206549">
                <ele>0</ele>
            </trkpt>
            <trkpt lat="45.758108" lon="11.206486">
                <ele>0</ele>
            </trkpt>
            <trkpt lat="45.758112" lon="11.206415">
                <ele>0</ele>
            </trkpt>
            <trkpt lat="45.758138" lon="11.206353">
                <ele>0</ele>
            </trkpt>
            <trkpt lat="45.758199" lon="11.206289">
                <ele>0</ele>
            </trkpt>
            <trkpt lat="45.75826" lon="11.206214">
                <ele>0</ele>
            </trkpt>
            <trkpt lat="45.758313" lon="11.206151">
                <ele>0</ele>
            </trkpt>
            <trkpt lat="45.758367" lon="11.206078">
                <ele>0</ele>
            </trkpt>
            <trkpt lat="45.758422" lon="11.205977">
                <ele>0</ele>
            </trkpt>
            <trkpt lat="45.758464" lon="11.205895">
                <ele>0</ele>
            </trkpt>
            <trkpt lat="45.758634" lon="11.205526">
                <ele>0</ele>
            </trkpt>
            <trkpt lat="45.758962" lon="11.204851">
                <ele>0</ele>
            </trkpt>
            <trkpt lat="45.759031" lon="11.20472">
                <ele>0</ele>
            </trkpt>
            <trkpt lat="45.75909" lon="11.204621">
                <ele>0</ele>
            </trkpt>
            <trkpt lat="45.759217" lon="11.204424">
                <ele>0</ele>
            </trkpt>
            <trkpt lat="45.759256" lon="11.204366">
                <ele>0</ele>
            </trkpt>
            <trkpt lat="45.759505" lon="11.204087">
                <ele>0</ele>
            </trkpt>
            <trkpt lat="45.759695" lon="11.203819">
                <ele>0</ele>
            </trkpt>
            <trkpt lat="45.759791" lon="11.203659">
                <ele>0</ele>
            </trkpt>
            <trkpt lat="45.759848" lon="11.203565">
                <ele>0</ele>
            </trkpt>
            <trkpt lat="45.759938" lon="11.2034">
                <ele>0</ele>
            </trkpt>
            <trkpt lat="45.759995" lon="11.203286">
                <ele>0</ele>
            </trkpt>
            <trkpt lat="45.760106" lon="11.203052">
                <ele>0</ele>
            </trkpt>
            <trkpt lat="45.760136" lon="11.202966">
                <ele>0</ele>
            </trkpt>
            <trkpt lat="45.760178" lon="11.202824">
                <ele>0</ele>
            </trkpt>
            <trkpt lat="45.760248" lon="11.202354">
                <ele>0</ele>
            </trkpt>
            <trkpt lat="45.760335" lon="11.202015">
                <ele>0</ele>
            </trkpt>
            <trkpt lat="45.760352" lon="11.201914">
                <ele>0</ele>
            </trkpt>
            <trkpt lat="45.760365" lon="11.201756">
                <ele>0</ele>
            </trkpt>
            <trkpt lat="45.760342" lon="11.201288">
                <ele>0</ele>
            </trkpt>
            <trkpt lat="45.760337" lon="11.201165">
                <ele>0</ele>
            </trkpt>
            <trkpt lat="45.760344" lon="11.201065">
                <ele>0</ele>
            </trkpt>
            <trkpt lat="45.760377" lon="11.200976">
                <ele>0</ele>
            </trkpt>
            <trkpt lat="45.760506" lon="11.200669">
                <ele>0</ele>
            </trkpt>
            <trkpt lat="45.760533" lon="11.200565">
                <ele>0</ele>
            </trkpt>
            <trkpt lat="45.760552" lon="11.200466">
                <ele>0</ele>
            </trkpt>
            <trkpt lat="45.760593" lon="11.199954">
                <ele>0</ele>
            </trkpt>
            <trkpt lat="45.760599" lon="11.199873">
                <ele>0</ele>
            </trkpt>
            <trkpt lat="45.760614" lon="11.19973">
                <ele>0</ele>
            </trkpt>
            <trkpt lat="45.760632" lon="11.199636">
                <ele>0</ele>
            </trkpt>
            <trkpt lat="45.76066" lon="11.199545">
                <ele>0</ele>
            </trkpt>
            <trkpt lat="45.76069" lon="11.199468">
                <ele>0</ele>
            </trkpt>
            <trkpt lat="45.760726" lon="11.199398">
                <ele>0</ele>
            </trkpt>
            <trkpt lat="45.760788" lon="11.199304">
                <ele>0</ele>
            </trkpt>
            <trkpt lat="45.760836" lon="11.199238">
                <ele>0</ele>
            </trkpt>
            <trkpt lat="45.7609" lon="11.199183">
                <ele>0</ele>
            </trkpt>
            <trkpt lat="45.760959" lon="11.199145">
                <ele>0</ele>
            </trkpt>
            <trkpt lat="45.761015" lon="11.199107">
                <ele>0</ele>
            </trkpt>
            <trkpt lat="45.761072" lon="11.199064">
                <ele>0</ele>
            </trkpt>
            <trkpt lat="45.761105" lon="11.199035">
                <ele>0</ele>
            </trkpt>
            <trkpt lat="45.761123" lon="11.198994">
                <ele>0</ele>
            </trkpt>
            <trkpt lat="45.761132" lon="11.19895">
                <ele>0</ele>
            </trkpt>
            <trkpt lat="45.761138" lon="11.198886">
                <ele>0</ele>
            </trkpt>
            <trkpt lat="45.76113" lon="11.19882">
                <ele>0</ele>
            </trkpt>
            <trkpt lat="45.761124" lon="11.198769">
                <ele>0</ele>
            </trkpt>
            <trkpt lat="45.76112" lon="11.198712">
                <ele>0</ele>
            </trkpt>
            <trkpt lat="45.761103" lon="11.198654">
                <ele>0</ele>
            </trkpt>
            <trkpt lat="45.761079" lon="11.198597">
                <ele>0</ele>
            </trkpt>
            <trkpt lat="45.761041" lon="11.198567">
                <ele>0</ele>
            </trkpt>
            <trkpt lat="45.761001" lon="11.198543">
                <ele>0</ele>
            </trkpt>
            <trkpt lat="45.76096" lon="11.198543">
                <ele>0</ele>
            </trkpt>
            <trkpt lat="45.760924" lon="11.198551">
                <ele>0</ele>
            </trkpt>
            <trkpt lat="45.760884" lon="11.198568">
                <ele>0</ele>
            </trkpt>
            <trkpt lat="45.760841" lon="11.198595">
                <ele>0</ele>
            </trkpt>
            <trkpt lat="45.760782" lon="11.198655">
                <ele>0</ele>
            </trkpt>
            <trkpt lat="45.760702" lon="11.198749">
                <ele>0</ele>
            </trkpt>
            <trkpt lat="45.760631" lon="11.198838">
                <ele>0</ele>
            </trkpt>
            <trkpt lat="45.760543" lon="11.198951">
                <ele>0</ele>
            </trkpt>
            <trkpt lat="45.760486" lon="11.19902">
                <ele>0</ele>
            </trkpt>
            <trkpt lat="45.760438" lon="11.199092">
                <ele>0</ele>
            </trkpt>
            <trkpt lat="45.760408" lon="11.199153">
                <ele>0</ele>
            </trkpt>
            <trkpt lat="45.760398" lon="11.199199">
                <ele>0</ele>
            </trkpt>
            <trkpt lat="45.760384" lon="11.199251">
                <ele>0</ele>
            </trkpt>
            <trkpt lat="45.760368" lon="11.199305">
                <ele>0</ele>
            </trkpt>
            <trkpt lat="45.760339" lon="11.199433">
                <ele>0</ele>
            </trkpt>
            <trkpt lat="45.760313" lon="11.199528">
                <ele>0</ele>
            </trkpt>
            <trkpt lat="45.760289" lon="11.199559">
                <ele>0</ele>
            </trkpt>
            <trkpt lat="45.760262" lon="11.199584">
                <ele>0</ele>
            </trkpt>
            <trkpt lat="45.760242" lon="11.199591">
                <ele>0</ele>
            </trkpt>
            <trkpt lat="45.76023" lon="11.199598">
                <ele>0</ele>
            </trkpt>
            <trkpt lat="45.76022" lon="11.199598">
                <ele>0</ele>
            </trkpt>
            <trkpt lat="45.760195" lon="11.199587">
                <ele>0</ele>
            </trkpt>
            <trkpt lat="45.760175" lon="11.19956">
                <ele>0</ele>
            </trkpt>
            <trkpt lat="45.76015" lon="11.199513">
                <ele>0</ele>
            </trkpt>
            <trkpt lat="45.760155" lon="11.199437">
                <ele>0</ele>
            </trkpt>
            <trkpt lat="45.760188" lon="11.199347">
                <ele>0</ele>
            </trkpt>
            <trkpt lat="45.760253" lon="11.199213">
                <ele>0</ele>
            </trkpt>
            <trkpt lat="45.76036" lon="11.19898">
                <ele>0</ele>
            </trkpt>
            <trkpt lat="45.760543" lon="11.19823">
                <ele>0</ele>
            </trkpt>
            <trkpt lat="45.760574" lon="11.198089">
                <ele>0</ele>
            </trkpt>
            <trkpt lat="45.760589" lon="11.197985">
                <ele>0</ele>
            </trkpt>
            <trkpt lat="45.760607" lon="11.197826">
                <ele>0</ele>
            </trkpt>
            <trkpt lat="45.760636" lon="11.197244">
                <ele>0</ele>
            </trkpt>
            <trkpt lat="45.760636" lon="11.197237">
                <ele>0</ele>
            </trkpt>
            <trkpt lat="45.760657" lon="11.197153">
                <ele>0</ele>
            </trkpt>
            <trkpt lat="45.760674" lon="11.197078">
                <ele>0</ele>
            </trkpt>
            <trkpt lat="45.760698" lon="11.197019">
                <ele>0</ele>
            </trkpt>
            <trkpt lat="45.760708" lon="11.196995">
                <ele>0</ele>
            </trkpt>
            <trkpt lat="45.760756" lon="11.196924">
                <ele>0</ele>
            </trkpt>
            <trkpt lat="45.760782" lon="11.196906">
                <ele>0</ele>
            </trkpt>
            <trkpt lat="45.760818" lon="11.196881">
                <ele>0</ele>
            </trkpt>
            <trkpt lat="45.760939" lon="11.196832">
                <ele>0</ele>
            </trkpt>
            <trkpt lat="45.76102" lon="11.196804">
                <ele>0</ele>
            </trkpt>
            <trkpt lat="45.761128" lon="11.196777">
                <ele>0</ele>
            </trkpt>
            <trkpt lat="45.761229" lon="11.196765">
                <ele>0</ele>
            </trkpt>
            <trkpt lat="45.761303" lon="11.196776">
                <ele>0</ele>
            </trkpt>
            <trkpt lat="45.761349" lon="11.196803">
                <ele>0</ele>
            </trkpt>
            <trkpt lat="45.761392" lon="11.19684">
                <ele>0</ele>
            </trkpt>
            <trkpt lat="45.761453" lon="11.196902">
                <ele>0</ele>
            </trkpt>
            <trkpt lat="45.761501" lon="11.196969">
                <ele>0</ele>
            </trkpt>
            <trkpt lat="45.761562" lon="11.197037">
                <ele>0</ele>
            </trkpt>
            <trkpt lat="45.761625" lon="11.197083">
                <ele>0</ele>
            </trkpt>
            <trkpt lat="45.761653" lon="11.197094">
                <ele>0</ele>
            </trkpt>
            <trkpt lat="45.761687" lon="11.197098">
                <ele>0</ele>
            </trkpt>
            <trkpt lat="45.761715" lon="11.197088">
                <ele>0</ele>
            </trkpt>
            <trkpt lat="45.761751" lon="11.197063">
                <ele>0</ele>
            </trkpt>
            <trkpt lat="45.761784" lon="11.197033">
                <ele>0</ele>
            </trkpt>
            <trkpt lat="45.761914" lon="11.196907">
                <ele>0</ele>
            </trkpt>
            <trkpt lat="45.762341" lon="11.19653">
                <ele>0</ele>
            </trkpt>
            <trkpt lat="45.7626" lon="11.196334">
                <ele>0</ele>
            </trkpt>
            <trkpt lat="45.762644" lon="11.196311">
                <ele>0</ele>
            </trkpt>
            <trkpt lat="45.762686" lon="11.1963">
                <ele>0</ele>
            </trkpt>
            <trkpt lat="45.762715" lon="11.196302">
                <ele>0</ele>
            </trkpt>
            <trkpt lat="45.762717" lon="11.196302">
                <ele>0</ele>
            </trkpt>
            <trkpt lat="45.762748" lon="11.196312">
                <ele>0</ele>
            </trkpt>
            <trkpt lat="45.762774" lon="11.196321">
                <ele>0</ele>
            </trkpt>
            <trkpt lat="45.762812" lon="11.196338">
                <ele>0</ele>
            </trkpt>
            <trkpt lat="45.762839" lon="11.196356">
                <ele>0</ele>
            </trkpt>
            <trkpt lat="45.762855" lon="11.196371">
                <ele>0</ele>
            </trkpt>
            <trkpt lat="45.762866" lon="11.196388">
                <ele>0</ele>
            </trkpt>
            <trkpt lat="45.762876" lon="11.196409">
                <ele>0</ele>
            </trkpt>
            <trkpt lat="45.762882" lon="11.196431">
                <ele>0</ele>
            </trkpt>
            <trkpt lat="45.762883" lon="11.196476">
                <ele>0</ele>
            </trkpt>
            <trkpt lat="45.762875" lon="11.196549">
                <ele>0</ele>
            </trkpt>
            <trkpt lat="45.762854" lon="11.196676">
                <ele>0</ele>
            </trkpt>
            <trkpt lat="45.762822" lon="11.196821">
                <ele>0</ele>
            </trkpt>
            <trkpt lat="45.762815" lon="11.19687">
                <ele>0</ele>
            </trkpt>
            <trkpt lat="45.762806" lon="11.196923">
                <ele>0</ele>
            </trkpt>
            <trkpt lat="45.762807" lon="11.196997">
                <ele>0</ele>
            </trkpt>
            <trkpt lat="45.762809" lon="11.197076">
                <ele>0</ele>
            </trkpt>
            <trkpt lat="45.762815" lon="11.197164">
                <ele>0</ele>
            </trkpt>
            <trkpt lat="45.762827" lon="11.19725">
                <ele>0</ele>
            </trkpt>
            <trkpt lat="45.762846" lon="11.197356">
                <ele>0</ele>
            </trkpt>
            <trkpt lat="45.762861" lon="11.197425">
                <ele>0</ele>
            </trkpt>
            <trkpt lat="45.762876" lon="11.197478">
                <ele>0</ele>
            </trkpt>
            <trkpt lat="45.762899" lon="11.197524">
                <ele>0</ele>
            </trkpt>
            <trkpt lat="45.762931" lon="11.197555">
                <ele>0</ele>
            </trkpt>
            <trkpt lat="45.76295" lon="11.197569">
                <ele>0</ele>
            </trkpt>
            <trkpt lat="45.762969" lon="11.197573">
                <ele>0</ele>
            </trkpt>
            <trkpt lat="45.762987" lon="11.197568">
                <ele>0</ele>
            </trkpt>
            <trkpt lat="45.763005" lon="11.197557">
                <ele>0</ele>
            </trkpt>
            <trkpt lat="45.763022" lon="11.197532">
                <ele>0</ele>
            </trkpt>
            <trkpt lat="45.763031" lon="11.197511">
                <ele>0</ele>
            </trkpt>
            <trkpt lat="45.76304" lon="11.197478">
                <ele>0</ele>
            </trkpt>
            <trkpt lat="45.763045" lon="11.197434">
                <ele>0</ele>
            </trkpt>
            <trkpt lat="45.763033" lon="11.197273">
                <ele>0</ele>
            </trkpt>
            <trkpt lat="45.763036" lon="11.197191">
                <ele>0</ele>
            </trkpt>
            <trkpt lat="45.763041" lon="11.197099">
                <ele>0</ele>
            </trkpt>
            <trkpt lat="45.763062" lon="11.196972">
                <ele>0</ele>
            </trkpt>
            <trkpt lat="45.763076" lon="11.196891">
                <ele>0</ele>
            </trkpt>
            <trkpt lat="45.763192" lon="11.196429">
                <ele>0</ele>
            </trkpt>
            <trkpt lat="45.763242" lon="11.196216">
                <ele>0</ele>
            </trkpt>
            <trkpt lat="45.763253" lon="11.196178">
                <ele>0</ele>
            </trkpt>
            <trkpt lat="45.763263" lon="11.196148">
                <ele>0</ele>
            </trkpt>
            <trkpt lat="45.76328" lon="11.196124">
                <ele>0</ele>
            </trkpt>
            <trkpt lat="45.763293" lon="11.196115">
                <ele>0</ele>
            </trkpt>
            <trkpt lat="45.763323" lon="11.196111">
                <ele>0</ele>
            </trkpt>
            <trkpt lat="45.763339" lon="11.196117">
                <ele>0</ele>
            </trkpt>
            <trkpt lat="45.763354" lon="11.196126">
                <ele>0</ele>
            </trkpt>
            <trkpt lat="45.763376" lon="11.196156">
                <ele>0</ele>
            </trkpt>
            <trkpt lat="45.763384" lon="11.196181">
                <ele>0</ele>
            </trkpt>
            <trkpt lat="45.763389" lon="11.196203">
                <ele>0</ele>
            </trkpt>
            <trkpt lat="45.763392" lon="11.196259">
                <ele>0</ele>
            </trkpt>
            <trkpt lat="45.763388" lon="11.196303">
                <ele>0</ele>
            </trkpt>
            <trkpt lat="45.763376" lon="11.196394">
                <ele>0</ele>
            </trkpt>
            <trkpt lat="45.763366" lon="11.196454">
                <ele>0</ele>
            </trkpt>
            <trkpt lat="45.763353" lon="11.196538">
                <ele>0</ele>
            </trkpt>
            <trkpt lat="45.763343" lon="11.196633">
                <ele>0</ele>
            </trkpt>
            <trkpt lat="45.763333" lon="11.196725">
                <ele>0</ele>
            </trkpt>
            <trkpt lat="45.763329" lon="11.196828">
                <ele>0</ele>
            </trkpt>
            <trkpt lat="45.76333" lon="11.196914">
                <ele>0</ele>
            </trkpt>
            <trkpt lat="45.763334" lon="11.196999">
                <ele>0</ele>
            </trkpt>
            <trkpt lat="45.763335" lon="11.197053">
                <ele>0</ele>
            </trkpt>
            <trkpt lat="45.763342" lon="11.197122">
                <ele>0</ele>
            </trkpt>
            <trkpt lat="45.763354" lon="11.197168">
                <ele>0</ele>
            </trkpt>
            <trkpt lat="45.76338" lon="11.1972">
                <ele>0</ele>
            </trkpt>
            <trkpt lat="45.763411" lon="11.197218">
                <ele>0</ele>
            </trkpt>
            <trkpt lat="45.763447" lon="11.197217">
                <ele>0</ele>
            </trkpt>
            <trkpt lat="45.76349" lon="11.197202">
                <ele>0</ele>
            </trkpt>
            <trkpt lat="45.763527" lon="11.197179">
                <ele>0</ele>
            </trkpt>
            <trkpt lat="45.763568" lon="11.197147">
                <ele>0</ele>
            </trkpt>
            <trkpt lat="45.763618" lon="11.197098">
                <ele>0</ele>
            </trkpt>
            <trkpt lat="45.763666" lon="11.19705">
                <ele>0</ele>
            </trkpt>
            <trkpt lat="45.763741" lon="11.196968">
                <ele>0</ele>
            </trkpt>
            <trkpt lat="45.763813" lon="11.19686">
                <ele>0</ele>
            </trkpt>
            <trkpt lat="45.763874" lon="11.196713">
                <ele>0</ele>
            </trkpt>
            <trkpt lat="45.763888" lon="11.196661">
                <ele>0</ele>
            </trkpt>
            <trkpt lat="45.7639" lon="11.196604">
                <ele>0</ele>
            </trkpt>
            <trkpt lat="45.763905" lon="11.196523">
                <ele>0</ele>
            </trkpt>
            <trkpt lat="45.763903" lon="11.196458">
                <ele>0</ele>
            </trkpt>
            <trkpt lat="45.763898" lon="11.196393">
                <ele>0</ele>
            </trkpt>
            <trkpt lat="45.763877" lon="11.196311">
                <ele>0</ele>
            </trkpt>
            <trkpt lat="45.763852" lon="11.196233">
                <ele>0</ele>
            </trkpt>
            <trkpt lat="45.763812" lon="11.196163">
                <ele>0</ele>
            </trkpt>
            <trkpt lat="45.763768" lon="11.19611">
                <ele>0</ele>
            </trkpt>
            <trkpt lat="45.763724" lon="11.19606">
                <ele>0</ele>
            </trkpt>
            <trkpt lat="45.763676" lon="11.196013">
                <ele>0</ele>
            </trkpt>
            <trkpt lat="45.763607" lon="11.195928">
                <ele>0</ele>
            </trkpt>
            <trkpt lat="45.763593" lon="11.19589">
                <ele>0</ele>
            </trkpt>
            <trkpt lat="45.763586" lon="11.195873">
                <ele>0</ele>
            </trkpt>
            <trkpt lat="45.763575" lon="11.195838">
                <ele>0</ele>
            </trkpt>
            <trkpt lat="45.763571" lon="11.195824">
                <ele>0</ele>
            </trkpt>
            <trkpt lat="45.763561" lon="11.195759">
                <ele>0</ele>
            </trkpt>
            <trkpt lat="45.763563" lon="11.195701">
                <ele>0</ele>
            </trkpt>
            <trkpt lat="45.763579" lon="11.195626">
                <ele>0</ele>
            </trkpt>
            <trkpt lat="45.763602" lon="11.195546">
                <ele>0</ele>
            </trkpt>
            <trkpt lat="45.763694" lon="11.195168">
                <ele>0</ele>
            </trkpt>
            <trkpt lat="45.763746" lon="11.194949">
                <ele>0</ele>
            </trkpt>
            <trkpt lat="45.763756" lon="11.194875">
                <ele>0</ele>
            </trkpt>
            <trkpt lat="45.763762" lon="11.194801">
                <ele>0</ele>
            </trkpt>
            <trkpt lat="45.763761" lon="11.194726">
                <ele>0</ele>
            </trkpt>
            <trkpt lat="45.763754" lon="11.194647">
                <ele>0</ele>
            </trkpt>
            <trkpt lat="45.763741" lon="11.194569">
                <ele>0</ele>
            </trkpt>
            <trkpt lat="45.763713" lon="11.194475">
                <ele>0</ele>
            </trkpt>
            <trkpt lat="45.763701" lon="11.194441">
                <ele>0</ele>
            </trkpt>
            <trkpt lat="45.763695" lon="11.194423">
                <ele>0</ele>
            </trkpt>
            <trkpt lat="45.763675" lon="11.194372">
                <ele>0</ele>
            </trkpt>
            <trkpt lat="45.763648" lon="11.194316">
                <ele>0</ele>
            </trkpt>
            <trkpt lat="45.763619" lon="11.194263">
                <ele>0</ele>
            </trkpt>
            <trkpt lat="45.763586" lon="11.194219">
                <ele>0</ele>
            </trkpt>
            <trkpt lat="45.763543" lon="11.194162">
                <ele>0</ele>
            </trkpt>
            <trkpt lat="45.7635" lon="11.194124">
                <ele>0</ele>
            </trkpt>
            <trkpt lat="45.763455" lon="11.194093">
                <ele>0</ele>
            </trkpt>
            <trkpt lat="45.763413" lon="11.194072">
                <ele>0</ele>
            </trkpt>
            <trkpt lat="45.76337" lon="11.194058">
                <ele>0</ele>
            </trkpt>
            <trkpt lat="45.763175" lon="11.194022">
                <ele>0</ele>
            </trkpt>
            <trkpt lat="45.763156" lon="11.194026">
                <ele>0</ele>
            </trkpt>
            <trkpt lat="45.763022" lon="11.194054">
                <ele>0</ele>
            </trkpt>
            <trkpt lat="45.762974" lon="11.194073">
                <ele>0</ele>
            </trkpt>
            <trkpt lat="45.762877" lon="11.194173">
                <ele>0</ele>
            </trkpt>
            <trkpt lat="45.762663" lon="11.194496">
                <ele>0</ele>
            </trkpt>
            <trkpt lat="45.762628" lon="11.194559">
                <ele>0</ele>
            </trkpt>
            <trkpt lat="45.762584" lon="11.194698">
                <ele>0</ele>
            </trkpt>
            <trkpt lat="45.762549" lon="11.194844">
                <ele>0</ele>
            </trkpt>
            <trkpt lat="45.762523" lon="11.194937">
                <ele>0</ele>
            </trkpt>
            <trkpt lat="45.762488" lon="11.194982">
                <ele>0</ele>
            </trkpt>
            <trkpt lat="45.76244" lon="11.195023">
                <ele>0</ele>
            </trkpt>
            <trkpt lat="45.762375" lon="11.19506">
                <ele>0</ele>
            </trkpt>
            <trkpt lat="45.762196" lon="11.195102">
                <ele>0</ele>
            </trkpt>
            <trkpt lat="45.762134" lon="11.195133">
                <ele>0</ele>
            </trkpt>
            <trkpt lat="45.762066" lon="11.195174">
                <ele>0</ele>
            </trkpt>
            <trkpt lat="45.762005" lon="11.195195">
                <ele>0</ele>
            </trkpt>
            <trkpt lat="45.761946" lon="11.19521">
                <ele>0</ele>
            </trkpt>
            <trkpt lat="45.761899" lon="11.195205">
                <ele>0</ele>
            </trkpt>
            <trkpt lat="45.761799" lon="11.195169">
                <ele>0</ele>
            </trkpt>
            <trkpt lat="45.761635" lon="11.1951">
                <ele>0</ele>
            </trkpt>
            <trkpt lat="45.761583" lon="11.195087">
                <ele>0</ele>
            </trkpt>
            <trkpt lat="45.761474" lon="11.195083">
                <ele>0</ele>
            </trkpt>
            <trkpt lat="45.761316" lon="11.195097">
                <ele>0</ele>
            </trkpt>
            <trkpt lat="45.761226" lon="11.195094">
                <ele>0</ele>
            </trkpt>
            <trkpt lat="45.761147" lon="11.195087">
                <ele>0</ele>
            </trkpt>
            <trkpt lat="45.761057" lon="11.195054">
                <ele>0</ele>
            </trkpt>
            <trkpt lat="45.760991" lon="11.195016">
                <ele>0</ele>
            </trkpt>
            <trkpt lat="45.760919" lon="11.194978">
                <ele>0</ele>
            </trkpt>
            <trkpt lat="45.760817" lon="11.194893">
                <ele>0</ele>
            </trkpt>
            <trkpt lat="45.760782" lon="11.194864">
                <ele>0</ele>
            </trkpt>
            <trkpt lat="45.760746" lon="11.194827">
                <ele>0</ele>
            </trkpt>
            <trkpt lat="45.760707" lon="11.194791">
                <ele>0</ele>
            </trkpt>
            <trkpt lat="45.760635" lon="11.194709">
                <ele>0</ele>
            </trkpt>
            <trkpt lat="45.760566" lon="11.194632">
                <ele>0</ele>
            </trkpt>
            <trkpt lat="45.760501" lon="11.194544">
                <ele>0</ele>
            </trkpt>
            <trkpt lat="45.760454" lon="11.194441">
                <ele>0</ele>
            </trkpt>
            <trkpt lat="45.760434" lon="11.194367">
                <ele>0</ele>
            </trkpt>
            <trkpt lat="45.760422" lon="11.194329">
                <ele>0</ele>
            </trkpt>
            <trkpt lat="45.760413" lon="11.194263">
                <ele>0</ele>
            </trkpt>
            <trkpt lat="45.76041" lon="11.194166">
                <ele>0</ele>
            </trkpt>
            <trkpt lat="45.760434" lon="11.194082">
                <ele>0</ele>
            </trkpt>
            <trkpt lat="45.760454" lon="11.194007">
                <ele>0</ele>
            </trkpt>
            <trkpt lat="45.760492" lon="11.193937">
                <ele>0</ele>
            </trkpt>
            <trkpt lat="45.760547" lon="11.193881">
                <ele>0</ele>
            </trkpt>
            <trkpt lat="45.760622" lon="11.193832">
                <ele>0</ele>
            </trkpt>
            <trkpt lat="45.760696" lon="11.193798">
                <ele>0</ele>
            </trkpt>
            <trkpt lat="45.760773" lon="11.193778">
                <ele>0</ele>
            </trkpt>
            <trkpt lat="45.760878" lon="11.193769">
                <ele>0</ele>
            </trkpt>
            <trkpt lat="45.760967" lon="11.193798">
                <ele>0</ele>
            </trkpt>
            <trkpt lat="45.761042" lon="11.193828">
                <ele>0</ele>
            </trkpt>
            <trkpt lat="45.761398" lon="11.193984">
                <ele>0</ele>
            </trkpt>
            <trkpt lat="45.761532" lon="11.19402">
                <ele>0</ele>
            </trkpt>
            <trkpt lat="45.761935" lon="11.194168">
                <ele>0</ele>
            </trkpt>
            <trkpt lat="45.761975" lon="11.194173">
                <ele>0</ele>
            </trkpt>
            <trkpt lat="45.762005" lon="11.19416">
                <ele>0</ele>
            </trkpt>
            <trkpt lat="45.762031" lon="11.194148">
                <ele>0</ele>
            </trkpt>
            <trkpt lat="45.762051" lon="11.194123">
                <ele>0</ele>
            </trkpt>
            <trkpt lat="45.762062" lon="11.194092">
                <ele>0</ele>
            </trkpt>
            <trkpt lat="45.762065" lon="11.194064">
                <ele>0</ele>
            </trkpt>
            <trkpt lat="45.76206" lon="11.194039">
                <ele>0</ele>
            </trkpt>
            <trkpt lat="45.762044" lon="11.193989">
                <ele>0</ele>
            </trkpt>
            <trkpt lat="45.762018" lon="11.193967">
                <ele>0</ele>
            </trkpt>
            <trkpt lat="45.761829" lon="11.193847">
                <ele>0</ele>
            </trkpt>
            <trkpt lat="45.761719" lon="11.193758">
                <ele>0</ele>
            </trkpt>
            <trkpt lat="45.761601" lon="11.193673">
                <ele>0</ele>
            </trkpt>
            <trkpt lat="45.76148" lon="11.193568">
                <ele>0</ele>
            </trkpt>
            <trkpt lat="45.761337" lon="11.193473">
                <ele>0</ele>
            </trkpt>
            <trkpt lat="45.761221" lon="11.193377">
                <ele>0</ele>
            </trkpt>
            <trkpt lat="45.761131" lon="11.193293">
                <ele>0</ele>
            </trkpt>
            <trkpt lat="45.761055" lon="11.193215">
                <ele>0</ele>
            </trkpt>
            <trkpt lat="45.760997" lon="11.193164">
                <ele>0</ele>
            </trkpt>
            <trkpt lat="45.760922" lon="11.193103">
                <ele>0</ele>
            </trkpt>
            <trkpt lat="45.760859" lon="11.193064">
                <ele>0</ele>
            </trkpt>
            <trkpt lat="45.760798" lon="11.193037">
                <ele>0</ele>
            </trkpt>
            <trkpt lat="45.760748" lon="11.193014">
                <ele>0</ele>
            </trkpt>
            <trkpt lat="45.760696" lon="11.193002">
                <ele>0</ele>
            </trkpt>
            <trkpt lat="45.760649" lon="11.192992">
                <ele>0</ele>
            </trkpt>
            <trkpt lat="45.760593" lon="11.192995">
                <ele>0</ele>
            </trkpt>
            <trkpt lat="45.76053" lon="11.192994">
                <ele>0</ele>
            </trkpt>
            <trkpt lat="45.76045" lon="11.192995">
                <ele>0</ele>
            </trkpt>
            <trkpt lat="45.760352" lon="11.193005">
                <ele>0</ele>
            </trkpt>
            <trkpt lat="45.760287" lon="11.193019">
                <ele>0</ele>
            </trkpt>
            <trkpt lat="45.760214" lon="11.193044">
                <ele>0</ele>
            </trkpt>
            <trkpt lat="45.760137" lon="11.193066">
                <ele>0</ele>
            </trkpt>
            <trkpt lat="45.760064" lon="11.193085">
                <ele>0</ele>
            </trkpt>
            <trkpt lat="45.759873" lon="11.193114">
                <ele>0</ele>
            </trkpt>
            <trkpt lat="45.759761" lon="11.193114">
                <ele>0</ele>
            </trkpt>
            <trkpt lat="45.759661" lon="11.193097">
                <ele>0</ele>
            </trkpt>
            <trkpt lat="45.759587" lon="11.193088">
                <ele>0</ele>
            </trkpt>
            <trkpt lat="45.759508" lon="11.193085">
                <ele>0</ele>
            </trkpt>
            <trkpt lat="45.759434" lon="11.193086">
                <ele>0</ele>
            </trkpt>
            <trkpt lat="45.75937" lon="11.193089">
                <ele>0</ele>
            </trkpt>
            <trkpt lat="45.759276" lon="11.193108">
                <ele>0</ele>
            </trkpt>
            <trkpt lat="45.759062" lon="11.193152">
                <ele>0</ele>
            </trkpt>
            <trkpt lat="45.759008" lon="11.193154">
                <ele>0</ele>
            </trkpt>
            <trkpt lat="45.758956" lon="11.193142">
                <ele>0</ele>
            </trkpt>
            <trkpt lat="45.75892" lon="11.193125">
                <ele>0</ele>
            </trkpt>
            <trkpt lat="45.758916" lon="11.19312">
                <ele>0</ele>
            </trkpt>
            <trkpt lat="45.758881" lon="11.193086">
                <ele>0</ele>
            </trkpt>
            <trkpt lat="45.758845" lon="11.193022">
                <ele>0</ele>
            </trkpt>
            <trkpt lat="45.758825" lon="11.192954">
                <ele>0</ele>
            </trkpt>
            <trkpt lat="45.758754" lon="11.192584">
                <ele>0</ele>
            </trkpt>
            <trkpt lat="45.758703" lon="11.1923">
                <ele>0</ele>
            </trkpt>
            <trkpt lat="45.758696" lon="11.192191">
                <ele>0</ele>
            </trkpt>
            <trkpt lat="45.75869" lon="11.191783">
                <ele>0</ele>
            </trkpt>
            <trkpt lat="45.758675" lon="11.191644">
                <ele>0</ele>
            </trkpt>
            <trkpt lat="45.758646" lon="11.191551">
                <ele>0</ele>
            </trkpt>
            <trkpt lat="45.758611" lon="11.19147">
                <ele>0</ele>
            </trkpt>
            <trkpt lat="45.758555" lon="11.191379">
                <ele>0</ele>
            </trkpt>
            <trkpt lat="45.75851" lon="11.191329">
                <ele>0</ele>
            </trkpt>
            <trkpt lat="45.758267" lon="11.191179">
                <ele>0</ele>
            </trkpt>
            <trkpt lat="45.758205" lon="11.191133">
                <ele>0</ele>
            </trkpt>
            <trkpt lat="45.758156" lon="11.191083">
                <ele>0</ele>
            </trkpt>
            <trkpt lat="45.758024" lon="11.190906">
                <ele>0</ele>
            </trkpt>
            <trkpt lat="45.757876" lon="11.190664">
                <ele>0</ele>
            </trkpt>
            <trkpt lat="45.757742" lon="11.190401">
                <ele>0</ele>
            </trkpt>
            <trkpt lat="45.757713" lon="11.190321">
                <ele>0</ele>
            </trkpt>
            <trkpt lat="45.757691" lon="11.190224">
                <ele>0</ele>
            </trkpt>
            <trkpt lat="45.757678" lon="11.190142">
                <ele>0</ele>
            </trkpt>
            <trkpt lat="45.757676" lon="11.190069">
                <ele>0</ele>
            </trkpt>
            <trkpt lat="45.757685" lon="11.189785">
                <ele>0</ele>
            </trkpt>
            <trkpt lat="45.75768" lon="11.18971">
                <ele>0</ele>
            </trkpt>
            <trkpt lat="45.757667" lon="11.189634">
                <ele>0</ele>
            </trkpt>
            <trkpt lat="45.757642" lon="11.189534">
                <ele>0</ele>
            </trkpt>
            <trkpt lat="45.757602" lon="11.189416">
                <ele>0</ele>
            </trkpt>
            <trkpt lat="45.757191" lon="11.188374">
                <ele>0</ele>
            </trkpt>
            <trkpt lat="45.757126" lon="11.188227">
                <ele>0</ele>
            </trkpt>
            <trkpt lat="45.757091" lon="11.188169">
                <ele>0</ele>
            </trkpt>
            <trkpt lat="45.75703" lon="11.188102">
                <ele>0</ele>
            </trkpt>
            <trkpt lat="45.75689" lon="11.187955">
                <ele>0</ele>
            </trkpt>
            <trkpt lat="45.75681" lon="11.187866">
                <ele>0</ele>
            </trkpt>
            <trkpt lat="45.756776" lon="11.187813">
                <ele>0</ele>
            </trkpt>
            <trkpt lat="45.756757" lon="11.187767">
                <ele>0</ele>
            </trkpt>
            <trkpt lat="45.756737" lon="11.187689">
                <ele>0</ele>
            </trkpt>
            <trkpt lat="45.756724" lon="11.187594">
                <ele>0</ele>
            </trkpt>
            <trkpt lat="45.756711" lon="11.187506">
                <ele>0</ele>
            </trkpt>
            <trkpt lat="45.7567" lon="11.187448">
                <ele>0</ele>
            </trkpt>
            <trkpt lat="45.756687" lon="11.187393">
                <ele>0</ele>
            </trkpt>
            <trkpt lat="45.756669" lon="11.187335">
                <ele>0</ele>
            </trkpt>
            <trkpt lat="45.756641" lon="11.187279">
                <ele>0</ele>
            </trkpt>
            <trkpt lat="45.756612" lon="11.187239">
                <ele>0</ele>
            </trkpt>
            <trkpt lat="45.756568" lon="11.187194">
                <ele>0</ele>
            </trkpt>
            <trkpt lat="45.756518" lon="11.187161">
                <ele>0</ele>
            </trkpt>
            <trkpt lat="45.756475" lon="11.187143">
                <ele>0</ele>
            </trkpt>
            <trkpt lat="45.756409" lon="11.187135">
                <ele>0</ele>
            </trkpt>
            <trkpt lat="45.756347" lon="11.187133">
                <ele>0</ele>
            </trkpt>
            <trkpt lat="45.756324" lon="11.187125">
                <ele>0</ele>
            </trkpt>
            <trkpt lat="45.756292" lon="11.1871">
                <ele>0</ele>
            </trkpt>
            <trkpt lat="45.756276" lon="11.187069">
                <ele>0</ele>
            </trkpt>
            <trkpt lat="45.756268" lon="11.187041">
                <ele>0</ele>
            </trkpt>
            <trkpt lat="45.756262" lon="11.186962">
                <ele>0</ele>
            </trkpt>
            <trkpt lat="45.756247" lon="11.186529">
                <ele>0</ele>
            </trkpt>
            <trkpt lat="45.756242" lon="11.186104">
                <ele>0</ele>
            </trkpt>
            <trkpt lat="45.756252" lon="11.186028">
                <ele>0</ele>
            </trkpt>
            <trkpt lat="45.756279" lon="11.185973">
                <ele>0</ele>
            </trkpt>
            <trkpt lat="45.756314" lon="11.185938">
                <ele>0</ele>
            </trkpt>
            <trkpt lat="45.756342" lon="11.185927">
                <ele>0</ele>
            </trkpt>
            <trkpt lat="45.756375" lon="11.185932">
                <ele>0</ele>
            </trkpt>
            <trkpt lat="45.756699" lon="11.186053">
                <ele>0</ele>
            </trkpt>
            <trkpt lat="45.756888" lon="11.186117">
                <ele>0</ele>
            </trkpt>
            <trkpt lat="45.757019" lon="11.186131">
                <ele>0</ele>
            </trkpt>
            <trkpt lat="45.757077" lon="11.186111">
                <ele>0</ele>
            </trkpt>
            <trkpt lat="45.757139" lon="11.186079">
                <ele>0</ele>
            </trkpt>
            <trkpt lat="45.757202" lon="11.186017">
                <ele>0</ele>
            </trkpt>
            <trkpt lat="45.757248" lon="11.185944">
                <ele>0</ele>
            </trkpt>
            <trkpt lat="45.757287" lon="11.185845">
                <ele>0</ele>
            </trkpt>
            <trkpt lat="45.757395" lon="11.185408">
                <ele>0</ele>
            </trkpt>
            <trkpt lat="45.757416" lon="11.185376">
                <ele>0</ele>
            </trkpt>
            <trkpt lat="45.757443" lon="11.185363">
                <ele>0</ele>
            </trkpt>
            <trkpt lat="45.757472" lon="11.185368">
                <ele>0</ele>
            </trkpt>
            <trkpt lat="45.757488" lon="11.185373">
                <ele>0</ele>
            </trkpt>
            <trkpt lat="45.757499" lon="11.185376">
                <ele>0</ele>
            </trkpt>
            <trkpt lat="45.75752" lon="11.185404">
                <ele>0</ele>
            </trkpt>
            <trkpt lat="45.757551" lon="11.185479">
                <ele>0</ele>
            </trkpt>
            <trkpt lat="45.757577" lon="11.185587">
                <ele>0</ele>
            </trkpt>
            <trkpt lat="45.757586" lon="11.185699">
                <ele>0</ele>
            </trkpt>
            <trkpt lat="45.757578" lon="11.185843">
                <ele>0</ele>
            </trkpt>
            <trkpt lat="45.757563" lon="11.185941">
                <ele>0</ele>
            </trkpt>
            <trkpt lat="45.757512" lon="11.186098">
                <ele>0</ele>
            </trkpt>
            <trkpt lat="45.757424" lon="11.186301">
                <ele>0</ele>
            </trkpt>
            <trkpt lat="45.757394" lon="11.186397">
                <ele>0</ele>
            </trkpt>
            <trkpt lat="45.757386" lon="11.186466">
                <ele>0</ele>
            </trkpt>
            <trkpt lat="45.757398" lon="11.186518">
                <ele>0</ele>
            </trkpt>
            <trkpt lat="45.757425" lon="11.186554">
                <ele>0</ele>
            </trkpt>
            <trkpt lat="45.757461" lon="11.186569">
                <ele>0</ele>
            </trkpt>
            <trkpt lat="45.757497" lon="11.186561">
                <ele>0</ele>
            </trkpt>
            <trkpt lat="45.757541" lon="11.186526">
                <ele>0</ele>
            </trkpt>
            <trkpt lat="45.757587" lon="11.186464">
                <ele>0</ele>
            </trkpt>
            <trkpt lat="45.757718" lon="11.186223">
                <ele>0</ele>
            </trkpt>
            <trkpt lat="45.757963" lon="11.18573">
                <ele>0</ele>
            </trkpt>
            <trkpt lat="45.757983" lon="11.185693">
                <ele>0</ele>
            </trkpt>
            <trkpt lat="45.758001" lon="11.185667">
                <ele>0</ele>
            </trkpt>
            <trkpt lat="45.758017" lon="11.185651">
                <ele>0</ele>
            </trkpt>
            <trkpt lat="45.758041" lon="11.185636">
                <ele>0</ele>
            </trkpt>
            <trkpt lat="45.758086" lon="11.185624">
                <ele>0</ele>
            </trkpt>
            <trkpt lat="45.758113" lon="11.185621">
                <ele>0</ele>
            </trkpt>
            <trkpt lat="45.75815" lon="11.185613">
                <ele>0</ele>
            </trkpt>
            <trkpt lat="45.758173" lon="11.185599">
                <ele>0</ele>
            </trkpt>
            <trkpt lat="45.758192" lon="11.185587">
                <ele>0</ele>
            </trkpt>
            <trkpt lat="45.758266" lon="11.185527">
                <ele>0</ele>
            </trkpt>
            <trkpt lat="45.758321" lon="11.185451">
                <ele>0</ele>
            </trkpt>
            <trkpt lat="45.758342" lon="11.185399">
                <ele>0</ele>
            </trkpt>
            <trkpt lat="45.758354" lon="11.18534">
                <ele>0</ele>
            </trkpt>
            <trkpt lat="45.758357" lon="11.185269">
                <ele>0</ele>
            </trkpt>
            <trkpt lat="45.758355" lon="11.185152">
                <ele>0</ele>
            </trkpt>
            <trkpt lat="45.758346" lon="11.185067">
                <ele>0</ele>
            </trkpt>
            <trkpt lat="45.758329" lon="11.18496">
                <ele>0</ele>
            </trkpt>
            <trkpt lat="45.758299" lon="11.184838">
                <ele>0</ele>
            </trkpt>
            <trkpt lat="45.758223" lon="11.184617">
                <ele>0</ele>
            </trkpt>
            <trkpt lat="45.758003" lon="11.183833">
                <ele>0</ele>
            </trkpt>
            <trkpt lat="45.757934" lon="11.183616">
                <ele>0</ele>
            </trkpt>
            <trkpt lat="45.757858" lon="11.183416">
                <ele>0</ele>
            </trkpt>
            <trkpt lat="45.757827" lon="11.1833">
                <ele>0</ele>
            </trkpt>
            <trkpt lat="45.757794" lon="11.183142">
                <ele>0</ele>
            </trkpt>
            <trkpt lat="45.757781" lon="11.183054">
                <ele>0</ele>
            </trkpt>
            <trkpt lat="45.75776" lon="11.182844">
                <ele>0</ele>
            </trkpt>
            <trkpt lat="45.757684" lon="11.182097">
                <ele>0</ele>
            </trkpt>
            <trkpt lat="45.757663" lon="11.181805">
                <ele>0</ele>
            </trkpt>
            <trkpt lat="45.757656" lon="11.181553">
                <ele>0</ele>
            </trkpt>
            <trkpt lat="45.75765" lon="11.181276">
                <ele>0</ele>
            </trkpt>
            <trkpt lat="45.75766" lon="11.18083">
                <ele>0</ele>
            </trkpt>
            <trkpt lat="45.757679" lon="11.180323">
                <ele>0</ele>
            </trkpt>
            <trkpt lat="45.75768" lon="11.18011">
                <ele>0</ele>
            </trkpt>
            <trkpt lat="45.757671" lon="11.179941">
                <ele>0</ele>
            </trkpt>
            <trkpt lat="45.757634" lon="11.179532">
                <ele>0</ele>
            </trkpt>
            <trkpt lat="45.757633" lon="11.179341">
                <ele>0</ele>
            </trkpt>
            <trkpt lat="45.757651" lon="11.179183">
                <ele>0</ele>
            </trkpt>
            <trkpt lat="45.757679" lon="11.179054">
                <ele>0</ele>
            </trkpt>
            <trkpt lat="45.757709" lon="11.17896">
                <ele>0</ele>
            </trkpt>
            <trkpt lat="45.757751" lon="11.178817">
                <ele>0</ele>
            </trkpt>
            <trkpt lat="45.757788" lon="11.178635">
                <ele>0</ele>
            </trkpt>
            <trkpt lat="45.757823" lon="11.178423">
                <ele>0</ele>
            </trkpt>
            <trkpt lat="45.757841" lon="11.178361">
                <ele>0</ele>
            </trkpt>
            <trkpt lat="45.757852" lon="11.178334">
                <ele>0</ele>
            </trkpt>
            <trkpt lat="45.75787" lon="11.178291">
                <ele>0</ele>
            </trkpt>
            <trkpt lat="45.757932" lon="11.178067">
                <ele>0</ele>
            </trkpt>
            <trkpt lat="45.75812" lon="11.177535">
                <ele>0</ele>
            </trkpt>
            <trkpt lat="45.758319" lon="11.177001">
                <ele>0</ele>
            </trkpt>
            <trkpt lat="45.758321" lon="11.176996">
                <ele>0</ele>
            </trkpt>
            <trkpt lat="45.758523" lon="11.176481">
                <ele>0</ele>
            </trkpt>
            <trkpt lat="45.75855" lon="11.176404">
                <ele>0</ele>
            </trkpt>
            <trkpt lat="45.758658" lon="11.176165">
                <ele>0</ele>
            </trkpt>
            <trkpt lat="45.758752" lon="11.175993">
                <ele>0</ele>
            </trkpt>
            <trkpt lat="45.758802" lon="11.175904">
                <ele>0</ele>
            </trkpt>
            <trkpt lat="45.75885" lon="11.175824">
                <ele>0</ele>
            </trkpt>
            <trkpt lat="45.759035" lon="11.175501">
                <ele>0</ele>
            </trkpt>
            <trkpt lat="45.759076" lon="11.175434">
                <ele>0</ele>
            </trkpt>
            <trkpt lat="45.759104" lon="11.175383">
                <ele>0</ele>
            </trkpt>
            <trkpt lat="45.75911" lon="11.175371">
                <ele>0</ele>
            </trkpt>
            <trkpt lat="45.759113" lon="11.175365">
                <ele>0</ele>
            </trkpt>
            <trkpt lat="45.759139" lon="11.175299">
                <ele>0</ele>
            </trkpt>
            <trkpt lat="45.759163" lon="11.175233">
                <ele>0</ele>
            </trkpt>
            <trkpt lat="45.759187" lon="11.175167">
                <ele>0</ele>
            </trkpt>
            <trkpt lat="45.759222" lon="11.175026">
                <ele>0</ele>
            </trkpt>
            <trkpt lat="45.759257" lon="11.174839">
                <ele>0</ele>
            </trkpt>
            <trkpt lat="45.759298" lon="11.174686">
                <ele>0</ele>
            </trkpt>
            <trkpt lat="45.759336" lon="11.174563">
                <ele>0</ele>
            </trkpt>
            <trkpt lat="45.759377" lon="11.174452">
                <ele>0</ele>
            </trkpt>
            <trkpt lat="45.759413" lon="11.174385">
                <ele>0</ele>
            </trkpt>
            <trkpt lat="45.75945" lon="11.174332">
                <ele>0</ele>
            </trkpt>
            <trkpt lat="45.759507" lon="11.174258">
                <ele>0</ele>
            </trkpt>
            <trkpt lat="45.759565" lon="11.174188">
                <ele>0</ele>
            </trkpt>
            <trkpt lat="45.759681" lon="11.174068">
                <ele>0</ele>
            </trkpt>
            <trkpt lat="45.759764" lon="11.174">
                <ele>0</ele>
            </trkpt>
            <trkpt lat="45.759843" lon="11.173923">
                <ele>0</ele>
            </trkpt>
            <trkpt lat="45.759847" lon="11.173919">
                <ele>0</ele>
            </trkpt>
            <trkpt lat="45.759855" lon="11.173911">
                <ele>0</ele>
            </trkpt>
            <trkpt lat="45.759929" lon="11.17384">
                <ele>0</ele>
            </trkpt>
            <trkpt lat="45.759981" lon="11.173786">
                <ele>0</ele>
            </trkpt>
            <trkpt lat="45.760051" lon="11.173689">
                <ele>0</ele>
            </trkpt>
            <trkpt lat="45.760118" lon="11.173556">
                <ele>0</ele>
            </trkpt>
            <trkpt lat="45.760165" lon="11.173416">
                <ele>0</ele>
            </trkpt>
            <trkpt lat="45.760196" lon="11.173325">
                <ele>0</ele>
            </trkpt>
            <trkpt lat="45.760201" lon="11.173313">
                <ele>0</ele>
            </trkpt>
            <trkpt lat="45.760364" lon="11.172935">
                <ele>0</ele>
            </trkpt>
            <trkpt lat="45.760364" lon="11.172935">
                <ele>0</ele>
            </trkpt>
            <trkpt lat="45.760397" lon="11.172871">
                <ele>0</ele>
            </trkpt>
            <trkpt lat="45.760453" lon="11.172764">
                <ele>0</ele>
            </trkpt>
            <trkpt lat="45.760483" lon="11.172697">
                <ele>0</ele>
            </trkpt>
            <trkpt lat="45.760493" lon="11.172676">
                <ele>0</ele>
            </trkpt>
            <trkpt lat="45.760569" lon="11.172511">
                <ele>0</ele>
            </trkpt>
            <trkpt lat="45.760708" lon="11.172263">
                <ele>0</ele>
            </trkpt>
            <trkpt lat="45.760861" lon="11.172105">
                <ele>0</ele>
            </trkpt>
            <trkpt lat="45.760882" lon="11.172083">
                <ele>0</ele>
            </trkpt>
            <trkpt lat="45.760903" lon="11.172062">
                <ele>0</ele>
            </trkpt>
            <trkpt lat="45.761037" lon="11.17196">
                <ele>0</ele>
            </trkpt>
            <trkpt lat="45.761099" lon="11.171942">
                <ele>0</ele>
            </trkpt>
            <trkpt lat="45.761738" lon="11.171752">
                <ele>0</ele>
            </trkpt>
            <trkpt lat="45.76197" lon="11.171586">
                <ele>0</ele>
            </trkpt>
            <trkpt lat="45.76217" lon="11.171372">
                <ele>0</ele>
            </trkpt>
            <trkpt lat="45.762546" lon="11.17092">
                <ele>0</ele>
            </trkpt>
            <trkpt lat="45.7628" lon="11.170365">
                <ele>0</ele>
            </trkpt>
            <trkpt lat="45.762903" lon="11.170059">
                <ele>0</ele>
            </trkpt>
            <trkpt lat="45.76302" lon="11.16971">
                <ele>0</ele>
            </trkpt>
            <trkpt lat="45.763065" lon="11.169573">
                <ele>0</ele>
            </trkpt>
            <trkpt lat="45.763082" lon="11.16938">
                <ele>0</ele>
            </trkpt>
            <trkpt lat="45.763035" lon="11.169058">
                <ele>0</ele>
            </trkpt>
            <trkpt lat="45.763044" lon="11.168797">
                <ele>0</ele>
            </trkpt>
            <trkpt lat="45.76308" lon="11.168597">
                <ele>0</ele>
            </trkpt>
            <trkpt lat="45.763251" lon="11.168329">
                <ele>0</ele>
            </trkpt>
            <trkpt lat="45.763374" lon="11.168115">
                <ele>0</ele>
            </trkpt>
            <trkpt lat="45.76351" lon="11.167971">
                <ele>0</ele>
            </trkpt>
            <trkpt lat="45.763583" lon="11.167833">
                <ele>0</ele>
            </trkpt>
            <trkpt lat="45.763609" lon="11.167721">
                <ele>0</ele>
            </trkpt>
            <trkpt lat="45.76361" lon="11.167524">
                <ele>0</ele>
            </trkpt>
            <trkpt lat="45.763583" lon="11.167145">
                <ele>0</ele>
            </trkpt>
            <trkpt lat="45.763545" lon="11.16689">
                <ele>0</ele>
            </trkpt>
            <trkpt lat="45.763209" lon="11.165028">
                <ele>0</ele>
            </trkpt>
            <trkpt lat="45.762906" lon="11.163748">
                <ele>0</ele>
            </trkpt>
            <trkpt lat="45.762671" lon="11.162813">
                <ele>0</ele>
            </trkpt>
            <trkpt lat="45.762422" lon="11.161547">
                <ele>0</ele>
            </trkpt>
            <trkpt lat="45.762338" lon="11.161119">
                <ele>0</ele>
            </trkpt>
            <trkpt lat="45.76229" lon="11.160901">
                <ele>0</ele>
            </trkpt>
            <trkpt lat="45.761907" lon="11.16014">
                <ele>0</ele>
            </trkpt>
            <trkpt lat="45.761874" lon="11.159875">
                <ele>0</ele>
            </trkpt>
            <trkpt lat="45.76189" lon="11.159674">
                <ele>0</ele>
            </trkpt>
            <trkpt lat="45.761947" lon="11.159527">
                <ele>0</ele>
            </trkpt>
            <trkpt lat="45.762036" lon="11.15941">
                <ele>0</ele>
            </trkpt>
            <trkpt lat="45.762208" lon="11.159292">
                <ele>0</ele>
            </trkpt>
            <trkpt lat="45.762332" lon="11.159136">
                <ele>0</ele>
            </trkpt>
            <trkpt lat="45.762475" lon="11.158905">
                <ele>0</ele>
            </trkpt>
            <trkpt lat="45.762796" lon="11.158326">
                <ele>0</ele>
            </trkpt>
            <trkpt lat="45.762917" lon="11.158201">
                <ele>0</ele>
            </trkpt>
            <trkpt lat="45.763053" lon="11.158099">
                <ele>0</ele>
            </trkpt>
            <trkpt lat="45.763424" lon="11.15804">
                <ele>0</ele>
            </trkpt>
            <trkpt lat="45.763541" lon="11.15795">
                <ele>0</ele>
            </trkpt>
            <trkpt lat="45.763613" lon="11.157842">
                <ele>0</ele>
            </trkpt>
            <trkpt lat="45.763755" lon="11.1575">
                <ele>0</ele>
            </trkpt>
            <trkpt lat="45.763903" lon="11.157267">
                <ele>0</ele>
            </trkpt>
            <trkpt lat="45.764027" lon="11.157173">
                <ele>0</ele>
            </trkpt>
            <trkpt lat="45.76416" lon="11.157147">
                <ele>0</ele>
            </trkpt>
            <trkpt lat="45.76437" lon="11.157208">
                <ele>0</ele>
            </trkpt>
            <trkpt lat="45.764865" lon="11.15749">
                <ele>0</ele>
            </trkpt>
            <trkpt lat="45.765021" lon="11.157538">
                <ele>0</ele>
            </trkpt>
            <trkpt lat="45.76509" lon="11.157497">
                <ele>0</ele>
            </trkpt>
            <trkpt lat="45.765146" lon="11.157464">
                <ele>0</ele>
            </trkpt>
            <trkpt lat="45.765253" lon="11.157363">
                <ele>0</ele>
            </trkpt>
            <trkpt lat="45.765326" lon="11.157162">
                <ele>0</ele>
            </trkpt>
            <trkpt lat="45.765306" lon="11.156965">
                <ele>0</ele>
            </trkpt>
            <trkpt lat="45.765217" lon="11.156825">
                <ele>0</ele>
            </trkpt>
            <trkpt lat="45.765054" lon="11.156734">
                <ele>0</ele>
            </trkpt>
            <trkpt lat="45.765036" lon="11.156676">
                <ele>0</ele>
            </trkpt>
            <trkpt lat="45.765043" lon="11.15654">
                <ele>0</ele>
            </trkpt>
            <trkpt lat="45.765094" lon="11.156407">
                <ele>0</ele>
            </trkpt>
            <trkpt lat="45.765596" lon="11.155806">
                <ele>0</ele>
            </trkpt>
            <trkpt lat="45.766065" lon="11.155332">
                <ele>0</ele>
            </trkpt>
            <trkpt lat="45.766286" lon="11.155244">
                <ele>0</ele>
            </trkpt>
            <trkpt lat="45.766587" lon="11.155211">
                <ele>0</ele>
            </trkpt>
            <trkpt lat="45.766843" lon="11.155269">
                <ele>0</ele>
            </trkpt>
            <trkpt lat="45.767002" lon="11.15531">
                <ele>0</ele>
            </trkpt>
            <trkpt lat="45.767091" lon="11.155374">
                <ele>0</ele>
            </trkpt>
            <trkpt lat="45.767159" lon="11.155463">
                <ele>0</ele>
            </trkpt>
            <trkpt lat="45.767188" lon="11.15557">
                <ele>0</ele>
            </trkpt>
            <trkpt lat="45.767191" lon="11.155694">
                <ele>0</ele>
            </trkpt>
            <trkpt lat="45.767157" lon="11.155913">
                <ele>0</ele>
            </trkpt>
            <trkpt lat="45.767107" lon="11.156106">
                <ele>0</ele>
            </trkpt>
            <trkpt lat="45.766705" lon="11.157257">
                <ele>0</ele>
            </trkpt>
            <trkpt lat="45.76667" lon="11.157593">
                <ele>0</ele>
            </trkpt>
            <trkpt lat="45.766702" lon="11.157778">
                <ele>0</ele>
            </trkpt>
            <trkpt lat="45.766783" lon="11.157948">
                <ele>0</ele>
            </trkpt>
            <trkpt lat="45.766865" lon="11.15805">
                <ele>0</ele>
            </trkpt>
            <trkpt lat="45.766998" lon="11.158118">
                <ele>0</ele>
            </trkpt>
            <trkpt lat="45.767139" lon="11.15811">
                <ele>0</ele>
            </trkpt>
            <trkpt lat="45.767492" lon="11.158017">
                <ele>0</ele>
            </trkpt>
            <trkpt lat="45.767886" lon="11.157912">
                <ele>0</ele>
            </trkpt>
            <trkpt lat="45.768298" lon="11.157845">
                <ele>0</ele>
            </trkpt>
            <trkpt lat="45.768908" lon="11.157742">
                <ele>0</ele>
            </trkpt>
            <trkpt lat="45.769107" lon="11.157585">
                <ele>0</ele>
            </trkpt>
            <trkpt lat="45.769258" lon="11.15745">
                <ele>0</ele>
            </trkpt>
            <trkpt lat="45.769394" lon="11.157416">
                <ele>0</ele>
            </trkpt>
            <trkpt lat="45.769525" lon="11.15752">
                <ele>0</ele>
            </trkpt>
            <trkpt lat="45.769703" lon="11.157723">
                <ele>0</ele>
            </trkpt>
            <trkpt lat="45.76984" lon="11.157837">
                <ele>0</ele>
            </trkpt>
            <trkpt lat="45.769926" lon="11.157855">
                <ele>0</ele>
            </trkpt>
            <trkpt lat="45.770107" lon="11.157834">
                <ele>0</ele>
            </trkpt>
            <trkpt lat="45.770207" lon="11.157768">
                <ele>0</ele>
            </trkpt>
            <trkpt lat="45.770485" lon="11.157483">
                <ele>0</ele>
            </trkpt>
            <trkpt lat="45.770814" lon="11.157019">
                <ele>0</ele>
            </trkpt>
            <trkpt lat="45.771033" lon="11.15689">
                <ele>0</ele>
            </trkpt>
            <trkpt lat="45.771188" lon="11.156888">
                <ele>0</ele>
            </trkpt>
            <trkpt lat="45.771684" lon="11.157086">
                <ele>0</ele>
            </trkpt>
            <trkpt lat="45.771971" lon="11.157138">
                <ele>0</ele>
            </trkpt>
            <trkpt lat="45.77224" lon="11.157132">
                <ele>0</ele>
            </trkpt>
            <trkpt lat="45.773135" lon="11.157292">
                <ele>0</ele>
            </trkpt>
            <trkpt lat="45.773342" lon="11.15741">
                <ele>0</ele>
            </trkpt>
            <trkpt lat="45.773489" lon="11.157495">
                <ele>0</ele>
            </trkpt>
            <trkpt lat="45.773597" lon="11.157485">
                <ele>0</ele>
            </trkpt>
            <trkpt lat="45.773694" lon="11.157424">
                <ele>0</ele>
            </trkpt>
            <trkpt lat="45.773812" lon="11.157284">
                <ele>0</ele>
            </trkpt>
            <trkpt lat="45.773936" lon="11.157122">
                <ele>0</ele>
            </trkpt>
            <trkpt lat="45.773991" lon="11.156996">
                <ele>0</ele>
            </trkpt>
            <trkpt lat="45.774036" lon="11.156893">
                <ele>0</ele>
            </trkpt>
            <trkpt lat="45.774052" lon="11.15655">
                <ele>0</ele>
            </trkpt>
            <trkpt lat="45.773986" lon="11.156376">
                <ele>0</ele>
            </trkpt>
            <trkpt lat="45.773929" lon="11.156138">
                <ele>0</ele>
            </trkpt>
            <trkpt lat="45.773849" lon="11.155887">
                <ele>0</ele>
            </trkpt>
            <trkpt lat="45.773704" lon="11.155468">
                <ele>0</ele>
            </trkpt>
            <trkpt lat="45.773661" lon="11.15534">
                <ele>0</ele>
            </trkpt>
            <trkpt lat="45.773578" lon="11.155238">
                <ele>0</ele>
            </trkpt>
            <trkpt lat="45.773332" lon="11.15513">
                <ele>0</ele>
            </trkpt>
            <trkpt lat="45.773255" lon="11.155079">
                <ele>0</ele>
            </trkpt>
            <trkpt lat="45.773189" lon="11.154981">
                <ele>0</ele>
            </trkpt>
            <trkpt lat="45.772656" lon="11.154061">
                <ele>0</ele>
            </trkpt>
            <trkpt lat="45.771799" lon="11.152969">
                <ele>0</ele>
            </trkpt>
            <trkpt lat="45.771611" lon="11.152766">
                <ele>0</ele>
            </trkpt>
            <trkpt lat="45.771284" lon="11.152517">
                <ele>0</ele>
            </trkpt>
            <trkpt lat="45.77118" lon="11.152459">
                <ele>0</ele>
            </trkpt>
            <trkpt lat="45.77093" lon="11.152181">
                <ele>0</ele>
            </trkpt>
            <trkpt lat="45.770792" lon="11.152072">
                <ele>0</ele>
            </trkpt>
            <trkpt lat="45.770665" lon="11.152015">
                <ele>0</ele>
            </trkpt>
            <trkpt lat="45.770549" lon="11.151978">
                <ele>0</ele>
            </trkpt>
            <trkpt lat="45.770492" lon="11.151944">
                <ele>0</ele>
            </trkpt>
            <trkpt lat="45.770428" lon="11.151889">
                <ele>0</ele>
            </trkpt>
            <trkpt lat="45.770374" lon="11.151786">
                <ele>0</ele>
            </trkpt>
            <trkpt lat="45.770319" lon="11.151444">
                <ele>0</ele>
            </trkpt>
            <trkpt lat="45.770307" lon="11.15135">
                <ele>0</ele>
            </trkpt>
            <trkpt lat="45.770251" lon="11.151261">
                <ele>0</ele>
            </trkpt>
            <trkpt lat="45.770192" lon="11.151232">
                <ele>0</ele>
            </trkpt>
            <trkpt lat="45.769957" lon="11.151157">
                <ele>0</ele>
            </trkpt>
            <trkpt lat="45.769847" lon="11.151081">
                <ele>0</ele>
            </trkpt>
            <trkpt lat="45.769749" lon="11.150997">
                <ele>0</ele>
            </trkpt>
            <trkpt lat="45.769372" lon="11.150312">
                <ele>0</ele>
            </trkpt>
            <trkpt lat="45.769178" lon="11.149785">
                <ele>0</ele>
            </trkpt>
            <trkpt lat="45.769011" lon="11.14963">
                <ele>0</ele>
            </trkpt>
            <trkpt lat="45.768824" lon="11.149556">
                <ele>0</ele>
            </trkpt>
            <trkpt lat="45.768505" lon="11.149529">
                <ele>0</ele>
            </trkpt>
            <trkpt lat="45.768404" lon="11.149519">
                <ele>0</ele>
            </trkpt>
            <trkpt lat="45.768326" lon="11.149413">
                <ele>0</ele>
            </trkpt>
            <trkpt lat="45.768322" lon="11.149316">
                <ele>0</ele>
            </trkpt>
            <trkpt lat="45.768368" lon="11.149187">
                <ele>0</ele>
            </trkpt>
            <trkpt lat="45.768552" lon="11.148786">
                <ele>0</ele>
            </trkpt>
            <trkpt lat="45.768607" lon="11.148613">
                <ele>0</ele>
            </trkpt>
            <trkpt lat="45.768634" lon="11.148393">
                <ele>0</ele>
            </trkpt>
            <trkpt lat="45.768626" lon="11.148234">
                <ele>0</ele>
            </trkpt>
            <trkpt lat="45.768567" lon="11.148101">
                <ele>0</ele>
            </trkpt>
            <trkpt lat="45.768445" lon="11.147955">
                <ele>0</ele>
            </trkpt>
            <trkpt lat="45.768281" lon="11.14785">
                <ele>0</ele>
            </trkpt>
            <trkpt lat="45.767827" lon="11.147634">
                <ele>0</ele>
            </trkpt>
            <trkpt lat="45.767629" lon="11.147491">
                <ele>0</ele>
            </trkpt>
            <trkpt lat="45.76754" lon="11.147396">
                <ele>0</ele>
            </trkpt>
            <trkpt lat="45.767482" lon="11.147227">
                <ele>0</ele>
            </trkpt>
            <trkpt lat="45.767385" lon="11.146877">
                <ele>0</ele>
            </trkpt>
            <trkpt lat="45.767339" lon="11.146632">
                <ele>0</ele>
            </trkpt>
            <trkpt lat="45.767336" lon="11.146224">
                <ele>0</ele>
            </trkpt>
            <trkpt lat="45.767344" lon="11.145608">
                <ele>0</ele>
            </trkpt>
            <trkpt lat="45.76735" lon="11.145285">
                <ele>0</ele>
            </trkpt>
            <trkpt lat="45.767384" lon="11.145099">
                <ele>0</ele>
            </trkpt>
            <trkpt lat="45.767481" lon="11.144914">
                <ele>0</ele>
            </trkpt>
            <trkpt lat="45.767699" lon="11.144664">
                <ele>0</ele>
            </trkpt>
            <trkpt lat="45.767949" lon="11.144334">
                <ele>0</ele>
            </trkpt>
            <trkpt lat="45.768019" lon="11.144207">
                <ele>0</ele>
            </trkpt>
            <trkpt lat="45.768046" lon="11.144086">
                <ele>0</ele>
            </trkpt>
            <trkpt lat="45.768016" lon="11.143798">
                <ele>0</ele>
            </trkpt>
            <trkpt lat="45.768002" lon="11.143598">
                <ele>0</ele>
            </trkpt>
            <trkpt lat="45.768034" lon="11.143447">
                <ele>0</ele>
            </trkpt>
            <trkpt lat="45.768092" lon="11.143331">
                <ele>0</ele>
            </trkpt>
            <trkpt lat="45.768395" lon="11.142905">
                <ele>0</ele>
            </trkpt>
            <trkpt lat="45.768442" lon="11.142767">
                <ele>0</ele>
            </trkpt>
            <trkpt lat="45.768565" lon="11.142192">
                <ele>0</ele>
            </trkpt>
            <trkpt lat="45.768581" lon="11.141973">
                <ele>0</ele>
            </trkpt>
            <trkpt lat="45.768589" lon="11.141649">
                <ele>0</ele>
            </trkpt>
            <trkpt lat="45.768597" lon="11.141504">
                <ele>0</ele>
            </trkpt>
            <trkpt lat="45.768626" lon="11.141344">
                <ele>0</ele>
            </trkpt>
            <trkpt lat="45.768971" lon="11.140361">
                <ele>0</ele>
            </trkpt>
            <trkpt lat="45.769051" lon="11.140229">
                <ele>0</ele>
            </trkpt>
            <trkpt lat="45.769178" lon="11.140174">
                <ele>0</ele>
            </trkpt>
            <trkpt lat="45.769308" lon="11.140179">
                <ele>0</ele>
            </trkpt>
            <trkpt lat="45.769414" lon="11.140258">
                <ele>0</ele>
            </trkpt>
            <trkpt lat="45.769762" lon="11.140657">
                <ele>0</ele>
            </trkpt>
            <trkpt lat="45.76985" lon="11.140697">
                <ele>0</ele>
            </trkpt>
            <trkpt lat="45.769925" lon="11.140697">
                <ele>0</ele>
            </trkpt>
            <trkpt lat="45.770004" lon="11.140606">
                <ele>0</ele>
            </trkpt>
            <trkpt lat="45.770038" lon="11.140501">
                <ele>0</ele>
            </trkpt>
            <trkpt lat="45.770028" lon="11.140347">
                <ele>0</ele>
            </trkpt>
            <trkpt lat="45.769995" lon="11.140035">
                <ele>0</ele>
            </trkpt>
            <trkpt lat="45.769984" lon="11.139225">
                <ele>0</ele>
            </trkpt>
            <trkpt lat="45.770043" lon="11.138865">
                <ele>0</ele>
            </trkpt>
            <trkpt lat="45.770099" lon="11.138462">
                <ele>0</ele>
            </trkpt>
            <trkpt lat="45.770139" lon="11.138244">
                <ele>0</ele>
            </trkpt>
            <trkpt lat="45.770179" lon="11.138068">
                <ele>0</ele>
            </trkpt>
            <trkpt lat="45.77026" lon="11.137925">
                <ele>0</ele>
            </trkpt>
            <trkpt lat="45.770856" lon="11.137195">
                <ele>0</ele>
            </trkpt>
            <trkpt lat="45.771084" lon="11.136992">
                <ele>0</ele>
            </trkpt>
            <trkpt lat="45.771361" lon="11.136828">
                <ele>0</ele>
            </trkpt>
            <trkpt lat="45.771456" lon="11.136727">
                <ele>0</ele>
            </trkpt>
            <trkpt lat="45.771507" lon="11.136609">
                <ele>0</ele>
            </trkpt>
            <trkpt lat="45.771556" lon="11.136366">
                <ele>0</ele>
            </trkpt>
            <trkpt lat="45.771578" lon="11.135603">
                <ele>0</ele>
            </trkpt>
            <trkpt lat="45.771548" lon="11.135023">
                <ele>0</ele>
            </trkpt>
            <trkpt lat="45.771539" lon="11.134848">
                <ele>0</ele>
            </trkpt>
            <trkpt lat="45.771526" lon="11.134501">
                <ele>0</ele>
            </trkpt>
            <trkpt lat="45.771558" lon="11.134383">
                <ele>0</ele>
            </trkpt>
            <trkpt lat="45.77163" lon="11.134295">
                <ele>0</ele>
            </trkpt>
            <trkpt lat="45.771807" lon="11.134205">
                <ele>0</ele>
            </trkpt>
            <trkpt lat="45.771945" lon="11.134159">
                <ele>0</ele>
            </trkpt>
            <trkpt lat="45.772079" lon="11.134136">
                <ele>0</ele>
            </trkpt>
            <trkpt lat="45.772298" lon="11.134159">
                <ele>0</ele>
            </trkpt>
            <trkpt lat="45.772503" lon="11.134152">
                <ele>0</ele>
            </trkpt>
            <trkpt lat="45.77286" lon="11.134014">
                <ele>0</ele>
            </trkpt>
            <trkpt lat="45.772982" lon="11.133927">
                <ele>0</ele>
            </trkpt>
            <trkpt lat="45.773107" lon="11.13383">
                <ele>0</ele>
            </trkpt>
            <trkpt lat="45.773384" lon="11.133507">
                <ele>0</ele>
            </trkpt>
            <trkpt lat="45.773499" lon="11.133301">
                <ele>0</ele>
            </trkpt>
            <trkpt lat="45.77352" lon="11.133195">
                <ele>0</ele>
            </trkpt>
            <trkpt lat="45.773539" lon="11.133102">
                <ele>0</ele>
            </trkpt>
            <trkpt lat="45.773549" lon="11.133035">
                <ele>0</ele>
            </trkpt>
            <trkpt lat="45.773568" lon="11.132861">
                <ele>0</ele>
            </trkpt>
            <trkpt lat="45.773531" lon="11.132598">
                <ele>0</ele>
            </trkpt>
            <trkpt lat="45.77342" lon="11.132281">
                <ele>0</ele>
            </trkpt>
            <trkpt lat="45.773294" lon="11.131997">
                <ele>0</ele>
            </trkpt>
            <trkpt lat="45.7732" lon="11.131619">
                <ele>0</ele>
            </trkpt>
            <trkpt lat="45.77308" lon="11.131127">
                <ele>0</ele>
            </trkpt>
            <trkpt lat="45.772964" lon="11.130769">
                <ele>0</ele>
            </trkpt>
            <trkpt lat="45.772799" lon="11.130263">
                <ele>0</ele>
            </trkpt>
            <trkpt lat="45.772723" lon="11.129987">
                <ele>0</ele>
            </trkpt>
            <trkpt lat="45.772708" lon="11.129707">
                <ele>0</ele>
            </trkpt>
            <trkpt lat="45.772758" lon="11.129522">
                <ele>0</ele>
            </trkpt>
            <trkpt lat="45.772911" lon="11.129303">
                <ele>0</ele>
            </trkpt>
            <trkpt lat="45.772964" lon="11.129266">
                <ele>0</ele>
            </trkpt>
            <trkpt lat="45.773067" lon="11.129194">
                <ele>0</ele>
            </trkpt>
            <trkpt lat="45.773358" lon="11.129141">
                <ele>0</ele>
            </trkpt>
            <trkpt lat="45.773725" lon="11.129056">
                <ele>0</ele>
            </trkpt>
            <trkpt lat="45.773898" lon="11.128934">
                <ele>0</ele>
            </trkpt>
            <trkpt lat="45.774039" lon="11.128765">
                <ele>0</ele>
            </trkpt>
            <trkpt lat="45.774241" lon="11.128437">
                <ele>0</ele>
            </trkpt>
            <trkpt lat="45.774339" lon="11.128287">
                <ele>0</ele>
            </trkpt>
            <trkpt lat="45.774627" lon="11.128043">
                <ele>0</ele>
            </trkpt>
            <trkpt lat="45.774732" lon="11.12794">
                <ele>0</ele>
            </trkpt>
            <trkpt lat="45.774794" lon="11.127837">
                <ele>0</ele>
            </trkpt>
            <trkpt lat="45.77491" lon="11.127531">
                <ele>0</ele>
            </trkpt>
            <trkpt lat="45.775665" lon="11.125618">
                <ele>0</ele>
            </trkpt>
            <trkpt lat="45.775922" lon="11.12519">
                <ele>0</ele>
            </trkpt>
            <trkpt lat="45.776048" lon="11.124993">
                <ele>0</ele>
            </trkpt>
            <trkpt lat="45.776067" lon="11.124963">
                <ele>0</ele>
            </trkpt>
            <trkpt lat="45.776096" lon="11.124918">
                <ele>0</ele>
            </trkpt>
            <trkpt lat="45.776162" lon="11.124815">
                <ele>0</ele>
            </trkpt>
            <trkpt lat="45.776282" lon="11.124552">
                <ele>0</ele>
            </trkpt>
            <trkpt lat="45.776395" lon="11.124189">
                <ele>0</ele>
            </trkpt>
            <trkpt lat="45.776477" lon="11.123991">
                <ele>0</ele>
            </trkpt>
            <trkpt lat="45.776882" lon="11.123566">
                <ele>0</ele>
            </trkpt>
            <trkpt lat="45.776905" lon="11.123534">
                <ele>0</ele>
            </trkpt>
            <trkpt lat="45.777006" lon="11.123396">
                <ele>0</ele>
            </trkpt>
            <trkpt lat="45.777097" lon="11.123245">
                <ele>0</ele>
            </trkpt>
            <trkpt lat="45.77719" lon="11.123061">
                <ele>0</ele>
            </trkpt>
            <trkpt lat="45.777293" lon="11.123031">
                <ele>0</ele>
            </trkpt>
            <trkpt lat="45.777378" lon="11.123074">
                <ele>0</ele>
            </trkpt>
            <trkpt lat="45.77743" lon="11.123159">
                <ele>0</ele>
            </trkpt>
            <trkpt lat="45.777449" lon="11.123189">
                <ele>0</ele>
            </trkpt>
            <trkpt lat="45.777508" lon="11.123347">
                <ele>0</ele>
            </trkpt>
            <trkpt lat="45.777566" lon="11.12352">
                <ele>0</ele>
            </trkpt>
            <trkpt lat="45.777646" lon="11.123902">
                <ele>0</ele>
            </trkpt>
            <trkpt lat="45.777724" lon="11.124136">
                <ele>0</ele>
            </trkpt>
            <trkpt lat="45.777893" lon="11.124437">
                <ele>0</ele>
            </trkpt>
            <trkpt lat="45.778093" lon="11.124712">
                <ele>0</ele>
            </trkpt>
            <trkpt lat="45.778259" lon="11.124893">
                <ele>0</ele>
            </trkpt>
            <trkpt lat="45.778456" lon="11.125059">
                <ele>0</ele>
            </trkpt>
            <trkpt lat="45.778494" lon="11.125082">
                <ele>0</ele>
            </trkpt>
            <trkpt lat="45.778724" lon="11.125223">
                <ele>0</ele>
            </trkpt>
            <trkpt lat="45.778999" lon="11.125345">
                <ele>0</ele>
            </trkpt>
            <trkpt lat="45.779382" lon="11.125464">
                <ele>0</ele>
            </trkpt>
            <trkpt lat="45.779743" lon="11.125486">
                <ele>0</ele>
            </trkpt>
            <trkpt lat="45.780037" lon="11.125433">
                <ele>0</ele>
            </trkpt>
            <trkpt lat="45.780285" lon="11.125342">
                <ele>0</ele>
            </trkpt>
            <trkpt lat="45.780599" lon="11.125141">
                <ele>0</ele>
            </trkpt>
            <trkpt lat="45.780909" lon="11.124963">
                <ele>0</ele>
            </trkpt>
            <trkpt lat="45.781049" lon="11.124936">
                <ele>0</ele>
            </trkpt>
            <trkpt lat="45.781127" lon="11.124947">
                <ele>0</ele>
            </trkpt>
            <trkpt lat="45.781209" lon="11.124992">
                <ele>0</ele>
            </trkpt>
            <trkpt lat="45.781281" lon="11.125125">
                <ele>0</ele>
            </trkpt>
            <trkpt lat="45.781326" lon="11.125297">
                <ele>0</ele>
            </trkpt>
            <trkpt lat="45.78135" lon="11.125412">
                <ele>0</ele>
            </trkpt>
            <trkpt lat="45.781407" lon="11.12547">
                <ele>0</ele>
            </trkpt>
            <trkpt lat="45.781486" lon="11.125457">
                <ele>0</ele>
            </trkpt>
            <trkpt lat="45.781549" lon="11.125383">
                <ele>0</ele>
            </trkpt>
            <trkpt lat="45.781554" lon="11.125377">
                <ele>0</ele>
            </trkpt>
            <trkpt lat="45.781582" lon="11.125243">
                <ele>0</ele>
            </trkpt>
            <trkpt lat="45.781567" lon="11.12509">
                <ele>0</ele>
            </trkpt>
            <trkpt lat="45.781486" lon="11.124877">
                <ele>0</ele>
            </trkpt>
            <trkpt lat="45.781418" lon="11.124775">
                <ele>0</ele>
            </trkpt>
            <trkpt lat="45.78138" lon="11.124718">
                <ele>0</ele>
            </trkpt>
            <trkpt lat="45.781301" lon="11.124631">
                <ele>0</ele>
            </trkpt>
            <trkpt lat="45.781198" lon="11.124552">
                <ele>0</ele>
            </trkpt>
            <trkpt lat="45.781154" lon="11.124489">
                <ele>0</ele>
            </trkpt>
            <trkpt lat="45.781144" lon="11.124432">
                <ele>0</ele>
            </trkpt>
            <trkpt lat="45.781134" lon="11.12437">
                <ele>0</ele>
            </trkpt>
            <trkpt lat="45.781165" lon="11.124295">
                <ele>0</ele>
            </trkpt>
            <trkpt lat="45.781201" lon="11.124254">
                <ele>0</ele>
            </trkpt>
            <trkpt lat="45.781264" lon="11.12426">
                <ele>0</ele>
            </trkpt>
            <trkpt lat="45.781345" lon="11.124297">
                <ele>0</ele>
            </trkpt>
            <trkpt lat="45.781397" lon="11.124345">
                <ele>0</ele>
            </trkpt>
            <trkpt lat="45.781512" lon="11.124486">
                <ele>0</ele>
            </trkpt>
            <trkpt lat="45.781608" lon="11.124683">
                <ele>0</ele>
            </trkpt>
            <trkpt lat="45.782185" lon="11.125872">
                <ele>0</ele>
            </trkpt>
            <trkpt lat="45.78225" lon="11.125983">
                <ele>0</ele>
            </trkpt>
            <trkpt lat="45.782313" lon="11.126033">
                <ele>0</ele>
            </trkpt>
            <trkpt lat="45.78247" lon="11.126077">
                <ele>0</ele>
            </trkpt>
            <trkpt lat="45.7826" lon="11.126075">
                <ele>0</ele>
            </trkpt>
            <trkpt lat="45.782655" lon="11.126045">
                <ele>0</ele>
            </trkpt>
            <trkpt lat="45.782681" lon="11.125976">
                <ele>0</ele>
            </trkpt>
            <trkpt lat="45.782701" lon="11.125858">
                <ele>0</ele>
            </trkpt>
            <trkpt lat="45.78277" lon="11.125392">
                <ele>0</ele>
            </trkpt>
            <trkpt lat="45.782781" lon="11.125214">
                <ele>0</ele>
            </trkpt>
            <trkpt lat="45.782774" lon="11.124728">
                <ele>0</ele>
            </trkpt>
            <trkpt lat="45.782765" lon="11.124425">
                <ele>0</ele>
            </trkpt>
            <trkpt lat="45.782735" lon="11.124185">
                <ele>0</ele>
            </trkpt>
            <trkpt lat="45.782606" lon="11.123703">
                <ele>0</ele>
            </trkpt>
            <trkpt lat="45.782506" lon="11.123192">
                <ele>0</ele>
            </trkpt>
            <trkpt lat="45.78245" lon="11.122775">
                <ele>0</ele>
            </trkpt>
            <trkpt lat="45.782392" lon="11.122352">
                <ele>0</ele>
            </trkpt>
            <trkpt lat="45.782371" lon="11.122018">
                <ele>0</ele>
            </trkpt>
            <trkpt lat="45.782382" lon="11.121821">
                <ele>0</ele>
            </trkpt>
            <trkpt lat="45.782407" lon="11.121645">
                <ele>0</ele>
            </trkpt>
            <trkpt lat="45.782416" lon="11.121604">
                <ele>0</ele>
            </trkpt>
            <trkpt lat="45.782477" lon="11.121339">
                <ele>0</ele>
            </trkpt>
            <trkpt lat="45.782758" lon="11.120885">
                <ele>0</ele>
            </trkpt>
            <trkpt lat="45.782862" lon="11.120653">
                <ele>0</ele>
            </trkpt>
            <trkpt lat="45.782919" lon="11.12037">
                <ele>0</ele>
            </trkpt>
            <trkpt lat="45.782894" lon="11.120014">
                <ele>0</ele>
            </trkpt>
            <trkpt lat="45.782802" lon="11.119593">
                <ele>0</ele>
            </trkpt>
            <trkpt lat="45.782797" lon="11.119534">
                <ele>0</ele>
            </trkpt>
            <trkpt lat="45.782701" lon="11.118549">
                <ele>0</ele>
            </trkpt>
            <trkpt lat="45.78268" lon="11.117814">
                <ele>0</ele>
            </trkpt>
            <trkpt lat="45.782665" lon="11.117643">
                <ele>0</ele>
            </trkpt>
            <trkpt lat="45.782649" lon="11.117471">
                <ele>0</ele>
            </trkpt>
            <trkpt lat="45.782539" lon="11.11707">
                <ele>0</ele>
            </trkpt>
            <trkpt lat="45.782359" lon="11.116712">
                <ele>0</ele>
            </trkpt>
            <trkpt lat="45.78234" lon="11.116605">
                <ele>0</ele>
            </trkpt>
            <trkpt lat="45.782357" lon="11.116201">
                <ele>0</ele>
            </trkpt>
            <trkpt lat="45.782319" lon="11.115817">
                <ele>0</ele>
            </trkpt>
            <trkpt lat="45.782282" lon="11.115376">
                <ele>0</ele>
            </trkpt>
            <trkpt lat="45.782253" lon="11.115098">
                <ele>0</ele>
            </trkpt>
            <trkpt lat="45.782265" lon="11.114896">
                <ele>0</ele>
            </trkpt>
            <trkpt lat="45.782317" lon="11.114684">
                <ele>0</ele>
            </trkpt>
            <trkpt lat="45.782579" lon="11.11412">
                <ele>0</ele>
            </trkpt>
            <trkpt lat="45.782623" lon="11.114016">
                <ele>0</ele>
            </trkpt>
            <trkpt lat="45.782681" lon="11.113877">
                <ele>0</ele>
            </trkpt>
            <trkpt lat="45.782777" lon="11.113748">
                <ele>0</ele>
            </trkpt>
            <trkpt lat="45.78292" lon="11.113668">
                <ele>0</ele>
            </trkpt>
            <trkpt lat="45.78302" lon="11.113636">
                <ele>0</ele>
            </trkpt>
            <trkpt lat="45.783165" lon="11.113618">
                <ele>0</ele>
            </trkpt>
            <trkpt lat="45.783329" lon="11.113683">
                <ele>0</ele>
            </trkpt>
            <trkpt lat="45.783397" lon="11.113772">
                <ele>0</ele>
            </trkpt>
            <trkpt lat="45.783498" lon="11.113891">
                <ele>0</ele>
            </trkpt>
            <trkpt lat="45.783597" lon="11.113928">
                <ele>0</ele>
            </trkpt>
            <trkpt lat="45.783732" lon="11.113912">
                <ele>0</ele>
            </trkpt>
            <trkpt lat="45.783981" lon="11.113729">
                <ele>0</ele>
            </trkpt>
            <trkpt lat="45.784266" lon="11.113449">
                <ele>0</ele>
            </trkpt>
            <trkpt lat="45.784563" lon="11.113145">
                <ele>0</ele>
            </trkpt>
            <trkpt lat="45.784721" lon="11.112908">
                <ele>0</ele>
            </trkpt>
            <trkpt lat="45.784864" lon="11.11267">
                <ele>0</ele>
            </trkpt>
            <trkpt lat="45.784977" lon="11.112377">
                <ele>0</ele>
            </trkpt>
            <trkpt lat="45.785038" lon="11.112023">
                <ele>0</ele>
            </trkpt>
            <trkpt lat="45.785082" lon="11.111466">
                <ele>0</ele>
            </trkpt>
            <trkpt lat="45.785093" lon="11.111261">
                <ele>0</ele>
            </trkpt>
            <trkpt lat="45.785278" lon="11.110386">
                <ele>0</ele>
            </trkpt>
            <trkpt lat="45.785384" lon="11.110072">
                <ele>0</ele>
            </trkpt>
            <trkpt lat="45.785529" lon="11.109815">
                <ele>0</ele>
            </trkpt>
            <trkpt lat="45.785645" lon="11.109685">
                <ele>0</ele>
            </trkpt>
            <trkpt lat="45.785775" lon="11.109604">
                <ele>0</ele>
            </trkpt>
            <trkpt lat="45.786379" lon="11.109198">
                <ele>0</ele>
            </trkpt>
            <trkpt lat="45.78658" lon="11.109092">
                <ele>0</ele>
            </trkpt>
            <trkpt lat="45.786785" lon="11.109029">
                <ele>0</ele>
            </trkpt>
            <trkpt lat="45.786944" lon="11.109045">
                <ele>0</ele>
            </trkpt>
            <trkpt lat="45.787106" lon="11.109113">
                <ele>0</ele>
            </trkpt>
            <trkpt lat="45.787232" lon="11.109228">
                <ele>0</ele>
            </trkpt>
            <trkpt lat="45.787322" lon="11.109383">
                <ele>0</ele>
            </trkpt>
            <trkpt lat="45.787681" lon="11.110319">
                <ele>0</ele>
            </trkpt>
            <trkpt lat="45.787791" lon="11.110582">
                <ele>0</ele>
            </trkpt>
            <trkpt lat="45.787928" lon="11.110788">
                <ele>0</ele>
            </trkpt>
            <trkpt lat="45.78817" lon="11.11106">
                <ele>0</ele>
            </trkpt>
            <trkpt lat="45.788398" lon="11.111282">
                <ele>0</ele>
            </trkpt>
            <trkpt lat="45.788459" lon="11.111341">
                <ele>0</ele>
            </trkpt>
            <trkpt lat="45.788466" lon="11.111348">
                <ele>0</ele>
            </trkpt>
            <trkpt lat="45.788581" lon="11.111461">
                <ele>0</ele>
            </trkpt>
            <trkpt lat="45.788893" lon="11.111702">
                <ele>0</ele>
            </trkpt>
            <trkpt lat="45.789068" lon="11.111794">
                <ele>0</ele>
            </trkpt>
            <trkpt lat="45.78926" lon="11.111843">
                <ele>0</ele>
            </trkpt>
            <trkpt lat="45.789552" lon="11.111887">
                <ele>0</ele>
            </trkpt>
            <trkpt lat="45.789686" lon="11.111911">
                <ele>0</ele>
            </trkpt>
            <trkpt lat="45.790055" lon="11.112036">
                <ele>0</ele>
            </trkpt>
            <trkpt lat="45.790285" lon="11.112176">
                <ele>0</ele>
            </trkpt>
            <trkpt lat="45.790328" lon="11.11225">
                <ele>0</ele>
            </trkpt>
            <trkpt lat="45.790434" lon="11.11243">
                <ele>0</ele>
            </trkpt>
            <trkpt lat="45.790579" lon="11.112895">
                <ele>0</ele>
            </trkpt>
            <trkpt lat="45.790606" lon="11.112981">
                <ele>0</ele>
            </trkpt>
            <trkpt lat="45.790606" lon="11.112982">
                <ele>0</ele>
            </trkpt>
            <trkpt lat="45.790771" lon="11.113514">
                <ele>0</ele>
            </trkpt>
            <trkpt lat="45.791" lon="11.113924">
                <ele>0</ele>
            </trkpt>
            <trkpt lat="45.791249" lon="11.11427">
                <ele>0</ele>
            </trkpt>
            <trkpt lat="45.791634" lon="11.114731">
                <ele>0</ele>
            </trkpt>
            <trkpt lat="45.791778" lon="11.114995">
                <ele>0</ele>
            </trkpt>
            <trkpt lat="45.791902" lon="11.115325">
                <ele>0</ele>
            </trkpt>
            <trkpt lat="45.791954" lon="11.115465">
                <ele>0</ele>
            </trkpt>
            <trkpt lat="45.79202" lon="11.115555">
                <ele>0</ele>
            </trkpt>
            <trkpt lat="45.792159" lon="11.115589">
                <ele>0</ele>
            </trkpt>
            <trkpt lat="45.792331" lon="11.115566">
                <ele>0</ele>
            </trkpt>
            <trkpt lat="45.792472" lon="11.115533">
                <ele>0</ele>
            </trkpt>
            <trkpt lat="45.792613" lon="11.115389">
                <ele>0</ele>
            </trkpt>
            <trkpt lat="45.792696" lon="11.115216">
                <ele>0</ele>
            </trkpt>
            <trkpt lat="45.792739" lon="11.11499">
                <ele>0</ele>
            </trkpt>
            <trkpt lat="45.792749" lon="11.114644">
                <ele>0</ele>
            </trkpt>
            <trkpt lat="45.792591" lon="11.112771">
                <ele>0</ele>
            </trkpt>
            <trkpt lat="45.792411" lon="11.111803">
                <ele>0</ele>
            </trkpt>
            <trkpt lat="45.792194" lon="11.110827">
                <ele>0</ele>
            </trkpt>
            <trkpt lat="45.792123" lon="11.110265">
                <ele>0</ele>
            </trkpt>
            <trkpt lat="45.792108" lon="11.109771">
                <ele>0</ele>
            </trkpt>
            <trkpt lat="45.792114" lon="11.109379">
                <ele>0</ele>
            </trkpt>
            <trkpt lat="45.79214" lon="11.109147">
                <ele>0</ele>
            </trkpt>
            <trkpt lat="45.792189" lon="11.108887">
                <ele>0</ele>
            </trkpt>
            <trkpt lat="45.792226" lon="11.108828">
                <ele>0</ele>
            </trkpt>
            <trkpt lat="45.792282" lon="11.108735">
                <ele>0</ele>
            </trkpt>
            <trkpt lat="45.79241" lon="11.108596">
                <ele>0</ele>
            </trkpt>
            <trkpt lat="45.792585" lon="11.108427">
                <ele>0</ele>
            </trkpt>
            <trkpt lat="45.792848" lon="11.108169">
                <ele>0</ele>
            </trkpt>
            <trkpt lat="45.793293" lon="11.107864">
                <ele>0</ele>
            </trkpt>
            <trkpt lat="45.793928" lon="11.107537">
                <ele>0</ele>
            </trkpt>
            <trkpt lat="45.793943" lon="11.10753">
                <ele>0</ele>
            </trkpt>
            <trkpt lat="45.794908" lon="11.107034">
                <ele>0</ele>
            </trkpt>
            <trkpt lat="45.795274" lon="11.106806">
                <ele>0</ele>
            </trkpt>
            <trkpt lat="45.795519" lon="11.106648">
                <ele>0</ele>
            </trkpt>
            <trkpt lat="45.795663" lon="11.106554">
                <ele>0</ele>
            </trkpt>
            <trkpt lat="45.795861" lon="11.106369">
                <ele>0</ele>
            </trkpt>
            <trkpt lat="45.796016" lon="11.10618">
                <ele>0</ele>
            </trkpt>
            <trkpt lat="45.796235" lon="11.105861">
                <ele>0</ele>
            </trkpt>
            <trkpt lat="45.796579" lon="11.105217">
                <ele>0</ele>
            </trkpt>
            <trkpt lat="45.796664" lon="11.105041">
                <ele>0</ele>
            </trkpt>
            <trkpt lat="45.796909" lon="11.104536">
                <ele>0</ele>
            </trkpt>
            <trkpt lat="45.796925" lon="11.104497">
                <ele>0</ele>
            </trkpt>
            <trkpt lat="45.797074" lon="11.104128">
                <ele>0</ele>
            </trkpt>
            <trkpt lat="45.797197" lon="11.103817">
                <ele>0</ele>
            </trkpt>
            <trkpt lat="45.79732" lon="11.103625">
                <ele>0</ele>
            </trkpt>
            <trkpt lat="45.797696" lon="11.103291">
                <ele>0</ele>
            </trkpt>
            <trkpt lat="45.797882" lon="11.103093">
                <ele>0</ele>
            </trkpt>
            <trkpt lat="45.798048" lon="11.102878">
                <ele>0</ele>
            </trkpt>
            <trkpt lat="45.798204" lon="11.102672">
                <ele>0</ele>
            </trkpt>
            <trkpt lat="45.798419" lon="11.102509">
                <ele>0</ele>
            </trkpt>
            <trkpt lat="45.798584" lon="11.102453">
                <ele>0</ele>
            </trkpt>
            <trkpt lat="45.798718" lon="11.102399">
                <ele>0</ele>
            </trkpt>
            <trkpt lat="45.798785" lon="11.102349">
                <ele>0</ele>
            </trkpt>
            <trkpt lat="45.798833" lon="11.102288">
                <ele>0</ele>
            </trkpt>
            <trkpt lat="45.798896" lon="11.102173">
                <ele>0</ele>
            </trkpt>
            <trkpt lat="45.79895" lon="11.102035">
                <ele>0</ele>
            </trkpt>
            <trkpt lat="45.799008" lon="11.101813">
                <ele>0</ele>
            </trkpt>
            <trkpt lat="45.79906" lon="11.101569">
                <ele>0</ele>
            </trkpt>
            <trkpt lat="45.799107" lon="11.101385">
                <ele>0</ele>
            </trkpt>
            <trkpt lat="45.799185" lon="11.10128">
                <ele>0</ele>
            </trkpt>
            <trkpt lat="45.799262" lon="11.101233">
                <ele>0</ele>
            </trkpt>
            <trkpt lat="45.799356" lon="11.101198">
                <ele>0</ele>
            </trkpt>
            <trkpt lat="45.799525" lon="11.101205">
                <ele>0</ele>
            </trkpt>
            <trkpt lat="45.799698" lon="11.101228">
                <ele>0</ele>
            </trkpt>
            <trkpt lat="45.799906" lon="11.101208">
                <ele>0</ele>
            </trkpt>
            <trkpt lat="45.800043" lon="11.10123">
                <ele>0</ele>
            </trkpt>
            <trkpt lat="45.80022" lon="11.101256">
                <ele>0</ele>
            </trkpt>
            <trkpt lat="45.800287" lon="11.101254">
                <ele>0</ele>
            </trkpt>
            <trkpt lat="45.800403" lon="11.101214">
                <ele>0</ele>
            </trkpt>
            <trkpt lat="45.800528" lon="11.101092">
                <ele>0</ele>
            </trkpt>
            <trkpt lat="45.800687" lon="11.100912">
                <ele>0</ele>
            </trkpt>
            <trkpt lat="45.800798" lon="11.100718">
                <ele>0</ele>
            </trkpt>
            <trkpt lat="45.800874" lon="11.100491">
                <ele>0</ele>
            </trkpt>
            <trkpt lat="45.801177" lon="11.099765">
                <ele>0</ele>
            </trkpt>
            <trkpt lat="45.801309" lon="11.099551">
                <ele>0</ele>
            </trkpt>
            <trkpt lat="45.801533" lon="11.099421">
                <ele>0</ele>
            </trkpt>
            <trkpt lat="45.801839" lon="11.099319">
                <ele>0</ele>
            </trkpt>
            <trkpt lat="45.80205" lon="11.099159">
                <ele>0</ele>
            </trkpt>
            <trkpt lat="45.802349" lon="11.099005">
                <ele>0</ele>
            </trkpt>
            <trkpt lat="45.802504" lon="11.098924">
                <ele>0</ele>
            </trkpt>
            <trkpt lat="45.802617" lon="11.098836">
                <ele>0</ele>
            </trkpt>
            <trkpt lat="45.802854" lon="11.098589">
                <ele>0</ele>
            </trkpt>
            <trkpt lat="45.802937" lon="11.098513">
                <ele>0</ele>
            </trkpt>
            <trkpt lat="45.802988" lon="11.098483">
                <ele>0</ele>
            </trkpt>
            <trkpt lat="45.80311" lon="11.098466">
                <ele>0</ele>
            </trkpt>
            <trkpt lat="45.803228" lon="11.098538">
                <ele>0</ele>
            </trkpt>
            <trkpt lat="45.803389" lon="11.098625">
                <ele>0</ele>
            </trkpt>
            <trkpt lat="45.803564" lon="11.098704">
                <ele>0</ele>
            </trkpt>
            <trkpt lat="45.804046" lon="11.098845">
                <ele>0</ele>
            </trkpt>
            <trkpt lat="45.804144" lon="11.098865">
                <ele>0</ele>
            </trkpt>
            <trkpt lat="45.804249" lon="11.09885">
                <ele>0</ele>
            </trkpt>
            <trkpt lat="45.804354" lon="11.098797">
                <ele>0</ele>
            </trkpt>
            <trkpt lat="45.80444" lon="11.098738">
                <ele>0</ele>
            </trkpt>
            <trkpt lat="45.804561" lon="11.098706">
                <ele>0</ele>
            </trkpt>
            <trkpt lat="45.805146" lon="11.098685">
                <ele>0</ele>
            </trkpt>
            <trkpt lat="45.805404" lon="11.098703">
                <ele>0</ele>
            </trkpt>
            <trkpt lat="45.805559" lon="11.098733">
                <ele>0</ele>
            </trkpt>
            <trkpt lat="45.805708" lon="11.098782">
                <ele>0</ele>
            </trkpt>
            <trkpt lat="45.805785" lon="11.098803">
                <ele>0</ele>
            </trkpt>
            <trkpt lat="45.805869" lon="11.098803">
                <ele>0</ele>
            </trkpt>
            <trkpt lat="45.805974" lon="11.098772">
                <ele>0</ele>
            </trkpt>
            <trkpt lat="45.806319" lon="11.098583">
                <ele>0</ele>
            </trkpt>
            <trkpt lat="45.806423" lon="11.098513">
                <ele>0</ele>
            </trkpt>
            <trkpt lat="45.806567" lon="11.098368">
                <ele>0</ele>
            </trkpt>
            <trkpt lat="45.806686" lon="11.098179">
                <ele>0</ele>
            </trkpt>
            <trkpt lat="45.806791" lon="11.098027">
                <ele>0</ele>
            </trkpt>
            <trkpt lat="45.806905" lon="11.097896">
                <ele>0</ele>
            </trkpt>
            <trkpt lat="45.807067" lon="11.097743">
                <ele>0</ele>
            </trkpt>
            <trkpt lat="45.807156" lon="11.097664">
                <ele>0</ele>
            </trkpt>
            <trkpt lat="45.807231" lon="11.097561">
                <ele>0</ele>
            </trkpt>
            <trkpt lat="45.807295" lon="11.097448">
                <ele>0</ele>
            </trkpt>
            <trkpt lat="45.807353" lon="11.097307">
                <ele>0</ele>
            </trkpt>
            <trkpt lat="45.80742" lon="11.097207">
                <ele>0</ele>
            </trkpt>
            <trkpt lat="45.807512" lon="11.097137">
                <ele>0</ele>
            </trkpt>
            <trkpt lat="45.807702" lon="11.097045">
                <ele>0</ele>
            </trkpt>
            <trkpt lat="45.807899" lon="11.09698">
                <ele>0</ele>
            </trkpt>
            <trkpt lat="45.808177" lon="11.096967">
                <ele>0</ele>
            </trkpt>
            <trkpt lat="45.80823" lon="11.096958">
                <ele>0</ele>
            </trkpt>
            <trkpt lat="45.808414" lon="11.096926">
                <ele>0</ele>
            </trkpt>
            <trkpt lat="45.808614" lon="11.096839">
                <ele>0</ele>
            </trkpt>
            <trkpt lat="45.808756" lon="11.096754">
                <ele>0</ele>
            </trkpt>
            <trkpt lat="45.808925" lon="11.096613">
                <ele>0</ele>
            </trkpt>
            <trkpt lat="45.809103" lon="11.096426">
                <ele>0</ele>
            </trkpt>
            <trkpt lat="45.809314" lon="11.096061">
                <ele>0</ele>
            </trkpt>
            <trkpt lat="45.809341" lon="11.096014">
                <ele>0</ele>
            </trkpt>
            <trkpt lat="45.809606" lon="11.095613">
                <ele>0</ele>
            </trkpt>
            <trkpt lat="45.809743" lon="11.095501">
                <ele>0</ele>
            </trkpt>
            <trkpt lat="45.80981" lon="11.095508">
                <ele>0</ele>
            </trkpt>
            <trkpt lat="45.809874" lon="11.095514">
                <ele>0</ele>
            </trkpt>
            <trkpt lat="45.810046" lon="11.0956">
                <ele>0</ele>
            </trkpt>
            <trkpt lat="45.810098" lon="11.095636">
                <ele>0</ele>
            </trkpt>
            <trkpt lat="45.81023" lon="11.095726">
                <ele>0</ele>
            </trkpt>
            <trkpt lat="45.810356" lon="11.095795">
                <ele>0</ele>
            </trkpt>
            <trkpt lat="45.810551" lon="11.095788">
                <ele>0</ele>
            </trkpt>
            <trkpt lat="45.810599" lon="11.0958">
                <ele>0</ele>
            </trkpt>
            <trkpt lat="45.810761" lon="11.095839">
                <ele>0</ele>
            </trkpt>
            <trkpt lat="45.811065" lon="11.096084">
                <ele>0</ele>
            </trkpt>
            <trkpt lat="45.81115" lon="11.09615">
                <ele>0</ele>
            </trkpt>
            <trkpt lat="45.811231" lon="11.096199">
                <ele>0</ele>
            </trkpt>
            <trkpt lat="45.81136" lon="11.096217">
                <ele>0</ele>
            </trkpt>
            <trkpt lat="45.811508" lon="11.096194">
                <ele>0</ele>
            </trkpt>
            <trkpt lat="45.811627" lon="11.096145">
                <ele>0</ele>
            </trkpt>
            <trkpt lat="45.811853" lon="11.095994">
                <ele>0</ele>
            </trkpt>
            <trkpt lat="45.812022" lon="11.095881">
                <ele>0</ele>
            </trkpt>
            <trkpt lat="45.812276" lon="11.095701">
                <ele>0</ele>
            </trkpt>
            <trkpt lat="45.812436" lon="11.095534">
                <ele>0</ele>
            </trkpt>
            <trkpt lat="45.812723" lon="11.095128">
                <ele>0</ele>
            </trkpt>
            <trkpt lat="45.812877" lon="11.09498">
                <ele>0</ele>
            </trkpt>
            <trkpt lat="45.813046" lon="11.094876">
                <ele>0</ele>
            </trkpt>
            <trkpt lat="45.813221" lon="11.09485">
                <ele>0</ele>
            </trkpt>
            <trkpt lat="45.813547" lon="11.094839">
                <ele>0</ele>
            </trkpt>
            <trkpt lat="45.814179" lon="11.094765">
                <ele>0</ele>
            </trkpt>
            <trkpt lat="45.814325" lon="11.09479">
                <ele>0</ele>
            </trkpt>
            <trkpt lat="45.814503" lon="11.094891">
                <ele>0</ele>
            </trkpt>
            <trkpt lat="45.814606" lon="11.095017">
                <ele>0</ele>
            </trkpt>
            <trkpt lat="45.814676" lon="11.095122">
                <ele>0</ele>
            </trkpt>
            <trkpt lat="45.815001" lon="11.095602">
                <ele>0</ele>
            </trkpt>
            <trkpt lat="45.815236" lon="11.096027">
                <ele>0</ele>
            </trkpt>
            <trkpt lat="45.815345" lon="11.096374">
                <ele>0</ele>
            </trkpt>
            <trkpt lat="45.815384" lon="11.09645">
                <ele>0</ele>
            </trkpt>
            <trkpt lat="45.815443" lon="11.096491">
                <ele>0</ele>
            </trkpt>
            <trkpt lat="45.815496" lon="11.096481">
                <ele>0</ele>
            </trkpt>
            <trkpt lat="45.815587" lon="11.096442">
                <ele>0</ele>
            </trkpt>
            <trkpt lat="45.815622" lon="11.096414">
                <ele>0</ele>
            </trkpt>
            <trkpt lat="45.815756" lon="11.096013">
                <ele>0</ele>
            </trkpt>
            <trkpt lat="45.815798" lon="11.09557">
                <ele>0</ele>
            </trkpt>
            <trkpt lat="45.815861" lon="11.095343">
                <ele>0</ele>
            </trkpt>
            <trkpt lat="45.815971" lon="11.095242">
                <ele>0</ele>
            </trkpt>
            <trkpt lat="45.816197" lon="11.09518">
                <ele>0</ele>
            </trkpt>
            <trkpt lat="45.816369" lon="11.09511">
                <ele>0</ele>
            </trkpt>
            <trkpt lat="45.816463" lon="11.095019">
                <ele>0</ele>
            </trkpt>
            <trkpt lat="45.816533" lon="11.094952">
                <ele>0</ele>
            </trkpt>
            <trkpt lat="45.816763" lon="11.09478">
                <ele>0</ele>
            </trkpt>
            <trkpt lat="45.816983" lon="11.094518">
                <ele>0</ele>
            </trkpt>
            <trkpt lat="45.817207" lon="11.094233">
                <ele>0</ele>
            </trkpt>
            <trkpt lat="45.817423" lon="11.093912">
                <ele>0</ele>
            </trkpt>
            <trkpt lat="45.817591" lon="11.093572">
                <ele>0</ele>
            </trkpt>
            <trkpt lat="45.817728" lon="11.093277">
                <ele>0</ele>
            </trkpt>
            <trkpt lat="45.817855" lon="11.093085">
                <ele>0</ele>
            </trkpt>
            <trkpt lat="45.818106" lon="11.092663">
                <ele>0</ele>
            </trkpt>
            <trkpt lat="45.818238" lon="11.092399">
                <ele>0</ele>
            </trkpt>
            <trkpt lat="45.818365" lon="11.092107">
                <ele>0</ele>
            </trkpt>
            <trkpt lat="45.818474" lon="11.09194">
                <ele>0</ele>
            </trkpt>
            <trkpt lat="45.81854" lon="11.091839">
                <ele>0</ele>
            </trkpt>
            <trkpt lat="45.818834" lon="11.091482">
                <ele>0</ele>
            </trkpt>
            <trkpt lat="45.818843" lon="11.091473">
                <ele>0</ele>
            </trkpt>
            <trkpt lat="45.819041" lon="11.091282">
                <ele>0</ele>
            </trkpt>
            <trkpt lat="45.819043" lon="11.09128">
                <ele>0</ele>
            </trkpt>
            <trkpt lat="45.819088" lon="11.091236">
                <ele>0</ele>
            </trkpt>
            <trkpt lat="45.819134" lon="11.091192">
                <ele>0</ele>
            </trkpt>
            <trkpt lat="45.819653" lon="11.090929">
                <ele>0</ele>
            </trkpt>
            <trkpt lat="45.820031" lon="11.090749">
                <ele>0</ele>
            </trkpt>
            <trkpt lat="45.820276" lon="11.090686">
                <ele>0</ele>
            </trkpt>
            <trkpt lat="45.820538" lon="11.090642">
                <ele>0</ele>
            </trkpt>
            <trkpt lat="45.820734" lon="11.090683">
                <ele>0</ele>
            </trkpt>
            <trkpt lat="45.820885" lon="11.09073">
                <ele>0</ele>
            </trkpt>
            <trkpt lat="45.821505" lon="11.090966">
                <ele>0</ele>
            </trkpt>
            <trkpt lat="45.821857" lon="11.090948">
                <ele>0</ele>
            </trkpt>
            <trkpt lat="45.822288" lon="11.090887">
                <ele>0</ele>
            </trkpt>
            <trkpt lat="45.822524" lon="11.090783">
                <ele>0</ele>
            </trkpt>
            <trkpt lat="45.822732" lon="11.090677">
                <ele>0</ele>
            </trkpt>
            <trkpt lat="45.822914" lon="11.090494">
                <ele>0</ele>
            </trkpt>
            <trkpt lat="45.823015" lon="11.090335">
                <ele>0</ele>
            </trkpt>
            <trkpt lat="45.823106" lon="11.09008">
                <ele>0</ele>
            </trkpt>
            <trkpt lat="45.823133" lon="11.089854">
                <ele>0</ele>
            </trkpt>
            <trkpt lat="45.823075" lon="11.089504">
                <ele>0</ele>
            </trkpt>
            <trkpt lat="45.822977" lon="11.089068">
                <ele>0</ele>
            </trkpt>
            <trkpt lat="45.822944" lon="11.088928">
                <ele>0</ele>
            </trkpt>
            <trkpt lat="45.822947" lon="11.088801">
                <ele>0</ele>
            </trkpt>
            <trkpt lat="45.822966" lon="11.088704">
                <ele>0</ele>
            </trkpt>
            <trkpt lat="45.823017" lon="11.088635">
                <ele>0</ele>
            </trkpt>
            <trkpt lat="45.823142" lon="11.088527">
                <ele>0</ele>
            </trkpt>
            <trkpt lat="45.82347" lon="11.0881">
                <ele>0</ele>
            </trkpt>
            <trkpt lat="45.82367" lon="11.087711">
                <ele>0</ele>
            </trkpt>
            <trkpt lat="45.823825" lon="11.087316">
                <ele>0</ele>
            </trkpt>
            <trkpt lat="45.82401" lon="11.086735">
                <ele>0</ele>
            </trkpt>
            <trkpt lat="45.824168" lon="11.086346">
                <ele>0</ele>
            </trkpt>
            <trkpt lat="45.824321" lon="11.086116">
                <ele>0</ele>
            </trkpt>
            <trkpt lat="45.824475" lon="11.085884">
                <ele>0</ele>
            </trkpt>
            <trkpt lat="45.824568" lon="11.08569">
                <ele>0</ele>
            </trkpt>
            <trkpt lat="45.824689" lon="11.085577">
                <ele>0</ele>
            </trkpt>
            <trkpt lat="45.82487" lon="11.085472">
                <ele>0</ele>
            </trkpt>
            <trkpt lat="45.825006" lon="11.085323">
                <ele>0</ele>
            </trkpt>
            <trkpt lat="45.825088" lon="11.085176">
                <ele>0</ele>
            </trkpt>
            <trkpt lat="45.825148" lon="11.085051">
                <ele>0</ele>
            </trkpt>
            <trkpt lat="45.825283" lon="11.084424">
                <ele>0</ele>
            </trkpt>
            <trkpt lat="45.82573" lon="11.083419">
                <ele>0</ele>
            </trkpt>
            <trkpt lat="45.825836" lon="11.08325">
                <ele>0</ele>
            </trkpt>
            <trkpt lat="45.825941" lon="11.083173">
                <ele>0</ele>
            </trkpt>
            <trkpt lat="45.826293" lon="11.083067">
                <ele>0</ele>
            </trkpt>
            <trkpt lat="45.826482" lon="11.082915">
                <ele>0</ele>
            </trkpt>
            <trkpt lat="45.826624" lon="11.082643">
                <ele>0</ele>
            </trkpt>
            <trkpt lat="45.826768" lon="11.082144">
                <ele>0</ele>
            </trkpt>
            <trkpt lat="45.826836" lon="11.081921">
                <ele>0</ele>
            </trkpt>
            <trkpt lat="45.826933" lon="11.081693">
                <ele>0</ele>
            </trkpt>
            <trkpt lat="45.826992" lon="11.081587">
                <ele>0</ele>
            </trkpt>
            <trkpt lat="45.827118" lon="11.081511">
                <ele>0</ele>
            </trkpt>
            <trkpt lat="45.82721" lon="11.081407">
                <ele>0</ele>
            </trkpt>
            <trkpt lat="45.827359" lon="11.08111">
                <ele>0</ele>
            </trkpt>
            <trkpt lat="45.827452" lon="11.081">
                <ele>0</ele>
            </trkpt>
            <trkpt lat="45.827682" lon="11.080876">
                <ele>0</ele>
            </trkpt>
            <trkpt lat="45.827844" lon="11.080733">
                <ele>0</ele>
            </trkpt>
            <trkpt lat="45.828093" lon="11.080271">
                <ele>0</ele>
            </trkpt>
            <trkpt lat="45.828247" lon="11.079998">
                <ele>0</ele>
            </trkpt>
            <trkpt lat="45.828314" lon="11.079941">
                <ele>0</ele>
            </trkpt>
            <trkpt lat="45.828444" lon="11.079924">
                <ele>0</ele>
            </trkpt>
            <trkpt lat="45.828584" lon="11.079836">
                <ele>0</ele>
            </trkpt>
            <trkpt lat="45.828712" lon="11.079691">
                <ele>0</ele>
            </trkpt>
            <trkpt lat="45.828809" lon="11.079479">
                <ele>0</ele>
            </trkpt>
            <trkpt lat="45.828872" lon="11.079367">
                <ele>0</ele>
            </trkpt>
            <trkpt lat="45.828986" lon="11.079274">
                <ele>0</ele>
            </trkpt>
            <trkpt lat="45.829073" lon="11.079152">
                <ele>0</ele>
            </trkpt>
            <trkpt lat="45.829149" lon="11.078897">
                <ele>0</ele>
            </trkpt>
            <trkpt lat="45.82917" lon="11.078829">
                <ele>0</ele>
            </trkpt>
            <trkpt lat="45.829214" lon="11.078777">
                <ele>0</ele>
            </trkpt>
            <trkpt lat="45.829257" lon="11.078773">
                <ele>0</ele>
            </trkpt>
            <trkpt lat="45.829297" lon="11.078817">
                <ele>0</ele>
            </trkpt>
            <trkpt lat="45.829387" lon="11.079045">
                <ele>0</ele>
            </trkpt>
            <trkpt lat="45.829523" lon="11.079195">
                <ele>0</ele>
            </trkpt>
            <trkpt lat="45.829733" lon="11.07945">
                <ele>0</ele>
            </trkpt>
            <trkpt lat="45.829872" lon="11.079845">
                <ele>0</ele>
            </trkpt>
            <trkpt lat="45.829972" lon="11.080395">
                <ele>0</ele>
            </trkpt>
            <trkpt lat="45.8301" lon="11.080824">
                <ele>0</ele>
            </trkpt>
            <trkpt lat="45.830213" lon="11.081129">
                <ele>0</ele>
            </trkpt>
            <trkpt lat="45.830296" lon="11.081303">
                <ele>0</ele>
            </trkpt>
            <trkpt lat="45.83048" lon="11.08136">
                <ele>0</ele>
            </trkpt>
            <trkpt lat="45.830612" lon="11.081244">
                <ele>0</ele>
            </trkpt>
            <trkpt lat="45.830717" lon="11.080991">
                <ele>0</ele>
            </trkpt>
            <trkpt lat="45.830858" lon="11.080509">
                <ele>0</ele>
            </trkpt>
            <trkpt lat="45.831059" lon="11.079332">
                <ele>0</ele>
            </trkpt>
            <trkpt lat="45.83107" lon="11.079134">
                <ele>0</ele>
            </trkpt>
            <trkpt lat="45.831127" lon="11.078995">
                <ele>0</ele>
            </trkpt>
            <trkpt lat="45.831247" lon="11.078931">
                <ele>0</ele>
            </trkpt>
            <trkpt lat="45.831419" lon="11.078919">
                <ele>0</ele>
            </trkpt>
            <trkpt lat="45.831559" lon="11.078857">
                <ele>0</ele>
            </trkpt>
            <trkpt lat="45.831626" lon="11.07875">
                <ele>0</ele>
            </trkpt>
            <trkpt lat="45.831646" lon="11.078597">
                <ele>0</ele>
            </trkpt>
            <trkpt lat="45.831636" lon="11.078276">
                <ele>0</ele>
            </trkpt>
            <trkpt lat="45.83162" lon="11.078068">
                <ele>0</ele>
            </trkpt>
            <trkpt lat="45.831654" lon="11.07787">
                <ele>0</ele>
            </trkpt>
            <trkpt lat="45.83176" lon="11.077678">
                <ele>0</ele>
            </trkpt>
            <trkpt lat="45.831959" lon="11.07747">
                <ele>0</ele>
            </trkpt>
            <trkpt lat="45.832087" lon="11.077364">
                <ele>0</ele>
            </trkpt>
            <trkpt lat="45.832611" lon="11.077041">
                <ele>0</ele>
            </trkpt>
            <trkpt lat="45.832778" lon="11.076993">
                <ele>0</ele>
            </trkpt>
            <trkpt lat="45.832978" lon="11.076985">
                <ele>0</ele>
            </trkpt>
            <trkpt lat="45.833149" lon="11.077014">
                <ele>0</ele>
            </trkpt>
            <trkpt lat="45.83333" lon="11.076998">
                <ele>0</ele>
            </trkpt>
            <trkpt lat="45.83352" lon="11.076886">
                <ele>0</ele>
            </trkpt>
            <trkpt lat="45.833772" lon="11.07674">
                <ele>0</ele>
            </trkpt>
            <trkpt lat="45.834173" lon="11.076602">
                <ele>0</ele>
            </trkpt>
            <trkpt lat="45.835104" lon="11.076305">
                <ele>0</ele>
            </trkpt>
            <trkpt lat="45.835603" lon="11.076202">
                <ele>0</ele>
            </trkpt>
            <trkpt lat="45.835881" lon="11.076189">
                <ele>0</ele>
            </trkpt>
            <trkpt lat="45.836297" lon="11.076238">
                <ele>0</ele>
            </trkpt>
            <trkpt lat="45.836447" lon="11.076294">
                <ele>0</ele>
            </trkpt>
            <trkpt lat="45.836518" lon="11.07636">
                <ele>0</ele>
            </trkpt>
            <trkpt lat="45.836566" lon="11.076479">
                <ele>0</ele>
            </trkpt>
            <trkpt lat="45.836612" lon="11.076725">
                <ele>0</ele>
            </trkpt>
            <trkpt lat="45.836587" lon="11.077468">
                <ele>0</ele>
            </trkpt>
            <trkpt lat="45.836626" lon="11.077704">
                <ele>0</ele>
            </trkpt>
            <trkpt lat="45.836739" lon="11.077871">
                <ele>0</ele>
            </trkpt>
            <trkpt lat="45.836869" lon="11.07801">
                <ele>0</ele>
            </trkpt>
            <trkpt lat="45.836994" lon="11.078071">
                <ele>0</ele>
            </trkpt>
            <trkpt lat="45.837237" lon="11.078061">
                <ele>0</ele>
            </trkpt>
            <trkpt lat="45.837327" lon="11.078004">
                <ele>0</ele>
            </trkpt>
            <trkpt lat="45.837438" lon="11.077917">
                <ele>0</ele>
            </trkpt>
            <trkpt lat="45.837527" lon="11.077886">
                <ele>0</ele>
            </trkpt>
            <trkpt lat="45.837712" lon="11.07794">
                <ele>0</ele>
            </trkpt>
            <trkpt lat="45.837962" lon="11.078049">
                <ele>0</ele>
            </trkpt>
            <trkpt lat="45.838202" lon="11.078031">
                <ele>0</ele>
            </trkpt>
            <trkpt lat="45.838423" lon="11.077969">
                <ele>0</ele>
            </trkpt>
            <trkpt lat="45.838621" lon="11.077845">
                <ele>0</ele>
            </trkpt>
            <trkpt lat="45.838792" lon="11.077686">
                <ele>0</ele>
            </trkpt>
            <trkpt lat="45.838908" lon="11.077529">
                <ele>0</ele>
            </trkpt>
            <trkpt lat="45.839204" lon="11.076954">
                <ele>0</ele>
            </trkpt>
            <trkpt lat="45.839353" lon="11.076679">
                <ele>0</ele>
            </trkpt>
            <trkpt lat="45.83944" lon="11.07655">
                <ele>0</ele>
            </trkpt>
            <trkpt lat="45.839559" lon="11.076461">
                <ele>0</ele>
            </trkpt>
            <trkpt lat="45.839719" lon="11.076425">
                <ele>0</ele>
            </trkpt>
            <trkpt lat="45.839892" lon="11.076418">
                <ele>0</ele>
            </trkpt>
            <trkpt lat="45.84014" lon="11.076452">
                <ele>0</ele>
            </trkpt>
            <trkpt lat="45.840363" lon="11.076372">
                <ele>0</ele>
            </trkpt>
            <trkpt lat="45.840701" lon="11.076197">
                <ele>0</ele>
            </trkpt>
            <trkpt lat="45.840913" lon="11.076088">
                <ele>0</ele>
            </trkpt>
            <trkpt lat="45.84106" lon="11.076084">
                <ele>0</ele>
            </trkpt>
            <trkpt lat="45.841322" lon="11.076083">
                <ele>0</ele>
            </trkpt>
            <trkpt lat="45.841648" lon="11.076049">
                <ele>0</ele>
            </trkpt>
            <trkpt lat="45.841789" lon="11.076115">
                <ele>0</ele>
            </trkpt>
            <trkpt lat="45.841859" lon="11.076204">
                <ele>0</ele>
            </trkpt>
            <trkpt lat="45.842005" lon="11.076494">
                <ele>0</ele>
            </trkpt>
            <trkpt lat="45.842142" lon="11.076785">
                <ele>0</ele>
            </trkpt>
            <trkpt lat="45.842265" lon="11.0769">
                <ele>0</ele>
            </trkpt>
            <trkpt lat="45.842478" lon="11.076944">
                <ele>0</ele>
            </trkpt>
            <trkpt lat="45.842698" lon="11.076866">
                <ele>0</ele>
            </trkpt>
            <trkpt lat="45.843063" lon="11.076571">
                <ele>0</ele>
            </trkpt>
            <trkpt lat="45.843212" lon="11.076401">
                <ele>0</ele>
            </trkpt>
            <trkpt lat="45.843351" lon="11.076214">
                <ele>0</ele>
            </trkpt>
            <trkpt lat="45.84356" lon="11.076077">
                <ele>0</ele>
            </trkpt>
            <trkpt lat="45.84376" lon="11.075862">
                <ele>0</ele>
            </trkpt>
            <trkpt lat="45.843874" lon="11.075627">
                <ele>0</ele>
            </trkpt>
            <trkpt lat="45.843947" lon="11.075413">
                <ele>0</ele>
            </trkpt>
            <trkpt lat="45.843958" lon="11.075195">
                <ele>0</ele>
            </trkpt>
            <trkpt lat="45.843963" lon="11.074913">
                <ele>0</ele>
            </trkpt>
            <trkpt lat="45.844011" lon="11.074794">
                <ele>0</ele>
            </trkpt>
            <trkpt lat="45.844115" lon="11.074669">
                <ele>0</ele>
            </trkpt>
            <trkpt lat="45.844474" lon="11.074383">
                <ele>0</ele>
            </trkpt>
            <trkpt lat="45.844823" lon="11.074182">
                <ele>0</ele>
            </trkpt>
            <trkpt lat="45.845014" lon="11.074163">
                <ele>0</ele>
            </trkpt>
            <trkpt lat="45.845149" lon="11.074185">
                <ele>0</ele>
            </trkpt>
            <trkpt lat="45.845289" lon="11.074259">
                <ele>0</ele>
            </trkpt>
            <trkpt lat="45.84558" lon="11.074351">
                <ele>0</ele>
            </trkpt>
            <trkpt lat="45.845869" lon="11.074363">
                <ele>0</ele>
            </trkpt>
            <trkpt lat="45.846732" lon="11.074205">
                <ele>0</ele>
            </trkpt>
            <trkpt lat="45.846923" lon="11.074142">
                <ele>0</ele>
            </trkpt>
            <trkpt lat="45.847053" lon="11.074004">
                <ele>0</ele>
            </trkpt>
            <trkpt lat="45.847138" lon="11.073765">
                <ele>0</ele>
            </trkpt>
            <trkpt lat="45.847244" lon="11.073547">
                <ele>0</ele>
            </trkpt>
            <trkpt lat="45.847271" lon="11.073266">
                <ele>0</ele>
            </trkpt>
            <trkpt lat="45.847253" lon="11.073067">
                <ele>0</ele>
            </trkpt>
            <trkpt lat="45.847245" lon="11.072871">
                <ele>0</ele>
            </trkpt>
            <trkpt lat="45.847301" lon="11.072698">
                <ele>0</ele>
            </trkpt>
            <trkpt lat="45.847457" lon="11.072524">
                <ele>0</ele>
            </trkpt>
            <trkpt lat="45.847946" lon="11.072426">
                <ele>0</ele>
            </trkpt>
            <trkpt lat="45.848344" lon="11.072488">
                <ele>0</ele>
            </trkpt>
            <trkpt lat="45.848751" lon="11.072655">
                <ele>0</ele>
            </trkpt>
            <trkpt lat="45.848903" lon="11.072702">
                <ele>0</ele>
            </trkpt>
            <trkpt lat="45.849038" lon="11.072668">
                <ele>0</ele>
            </trkpt>
            <trkpt lat="45.849251" lon="11.072511">
                <ele>0</ele>
            </trkpt>
            <trkpt lat="45.849369" lon="11.072336">
                <ele>0</ele>
            </trkpt>
            <trkpt lat="45.849434" lon="11.072247">
                <ele>0</ele>
            </trkpt>
            <trkpt lat="45.849509" lon="11.072228">
                <ele>0</ele>
            </trkpt>
            <trkpt lat="45.84958" lon="11.07225">
                <ele>0</ele>
            </trkpt>
            <trkpt lat="45.849631" lon="11.072336">
                <ele>0</ele>
            </trkpt>
            <trkpt lat="45.84969" lon="11.072493">
                <ele>0</ele>
            </trkpt>
            <trkpt lat="45.849833" lon="11.072811">
                <ele>0</ele>
            </trkpt>
            <trkpt lat="45.849995" lon="11.072958">
                <ele>0</ele>
            </trkpt>
            <trkpt lat="45.85022" lon="11.07313">
                <ele>0</ele>
            </trkpt>
            <trkpt lat="45.850379" lon="11.073219">
                <ele>0</ele>
            </trkpt>
            <trkpt lat="45.85049" lon="11.073256">
                <ele>0</ele>
            </trkpt>
            <trkpt lat="45.850593" lon="11.07325">
                <ele>0</ele>
            </trkpt>
            <trkpt lat="45.850688" lon="11.073218">
                <ele>0</ele>
            </trkpt>
            <trkpt lat="45.850795" lon="11.073138">
                <ele>0</ele>
            </trkpt>
            <trkpt lat="45.850918" lon="11.073047">
                <ele>0</ele>
            </trkpt>
            <trkpt lat="45.851177" lon="11.072876">
                <ele>0</ele>
            </trkpt>
            <trkpt lat="45.851469" lon="11.072782">
                <ele>0</ele>
            </trkpt>
            <trkpt lat="45.851688" lon="11.072785">
                <ele>0</ele>
            </trkpt>
            <trkpt lat="45.851868" lon="11.072852">
                <ele>0</ele>
            </trkpt>
            <trkpt lat="45.852074" lon="11.073028">
                <ele>0</ele>
            </trkpt>
            <trkpt lat="45.852212" lon="11.073251">
                <ele>0</ele>
            </trkpt>
            <trkpt lat="45.852359" lon="11.07349">
                <ele>0</ele>
            </trkpt>
            <trkpt lat="45.852558" lon="11.073575">
                <ele>0</ele>
            </trkpt>
            <trkpt lat="45.852664" lon="11.07369">
                <ele>0</ele>
            </trkpt>
            <trkpt lat="45.852784" lon="11.073881">
                <ele>0</ele>
            </trkpt>
            <trkpt lat="45.852866" lon="11.073966">
                <ele>0</ele>
            </trkpt>
            <trkpt lat="45.85298" lon="11.07398">
                <ele>0</ele>
            </trkpt>
            <trkpt lat="45.853228" lon="11.073883">
                <ele>0</ele>
            </trkpt>
            <trkpt lat="45.853414" lon="11.073769">
                <ele>0</ele>
            </trkpt>
            <trkpt lat="45.853582" lon="11.07354">
                <ele>0</ele>
            </trkpt>
            <trkpt lat="45.853726" lon="11.073421">
                <ele>0</ele>
            </trkpt>
            <trkpt lat="45.853941" lon="11.073361">
                <ele>0</ele>
            </trkpt>
            <trkpt lat="45.854108" lon="11.073376">
                <ele>0</ele>
            </trkpt>
            <trkpt lat="45.854294" lon="11.073443">
                <ele>0</ele>
            </trkpt>
            <trkpt lat="45.85439" lon="11.073491">
                <ele>0</ele>
            </trkpt>
            <trkpt lat="45.854523" lon="11.07354">
                <ele>0</ele>
            </trkpt>
            <trkpt lat="45.854871" lon="11.073572">
                <ele>0</ele>
            </trkpt>
            <trkpt lat="45.855128" lon="11.073567">
                <ele>0</ele>
            </trkpt>
            <trkpt lat="45.855208" lon="11.073547">
                <ele>0</ele>
            </trkpt>
            <trkpt lat="45.855283" lon="11.073514">
                <ele>0</ele>
            </trkpt>
            <trkpt lat="45.855479" lon="11.073375">
                <ele>0</ele>
            </trkpt>
            <trkpt lat="45.855724" lon="11.073206">
                <ele>0</ele>
            </trkpt>
            <trkpt lat="45.856007" lon="11.073077">
                <ele>0</ele>
            </trkpt>
            <trkpt lat="45.856292" lon="11.072981">
                <ele>0</ele>
            </trkpt>
            <trkpt lat="45.856516" lon="11.072864">
                <ele>0</ele>
            </trkpt>
            <trkpt lat="45.856674" lon="11.072811">
                <ele>0</ele>
            </trkpt>
            <trkpt lat="45.856851" lon="11.072818">
                <ele>0</ele>
            </trkpt>
            <trkpt lat="45.857027" lon="11.072904">
                <ele>0</ele>
            </trkpt>
            <trkpt lat="45.857159" lon="11.07299">
                <ele>0</ele>
            </trkpt>
            <trkpt lat="45.857214" lon="11.073052">
                <ele>0</ele>
            </trkpt>
            <trkpt lat="45.857269" lon="11.073168">
                <ele>0</ele>
            </trkpt>
            <trkpt lat="45.857303" lon="11.073346">
                <ele>0</ele>
            </trkpt>
            <trkpt lat="45.857266" lon="11.073587">
                <ele>0</ele>
            </trkpt>
            <trkpt lat="45.85721" lon="11.073807">
                <ele>0</ele>
            </trkpt>
            <trkpt lat="45.857257" lon="11.074021">
                <ele>0</ele>
            </trkpt>
            <trkpt lat="45.857355" lon="11.074249">
                <ele>0</ele>
            </trkpt>
            <trkpt lat="45.857509" lon="11.074508">
                <ele>0</ele>
            </trkpt>
            <trkpt lat="45.85767" lon="11.07474">
                <ele>0</ele>
            </trkpt>
            <trkpt lat="45.857813" lon="11.074933">
                <ele>0</ele>
            </trkpt>
            <trkpt lat="45.857945" lon="11.074976">
                <ele>0</ele>
            </trkpt>
            <trkpt lat="45.858029" lon="11.074979">
                <ele>0</ele>
            </trkpt>
            <trkpt lat="45.858153" lon="11.07504">
                <ele>0</ele>
            </trkpt>
            <trkpt lat="45.858246" lon="11.075183">
                <ele>0</ele>
            </trkpt>
            <trkpt lat="45.858331" lon="11.075335">
                <ele>0</ele>
            </trkpt>
            <trkpt lat="45.858445" lon="11.075456">
                <ele>0</ele>
            </trkpt>
            <trkpt lat="45.858465" lon="11.075477">
                <ele>0</ele>
            </trkpt>
            <trkpt lat="45.858532" lon="11.075587">
                <ele>0</ele>
            </trkpt>
            <trkpt lat="45.858656" lon="11.075904">
                <ele>0</ele>
            </trkpt>
            <trkpt lat="45.858818" lon="11.07607">
                <ele>0</ele>
            </trkpt>
            <trkpt lat="45.859045" lon="11.076115">
                <ele>0</ele>
            </trkpt>
            <trkpt lat="45.859386" lon="11.076229">
                <ele>0</ele>
            </trkpt>
            <trkpt lat="45.859575" lon="11.076263">
                <ele>0</ele>
            </trkpt>
            <trkpt lat="45.859739" lon="11.076292">
                <ele>0</ele>
            </trkpt>
            <trkpt lat="45.859975" lon="11.076379">
                <ele>0</ele>
            </trkpt>
            <trkpt lat="45.860061" lon="11.07643">
                <ele>0</ele>
            </trkpt>
            <trkpt lat="45.860118" lon="11.076464">
                <ele>0</ele>
            </trkpt>
            <trkpt lat="45.860275" lon="11.076594">
                <ele>0</ele>
            </trkpt>
            <trkpt lat="45.860374" lon="11.076624">
                <ele>0</ele>
            </trkpt>
            <trkpt lat="45.860439" lon="11.076612">
                <ele>0</ele>
            </trkpt>
            <trkpt lat="45.860502" lon="11.076574">
                <ele>0</ele>
            </trkpt>
            <trkpt lat="45.860541" lon="11.076495">
                <ele>0</ele>
            </trkpt>
            <trkpt lat="45.860556" lon="11.076385">
                <ele>0</ele>
            </trkpt>
            <trkpt lat="45.860555" lon="11.076166">
                <ele>0</ele>
            </trkpt>
            <trkpt lat="45.86054" lon="11.075941">
                <ele>0</ele>
            </trkpt>
            <trkpt lat="45.860499" lon="11.07577">
                <ele>0</ele>
            </trkpt>
            <trkpt lat="45.860455" lon="11.075626">
                <ele>0</ele>
            </trkpt>
            <trkpt lat="45.86038" lon="11.075412">
                <ele>0</ele>
            </trkpt>
            <trkpt lat="45.860333" lon="11.07527">
                <ele>0</ele>
            </trkpt>
            <trkpt lat="45.86033" lon="11.075124">
                <ele>0</ele>
            </trkpt>
            <trkpt lat="45.860343" lon="11.074822">
                <ele>0</ele>
            </trkpt>
            <trkpt lat="45.860349" lon="11.07472">
                <ele>0</ele>
            </trkpt>
            <trkpt lat="45.860328" lon="11.074555">
                <ele>0</ele>
            </trkpt>
            <trkpt lat="45.860288" lon="11.074344">
                <ele>0</ele>
            </trkpt>
            <trkpt lat="45.860287" lon="11.074111">
                <ele>0</ele>
            </trkpt>
            <trkpt lat="45.860267" lon="11.07393">
                <ele>0</ele>
            </trkpt>
            <trkpt lat="45.860236" lon="11.073753">
                <ele>0</ele>
            </trkpt>
            <trkpt lat="45.860224" lon="11.073647">
                <ele>0</ele>
            </trkpt>
            <trkpt lat="45.86023" lon="11.073536">
                <ele>0</ele>
            </trkpt>
            <trkpt lat="45.860256" lon="11.073426">
                <ele>0</ele>
            </trkpt>
            <trkpt lat="45.860282" lon="11.07336">
                <ele>0</ele>
            </trkpt>
            <trkpt lat="45.860332" lon="11.073233">
                <ele>0</ele>
            </trkpt>
            <trkpt lat="45.860355" lon="11.072826">
                <ele>0</ele>
            </trkpt>
            <trkpt lat="45.860389" lon="11.072641">
                <ele>0</ele>
            </trkpt>
            <trkpt lat="45.860484" lon="11.07253">
                <ele>0</ele>
            </trkpt>
            <trkpt lat="45.86058" lon="11.072422">
                <ele>0</ele>
            </trkpt>
            <trkpt lat="45.86085" lon="11.07238">
                <ele>0</ele>
            </trkpt>
            <trkpt lat="45.861216" lon="11.072322">
                <ele>0</ele>
            </trkpt>
            <trkpt lat="45.861493" lon="11.072247">
                <ele>0</ele>
            </trkpt>
            <trkpt lat="45.861601" lon="11.072093">
                <ele>0</ele>
            </trkpt>
            <trkpt lat="45.861648" lon="11.071723">
                <ele>0</ele>
            </trkpt>
            <trkpt lat="45.861744" lon="11.071582">
                <ele>0</ele>
            </trkpt>
            <trkpt lat="45.8619" lon="11.071507">
                <ele>0</ele>
            </trkpt>
            <trkpt lat="45.862058" lon="11.07144">
                <ele>0</ele>
            </trkpt>
            <trkpt lat="45.862184" lon="11.071327">
                <ele>0</ele>
            </trkpt>
            <trkpt lat="45.862326" lon="11.071193">
                <ele>0</ele>
            </trkpt>
            <trkpt lat="45.862455" lon="11.07115">
                <ele>0</ele>
            </trkpt>
            <trkpt lat="45.862609" lon="11.071129">
                <ele>0</ele>
            </trkpt>
            <trkpt lat="45.862844" lon="11.071142">
                <ele>0</ele>
            </trkpt>
            <trkpt lat="45.863092" lon="11.071138">
                <ele>0</ele>
            </trkpt>
            <trkpt lat="45.86332" lon="11.071215">
                <ele>0</ele>
            </trkpt>
            <trkpt lat="45.863566" lon="11.071318">
                <ele>0</ele>
            </trkpt>
            <trkpt lat="45.863805" lon="11.071342">
                <ele>0</ele>
            </trkpt>
            <trkpt lat="45.864051" lon="11.07133">
                <ele>0</ele>
            </trkpt>
            <trkpt lat="45.86439" lon="11.071293">
                <ele>0</ele>
            </trkpt>
            <trkpt lat="45.86459" lon="11.071327">
                <ele>0</ele>
            </trkpt>
            <trkpt lat="45.864817" lon="11.071382">
                <ele>0</ele>
            </trkpt>
            <trkpt lat="45.864948" lon="11.071377">
                <ele>0</ele>
            </trkpt>
            <trkpt lat="45.865047" lon="11.071295">
                <ele>0</ele>
            </trkpt>
            <trkpt lat="45.865115" lon="11.071146">
                <ele>0</ele>
            </trkpt>
            <trkpt lat="45.86515" lon="11.070994">
                <ele>0</ele>
            </trkpt>
            <trkpt lat="45.865214" lon="11.070901">
                <ele>0</ele>
            </trkpt>
            <trkpt lat="45.865336" lon="11.07086">
                <ele>0</ele>
            </trkpt>
            <trkpt lat="45.865458" lon="11.070788">
                <ele>0</ele>
            </trkpt>
            <trkpt lat="45.865537" lon="11.070768">
                <ele>0</ele>
            </trkpt>
            <trkpt lat="45.865665" lon="11.070791">
                <ele>0</ele>
            </trkpt>
            <trkpt lat="45.865793" lon="11.070781">
                <ele>0</ele>
            </trkpt>
            <trkpt lat="45.86593" lon="11.070683">
                <ele>0</ele>
            </trkpt>
            <trkpt lat="45.86609" lon="11.070489">
                <ele>0</ele>
            </trkpt>
            <trkpt lat="45.866208" lon="11.070466">
                <ele>0</ele>
            </trkpt>
            <trkpt lat="45.866425" lon="11.070503">
                <ele>0</ele>
            </trkpt>
            <trkpt lat="45.866573" lon="11.070496">
                <ele>0</ele>
            </trkpt>
            <trkpt lat="45.8667" lon="11.070469">
                <ele>0</ele>
            </trkpt>
            <trkpt lat="45.866786" lon="11.070388">
                <ele>0</ele>
            </trkpt>
            <trkpt lat="45.866856" lon="11.070276">
                <ele>0</ele>
            </trkpt>
            <trkpt lat="45.866934" lon="11.070202">
                <ele>0</ele>
            </trkpt>
            <trkpt lat="45.867046" lon="11.070159">
                <ele>0</ele>
            </trkpt>
            <trkpt lat="45.867168" lon="11.070168">
                <ele>0</ele>
            </trkpt>
            <trkpt lat="45.867395" lon="11.070157">
                <ele>0</ele>
            </trkpt>
            <trkpt lat="45.867623" lon="11.070061">
                <ele>0</ele>
            </trkpt>
            <trkpt lat="45.867782" lon="11.069944">
                <ele>0</ele>
            </trkpt>
            <trkpt lat="45.867887" lon="11.06979">
                <ele>0</ele>
            </trkpt>
            <trkpt lat="45.867906" lon="11.069614">
                <ele>0</ele>
            </trkpt>
            <trkpt lat="45.867903" lon="11.069441">
                <ele>0</ele>
            </trkpt>
            <trkpt lat="45.86793" lon="11.069376">
                <ele>0</ele>
            </trkpt>
            <trkpt lat="45.867967" lon="11.069338">
                <ele>0</ele>
            </trkpt>
            <trkpt lat="45.868008" lon="11.06933">
                <ele>0</ele>
            </trkpt>
            <trkpt lat="45.868052" lon="11.069333">
                <ele>0</ele>
            </trkpt>
            <trkpt lat="45.868182" lon="11.06938">
                <ele>0</ele>
            </trkpt>
            <trkpt lat="45.868627" lon="11.069563">
                <ele>0</ele>
            </trkpt>
            <trkpt lat="45.868806" lon="11.069695">
                <ele>0</ele>
            </trkpt>
            <trkpt lat="45.868903" lon="11.069861">
                <ele>0</ele>
            </trkpt>
            <trkpt lat="45.869149" lon="11.070348">
                <ele>0</ele>
            </trkpt>
            <trkpt lat="45.869269" lon="11.070393">
                <ele>0</ele>
            </trkpt>
            <trkpt lat="45.869399" lon="11.070358">
                <ele>0</ele>
            </trkpt>
            <trkpt lat="45.869541" lon="11.070249">
                <ele>0</ele>
            </trkpt>
            <trkpt lat="45.869637" lon="11.070115">
                <ele>0</ele>
            </trkpt>
            <trkpt lat="45.869754" lon="11.06998">
                <ele>0</ele>
            </trkpt>
            <trkpt lat="45.86994" lon="11.069885">
                <ele>0</ele>
            </trkpt>
            <trkpt lat="45.870127" lon="11.069835">
                <ele>0</ele>
            </trkpt>
            <trkpt lat="45.870435" lon="11.069847">
                <ele>0</ele>
            </trkpt>
            <trkpt lat="45.87059" lon="11.069812">
                <ele>0</ele>
            </trkpt>
            <trkpt lat="45.870677" lon="11.069762">
                <ele>0</ele>
            </trkpt>
            <trkpt lat="45.870805" lon="11.069739">
                <ele>0</ele>
            </trkpt>
            <trkpt lat="45.870946" lon="11.069769">
                <ele>0</ele>
            </trkpt>
            <trkpt lat="45.871075" lon="11.06985">
                <ele>0</ele>
            </trkpt>
            <trkpt lat="45.8712" lon="11.06992">
                <ele>0</ele>
            </trkpt>
            <trkpt lat="45.871311" lon="11.069922">
                <ele>0</ele>
            </trkpt>
            <trkpt lat="45.871611" lon="11.069817">
                <ele>0</ele>
            </trkpt>
            <trkpt lat="45.87192" lon="11.069696">
                <ele>0</ele>
            </trkpt>
            <trkpt lat="45.872062" lon="11.069603">
                <ele>0</ele>
            </trkpt>
            <trkpt lat="45.872166" lon="11.069478">
                <ele>0</ele>
            </trkpt>
            <trkpt lat="45.87234" lon="11.069115">
                <ele>0</ele>
            </trkpt>
            <trkpt lat="45.872424" lon="11.069058">
                <ele>0</ele>
            </trkpt>
            <trkpt lat="45.872553" lon="11.069039">
                <ele>0</ele>
            </trkpt>
            <trkpt lat="45.872732" lon="11.069048">
                <ele>0</ele>
            </trkpt>
            <trkpt lat="45.872837" lon="11.068961">
                <ele>0</ele>
            </trkpt>
            <trkpt lat="45.87292" lon="11.068835">
                <ele>0</ele>
            </trkpt>
            <trkpt lat="45.872997" lon="11.068614">
                <ele>0</ele>
            </trkpt>
            <trkpt lat="45.873241" lon="11.06825">
                <ele>0</ele>
            </trkpt>
            <trkpt lat="45.873315" lon="11.068178">
                <ele>0</ele>
            </trkpt>
            <trkpt lat="45.873602" lon="11.068138">
                <ele>0</ele>
            </trkpt>
            <trkpt lat="45.873721" lon="11.068103">
                <ele>0</ele>
            </trkpt>
            <trkpt lat="45.87383" lon="11.067995">
                <ele>0</ele>
            </trkpt>
            <trkpt lat="45.873856" lon="11.06792">
                <ele>0</ele>
            </trkpt>
            <trkpt lat="45.873861" lon="11.067845">
                <ele>0</ele>
            </trkpt>
            <trkpt lat="45.873851" lon="11.06778">
                <ele>0</ele>
            </trkpt>
            <trkpt lat="45.873824" lon="11.067725">
                <ele>0</ele>
            </trkpt>
            <trkpt lat="45.873743" lon="11.067623">
                <ele>0</ele>
            </trkpt>
            <trkpt lat="45.873728" lon="11.067549">
                <ele>0</ele>
            </trkpt>
            <trkpt lat="45.87372" lon="11.067478">
                <ele>0</ele>
            </trkpt>
            <trkpt lat="45.873732" lon="11.067404">
                <ele>0</ele>
            </trkpt>
            <trkpt lat="45.873759" lon="11.067354">
                <ele>0</ele>
            </trkpt>
            <trkpt lat="45.873891" lon="11.067238">
                <ele>0</ele>
            </trkpt>
            <trkpt lat="45.874012" lon="11.067058">
                <ele>0</ele>
            </trkpt>
            <trkpt lat="45.87411" lon="11.06697">
                <ele>0</ele>
            </trkpt>
            <trkpt lat="45.874224" lon="11.066927">
                <ele>0</ele>
            </trkpt>
            <trkpt lat="45.874681" lon="11.066772">
                <ele>0</ele>
            </trkpt>
            <trkpt lat="45.875008" lon="11.066629">
                <ele>0</ele>
            </trkpt>
            <trkpt lat="45.875215" lon="11.066412">
                <ele>0</ele>
            </trkpt>
            <trkpt lat="45.875339" lon="11.06624">
                <ele>0</ele>
            </trkpt>
            <trkpt lat="45.875491" lon="11.066103">
                <ele>0</ele>
            </trkpt>
            <trkpt lat="45.875806" lon="11.065927">
                <ele>0</ele>
            </trkpt>
            <trkpt lat="45.87596" lon="11.065911">
                <ele>0</ele>
            </trkpt>
            <trkpt lat="45.876097" lon="11.065929">
                <ele>0</ele>
            </trkpt>
            <trkpt lat="45.876319" lon="11.066112">
                <ele>0</ele>
            </trkpt>
            <trkpt lat="45.876442" lon="11.066136">
                <ele>0</ele>
            </trkpt>
            <trkpt lat="45.876565" lon="11.066022">
                <ele>0</ele>
            </trkpt>
            <trkpt lat="45.876797" lon="11.065718">
                <ele>0</ele>
            </trkpt>
            <trkpt lat="45.876938" lon="11.065534">
                <ele>0</ele>
            </trkpt>
            <trkpt lat="45.877246" lon="11.065343">
                <ele>0</ele>
            </trkpt>
            <trkpt lat="45.87739" lon="11.065214">
                <ele>0</ele>
            </trkpt>
            <trkpt lat="45.877494" lon="11.06499">
                <ele>0</ele>
            </trkpt>
            <trkpt lat="45.877517" lon="11.064793">
                <ele>0</ele>
            </trkpt>
            <trkpt lat="45.877494" lon="11.064609">
                <ele>0</ele>
            </trkpt>
            <trkpt lat="45.87739" lon="11.064406">
                <ele>0</ele>
            </trkpt>
            <trkpt lat="45.87739" lon="11.064267">
                <ele>0</ele>
            </trkpt>
            <trkpt lat="45.877499" lon="11.064094">
                <ele>0</ele>
            </trkpt>
            <trkpt lat="45.877657" lon="11.063904">
                <ele>0</ele>
            </trkpt>
            <trkpt lat="45.877834" lon="11.063677">
                <ele>0</ele>
            </trkpt>
            <trkpt lat="45.877942" lon="11.063596">
                <ele>0</ele>
            </trkpt>
            <trkpt lat="45.878037" lon="11.063589">
                <ele>0</ele>
            </trkpt>
            <trkpt lat="45.878169" lon="11.063587">
                <ele>0</ele>
            </trkpt>
            <trkpt lat="45.878292" lon="11.063583">
                <ele>0</ele>
            </trkpt>
            <trkpt lat="45.878361" lon="11.063532">
                <ele>0</ele>
            </trkpt>
            <trkpt lat="45.878447" lon="11.063457">
                <ele>0</ele>
            </trkpt>
            <trkpt lat="45.878532" lon="11.063413">
                <ele>0</ele>
            </trkpt>
            <trkpt lat="45.878617" lon="11.063401">
                <ele>0</ele>
            </trkpt>
            <trkpt lat="45.878788" lon="11.063466">
                <ele>0</ele>
            </trkpt>
            <trkpt lat="45.878947" lon="11.063529">
                <ele>0</ele>
            </trkpt>
            <trkpt lat="45.878961" lon="11.063534">
                <ele>0</ele>
            </trkpt>
            <trkpt lat="45.879" lon="11.063548">
                <ele>0</ele>
            </trkpt>
            <trkpt lat="45.879057" lon="11.063572">
                <ele>0</ele>
            </trkpt>
            <trkpt lat="45.879328" lon="11.063686">
                <ele>0</ele>
            </trkpt>
            <trkpt lat="45.879339" lon="11.063691">
                <ele>0</ele>
            </trkpt>
            <trkpt lat="45.879383" lon="11.06371">
                <ele>0</ele>
            </trkpt>
            <trkpt lat="45.879461" lon="11.063648">
                <ele>0</ele>
            </trkpt>
            <trkpt lat="45.87951" lon="11.06361">
                <ele>0</ele>
            </trkpt>
            <trkpt lat="45.879796" lon="11.063479">
                <ele>0</ele>
            </trkpt>
            <trkpt lat="45.88003" lon="11.063418">
                <ele>0</ele>
            </trkpt>
            <trkpt lat="45.880274" lon="11.063327">
                <ele>0</ele>
            </trkpt>
            <trkpt lat="45.880463" lon="11.063276">
                <ele>0</ele>
            </trkpt>
            <trkpt lat="45.880647" lon="11.063108">
                <ele>0</ele>
            </trkpt>
            <trkpt lat="45.880864" lon="11.062836">
                <ele>0</ele>
            </trkpt>
            <trkpt lat="45.881084" lon="11.062582">
                <ele>0</ele>
            </trkpt>
            <trkpt lat="45.881664" lon="11.062657">
                <ele>0</ele>
            </trkpt>
            <trkpt lat="45.881726" lon="11.062665">
                <ele>0</ele>
            </trkpt>
            <trkpt lat="45.881777" lon="11.062672">
                <ele>0</ele>
            </trkpt>
            <trkpt lat="45.88183" lon="11.062679">
                <ele>0</ele>
            </trkpt>
            <trkpt lat="45.882091" lon="11.062644">
                <ele>0</ele>
            </trkpt>
            <trkpt lat="45.882202" lon="11.062631">
                <ele>0</ele>
            </trkpt>
            <trkpt lat="45.882515" lon="11.062605">
                <ele>0</ele>
            </trkpt>
            <trkpt lat="45.882655" lon="11.062585">
                <ele>0</ele>
            </trkpt>
            <trkpt lat="45.882749" lon="11.062565">
                <ele>0</ele>
            </trkpt>
            <trkpt lat="45.882829" lon="11.062527">
                <ele>0</ele>
            </trkpt>
            <trkpt lat="45.883019" lon="11.062402">
                <ele>0</ele>
            </trkpt>
            <trkpt lat="45.883305" lon="11.062221">
                <ele>0</ele>
            </trkpt>
            <trkpt lat="45.883659" lon="11.061989">
                <ele>0</ele>
            </trkpt>
            <trkpt lat="45.883948" lon="11.061709">
                <ele>0</ele>
            </trkpt>
            <trkpt lat="45.884187" lon="11.061454">
                <ele>0</ele>
            </trkpt>
            <trkpt lat="45.884636" lon="11.061065">
                <ele>0</ele>
            </trkpt>
            <trkpt lat="45.884969" lon="11.060772">
                <ele>0</ele>
            </trkpt>
            <trkpt lat="45.885051" lon="11.060666">
                <ele>0</ele>
            </trkpt>
            <trkpt lat="45.885149" lon="11.06048">
                <ele>0</ele>
            </trkpt>
            <trkpt lat="45.885333" lon="11.059993">
                <ele>0</ele>
            </trkpt>
            <trkpt lat="45.885424" lon="11.059734">
                <ele>0</ele>
            </trkpt>
            <trkpt lat="45.885625" lon="11.05918">
                <ele>0</ele>
            </trkpt>
            <trkpt lat="45.886008" lon="11.057858">
                <ele>0</ele>
            </trkpt>
            <trkpt lat="45.886033" lon="11.057805">
                <ele>0</ele>
            </trkpt>
            <trkpt lat="45.88606" lon="11.057767">
                <ele>0</ele>
            </trkpt>
            <trkpt lat="45.886117" lon="11.057726">
                <ele>0</ele>
            </trkpt>
            <trkpt lat="45.886181" lon="11.057685">
                <ele>0</ele>
            </trkpt>
            <trkpt lat="45.88626" lon="11.057632">
                <ele>0</ele>
            </trkpt>
            <trkpt lat="45.886387" lon="11.057557">
                <ele>0</ele>
            </trkpt>
            <trkpt lat="45.886457" lon="11.057505">
                <ele>0</ele>
            </trkpt>
            <trkpt lat="45.886531" lon="11.05744">
                <ele>0</ele>
            </trkpt>
            <trkpt lat="45.886609" lon="11.057339">
                <ele>0</ele>
            </trkpt>
            <trkpt lat="45.88667" lon="11.057234">
                <ele>0</ele>
            </trkpt>
            <trkpt lat="45.886761" lon="11.057075">
                <ele>0</ele>
            </trkpt>
            <trkpt lat="45.886862" lon="11.056879">
                <ele>0</ele>
            </trkpt>
            <trkpt lat="45.88694" lon="11.056709">
                <ele>0</ele>
            </trkpt>
            <trkpt lat="45.886995" lon="11.056563">
                <ele>0</ele>
            </trkpt>
            <trkpt lat="45.887076" lon="11.05634">
                <ele>0</ele>
            </trkpt>
            <trkpt lat="45.887129" lon="11.056146">
                <ele>0</ele>
            </trkpt>
            <trkpt lat="45.887251" lon="11.055673">
                <ele>0</ele>
            </trkpt>
            <trkpt lat="45.887307" lon="11.055439">
                <ele>0</ele>
            </trkpt>
            <trkpt lat="45.887349" lon="11.055237">
                <ele>0</ele>
            </trkpt>
            <trkpt lat="45.887367" lon="11.055119">
                <ele>0</ele>
            </trkpt>
            <trkpt lat="45.887381" lon="11.054953">
                <ele>0</ele>
            </trkpt>
            <trkpt lat="45.887393" lon="11.054796">
                <ele>0</ele>
            </trkpt>
            <trkpt lat="45.887404" lon="11.054579">
                <ele>0</ele>
            </trkpt>
            <trkpt lat="45.887402" lon="11.054454">
                <ele>0</ele>
            </trkpt>
            <trkpt lat="45.887389" lon="11.05429">
                <ele>0</ele>
            </trkpt>
            <trkpt lat="45.887345" lon="11.054017">
                <ele>0</ele>
            </trkpt>
            <trkpt lat="45.887326" lon="11.053875">
                <ele>0</ele>
            </trkpt>
            <trkpt lat="45.887315" lon="11.053761">
                <ele>0</ele>
            </trkpt>
            <trkpt lat="45.887318" lon="11.053629">
                <ele>0</ele>
            </trkpt>
            <trkpt lat="45.887339" lon="11.053381">
                <ele>0</ele>
            </trkpt>
            <trkpt lat="45.887383" lon="11.052924">
                <ele>0</ele>
            </trkpt>
            <trkpt lat="45.887386" lon="11.052898">
                <ele>0</ele>
            </trkpt>
            <trkpt lat="45.887387" lon="11.052885">
                <ele>0</ele>
            </trkpt>
            <trkpt lat="45.887424" lon="11.052406">
                <ele>0</ele>
            </trkpt>
            <trkpt lat="45.887421" lon="11.052304">
                <ele>0</ele>
            </trkpt>
            <trkpt lat="45.887397" lon="11.052122">
                <ele>0</ele>
            </trkpt>
            <trkpt lat="45.887337" lon="11.051723">
                <ele>0</ele>
            </trkpt>
            <trkpt lat="45.887334" lon="11.051703">
                <ele>0</ele>
            </trkpt>
            <trkpt lat="45.887222" lon="11.051017">
                <ele>0</ele>
            </trkpt>
            <trkpt lat="45.887219" lon="11.050997">
                <ele>0</ele>
            </trkpt>
            <trkpt lat="45.887172" lon="11.050711">
                <ele>0</ele>
            </trkpt>
            <trkpt lat="45.887153" lon="11.050605">
                <ele>0</ele>
            </trkpt>
            <trkpt lat="45.887148" lon="11.050575">
                <ele>0</ele>
            </trkpt>
            <trkpt lat="45.887061" lon="11.04989">
                <ele>0</ele>
            </trkpt>
            <trkpt lat="45.886969" lon="11.049221">
                <ele>0</ele>
            </trkpt>
            <trkpt lat="45.886912" lon="11.049062">
                <ele>0</ele>
            </trkpt>
            <trkpt lat="45.886777" lon="11.048807">
                <ele>0</ele>
            </trkpt>
            <trkpt lat="45.886386" lon="11.047891">
                <ele>0</ele>
            </trkpt>
            <trkpt lat="45.886202" lon="11.047381">
                <ele>0</ele>
            </trkpt>
            <trkpt lat="45.886083" lon="11.046885">
                <ele>0</ele>
            </trkpt>
            <trkpt lat="45.886013" lon="11.046581">
                <ele>0</ele>
            </trkpt>
            <trkpt lat="45.886008" lon="11.046506">
                <ele>0</ele>
            </trkpt>
            <trkpt lat="45.885995" lon="11.046291">
                <ele>0</ele>
            </trkpt>
            <trkpt lat="45.88602" lon="11.046034">
                <ele>0</ele>
            </trkpt>
            <trkpt lat="45.886036" lon="11.045949">
                <ele>0</ele>
            </trkpt>
            <trkpt lat="45.886052" lon="11.0459">
                <ele>0</ele>
            </trkpt>
            <trkpt lat="45.886081" lon="11.045863">
                <ele>0</ele>
            </trkpt>
            <trkpt lat="45.886121" lon="11.045825">
                <ele>0</ele>
            </trkpt>
            <trkpt lat="45.886361" lon="11.045664">
                <ele>0</ele>
            </trkpt>
            <trkpt lat="45.886455" lon="11.045623">
                <ele>0</ele>
            </trkpt>
            <trkpt lat="45.886536" lon="11.045579">
                <ele>0</ele>
            </trkpt>
            <trkpt lat="45.886635" lon="11.04551">
                <ele>0</ele>
            </trkpt>
            <trkpt lat="45.886684" lon="11.04545">
                <ele>0</ele>
            </trkpt>
            <trkpt lat="45.886706" lon="11.04539">
                <ele>0</ele>
            </trkpt>
            <trkpt lat="45.886716" lon="11.045331">
                <ele>0</ele>
            </trkpt>
            <trkpt lat="45.88671" lon="11.04526">
                <ele>0</ele>
            </trkpt>
            <trkpt lat="45.886684" lon="11.045175">
                <ele>0</ele>
            </trkpt>
            <trkpt lat="45.886672" lon="11.045137">
                <ele>0</ele>
            </trkpt>
            <trkpt lat="45.886595" lon="11.044866">
                <ele>0</ele>
            </trkpt>
            <trkpt lat="45.886568" lon="11.044771">
                <ele>0</ele>
            </trkpt>
            <trkpt lat="45.886559" lon="11.044706">
                <ele>0</ele>
            </trkpt>
            <trkpt lat="45.886564" lon="11.044665">
                <ele>0</ele>
            </trkpt>
            <trkpt lat="45.886578" lon="11.04463">
                <ele>0</ele>
            </trkpt>
            <trkpt lat="45.886711" lon="11.044448">
                <ele>0</ele>
            </trkpt>
            <trkpt lat="45.886782" lon="11.044334">
                <ele>0</ele>
            </trkpt>
            <trkpt lat="45.886898" lon="11.044147">
                <ele>0</ele>
            </trkpt>
            <trkpt lat="45.886981" lon="11.044013">
                <ele>0</ele>
            </trkpt>
            <trkpt lat="45.887122" lon="11.043785">
                <ele>0</ele>
            </trkpt>
            <trkpt lat="45.88711" lon="11.043744">
                <ele>0</ele>
            </trkpt>
            <trkpt lat="45.887109" lon="11.043685">
                <ele>0</ele>
            </trkpt>
            <trkpt lat="45.887111" lon="11.043531">
                <ele>0</ele>
            </trkpt>
            <trkpt lat="45.887135" lon="11.043088">
                <ele>0</ele>
            </trkpt>
            <trkpt lat="45.887148" lon="11.042898">
                <ele>0</ele>
            </trkpt>
            <trkpt lat="45.887143" lon="11.042795">
                <ele>0</ele>
            </trkpt>
            <trkpt lat="45.887147" lon="11.04183">
                <ele>0</ele>
            </trkpt>
            <trkpt lat="45.887157" lon="11.041697">
                <ele>0</ele>
            </trkpt>
            <trkpt lat="45.887206" lon="11.041386">
                <ele>0</ele>
            </trkpt>
            <trkpt lat="45.887231" lon="11.041199">
                <ele>0</ele>
            </trkpt>
            <trkpt lat="45.887296" lon="11.040652">
                <ele>0</ele>
            </trkpt>
            <trkpt lat="45.887294" lon="11.040496">
                <ele>0</ele>
            </trkpt>
            <trkpt lat="45.887292" lon="11.04048">
                <ele>0</ele>
            </trkpt>
            <trkpt lat="45.88728" lon="11.04042">
                <ele>0</ele>
            </trkpt>
            <trkpt lat="45.88727" lon="11.040365">
                <ele>0</ele>
            </trkpt>
            <trkpt lat="45.88727" lon="11.040323">
                <ele>0</ele>
            </trkpt>
            <trkpt lat="45.887261" lon="11.040196">
                <ele>0</ele>
            </trkpt>
            <trkpt lat="45.887257" lon="11.040131">
                <ele>0</ele>
            </trkpt>
            <trkpt lat="45.887196" lon="11.039227">
                <ele>0</ele>
            </trkpt>
            <trkpt lat="45.887146" lon="11.038225">
                <ele>0</ele>
            </trkpt>
            <trkpt lat="45.887135" lon="11.037997">
                <ele>0</ele>
            </trkpt>
            <trkpt lat="45.887124" lon="11.037792">
                <ele>0</ele>
            </trkpt>
            <trkpt lat="45.887115" lon="11.037604">
                <ele>0</ele>
            </trkpt>
            <trkpt lat="45.887101" lon="11.03733">
                <ele>0</ele>
            </trkpt>
            <trkpt lat="45.887087" lon="11.037036">
                <ele>0</ele>
            </trkpt>
            <trkpt lat="45.88708" lon="11.036882">
                <ele>0</ele>
            </trkpt>
            <trkpt lat="45.887165" lon="11.036868">
                <ele>0</ele>
            </trkpt>
            <trkpt lat="45.887349" lon="11.036839">
                <ele>0</ele>
            </trkpt>
            <trkpt lat="45.887436" lon="11.036822">
                <ele>0</ele>
            </trkpt>
            <trkpt lat="45.887505" lon="11.036808">
                <ele>0</ele>
            </trkpt>
            <trkpt lat="45.887818" lon="11.036758">
                <ele>0</ele>
            </trkpt>
            <trkpt lat="45.887979" lon="11.036733">
                <ele>0</ele>
            </trkpt>
            <trkpt lat="45.88831" lon="11.036673">
                <ele>0</ele>
            </trkpt>
            <trkpt lat="45.88838" lon="11.036658">
                <ele>0</ele>
            </trkpt>
            <trkpt lat="45.888441" lon="11.036629">
                <ele>0</ele>
            </trkpt>
            <trkpt lat="45.888487" lon="11.036599">
                <ele>0</ele>
            </trkpt>
            <trkpt lat="45.888537" lon="11.036538">
                <ele>0</ele>
            </trkpt>
            <trkpt lat="45.888855" lon="11.036088">
                <ele>0</ele>
            </trkpt>
            <trkpt lat="45.888915" lon="11.036021">
                <ele>0</ele>
            </trkpt>
            <trkpt lat="45.888923" lon="11.036035">
                <ele>0</ele>
            </trkpt>
            <trkpt lat="45.889068" lon="11.036307">
                <ele>0</ele>
            </trkpt>
            <trkpt lat="45.889222" lon="11.036644">
                <ele>0</ele>
            </trkpt>
            <trkpt lat="45.889418" lon="11.037218">
                <ele>0</ele>
            </trkpt>
            <trkpt lat="45.889499" lon="11.037603">
                <ele>0</ele>
            </trkpt>
            <trkpt lat="45.889604" lon="11.038099">
                <ele>0</ele>
            </trkpt>
            <trkpt lat="45.889632" lon="11.038182">
                <ele>0</ele>
            </trkpt>
            <trkpt lat="45.889673" lon="11.038266">
                <ele>0</ele>
            </trkpt>
            <trkpt lat="45.88969" lon="11.038284">
                <ele>0</ele>
            </trkpt>
            <trkpt lat="45.889719" lon="11.038315">
                <ele>0</ele>
            </trkpt>
            <trkpt lat="45.889756" lon="11.03837">
                <ele>0</ele>
            </trkpt>
            <trkpt lat="45.889769" lon="11.03839">
                <ele>0</ele>
            </trkpt>
            <trkpt lat="45.889799" lon="11.038574">
                <ele>0</ele>
            </trkpt>
            <trkpt lat="45.889821" lon="11.038812">
                <ele>0</ele>
            </trkpt>
            <trkpt lat="45.88984" lon="11.039018">
                <ele>0</ele>
            </trkpt>
            <trkpt lat="45.889877" lon="11.039643">
                <ele>0</ele>
            </trkpt>
            <trkpt lat="45.889922" lon="11.039804">
                <ele>0</ele>
            </trkpt>
            <trkpt lat="45.889929" lon="11.039844">
                <ele>0</ele>
            </trkpt>
            <trkpt lat="45.889961" lon="11.040126">
                <ele>0</ele>
            </trkpt>
            <trkpt lat="45.889978" lon="11.040348">
                <ele>0</ele>
            </trkpt>
            <trkpt lat="45.889946" lon="11.040475">
                <ele>0</ele>
            </trkpt>
            <trkpt lat="45.889864" lon="11.040472">
                <ele>0</ele>
            </trkpt>
            <trkpt lat="45.889838" lon="11.040644">
                <ele>0</ele>
            </trkpt>
            <trkpt lat="45.889794" lon="11.04078">
                <ele>0</ele>
            </trkpt>
            <trkpt lat="45.889614" lon="11.041337">
                <ele>0</ele>
            </trkpt>
            <trkpt lat="45.88939" lon="11.041922">
                <ele>0</ele>
            </trkpt>
            <trkpt lat="45.889376" lon="11.041965">
                <ele>0</ele>
            </trkpt>
            <trkpt lat="45.889311" lon="11.042107">
                <ele>0</ele>
            </trkpt>
            <trkpt lat="45.889272" lon="11.042174">
                <ele>0</ele>
            </trkpt>
            <trkpt lat="45.889247" lon="11.042215">
                <ele>0</ele>
            </trkpt>
            <trkpt lat="45.889231" lon="11.042198">
                <ele>0</ele>
            </trkpt>
            <trkpt lat="45.889188" lon="11.04215">
                <ele>0</ele>
            </trkpt>
            <trkpt lat="45.888808" lon="11.041831">
                <ele>0</ele>
            </trkpt>
            <trkpt lat="45.888449" lon="11.041527">
                <ele>0</ele>
            </trkpt>
            <trkpt lat="45.88837" lon="11.041435">
                <ele>0</ele>
            </trkpt>
            <trkpt lat="45.888274" lon="11.041321">
                <ele>0</ele>
            </trkpt>
            <trkpt lat="45.888279" lon="11.041194">
                <ele>0</ele>
            </trkpt>
            <trkpt lat="45.888289" lon="11.040925">
                <ele>0</ele>
            </trkpt>
            <trkpt lat="45.888301" lon="11.040642">
                <ele>0</ele>
            </trkpt>
            <trkpt lat="45.888307" lon="11.040481">
                <ele>0</ele>
            </trkpt>
            <trkpt lat="45.88831" lon="11.040408">
                <ele>0</ele>
            </trkpt>
            <trkpt lat="45.888068" lon="11.040398">
                <ele>0</ele>
            </trkpt>
            <trkpt lat="45.887977" lon="11.040395">
                <ele>0</ele>
            </trkpt>
            <trkpt lat="45.887398" lon="11.040371">
                <ele>0</ele>
            </trkpt>
            <trkpt lat="45.887359" lon="11.040369">
                <ele>0</ele>
            </trkpt>
            <trkpt lat="45.88727" lon="11.040365">
                <ele>0</ele>
            </trkpt>
            <trkpt lat="45.88727" lon="11.040323">
                <ele>0</ele>
            </trkpt>
            <trkpt lat="45.887261" lon="11.040196">
                <ele>0</ele>
            </trkpt>
            <trkpt lat="45.887257" lon="11.040131">
                <ele>0</ele>
            </trkpt>
            <trkpt lat="45.887196" lon="11.039227">
                <ele>0</ele>
            </trkpt>
            <trkpt lat="45.887146" lon="11.038225">
                <ele>0</ele>
            </trkpt>
            <trkpt lat="45.887135" lon="11.037997">
                <ele>0</ele>
            </trkpt>
            <trkpt lat="45.887124" lon="11.037792">
                <ele>0</ele>
            </trkpt>
            <trkpt lat="45.887115" lon="11.037604">
                <ele>0</ele>
            </trkpt>
            <trkpt lat="45.887101" lon="11.03733">
                <ele>0</ele>
            </trkpt>
            <trkpt lat="45.887087" lon="11.037036">
                <ele>0</ele>
            </trkpt>
            <trkpt lat="45.88708" lon="11.036882">
                <ele>0</ele>
            </trkpt>
            <trkpt lat="45.887078" lon="11.036849">
                <ele>0</ele>
            </trkpt>
            <trkpt lat="45.887072" lon="11.036718">
                <ele>0</ele>
            </trkpt>
            <trkpt lat="45.887069" lon="11.036634">
                <ele>0</ele>
            </trkpt>
            <trkpt lat="45.887067" lon="11.03659">
                <ele>0</ele>
            </trkpt>
            <trkpt lat="45.887059" lon="11.03642">
                <ele>0</ele>
            </trkpt>
            <trkpt lat="45.887052" lon="11.036108">
                <ele>0</ele>
            </trkpt>
            <trkpt lat="45.887049" lon="11.035899">
                <ele>0</ele>
            </trkpt>
            <trkpt lat="45.887063" lon="11.035684">
                <ele>0</ele>
            </trkpt>
            <trkpt lat="45.887073" lon="11.035438">
                <ele>0</ele>
            </trkpt>
            <trkpt lat="45.887096" lon="11.035418">
                <ele>0</ele>
            </trkpt>
            <trkpt lat="45.887115" lon="11.035391">
                <ele>0</ele>
            </trkpt>
            <trkpt lat="45.88713" lon="11.03536">
                <ele>0</ele>
            </trkpt>
            <trkpt lat="45.887141" lon="11.035325">
                <ele>0</ele>
            </trkpt>
            <trkpt lat="45.887146" lon="11.035288">
                <ele>0</ele>
            </trkpt>
            <trkpt lat="45.887147" lon="11.03525">
                <ele>0</ele>
            </trkpt>
            <trkpt lat="45.887137" lon="11.035193">
                <ele>0</ele>
            </trkpt>
            <trkpt lat="45.887116" lon="11.035144">
                <ele>0</ele>
            </trkpt>
            <trkpt lat="45.887085" lon="11.035106">
                <ele>0</ele>
            </trkpt>
            <trkpt lat="45.887053" lon="11.035085">
                <ele>0</ele>
            </trkpt>
            <trkpt lat="45.887018" lon="11.035077">
                <ele>0</ele>
            </trkpt>
            <trkpt lat="45.886983" lon="11.035082">
                <ele>0</ele>
            </trkpt>
            <trkpt lat="45.88695" lon="11.035101">
                <ele>0</ele>
            </trkpt>
            <trkpt lat="45.886934" lon="11.035094">
                <ele>0</ele>
            </trkpt>
            <trkpt lat="45.886862" lon="11.035062">
                <ele>0</ele>
            </trkpt>
            <trkpt lat="45.886783" lon="11.034983">
                <ele>0</ele>
            </trkpt>
            <trkpt lat="45.886773" lon="11.0348">
                <ele>0</ele>
            </trkpt>
            <trkpt lat="45.88671" lon="11.034412">
                <ele>0</ele>
            </trkpt>
            <trkpt lat="45.886675" lon="11.034125">
                <ele>0</ele>
            </trkpt>
            <trkpt lat="45.886663" lon="11.033973">
                <ele>0</ele>
            </trkpt>
            <trkpt lat="45.886663" lon="11.03396">
                <ele>0</ele>
            </trkpt>
            <trkpt lat="45.886663" lon="11.033909">
                <ele>0</ele>
            </trkpt>
            <trkpt lat="45.886663" lon="11.033834">
                <ele>0</ele>
            </trkpt>
            <trkpt lat="45.886664" lon="11.033736">
                <ele>0</ele>
            </trkpt>
            <trkpt lat="45.886664" lon="11.033647">
                <ele>0</ele>
            </trkpt>
            <trkpt lat="45.886673" lon="11.033548">
                <ele>0</ele>
            </trkpt>
            <trkpt lat="45.886681" lon="11.033449">
                <ele>0</ele>
            </trkpt>
            <trkpt lat="45.88669" lon="11.033372">
                <ele>0</ele>
            </trkpt>
            <trkpt lat="45.886695" lon="11.033302">
                <ele>0</ele>
            </trkpt>
            <trkpt lat="45.886715" lon="11.033268">
                <ele>0</ele>
            </trkpt>
            <trkpt lat="45.886726" lon="11.033226">
                <ele>0</ele>
            </trkpt>
            <trkpt lat="45.886727" lon="11.033182">
                <ele>0</ele>
            </trkpt>
            <trkpt lat="45.886718" lon="11.033137">
                <ele>0</ele>
            </trkpt>
            <trkpt lat="45.886698" lon="11.0331">
                <ele>0</ele>
            </trkpt>
            <trkpt lat="45.886671" lon="11.033075">
                <ele>0</ele>
            </trkpt>
            <trkpt lat="45.886644" lon="11.033064">
                <ele>0</ele>
            </trkpt>
            <trkpt lat="45.886616" lon="11.033066">
                <ele>0</ele>
            </trkpt>
            <trkpt lat="45.886589" lon="11.03308">
                <ele>0</ele>
            </trkpt>
            <trkpt lat="45.886546" lon="11.033046">
                <ele>0</ele>
            </trkpt>
            <trkpt lat="45.88652" lon="11.033028">
                <ele>0</ele>
            </trkpt>
            <trkpt lat="45.886437" lon="11.033004">
                <ele>0</ele>
            </trkpt>
            <trkpt lat="45.885876" lon="11.032923">
                <ele>0</ele>
            </trkpt>
            <trkpt lat="45.885588" lon="11.032904">
                <ele>0</ele>
            </trkpt>
            <trkpt lat="45.885194" lon="11.032829">
                <ele>0</ele>
            </trkpt>
            <trkpt lat="45.88485" lon="11.032769">
                <ele>0</ele>
            </trkpt>
            <trkpt lat="45.884819" lon="11.032764">
                <ele>0</ele>
            </trkpt>
            <trkpt lat="45.884683" lon="11.032743">
                <ele>0</ele>
            </trkpt>
            <trkpt lat="45.883749" lon="11.032603">
                <ele>0</ele>
            </trkpt>
            <trkpt lat="45.883593" lon="11.03258">
                <ele>0</ele>
            </trkpt>
            <trkpt lat="45.883207" lon="11.032501">
                <ele>0</ele>
            </trkpt>
            <trkpt lat="45.882555" lon="11.032375">
                <ele>0</ele>
            </trkpt>
            <trkpt lat="45.882209" lon="11.032239">
                <ele>0</ele>
            </trkpt>
            <trkpt lat="45.88198" lon="11.032156">
                <ele>0</ele>
            </trkpt>
            <trkpt lat="45.88148" lon="11.031962">
                <ele>0</ele>
            </trkpt>
            <trkpt lat="45.88135" lon="11.031918">
                <ele>0</ele>
            </trkpt>
            <trkpt lat="45.881162" lon="11.031848">
                <ele>0</ele>
            </trkpt>
            <trkpt lat="45.881077" lon="11.031817">
                <ele>0</ele>
            </trkpt>
            <trkpt lat="45.880932" lon="11.031756">
                <ele>0</ele>
            </trkpt>
            <trkpt lat="45.880809" lon="11.031664">
                <ele>0</ele>
            </trkpt>
            <trkpt lat="45.88076" lon="11.031592">
                <ele>0</ele>
            </trkpt>
            <trkpt lat="45.880733" lon="11.031542">
                <ele>0</ele>
            </trkpt>
            <trkpt lat="45.880706" lon="11.031443">
                <ele>0</ele>
            </trkpt>
            <trkpt lat="45.880657" lon="11.031364">
                <ele>0</ele>
            </trkpt>
            <trkpt lat="45.880592" lon="11.031313">
                <ele>0</ele>
            </trkpt>
            <trkpt lat="45.880519" lon="11.031297">
                <ele>0</ele>
            </trkpt>
            <trkpt lat="45.880447" lon="11.031317">
                <ele>0</ele>
            </trkpt>
            <trkpt lat="45.880299" lon="11.031195">
                <ele>0</ele>
            </trkpt>
            <trkpt lat="45.880239" lon="11.031102">
                <ele>0</ele>
            </trkpt>
            <trkpt lat="45.880189" lon="11.031024">
                <ele>0</ele>
            </trkpt>
            <trkpt lat="45.87956" lon="11.030305">
                <ele>0</ele>
            </trkpt>
            <trkpt lat="45.879112" lon="11.029767">
                <ele>0</ele>
            </trkpt>
            <trkpt lat="45.878901" lon="11.029481">
                <ele>0</ele>
            </trkpt>
            <trkpt lat="45.878627" lon="11.029109">
                <ele>0</ele>
            </trkpt>
            <trkpt lat="45.878166" lon="11.02848">
                <ele>0</ele>
            </trkpt>
            <trkpt lat="45.877741" lon="11.027878">
                <ele>0</ele>
            </trkpt>
            <trkpt lat="45.876389" lon="11.026065">
                <ele>0</ele>
            </trkpt>
            <trkpt lat="45.875801" lon="11.025134">
                <ele>0</ele>
            </trkpt>
            <trkpt lat="45.874542" lon="11.023162">
                <ele>0</ele>
            </trkpt>
            <trkpt lat="45.874244" lon="11.022696">
                <ele>0</ele>
            </trkpt>
            <trkpt lat="45.873483" lon="11.021521">
                <ele>0</ele>
            </trkpt>
            <trkpt lat="45.873175" lon="11.021045">
                <ele>0</ele>
            </trkpt>
            <trkpt lat="45.873112" lon="11.02096">
                <ele>0</ele>
            </trkpt>
            <trkpt lat="45.873052" lon="11.020901">
                <ele>0</ele>
            </trkpt>
            <trkpt lat="45.872961" lon="11.020832">
                <ele>0</ele>
            </trkpt>
            <trkpt lat="45.872926" lon="11.020802">
                <ele>0</ele>
            </trkpt>
            <trkpt lat="45.872809" lon="11.020743">
                <ele>0</ele>
            </trkpt>
            <trkpt lat="45.872704" lon="11.020678">
                <ele>0</ele>
            </trkpt>
            <trkpt lat="45.872631" lon="11.020604">
                <ele>0</ele>
            </trkpt>
            <trkpt lat="45.872606" lon="11.020531">
                <ele>0</ele>
            </trkpt>
            <trkpt lat="45.872575" lon="11.020475">
                <ele>0</ele>
            </trkpt>
            <trkpt lat="45.872536" lon="11.02043">
                <ele>0</ele>
            </trkpt>
            <trkpt lat="45.87249" lon="11.020398">
                <ele>0</ele>
            </trkpt>
            <trkpt lat="45.872441" lon="11.020382">
                <ele>0</ele>
            </trkpt>
            <trkpt lat="45.872409" lon="11.02038">
                <ele>0</ele>
            </trkpt>
            <trkpt lat="45.872376" lon="11.020384">
                <ele>0</ele>
            </trkpt>
            <trkpt lat="45.872296" lon="11.020287">
                <ele>0</ele>
            </trkpt>
            <trkpt lat="45.872181" lon="11.02007">
                <ele>0</ele>
            </trkpt>
            <trkpt lat="45.872031" lon="11.019679">
                <ele>0</ele>
            </trkpt>
            <trkpt lat="45.871809" lon="11.01926">
                <ele>0</ele>
            </trkpt>
            <trkpt lat="45.87164" lon="11.019001">
                <ele>0</ele>
            </trkpt>
            <trkpt lat="45.871197" lon="11.018324">
                <ele>0</ele>
            </trkpt>
            <trkpt lat="45.870936" lon="11.017924">
                <ele>0</ele>
            </trkpt>
            <trkpt lat="45.870918" lon="11.017889">
                <ele>0</ele>
            </trkpt>
            <trkpt lat="45.870552" lon="11.017235">
                <ele>0</ele>
            </trkpt>
            <trkpt lat="45.870142" lon="11.016586">
                <ele>0</ele>
            </trkpt>
            <trkpt lat="45.870096" lon="11.016515">
                <ele>0</ele>
            </trkpt>
            <trkpt lat="45.869699" lon="11.015898">
                <ele>0</ele>
            </trkpt>
            <trkpt lat="45.869371" lon="11.015369">
                <ele>0</ele>
            </trkpt>
            <trkpt lat="45.869144" lon="11.015007">
                <ele>0</ele>
            </trkpt>
            <trkpt lat="45.868993" lon="11.01474">
                <ele>0</ele>
            </trkpt>
            <trkpt lat="45.868817" lon="11.01437">
                <ele>0</ele>
            </trkpt>
            <trkpt lat="45.868679" lon="11.014035">
                <ele>0</ele>
            </trkpt>
            <trkpt lat="45.868614" lon="11.013853">
                <ele>0</ele>
            </trkpt>
            <trkpt lat="45.868577" lon="11.01374">
                <ele>0</ele>
            </trkpt>
            <trkpt lat="45.868495" lon="11.013488">
                <ele>0</ele>
            </trkpt>
            <trkpt lat="45.868435" lon="11.013306">
                <ele>0</ele>
            </trkpt>
            <trkpt lat="45.868394" lon="11.013168">
                <ele>0</ele>
            </trkpt>
            <trkpt lat="45.868383" lon="11.013116">
                <ele>0</ele>
            </trkpt>
            <trkpt lat="45.868377" lon="11.013059">
                <ele>0</ele>
            </trkpt>
            <trkpt lat="45.868375" lon="11.01298">
                <ele>0</ele>
            </trkpt>
            <trkpt lat="45.868376" lon="11.01287">
                <ele>0</ele>
            </trkpt>
            <trkpt lat="45.868387" lon="11.012849">
                <ele>0</ele>
            </trkpt>
            <trkpt lat="45.868405" lon="11.012794">
                <ele>0</ele>
            </trkpt>
            <trkpt lat="45.868411" lon="11.012734">
                <ele>0</ele>
            </trkpt>
            <trkpt lat="45.868404" lon="11.012674">
                <ele>0</ele>
            </trkpt>
            <trkpt lat="45.868384" lon="11.012617">
                <ele>0</ele>
            </trkpt>
            <trkpt lat="45.868352" lon="11.012573">
                <ele>0</ele>
            </trkpt>
            <trkpt lat="45.868313" lon="11.012545">
                <ele>0</ele>
            </trkpt>
            <trkpt lat="45.868269" lon="11.012535">
                <ele>0</ele>
            </trkpt>
            <trkpt lat="45.868226" lon="11.012546">
                <ele>0</ele>
            </trkpt>
            <trkpt lat="45.868187" lon="11.012575">
                <ele>0</ele>
            </trkpt>
            <trkpt lat="45.86812" lon="11.012444">
                <ele>0</ele>
            </trkpt>
            <trkpt lat="45.868011" lon="11.012134">
                <ele>0</ele>
            </trkpt>
            <trkpt lat="45.867673" lon="11.011219">
                <ele>0</ele>
            </trkpt>
            <trkpt lat="45.86756" lon="11.010951">
                <ele>0</ele>
            </trkpt>
            <trkpt lat="45.867498" lon="11.010822">
                <ele>0</ele>
            </trkpt>
            <trkpt lat="45.867447" lon="11.010715">
                <ele>0</ele>
            </trkpt>
            <trkpt lat="45.867435" lon="11.010692">
                <ele>0</ele>
            </trkpt>
            <trkpt lat="45.867382" lon="11.010588">
                <ele>0</ele>
            </trkpt>
            <trkpt lat="45.867311" lon="11.010462">
                <ele>0</ele>
            </trkpt>
            <trkpt lat="45.867222" lon="11.010305">
                <ele>0</ele>
            </trkpt>
            <trkpt lat="45.866823" lon="11.009671">
                <ele>0</ele>
            </trkpt>
            <trkpt lat="45.866618" lon="11.009331">
                <ele>0</ele>
            </trkpt>
            <trkpt lat="45.86655" lon="11.009212">
                <ele>0</ele>
            </trkpt>
            <trkpt lat="45.86653" lon="11.009176">
                <ele>0</ele>
            </trkpt>
            <trkpt lat="45.866457" lon="11.009021">
                <ele>0</ele>
            </trkpt>
            <trkpt lat="45.866404" lon="11.008917">
                <ele>0</ele>
            </trkpt>
            <trkpt lat="45.866368" lon="11.008828">
                <ele>0</ele>
            </trkpt>
            <trkpt lat="45.866344" lon="11.008744">
                <ele>0</ele>
            </trkpt>
            <trkpt lat="45.866323" lon="11.008604">
                <ele>0</ele>
            </trkpt>
            <trkpt lat="45.866312" lon="11.008472">
                <ele>0</ele>
            </trkpt>
            <trkpt lat="45.86631" lon="11.008412">
                <ele>0</ele>
            </trkpt>
            <trkpt lat="45.86632" lon="11.008353">
                <ele>0</ele>
            </trkpt>
            <trkpt lat="45.866359" lon="11.008236">
                <ele>0</ele>
            </trkpt>
            <trkpt lat="45.866395" lon="11.008195">
                <ele>0</ele>
            </trkpt>
            <trkpt lat="45.866426" lon="11.008147">
                <ele>0</ele>
            </trkpt>
            <trkpt lat="45.866453" lon="11.008092">
                <ele>0</ele>
            </trkpt>
            <trkpt lat="45.866473" lon="11.008033">
                <ele>0</ele>
            </trkpt>
            <trkpt lat="45.866488" lon="11.00797">
                <ele>0</ele>
            </trkpt>
            <trkpt lat="45.866496" lon="11.007905">
                <ele>0</ele>
            </trkpt>
            <trkpt lat="45.866497" lon="11.007839">
                <ele>0</ele>
            </trkpt>
            <trkpt lat="45.866492" lon="11.007774">
                <ele>0</ele>
            </trkpt>
            <trkpt lat="45.86648" lon="11.00771">
                <ele>0</ele>
            </trkpt>
            <trkpt lat="45.866462" lon="11.007649">
                <ele>0</ele>
            </trkpt>
            <trkpt lat="45.866438" lon="11.007593">
                <ele>0</ele>
            </trkpt>
            <trkpt lat="45.866409" lon="11.007542">
                <ele>0</ele>
            </trkpt>
            <trkpt lat="45.866256" lon="11.007278">
                <ele>0</ele>
            </trkpt>
            <trkpt lat="45.865964" lon="11.006846">
                <ele>0</ele>
            </trkpt>
            <trkpt lat="45.865706" lon="11.006489">
                <ele>0</ele>
            </trkpt>
            <trkpt lat="45.865643" lon="11.006384">
                <ele>0</ele>
            </trkpt>
            <trkpt lat="45.865468" lon="11.006092">
                <ele>0</ele>
            </trkpt>
            <trkpt lat="45.865067" lon="11.005326">
                <ele>0</ele>
            </trkpt>
            <trkpt lat="45.864587" lon="11.004451">
                <ele>0</ele>
            </trkpt>
            <trkpt lat="45.864391" lon="11.004167">
                <ele>0</ele>
            </trkpt>
            <trkpt lat="45.864089" lon="11.003729">
                <ele>0</ele>
            </trkpt>
            <trkpt lat="45.863881" lon="11.003442">
                <ele>0</ele>
            </trkpt>
            <trkpt lat="45.863725" lon="11.003276">
                <ele>0</ele>
            </trkpt>
            <trkpt lat="45.863568" lon="11.003156">
                <ele>0</ele>
            </trkpt>
            <trkpt lat="45.863399" lon="11.003058">
                <ele>0</ele>
            </trkpt>
            <trkpt lat="45.862055" lon="11.002366">
                <ele>0</ele>
            </trkpt>
            <trkpt lat="45.861944" lon="11.002218">
                <ele>0</ele>
            </trkpt>
            <trkpt lat="45.861916" lon="11.002181">
                <ele>0</ele>
            </trkpt>
            <trkpt lat="45.861871" lon="11.002087">
                <ele>0</ele>
            </trkpt>
            <trkpt lat="45.861845" lon="11.002032">
                <ele>0</ele>
            </trkpt>
            <trkpt lat="45.861838" lon="11.001966">
                <ele>0</ele>
            </trkpt>
            <trkpt lat="45.861818" lon="11.001905">
                <ele>0</ele>
            </trkpt>
            <trkpt lat="45.861788" lon="11.001855">
                <ele>0</ele>
            </trkpt>
            <trkpt lat="45.861749" lon="11.001818">
                <ele>0</ele>
            </trkpt>
            <trkpt lat="45.861705" lon="11.001798">
                <ele>0</ele>
            </trkpt>
            <trkpt lat="45.861658" lon="11.001796">
                <ele>0</ele>
            </trkpt>
            <trkpt lat="45.861613" lon="11.001813">
                <ele>0</ele>
            </trkpt>
            <trkpt lat="45.861573" lon="11.001848">
                <ele>0</ele>
            </trkpt>
            <trkpt lat="45.861556" lon="11.001874">
                <ele>0</ele>
            </trkpt>
            <trkpt lat="45.861517" lon="11.001905">
                <ele>0</ele>
            </trkpt>
            <trkpt lat="45.86148" lon="11.001927">
                <ele>0</ele>
            </trkpt>
            <trkpt lat="45.861447" lon="11.001939">
                <ele>0</ele>
            </trkpt>
            <trkpt lat="45.86142" lon="11.001949">
                <ele>0</ele>
            </trkpt>
            <trkpt lat="45.861381" lon="11.001959">
                <ele>0</ele>
            </trkpt>
            <trkpt lat="45.861345" lon="11.001964">
                <ele>0</ele>
            </trkpt>
            <trkpt lat="45.861311" lon="11.001961">
                <ele>0</ele>
            </trkpt>
            <trkpt lat="45.861268" lon="11.001957">
                <ele>0</ele>
            </trkpt>
            <trkpt lat="45.8612" lon="11.001934">
                <ele>0</ele>
            </trkpt>
            <trkpt lat="45.861113" lon="11.001878">
                <ele>0</ele>
            </trkpt>
            <trkpt lat="45.860875" lon="11.001722">
                <ele>0</ele>
            </trkpt>
            <trkpt lat="45.860775" lon="11.001648">
                <ele>0</ele>
            </trkpt>
            <trkpt lat="45.860642" lon="11.001549">
                <ele>0</ele>
            </trkpt>
            <trkpt lat="45.860501" lon="11.001444">
                <ele>0</ele>
            </trkpt>
            <trkpt lat="45.860469" lon="11.00142">
                <ele>0</ele>
            </trkpt>
            <trkpt lat="45.860112" lon="11.001158">
                <ele>0</ele>
            </trkpt>
            <trkpt lat="45.860058" lon="11.001133">
                <ele>0</ele>
            </trkpt>
            <trkpt lat="45.859804" lon="11.001012">
                <ele>0</ele>
            </trkpt>
            <trkpt lat="45.859646" lon="11.000956">
                <ele>0</ele>
            </trkpt>
            <trkpt lat="45.859495" lon="11.000907">
                <ele>0</ele>
            </trkpt>
            <trkpt lat="45.859302" lon="11.000877">
                <ele>0</ele>
            </trkpt>
            <trkpt lat="45.8588" lon="11.000861">
                <ele>0</ele>
            </trkpt>
            <trkpt lat="45.858624" lon="11.000856">
                <ele>0</ele>
            </trkpt>
            <trkpt lat="45.858297" lon="11.000849">
                <ele>0</ele>
            </trkpt>
            <trkpt lat="45.858253" lon="11.000847">
                <ele>0</ele>
            </trkpt>
            <trkpt lat="45.858005" lon="11.000858">
                <ele>0</ele>
            </trkpt>
            <trkpt lat="45.857819" lon="11.000899">
                <ele>0</ele>
            </trkpt>
            <trkpt lat="45.857643" lon="11.000965">
                <ele>0</ele>
            </trkpt>
            <trkpt lat="45.856466" lon="11.001649">
                <ele>0</ele>
            </trkpt>
            <trkpt lat="45.856209" lon="11.001772">
                <ele>0</ele>
            </trkpt>
            <trkpt lat="45.856192" lon="11.00178">
                <ele>0</ele>
            </trkpt>
            <trkpt lat="45.85591" lon="11.001872">
                <ele>0</ele>
            </trkpt>
            <trkpt lat="45.85587" lon="11.001885">
                <ele>0</ele>
            </trkpt>
            <trkpt lat="45.855849" lon="11.001891">
                <ele>0</ele>
            </trkpt>
            <trkpt lat="45.855566" lon="11.001966">
                <ele>0</ele>
            </trkpt>
            <trkpt lat="45.85541" lon="11.001981">
                <ele>0</ele>
            </trkpt>
            <trkpt lat="45.855239" lon="11.00198">
                <ele>0</ele>
            </trkpt>
            <trkpt lat="45.855035" lon="11.001968">
                <ele>0</ele>
            </trkpt>
            <trkpt lat="45.854707" lon="11.001914">
                <ele>0</ele>
            </trkpt>
            <trkpt lat="45.854111" lon="11.00177">
                <ele>0</ele>
            </trkpt>
            <trkpt lat="45.853821" lon="11.001725">
                <ele>0</ele>
            </trkpt>
            <trkpt lat="45.853135" lon="11.001671">
                <ele>0</ele>
            </trkpt>
            <trkpt lat="45.852865" lon="11.001661">
                <ele>0</ele>
            </trkpt>
            <trkpt lat="45.852782" lon="11.001658">
                <ele>0</ele>
            </trkpt>
            <trkpt lat="45.852742" lon="11.001656">
                <ele>0</ele>
            </trkpt>
            <trkpt lat="45.852391" lon="11.001638">
                <ele>0</ele>
            </trkpt>
            <trkpt lat="45.852389" lon="11.001638">
                <ele>0</ele>
            </trkpt>
            <trkpt lat="45.85217" lon="11.001626">
                <ele>0</ele>
            </trkpt>
            <trkpt lat="45.85212" lon="11.001624">
                <ele>0</ele>
            </trkpt>
            <trkpt lat="45.852081" lon="11.001622">
                <ele>0</ele>
            </trkpt>
            <trkpt lat="45.851681" lon="11.00171">
                <ele>0</ele>
            </trkpt>
            <trkpt lat="45.851403" lon="11.001771">
                <ele>0</ele>
            </trkpt>
            <trkpt lat="45.851269" lon="11.001735">
                <ele>0</ele>
            </trkpt>
            <trkpt lat="45.851146" lon="11.001698">
                <ele>0</ele>
            </trkpt>
            <trkpt lat="45.851061" lon="11.001658">
                <ele>0</ele>
            </trkpt>
            <trkpt lat="45.85099" lon="11.001596">
                <ele>0</ele>
            </trkpt>
            <trkpt lat="45.850888" lon="11.001443">
                <ele>0</ele>
            </trkpt>
            <trkpt lat="45.850816" lon="11.001286">
                <ele>0</ele>
            </trkpt>
            <trkpt lat="45.850712" lon="11.001145">
                <ele>0</ele>
            </trkpt>
            <trkpt lat="45.850583" lon="11.001062">
                <ele>0</ele>
            </trkpt>
            <trkpt lat="45.850467" lon="11.00103">
                <ele>0</ele>
            </trkpt>
            <trkpt lat="45.850342" lon="11.001077">
                <ele>0</ele>
            </trkpt>
            <trkpt lat="45.850228" lon="11.001137">
                <ele>0</ele>
            </trkpt>
            <trkpt lat="45.850137" lon="11.001235">
                <ele>0</ele>
            </trkpt>
            <trkpt lat="45.850066" lon="11.001365">
                <ele>0</ele>
            </trkpt>
            <trkpt lat="45.850052" lon="11.001419">
                <ele>0</ele>
            </trkpt>
            <trkpt lat="45.85003" lon="11.001488">
                <ele>0</ele>
            </trkpt>
            <trkpt lat="45.849974" lon="11.001588">
                <ele>0</ele>
            </trkpt>
            <trkpt lat="45.849917" lon="11.001657">
                <ele>0</ele>
            </trkpt>
            <trkpt lat="45.849873" lon="11.001701">
                <ele>0</ele>
            </trkpt>
            <trkpt lat="45.849831" lon="11.001727">
                <ele>0</ele>
            </trkpt>
            <trkpt lat="45.849768" lon="11.001746">
                <ele>0</ele>
            </trkpt>
            <trkpt lat="45.849704" lon="11.001746">
                <ele>0</ele>
            </trkpt>
            <trkpt lat="45.849594" lon="11.001715">
                <ele>0</ele>
            </trkpt>
            <trkpt lat="45.849481" lon="11.001659">
                <ele>0</ele>
            </trkpt>
            <trkpt lat="45.849304" lon="11.001535">
                <ele>0</ele>
            </trkpt>
            <trkpt lat="45.849111" lon="11.001379">
                <ele>0</ele>
            </trkpt>
            <trkpt lat="45.848937" lon="11.001163">
                <ele>0</ele>
            </trkpt>
            <trkpt lat="45.848657" lon="11.001049">
                <ele>0</ele>
            </trkpt>
            <trkpt lat="45.848488" lon="11.001008">
                <ele>0</ele>
            </trkpt>
            <trkpt lat="45.84845" lon="11.001003">
                <ele>0</ele>
            </trkpt>
            <trkpt lat="45.848126" lon="11.001049">
                <ele>0</ele>
            </trkpt>
            <trkpt lat="45.848085" lon="11.00106">
                <ele>0</ele>
            </trkpt>
            <trkpt lat="45.847704" lon="11.001221">
                <ele>0</ele>
            </trkpt>
            <trkpt lat="45.84763" lon="11.001251">
                <ele>0</ele>
            </trkpt>
            <trkpt lat="45.847456" lon="11.001321">
                <ele>0</ele>
            </trkpt>
            <trkpt lat="45.847441" lon="11.001328">
                <ele>0</ele>
            </trkpt>
            <trkpt lat="45.847405" lon="11.001345">
                <ele>0</ele>
            </trkpt>
            <trkpt lat="45.847348" lon="11.001373">
                <ele>0</ele>
            </trkpt>
            <trkpt lat="45.847338" lon="11.001377">
                <ele>0</ele>
            </trkpt>
            <trkpt lat="45.847226" lon="11.001427">
                <ele>0</ele>
            </trkpt>
            <trkpt lat="45.846932" lon="11.001578">
                <ele>0</ele>
            </trkpt>
            <trkpt lat="45.846659" lon="11.001767">
                <ele>0</ele>
            </trkpt>
            <trkpt lat="45.846627" lon="11.001798">
                <ele>0</ele>
            </trkpt>
            <trkpt lat="45.84644" lon="11.001928">
                <ele>0</ele>
            </trkpt>
            <trkpt lat="45.846082" lon="11.002125">
                <ele>0</ele>
            </trkpt>
            <trkpt lat="45.845714" lon="11.002283">
                <ele>0</ele>
            </trkpt>
            <trkpt lat="45.845541" lon="11.002341">
                <ele>0</ele>
            </trkpt>
            <trkpt lat="45.845382" lon="11.002374">
                <ele>0</ele>
            </trkpt>
            <trkpt lat="45.845246" lon="11.002369">
                <ele>0</ele>
            </trkpt>
            <trkpt lat="45.845105" lon="11.002324">
                <ele>0</ele>
            </trkpt>
            <trkpt lat="45.844895" lon="11.002182">
                <ele>0</ele>
            </trkpt>
            <trkpt lat="45.84477" lon="11.002047">
                <ele>0</ele>
            </trkpt>
            <trkpt lat="45.844652" lon="11.001845">
                <ele>0</ele>
            </trkpt>
            <trkpt lat="45.844554" lon="11.001569">
                <ele>0</ele>
            </trkpt>
            <trkpt lat="45.844498" lon="11.001284">
                <ele>0</ele>
            </trkpt>
            <trkpt lat="45.844346" lon="11.000434">
                <ele>0</ele>
            </trkpt>
            <trkpt lat="45.844229" lon="10.999836">
                <ele>0</ele>
            </trkpt>
            <trkpt lat="45.844075" lon="10.999022">
                <ele>0</ele>
            </trkpt>
            <trkpt lat="45.844039" lon="10.998805">
                <ele>0</ele>
            </trkpt>
            <trkpt lat="45.844021" lon="10.99863">
                <ele>0</ele>
            </trkpt>
            <trkpt lat="45.844026" lon="10.998438">
                <ele>0</ele>
            </trkpt>
            <trkpt lat="45.844068" lon="10.998229">
                <ele>0</ele>
            </trkpt>
            <trkpt lat="45.844193" lon="10.997974">
                <ele>0</ele>
            </trkpt>
            <trkpt lat="45.844342" lon="10.997828">
                <ele>0</ele>
            </trkpt>
            <trkpt lat="45.844438" lon="10.997769">
                <ele>0</ele>
            </trkpt>
            <trkpt lat="45.844529" lon="10.997747">
                <ele>0</ele>
            </trkpt>
            <trkpt lat="45.844621" lon="10.997737">
                <ele>0</ele>
            </trkpt>
            <trkpt lat="45.844709" lon="10.997743">
                <ele>0</ele>
            </trkpt>
            <trkpt lat="45.844824" lon="10.997797">
                <ele>0</ele>
            </trkpt>
            <trkpt lat="45.844924" lon="10.997882">
                <ele>0</ele>
            </trkpt>
            <trkpt lat="45.845004" lon="10.997964">
                <ele>0</ele>
            </trkpt>
            <trkpt lat="45.845083" lon="10.998092">
                <ele>0</ele>
            </trkpt>
            <trkpt lat="45.845128" lon="10.998196">
                <ele>0</ele>
            </trkpt>
            <trkpt lat="45.845169" lon="10.998325">
                <ele>0</ele>
            </trkpt>
            <trkpt lat="45.845202" lon="10.998467">
                <ele>0</ele>
            </trkpt>
            <trkpt lat="45.845213" lon="10.998582">
                <ele>0</ele>
            </trkpt>
            <trkpt lat="45.845218" lon="10.998719">
                <ele>0</ele>
            </trkpt>
            <trkpt lat="45.845199" lon="10.998878">
                <ele>0</ele>
            </trkpt>
            <trkpt lat="45.845172" lon="10.999009">
                <ele>0</ele>
            </trkpt>
            <trkpt lat="45.845121" lon="10.999155">
                <ele>0</ele>
            </trkpt>
            <trkpt lat="45.845015" lon="10.99935">
                <ele>0</ele>
            </trkpt>
            <trkpt lat="45.844892" lon="10.999517">
                <ele>0</ele>
            </trkpt>
            <trkpt lat="45.844749" lon="10.999662">
                <ele>0</ele>
            </trkpt>
            <trkpt lat="45.844584" lon="10.999784">
                <ele>0</ele>
            </trkpt>
            <trkpt lat="45.844504" lon="10.999825">
                <ele>0</ele>
            </trkpt>
            <trkpt lat="45.844307" lon="10.999927">
                <ele>0</ele>
            </trkpt>
            <trkpt lat="45.843989" lon="11.000072">
                <ele>0</ele>
            </trkpt>
            <trkpt lat="45.84367" lon="11.000216">
                <ele>0</ele>
            </trkpt>
            <trkpt lat="45.843257" lon="11.000519">
                <ele>0</ele>
            </trkpt>
            <trkpt lat="45.842385" lon="11.00102">
                <ele>0</ele>
            </trkpt>
            <trkpt lat="45.840959" lon="11.001897">
                <ele>0</ele>
            </trkpt>
            <trkpt lat="45.840527" lon="11.002103">
                <ele>0</ele>
            </trkpt>
            <trkpt lat="45.840178" lon="11.002246">
                <ele>0</ele>
            </trkpt>
            <trkpt lat="45.840176" lon="11.002247">
                <ele>0</ele>
            </trkpt>
            <trkpt lat="45.840079" lon="11.002287">
                <ele>0</ele>
            </trkpt>
            <trkpt lat="45.83977" lon="11.002404">
                <ele>0</ele>
            </trkpt>
            <trkpt lat="45.839389" lon="11.002517">
                <ele>0</ele>
            </trkpt>
            <trkpt lat="45.838924" lon="11.002611">
                <ele>0</ele>
            </trkpt>
            <trkpt lat="45.838408" lon="11.0027">
                <ele>0</ele>
            </trkpt>
            <trkpt lat="45.837422" lon="11.002762">
                <ele>0</ele>
            </trkpt>
            <trkpt lat="45.830378" lon="11.002968">
                <ele>0</ele>
            </trkpt>
            <trkpt lat="45.829354" lon="11.003039">
                <ele>0</ele>
            </trkpt>
            <trkpt lat="45.828715" lon="11.003154">
                <ele>0</ele>
            </trkpt>
            <trkpt lat="45.826802" lon="11.003709">
                <ele>0</ele>
            </trkpt>
            <trkpt lat="45.826305" lon="11.003817">
                <ele>0</ele>
            </trkpt>
            <trkpt lat="45.825808" lon="11.003888">
                <ele>0</ele>
            </trkpt>
            <trkpt lat="45.825316" lon="11.003925">
                <ele>0</ele>
            </trkpt>
            <trkpt lat="45.82273" lon="11.004052">
                <ele>0</ele>
            </trkpt>
            <trkpt lat="45.82239" lon="11.004089">
                <ele>0</ele>
            </trkpt>
            <trkpt lat="45.821877" lon="11.004168">
                <ele>0</ele>
            </trkpt>
            <trkpt lat="45.82146" lon="11.004262">
                <ele>0</ele>
            </trkpt>
            <trkpt lat="45.820985" lon="11.004397">
                <ele>0</ele>
            </trkpt>
            <trkpt lat="45.82059" lon="11.004547">
                <ele>0</ele>
            </trkpt>
            <trkpt lat="45.820306" lon="11.004666">
                <ele>0</ele>
            </trkpt>
            <trkpt lat="45.820021" lon="11.004805">
                <ele>0</ele>
            </trkpt>
            <trkpt lat="45.819677" lon="11.004984">
                <ele>0</ele>
            </trkpt>
            <trkpt lat="45.819345" lon="11.005176">
                <ele>0</ele>
            </trkpt>
            <trkpt lat="45.819058" lon="11.005371">
                <ele>0</ele>
            </trkpt>
            <trkpt lat="45.817757" lon="11.006345">
                <ele>0</ele>
            </trkpt>
            <trkpt lat="45.815218" lon="11.008676">
                <ele>0</ele>
            </trkpt>
            <trkpt lat="45.814389" lon="11.009295">
                <ele>0</ele>
            </trkpt>
            <trkpt lat="45.814" lon="11.009527">
                <ele>0</ele>
            </trkpt>
            <trkpt lat="45.813721" lon="11.009688">
                <ele>0</ele>
            </trkpt>
            <trkpt lat="45.811799" lon="11.010751">
                <ele>0</ele>
            </trkpt>
            <trkpt lat="45.810875" lon="11.01134">
                <ele>0</ele>
            </trkpt>
            <trkpt lat="45.810531" lon="11.011577">
                <ele>0</ele>
            </trkpt>
            <trkpt lat="45.809837" lon="11.012148">
                <ele>0</ele>
            </trkpt>
            <trkpt lat="45.808691" lon="11.013262">
                <ele>0</ele>
            </trkpt>
            <trkpt lat="45.807467" lon="11.014555">
                <ele>0</ele>
            </trkpt>
            <trkpt lat="45.806813" lon="11.015154">
                <ele>0</ele>
            </trkpt>
            <trkpt lat="45.80615" lon="11.015636">
                <ele>0</ele>
            </trkpt>
            <trkpt lat="45.805712" lon="11.015902">
                <ele>0</ele>
            </trkpt>
            <trkpt lat="45.805385" lon="11.01611">
                <ele>0</ele>
            </trkpt>
            <trkpt lat="45.802864" lon="11.017617">
                <ele>0</ele>
            </trkpt>
            <trkpt lat="45.800723" lon="11.018915">
                <ele>0</ele>
            </trkpt>
            <trkpt lat="45.800588" lon="11.019">
                <ele>0</ele>
            </trkpt>
            <trkpt lat="45.799268" lon="11.019789">
                <ele>0</ele>
            </trkpt>
            <trkpt lat="45.798983" lon="11.019956">
                <ele>0</ele>
            </trkpt>
            <trkpt lat="45.798627" lon="11.020156">
                <ele>0</ele>
            </trkpt>
            <trkpt lat="45.798279" lon="11.020347">
                <ele>0</ele>
            </trkpt>
            <trkpt lat="45.797938" lon="11.020512">
                <ele>0</ele>
            </trkpt>
            <trkpt lat="45.797746" lon="11.020588">
                <ele>0</ele>
            </trkpt>
            <trkpt lat="45.797516" lon="11.020691">
                <ele>0</ele>
            </trkpt>
            <trkpt lat="45.797282" lon="11.020774">
                <ele>0</ele>
            </trkpt>
            <trkpt lat="45.797017" lon="11.020843">
                <ele>0</ele>
            </trkpt>
            <trkpt lat="45.796735" lon="11.020915">
                <ele>0</ele>
            </trkpt>
            <trkpt lat="45.796414" lon="11.020982">
                <ele>0</ele>
            </trkpt>
            <trkpt lat="45.796051" lon="11.021044">
                <ele>0</ele>
            </trkpt>
            <trkpt lat="45.795797" lon="11.021068">
                <ele>0</ele>
            </trkpt>
            <trkpt lat="45.795465" lon="11.021093">
                <ele>0</ele>
            </trkpt>
            <trkpt lat="45.795231" lon="11.021106">
                <ele>0</ele>
            </trkpt>
            <trkpt lat="45.795055" lon="11.021106">
                <ele>0</ele>
            </trkpt>
            <trkpt lat="45.794787" lon="11.021084">
                <ele>0</ele>
            </trkpt>
            <trkpt lat="45.794503" lon="11.021063">
                <ele>0</ele>
            </trkpt>
            <trkpt lat="45.794203" lon="11.021026">
                <ele>0</ele>
            </trkpt>
            <trkpt lat="45.793885" lon="11.020972">
                <ele>0</ele>
            </trkpt>
            <trkpt lat="45.793303" lon="11.020857">
                <ele>0</ele>
            </trkpt>
            <trkpt lat="45.793009" lon="11.020799">
                <ele>0</ele>
            </trkpt>
            <trkpt lat="45.792682" lon="11.020725">
                <ele>0</ele>
            </trkpt>
            <trkpt lat="45.791696" lon="11.020517">
                <ele>0</ele>
            </trkpt>
            <trkpt lat="45.791464" lon="11.020475">
                <ele>0</ele>
            </trkpt>
            <trkpt lat="45.790265" lon="11.020234">
                <ele>0</ele>
            </trkpt>
            <trkpt lat="45.789959" lon="11.020159">
                <ele>0</ele>
            </trkpt>
            <trkpt lat="45.789662" lon="11.020095">
                <ele>0</ele>
            </trkpt>
            <trkpt lat="45.789356" lon="11.020014">
                <ele>0</ele>
            </trkpt>
            <trkpt lat="45.789045" lon="11.019928">
                <ele>0</ele>
            </trkpt>
            <trkpt lat="45.788749" lon="11.019836">
                <ele>0</ele>
            </trkpt>
            <trkpt lat="45.788458" lon="11.01973">
                <ele>0</ele>
            </trkpt>
            <trkpt lat="45.788114" lon="11.019595">
                <ele>0</ele>
            </trkpt>
            <trkpt lat="45.787871" lon="11.019495">
                <ele>0</ele>
            </trkpt>
            <trkpt lat="45.787541" lon="11.019312">
                <ele>0</ele>
            </trkpt>
            <trkpt lat="45.786952" lon="11.018958">
                <ele>0</ele>
            </trkpt>
            <trkpt lat="45.786363" lon="11.018533">
                <ele>0</ele>
            </trkpt>
            <trkpt lat="45.785243" lon="11.017573">
                <ele>0</ele>
            </trkpt>
            <trkpt lat="45.784996" lon="11.017363">
                <ele>0</ele>
            </trkpt>
            <trkpt lat="45.784368" lon="11.016853">
                <ele>0</ele>
            </trkpt>
            <trkpt lat="45.783678" lon="11.016367">
                <ele>0</ele>
            </trkpt>
            <trkpt lat="45.783419" lon="11.016221">
                <ele>0</ele>
            </trkpt>
            <trkpt lat="45.78308" lon="11.016072">
                <ele>0</ele>
            </trkpt>
            <trkpt lat="45.782484" lon="11.015791">
                <ele>0</ele>
            </trkpt>
            <trkpt lat="45.772536" lon="11.011502">
                <ele>0</ele>
            </trkpt>
            <trkpt lat="45.772268" lon="11.011357">
                <ele>0</ele>
            </trkpt>
            <trkpt lat="45.771984" lon="11.011182">
                <ele>0</ele>
            </trkpt>
            <trkpt lat="45.771688" lon="11.010984">
                <ele>0</ele>
            </trkpt>
            <trkpt lat="45.771443" lon="11.010804">
                <ele>0</ele>
            </trkpt>
            <trkpt lat="45.771209" lon="11.010626">
                <ele>0</ele>
            </trkpt>
            <trkpt lat="45.770965" lon="11.010417">
                <ele>0</ele>
            </trkpt>
            <trkpt lat="45.770739" lon="11.0102">
                <ele>0</ele>
            </trkpt>
            <trkpt lat="45.770509" lon="11.009953">
                <ele>0</ele>
            </trkpt>
            <trkpt lat="45.770266" lon="11.009749">
                <ele>0</ele>
            </trkpt>
            <trkpt lat="45.770043" lon="11.009495">
                <ele>0</ele>
            </trkpt>
            <trkpt lat="45.769754" lon="11.009173">
                <ele>0</ele>
            </trkpt>
            <trkpt lat="45.769479" lon="11.008839">
                <ele>0</ele>
            </trkpt>
            <trkpt lat="45.769026" lon="11.008197">
                <ele>0</ele>
            </trkpt>
            <trkpt lat="45.768598" lon="11.007545">
                <ele>0</ele>
            </trkpt>
            <trkpt lat="45.765218" lon="11.001175">
                <ele>0</ele>
            </trkpt>
            <trkpt lat="45.764578" lon="10.999968">
                <ele>0</ele>
            </trkpt>
            <trkpt lat="45.764381" lon="10.999597">
                <ele>0</ele>
            </trkpt>
            <trkpt lat="45.764159" lon="10.999254">
                <ele>0</ele>
            </trkpt>
            <trkpt lat="45.76394" lon="10.998938">
                <ele>0</ele>
            </trkpt>
            <trkpt lat="45.763706" lon="10.998641">
                <ele>0</ele>
            </trkpt>
            <trkpt lat="45.763473" lon="10.998354">
                <ele>0</ele>
            </trkpt>
            <trkpt lat="45.763261" lon="10.998125">
                <ele>0</ele>
            </trkpt>
            <trkpt lat="45.762986" lon="10.997861">
                <ele>0</ele>
            </trkpt>
            <trkpt lat="45.762715" lon="10.997621">
                <ele>0</ele>
            </trkpt>
            <trkpt lat="45.762456" lon="10.997409">
                <ele>0</ele>
            </trkpt>
            <trkpt lat="45.762252" lon="10.997246">
                <ele>0</ele>
            </trkpt>
            <trkpt lat="45.761956" lon="10.997018">
                <ele>0</ele>
            </trkpt>
            <trkpt lat="45.761034" lon="10.996314">
                <ele>0</ele>
            </trkpt>
            <trkpt lat="45.757414" lon="10.993488">
                <ele>0</ele>
            </trkpt>
            <trkpt lat="45.751373" lon="10.98891">
                <ele>0</ele>
            </trkpt>
            <trkpt lat="45.750756" lon="10.988389">
                <ele>0</ele>
            </trkpt>
            <trkpt lat="45.75015" lon="10.987804">
                <ele>0</ele>
            </trkpt>
            <trkpt lat="45.749626" lon="10.987232">
                <ele>0</ele>
            </trkpt>
            <trkpt lat="45.749203" lon="10.986665">
                <ele>0</ele>
            </trkpt>
            <trkpt lat="45.748812" lon="10.986081">
                <ele>0</ele>
            </trkpt>
            <trkpt lat="45.748479" lon="10.985512">
                <ele>0</ele>
            </trkpt>
            <trkpt lat="45.748296" lon="10.985181">
                <ele>0</ele>
            </trkpt>
            <trkpt lat="45.748107" lon="10.984798">
                <ele>0</ele>
            </trkpt>
            <trkpt lat="45.747037" lon="10.982326">
                <ele>0</ele>
            </trkpt>
            <trkpt lat="45.747034" lon="10.982318">
                <ele>0</ele>
            </trkpt>
            <trkpt lat="45.746656" lon="10.981406">
                <ele>0</ele>
            </trkpt>
            <trkpt lat="45.746344" lon="10.980667">
                <ele>0</ele>
            </trkpt>
            <trkpt lat="45.745913" lon="10.979629">
                <ele>0</ele>
            </trkpt>
            <trkpt lat="45.744927" lon="10.977274">
                <ele>0</ele>
            </trkpt>
            <trkpt lat="45.744486" lon="10.976218">
                <ele>0</ele>
            </trkpt>
            <trkpt lat="45.744027" lon="10.97512">
                <ele>0</ele>
            </trkpt>
            <trkpt lat="45.743388" lon="10.973594">
                <ele>0</ele>
            </trkpt>
            <trkpt lat="45.743163" lon="10.973048">
                <ele>0</ele>
            </trkpt>
            <trkpt lat="45.742909" lon="10.972479">
                <ele>0</ele>
            </trkpt>
            <trkpt lat="45.742623" lon="10.971852">
                <ele>0</ele>
            </trkpt>
            <trkpt lat="45.742221" lon="10.971032">
                <ele>0</ele>
            </trkpt>
            <trkpt lat="45.741008" lon="10.968675">
                <ele>0</ele>
            </trkpt>
            <trkpt lat="45.740034" lon="10.966771">
                <ele>0</ele>
            </trkpt>
            <trkpt lat="45.739879" lon="10.966455">
                <ele>0</ele>
            </trkpt>
            <trkpt lat="45.739729" lon="10.966131">
                <ele>0</ele>
            </trkpt>
            <trkpt lat="45.739595" lon="10.965846">
                <ele>0</ele>
            </trkpt>
            <trkpt lat="45.739404" lon="10.965388">
                <ele>0</ele>
            </trkpt>
            <trkpt lat="45.73924" lon="10.964956">
                <ele>0</ele>
            </trkpt>
            <trkpt lat="45.739086" lon="10.964525">
                <ele>0</ele>
            </trkpt>
            <trkpt lat="45.738972" lon="10.964155">
                <ele>0</ele>
            </trkpt>
            <trkpt lat="45.738853" lon="10.96373">
                <ele>0</ele>
            </trkpt>
            <trkpt lat="45.738739" lon="10.963287">
                <ele>0</ele>
            </trkpt>
            <trkpt lat="45.738633" lon="10.962833">
                <ele>0</ele>
            </trkpt>
            <trkpt lat="45.738528" lon="10.962332">
                <ele>0</ele>
            </trkpt>
            <trkpt lat="45.738475" lon="10.962063">
                <ele>0</ele>
            </trkpt>
            <trkpt lat="45.738421" lon="10.96173">
                <ele>0</ele>
            </trkpt>
            <trkpt lat="45.738212" lon="10.960338">
                <ele>0</ele>
            </trkpt>
            <trkpt lat="45.737999" lon="10.959016">
                <ele>0</ele>
            </trkpt>
            <trkpt lat="45.737867" lon="10.958359">
                <ele>0</ele>
            </trkpt>
            <trkpt lat="45.737745" lon="10.95783">
                <ele>0</ele>
            </trkpt>
            <trkpt lat="45.737598" lon="10.957248">
                <ele>0</ele>
            </trkpt>
            <trkpt lat="45.737388" lon="10.956535">
                <ele>0</ele>
            </trkpt>
            <trkpt lat="45.737215" lon="10.956017">
                <ele>0</ele>
            </trkpt>
            <trkpt lat="45.737041" lon="10.955531">
                <ele>0</ele>
            </trkpt>
            <trkpt lat="45.736835" lon="10.955003">
                <ele>0</ele>
            </trkpt>
            <trkpt lat="45.736608" lon="10.954489">
                <ele>0</ele>
            </trkpt>
            <trkpt lat="45.736435" lon="10.954117">
                <ele>0</ele>
            </trkpt>
            <trkpt lat="45.736174" lon="10.953576">
                <ele>0</ele>
            </trkpt>
            <trkpt lat="45.73589" lon="10.953027">
                <ele>0</ele>
            </trkpt>
            <trkpt lat="45.735697" lon="10.952653">
                <ele>0</ele>
            </trkpt>
            <trkpt lat="45.73518" lon="10.951647">
                <ele>0</ele>
            </trkpt>
            <trkpt lat="45.734714" lon="10.950741">
                <ele>0</ele>
            </trkpt>
            <trkpt lat="45.733665" lon="10.948686">
                <ele>0</ele>
            </trkpt>
            <trkpt lat="45.733138" lon="10.947672">
                <ele>0</ele>
            </trkpt>
            <trkpt lat="45.73263" lon="10.946709">
                <ele>0</ele>
            </trkpt>
            <trkpt lat="45.732322" lon="10.946176">
                <ele>0</ele>
            </trkpt>
            <trkpt lat="45.732007" lon="10.945663">
                <ele>0</ele>
            </trkpt>
            <trkpt lat="45.731763" lon="10.945268">
                <ele>0</ele>
            </trkpt>
            <trkpt lat="45.731444" lon="10.944782">
                <ele>0</ele>
            </trkpt>
            <trkpt lat="45.731014" lon="10.944186">
                <ele>0</ele>
            </trkpt>
            <trkpt lat="45.730483" lon="10.943476">
                <ele>0</ele>
            </trkpt>
            <trkpt lat="45.730059" lon="10.94296">
                <ele>0</ele>
            </trkpt>
            <trkpt lat="45.729892" lon="10.942771">
                <ele>0</ele>
            </trkpt>
            <trkpt lat="45.729468" lon="10.942283">
                <ele>0</ele>
            </trkpt>
            <trkpt lat="45.729158" lon="10.941954">
                <ele>0</ele>
            </trkpt>
            <trkpt lat="45.728732" lon="10.941525">
                <ele>0</ele>
            </trkpt>
            <trkpt lat="45.72843" lon="10.941231">
                <ele>0</ele>
            </trkpt>
            <trkpt lat="45.72805" lon="10.940879">
                <ele>0</ele>
            </trkpt>
            <trkpt lat="45.727748" lon="10.940616">
                <ele>0</ele>
            </trkpt>
            <trkpt lat="45.727433" lon="10.94035">
                <ele>0</ele>
            </trkpt>
            <trkpt lat="45.727111" lon="10.940098">
                <ele>0</ele>
            </trkpt>
            <trkpt lat="45.726631" lon="10.939736">
                <ele>0</ele>
            </trkpt>
            <trkpt lat="45.726314" lon="10.939509">
                <ele>0</ele>
            </trkpt>
            <trkpt lat="45.725931" lon="10.939245">
                <ele>0</ele>
            </trkpt>
            <trkpt lat="45.725374" lon="10.938868">
                <ele>0</ele>
            </trkpt>
            <trkpt lat="45.724851" lon="10.938497">
                <ele>0</ele>
            </trkpt>
            <trkpt lat="45.724065" lon="10.937957">
                <ele>0</ele>
            </trkpt>
            <trkpt lat="45.722736" lon="10.937039">
                <ele>0</ele>
            </trkpt>
            <trkpt lat="45.721591" lon="10.936253">
                <ele>0</ele>
            </trkpt>
            <trkpt lat="45.720975" lon="10.935834">
                <ele>0</ele>
            </trkpt>
            <trkpt lat="45.718945" lon="10.934434">
                <ele>0</ele>
            </trkpt>
            <trkpt lat="45.718256" lon="10.93396">
                <ele>0</ele>
            </trkpt>
            <trkpt lat="45.717932" lon="10.933738">
                <ele>0</ele>
            </trkpt>
            <trkpt lat="45.71692" lon="10.933044">
                <ele>0</ele>
            </trkpt>
            <trkpt lat="45.716082" lon="10.932442">
                <ele>0</ele>
            </trkpt>
            <trkpt lat="45.715657" lon="10.932102">
                <ele>0</ele>
            </trkpt>
            <trkpt lat="45.715272" lon="10.93178">
                <ele>0</ele>
            </trkpt>
            <trkpt lat="45.71441" lon="10.931001">
                <ele>0</ele>
            </trkpt>
            <trkpt lat="45.713183" lon="10.929848">
                <ele>0</ele>
            </trkpt>
            <trkpt lat="45.711759" lon="10.928523">
                <ele>0</ele>
            </trkpt>
            <trkpt lat="45.711068" lon="10.927875">
                <ele>0</ele>
            </trkpt>
            <trkpt lat="45.710674" lon="10.927538">
                <ele>0</ele>
            </trkpt>
            <trkpt lat="45.710345" lon="10.927263">
                <ele>0</ele>
            </trkpt>
            <trkpt lat="45.709778" lon="10.926838">
                <ele>0</ele>
            </trkpt>
            <trkpt lat="45.709244" lon="10.926469">
                <ele>0</ele>
            </trkpt>
            <trkpt lat="45.70869" lon="10.926114">
                <ele>0</ele>
            </trkpt>
            <trkpt lat="45.707789" lon="10.925617">
                <ele>0</ele>
            </trkpt>
            <trkpt lat="45.707213" lon="10.925314">
                <ele>0</ele>
            </trkpt>
            <trkpt lat="45.70661" lon="10.924996">
                <ele>0</ele>
            </trkpt>
            <trkpt lat="45.703954" lon="10.923595">
                <ele>0</ele>
            </trkpt>
            <trkpt lat="45.701298" lon="10.922195">
                <ele>0</ele>
            </trkpt>
            <trkpt lat="45.700738" lon="10.921899">
                <ele>0</ele>
            </trkpt>
            <trkpt lat="45.700273" lon="10.921638">
                <ele>0</ele>
            </trkpt>
            <trkpt lat="45.699778" lon="10.921334">
                <ele>0</ele>
            </trkpt>
            <trkpt lat="45.699575" lon="10.921208">
                <ele>0</ele>
            </trkpt>
            <trkpt lat="45.699112" lon="10.920857">
                <ele>0</ele>
            </trkpt>
            <trkpt lat="45.698641" lon="10.920479">
                <ele>0</ele>
            </trkpt>
            <trkpt lat="45.698348" lon="10.9202">
                <ele>0</ele>
            </trkpt>
            <trkpt lat="45.698191" lon="10.920051">
                <ele>0</ele>
            </trkpt>
            <trkpt lat="45.697913" lon="10.919774">
                <ele>0</ele>
            </trkpt>
            <trkpt lat="45.69739" lon="10.919189">
                <ele>0</ele>
            </trkpt>
            <trkpt lat="45.696802" lon="10.918443">
                <ele>0</ele>
            </trkpt>
            <trkpt lat="45.695769" lon="10.916935">
                <ele>0</ele>
            </trkpt>
            <trkpt lat="45.694689" lon="10.915355">
                <ele>0</ele>
            </trkpt>
            <trkpt lat="45.694111" lon="10.914492">
                <ele>0</ele>
            </trkpt>
            <trkpt lat="45.691331" lon="10.910397">
                <ele>0</ele>
            </trkpt>
            <trkpt lat="45.690924" lon="10.909888">
                <ele>0</ele>
            </trkpt>
            <trkpt lat="45.690639" lon="10.909542">
                <ele>0</ele>
            </trkpt>
            <trkpt lat="45.690384" lon="10.909246">
                <ele>0</ele>
            </trkpt>
            <trkpt lat="45.690046" lon="10.908905">
                <ele>0</ele>
            </trkpt>
            <trkpt lat="45.689721" lon="10.908586">
                <ele>0</ele>
            </trkpt>
            <trkpt lat="45.689394" lon="10.908293">
                <ele>0</ele>
            </trkpt>
            <trkpt lat="45.689018" lon="10.90798">
                <ele>0</ele>
            </trkpt>
            <trkpt lat="45.688657" lon="10.907692">
                <ele>0</ele>
            </trkpt>
            <trkpt lat="45.688459" lon="10.907564">
                <ele>0</ele>
            </trkpt>
            <trkpt lat="45.688117" lon="10.907343">
                <ele>0</ele>
            </trkpt>
            <trkpt lat="45.68747" lon="10.906955">
                <ele>0</ele>
            </trkpt>
            <trkpt lat="45.687088" lon="10.906774">
                <ele>0</ele>
            </trkpt>
            <trkpt lat="45.686715" lon="10.906615">
                <ele>0</ele>
            </trkpt>
            <trkpt lat="45.686377" lon="10.906485">
                <ele>0</ele>
            </trkpt>
            <trkpt lat="45.68589" lon="10.906336">
                <ele>0</ele>
            </trkpt>
            <trkpt lat="45.68538" lon="10.906199">
                <ele>0</ele>
            </trkpt>
            <trkpt lat="45.68513" lon="10.906124">
                <ele>0</ele>
            </trkpt>
            <trkpt lat="45.684194" lon="10.905914">
                <ele>0</ele>
            </trkpt>
            <trkpt lat="45.683389" lon="10.905744">
                <ele>0</ele>
            </trkpt>
            <trkpt lat="45.681819" lon="10.905376">
                <ele>0</ele>
            </trkpt>
            <trkpt lat="45.681497" lon="10.905293">
                <ele>0</ele>
            </trkpt>
            <trkpt lat="45.680728" lon="10.905053">
                <ele>0</ele>
            </trkpt>
            <trkpt lat="45.679975" lon="10.90479">
                <ele>0</ele>
            </trkpt>
            <trkpt lat="45.679683" lon="10.904683">
                <ele>0</ele>
            </trkpt>
            <trkpt lat="45.679004" lon="10.904399">
                <ele>0</ele>
            </trkpt>
            <trkpt lat="45.67833" lon="10.904094">
                <ele>0</ele>
            </trkpt>
            <trkpt lat="45.677699" lon="10.90379">
                <ele>0</ele>
            </trkpt>
            <trkpt lat="45.677" lon="10.903422">
                <ele>0</ele>
            </trkpt>
            <trkpt lat="45.676578" lon="10.90319">
                <ele>0</ele>
            </trkpt>
            <trkpt lat="45.676461" lon="10.90312">
                <ele>0</ele>
            </trkpt>
            <trkpt lat="45.67562" lon="10.902611">
                <ele>0</ele>
            </trkpt>
            <trkpt lat="45.675272" lon="10.902382">
                <ele>0</ele>
            </trkpt>
            <trkpt lat="45.672632" lon="10.900566">
                <ele>0</ele>
            </trkpt>
            <trkpt lat="45.67224" lon="10.900287">
                <ele>0</ele>
            </trkpt>
            <trkpt lat="45.671335" lon="10.899677">
                <ele>0</ele>
            </trkpt>
            <trkpt lat="45.670297" lon="10.89896">
                <ele>0</ele>
            </trkpt>
            <trkpt lat="45.668421" lon="10.897685">
                <ele>0</ele>
            </trkpt>
            <trkpt lat="45.66797" lon="10.89737">
                <ele>0</ele>
            </trkpt>
            <trkpt lat="45.667337" lon="10.896929">
                <ele>0</ele>
            </trkpt>
            <trkpt lat="45.666588" lon="10.896411">
                <ele>0</ele>
            </trkpt>
            <trkpt lat="45.666132" lon="10.896089">
                <ele>0</ele>
            </trkpt>
            <trkpt lat="45.665807" lon="10.895873">
                <ele>0</ele>
            </trkpt>
            <trkpt lat="45.665556" lon="10.89571">
                <ele>0</ele>
            </trkpt>
            <trkpt lat="45.665276" lon="10.895526">
                <ele>0</ele>
            </trkpt>
            <trkpt lat="45.66486" lon="10.895283">
                <ele>0</ele>
            </trkpt>
            <trkpt lat="45.664256" lon="10.894963">
                <ele>0</ele>
            </trkpt>
            <trkpt lat="45.663845" lon="10.894748">
                <ele>0</ele>
            </trkpt>
            <trkpt lat="45.66322" lon="10.894459">
                <ele>0</ele>
            </trkpt>
            <trkpt lat="45.662583" lon="10.894192">
                <ele>0</ele>
            </trkpt>
            <trkpt lat="45.66178" lon="10.893887">
                <ele>0</ele>
            </trkpt>
            <trkpt lat="45.660241" lon="10.893301">
                <ele>0</ele>
            </trkpt>
            <trkpt lat="45.659614" lon="10.893061">
                <ele>0</ele>
            </trkpt>
            <trkpt lat="45.659063" lon="10.892854">
                <ele>0</ele>
            </trkpt>
            <trkpt lat="45.658526" lon="10.892605">
                <ele>0</ele>
            </trkpt>
            <trkpt lat="45.657933" lon="10.892301">
                <ele>0</ele>
            </trkpt>
            <trkpt lat="45.657413" lon="10.891998">
                <ele>0</ele>
            </trkpt>
            <trkpt lat="45.656796" lon="10.89161">
                <ele>0</ele>
            </trkpt>
            <trkpt lat="45.655271" lon="10.890489">
                <ele>0</ele>
            </trkpt>
            <trkpt lat="45.654463" lon="10.889879">
                <ele>0</ele>
            </trkpt>
            <trkpt lat="45.653645" lon="10.889281">
                <ele>0</ele>
            </trkpt>
            <trkpt lat="45.652023" lon="10.888064">
                <ele>0</ele>
            </trkpt>
            <trkpt lat="45.651013" lon="10.887306">
                <ele>0</ele>
            </trkpt>
            <trkpt lat="45.649157" lon="10.885918">
                <ele>0</ele>
            </trkpt>
            <trkpt lat="45.648031" lon="10.885076">
                <ele>0</ele>
            </trkpt>
            <trkpt lat="45.646769" lon="10.884137">
                <ele>0</ele>
            </trkpt>
            <trkpt lat="45.646148" lon="10.883665">
                <ele>0</ele>
            </trkpt>
            <trkpt lat="45.645627" lon="10.883235">
                <ele>0</ele>
            </trkpt>
            <trkpt lat="45.645277" lon="10.882937">
                <ele>0</ele>
            </trkpt>
            <trkpt lat="45.644791" lon="10.882506">
                <ele>0</ele>
            </trkpt>
            <trkpt lat="45.644519" lon="10.882253">
                <ele>0</ele>
            </trkpt>
            <trkpt lat="45.643979" lon="10.881739">
                <ele>0</ele>
            </trkpt>
            <trkpt lat="45.643702" lon="10.881472">
                <ele>0</ele>
            </trkpt>
            <trkpt lat="45.642661" lon="10.880456">
                <ele>0</ele>
            </trkpt>
            <trkpt lat="45.642262" lon="10.880053">
                <ele>0</ele>
            </trkpt>
            <trkpt lat="45.642009" lon="10.879835">
                <ele>0</ele>
            </trkpt>
            <trkpt lat="45.641717" lon="10.87959">
                <ele>0</ele>
            </trkpt>
            <trkpt lat="45.641213" lon="10.879215">
                <ele>0</ele>
            </trkpt>
            <trkpt lat="45.64059" lon="10.878749">
                <ele>0</ele>
            </trkpt>
            <trkpt lat="45.640322" lon="10.878539">
                <ele>0</ele>
            </trkpt>
            <trkpt lat="45.639932" lon="10.878174">
                <ele>0</ele>
            </trkpt>
            <trkpt lat="45.639698" lon="10.877928">
                <ele>0</ele>
            </trkpt>
            <trkpt lat="45.639361" lon="10.877546">
                <ele>0</ele>
            </trkpt>
            <trkpt lat="45.639014" lon="10.877116">
                <ele>0</ele>
            </trkpt>
            <trkpt lat="45.638548" lon="10.876533">
                <ele>0</ele>
            </trkpt>
            <trkpt lat="45.63808" lon="10.875981">
                <ele>0</ele>
            </trkpt>
            <trkpt lat="45.637548" lon="10.875441">
                <ele>0</ele>
            </trkpt>
            <trkpt lat="45.637308" lon="10.875207">
                <ele>0</ele>
            </trkpt>
            <trkpt lat="45.636799" lon="10.874713">
                <ele>0</ele>
            </trkpt>
            <trkpt lat="45.636261" lon="10.874191">
                <ele>0</ele>
            </trkpt>
            <trkpt lat="45.635696" lon="10.873658">
                <ele>0</ele>
            </trkpt>
            <trkpt lat="45.63474" lon="10.872834">
                <ele>0</ele>
            </trkpt>
            <trkpt lat="45.632594" lon="10.871017">
                <ele>0</ele>
            </trkpt>
            <trkpt lat="45.631638" lon="10.870188">
                <ele>0</ele>
            </trkpt>
            <trkpt lat="45.630563" lon="10.869282">
                <ele>0</ele>
            </trkpt>
            <trkpt lat="45.629417" lon="10.868306">
                <ele>0</ele>
            </trkpt>
            <trkpt lat="45.628056" lon="10.867139">
                <ele>0</ele>
            </trkpt>
            <trkpt lat="45.625079" lon="10.8646">
                <ele>0</ele>
            </trkpt>
            <trkpt lat="45.624769" lon="10.864339">
                <ele>0</ele>
            </trkpt>
            <trkpt lat="45.624173" lon="10.863835">
                <ele>0</ele>
            </trkpt>
            <trkpt lat="45.623261" lon="10.863066">
                <ele>0</ele>
            </trkpt>
            <trkpt lat="45.621553" lon="10.861593">
                <ele>0</ele>
            </trkpt>
            <trkpt lat="45.620842" lon="10.860951">
                <ele>0</ele>
            </trkpt>
            <trkpt lat="45.619902" lon="10.860038">
                <ele>0</ele>
            </trkpt>
            <trkpt lat="45.61949" lon="10.859631">
                <ele>0</ele>
            </trkpt>
            <trkpt lat="45.618465" lon="10.858615">
                <ele>0</ele>
            </trkpt>
            <trkpt lat="45.617145" lon="10.857327">
                <ele>0</ele>
            </trkpt>
            <trkpt lat="45.61582" lon="10.85602">
                <ele>0</ele>
            </trkpt>
            <trkpt lat="45.615152" lon="10.855343">
                <ele>0</ele>
            </trkpt>
            <trkpt lat="45.614785" lon="10.854986">
                <ele>0</ele>
            </trkpt>
            <trkpt lat="45.614122" lon="10.854348">
                <ele>0</ele>
            </trkpt>
            <trkpt lat="45.612802" lon="10.853027">
                <ele>0</ele>
            </trkpt>
            <trkpt lat="45.612522" lon="10.852754">
                <ele>0</ele>
            </trkpt>
            <trkpt lat="45.612209" lon="10.852467">
                <ele>0</ele>
            </trkpt>
            <trkpt lat="45.611872" lon="10.852192">
                <ele>0</ele>
            </trkpt>
            <trkpt lat="45.611553" lon="10.851949">
                <ele>0</ele>
            </trkpt>
            <trkpt lat="45.61108" lon="10.851627">
                <ele>0</ele>
            </trkpt>
            <trkpt lat="45.610553" lon="10.851316">
                <ele>0</ele>
            </trkpt>
            <trkpt lat="45.610302" lon="10.851181">
                <ele>0</ele>
            </trkpt>
            <trkpt lat="45.610118" lon="10.851082">
                <ele>0</ele>
            </trkpt>
            <trkpt lat="45.609786" lon="10.850909">
                <ele>0</ele>
            </trkpt>
            <trkpt lat="45.609472" lon="10.850748">
                <ele>0</ele>
            </trkpt>
            <trkpt lat="45.608632" lon="10.850303">
                <ele>0</ele>
            </trkpt>
            <trkpt lat="45.607878" lon="10.84986">
                <ele>0</ele>
            </trkpt>
            <trkpt lat="45.607188" lon="10.849425">
                <ele>0</ele>
            </trkpt>
            <trkpt lat="45.606633" lon="10.849053">
                <ele>0</ele>
            </trkpt>
            <trkpt lat="45.606212" lon="10.848754">
                <ele>0</ele>
            </trkpt>
            <trkpt lat="45.605428" lon="10.848169">
                <ele>0</ele>
            </trkpt>
            <trkpt lat="45.604729" lon="10.847596">
                <ele>0</ele>
            </trkpt>
            <trkpt lat="45.604125" lon="10.847072">
                <ele>0</ele>
            </trkpt>
            <trkpt lat="45.603358" lon="10.84637">
                <ele>0</ele>
            </trkpt>
            <trkpt lat="45.601946" lon="10.845077">
                <ele>0</ele>
            </trkpt>
            <trkpt lat="45.600258" lon="10.843537">
                <ele>0</ele>
            </trkpt>
            <trkpt lat="45.598675" lon="10.842103">
                <ele>0</ele>
            </trkpt>
            <trkpt lat="45.597192" lon="10.840743">
                <ele>0</ele>
            </trkpt>
            <trkpt lat="45.596388" lon="10.839996">
                <ele>0</ele>
            </trkpt>
            <trkpt lat="45.595781" lon="10.839472">
                <ele>0</ele>
            </trkpt>
            <trkpt lat="45.595155" lon="10.838972">
                <ele>0</ele>
            </trkpt>
            <trkpt lat="45.594804" lon="10.838717">
                <ele>0</ele>
            </trkpt>
            <trkpt lat="45.594478" lon="10.838487">
                <ele>0</ele>
            </trkpt>
            <trkpt lat="45.594002" lon="10.838178">
                <ele>0</ele>
            </trkpt>
            <trkpt lat="45.593552" lon="10.837904">
                <ele>0</ele>
            </trkpt>
            <trkpt lat="45.59304" lon="10.837603">
                <ele>0</ele>
            </trkpt>
            <trkpt lat="45.591642" lon="10.836811">
                <ele>0</ele>
            </trkpt>
            <trkpt lat="45.590381" lon="10.836086">
                <ele>0</ele>
            </trkpt>
            <trkpt lat="45.590092" lon="10.83592">
                <ele>0</ele>
            </trkpt>
            <trkpt lat="45.589578" lon="10.835602">
                <ele>0</ele>
            </trkpt>
            <trkpt lat="45.589153" lon="10.835347">
                <ele>0</ele>
            </trkpt>
            <trkpt lat="45.58872" lon="10.835054">
                <ele>0</ele>
            </trkpt>
            <trkpt lat="45.588369" lon="10.83479">
                <ele>0</ele>
            </trkpt>
            <trkpt lat="45.587911" lon="10.834393">
                <ele>0</ele>
            </trkpt>
            <trkpt lat="45.587494" lon="10.833991">
                <ele>0</ele>
            </trkpt>
            <trkpt lat="45.587064" lon="10.833536">
                <ele>0</ele>
            </trkpt>
            <trkpt lat="45.586783" lon="10.833218">
                <ele>0</ele>
            </trkpt>
            <trkpt lat="45.586268" lon="10.832545">
                <ele>0</ele>
            </trkpt>
            <trkpt lat="45.585996" lon="10.832168">
                <ele>0</ele>
            </trkpt>
            <trkpt lat="45.585673" lon="10.831672">
                <ele>0</ele>
            </trkpt>
            <trkpt lat="45.585257" lon="10.830975">
                <ele>0</ele>
            </trkpt>
            <trkpt lat="45.58505" lon="10.830594">
                <ele>0</ele>
            </trkpt>
            <trkpt lat="45.584789" lon="10.830062">
                <ele>0</ele>
            </trkpt>
            <trkpt lat="45.584686" lon="10.829836">
                <ele>0</ele>
            </trkpt>
            <trkpt lat="45.584524" lon="10.829458">
                <ele>0</ele>
            </trkpt>
            <trkpt lat="45.584347" lon="10.829047">
                <ele>0</ele>
            </trkpt>
            <trkpt lat="45.584191" lon="10.828634">
                <ele>0</ele>
            </trkpt>
            <trkpt lat="45.58401" lon="10.828133">
                <ele>0</ele>
            </trkpt>
            <trkpt lat="45.583764" lon="10.827335">
                <ele>0</ele>
            </trkpt>
            <trkpt lat="45.583597" lon="10.826706">
                <ele>0</ele>
            </trkpt>
            <trkpt lat="45.58348" lon="10.826228">
                <ele>0</ele>
            </trkpt>
            <trkpt lat="45.583354" lon="10.82563">
                <ele>0</ele>
            </trkpt>
            <trkpt lat="45.583236" lon="10.82498">
                <ele>0</ele>
            </trkpt>
            <trkpt lat="45.583082" lon="10.823998">
                <ele>0</ele>
            </trkpt>
            <trkpt lat="45.582903" lon="10.822674">
                <ele>0</ele>
            </trkpt>
            <trkpt lat="45.582833" lon="10.822159">
                <ele>0</ele>
            </trkpt>
            <trkpt lat="45.582573" lon="10.82032">
                <ele>0</ele>
            </trkpt>
            <trkpt lat="45.582479" lon="10.81963">
                <ele>0</ele>
            </trkpt>
            <trkpt lat="45.582279" lon="10.818435">
                <ele>0</ele>
            </trkpt>
            <trkpt lat="45.582096" lon="10.817477">
                <ele>0</ele>
            </trkpt>
            <trkpt lat="45.581998" lon="10.81702">
                <ele>0</ele>
            </trkpt>
            <trkpt lat="45.581885" lon="10.816542">
                <ele>0</ele>
            </trkpt>
            <trkpt lat="45.581751" lon="10.816028">
                <ele>0</ele>
            </trkpt>
            <trkpt lat="45.581425" lon="10.814929">
                <ele>0</ele>
            </trkpt>
            <trkpt lat="45.58112" lon="10.814033">
                <ele>0</ele>
            </trkpt>
            <trkpt lat="45.580756" lon="10.813094">
                <ele>0</ele>
            </trkpt>
            <trkpt lat="45.580482" lon="10.812477">
                <ele>0</ele>
            </trkpt>
            <trkpt lat="45.580211" lon="10.811897">
                <ele>0</ele>
            </trkpt>
            <trkpt lat="45.579855" lon="10.811185">
                <ele>0</ele>
            </trkpt>
            <trkpt lat="45.579629" lon="10.810759">
                <ele>0</ele>
            </trkpt>
            <trkpt lat="45.579245" lon="10.81011">
                <ele>0</ele>
            </trkpt>
            <trkpt lat="45.578588" lon="10.809096">
                <ele>0</ele>
            </trkpt>
            <trkpt lat="45.578221" lon="10.808589">
                <ele>0</ele>
            </trkpt>
            <trkpt lat="45.577715" lon="10.807935">
                <ele>0</ele>
            </trkpt>
            <trkpt lat="45.577293" lon="10.807409">
                <ele>0</ele>
            </trkpt>
            <trkpt lat="45.576514" lon="10.80661">
                <ele>0</ele>
            </trkpt>
            <trkpt lat="45.575998" lon="10.806119">
                <ele>0</ele>
            </trkpt>
            <trkpt lat="45.57538" lon="10.805587">
                <ele>0</ele>
            </trkpt>
            <trkpt lat="45.574866" lon="10.805195">
                <ele>0</ele>
            </trkpt>
            <trkpt lat="45.574219" lon="10.804747">
                <ele>0</ele>
            </trkpt>
            <trkpt lat="45.573602" lon="10.804373">
                <ele>0</ele>
            </trkpt>
            <trkpt lat="45.573062" lon="10.804094">
                <ele>0</ele>
            </trkpt>
            <trkpt lat="45.572424" lon="10.8038">
                <ele>0</ele>
            </trkpt>
            <trkpt lat="45.571987" lon="10.803623">
                <ele>0</ele>
            </trkpt>
            <trkpt lat="45.571555" lon="10.803476">
                <ele>0</ele>
            </trkpt>
            <trkpt lat="45.570957" lon="10.803295">
                <ele>0</ele>
            </trkpt>
            <trkpt lat="45.570295" lon="10.803135">
                <ele>0</ele>
            </trkpt>
            <trkpt lat="45.569628" lon="10.802994">
                <ele>0</ele>
            </trkpt>
            <trkpt lat="45.568431" lon="10.802753">
                <ele>0</ele>
            </trkpt>
            <trkpt lat="45.567094" lon="10.802483">
                <ele>0</ele>
            </trkpt>
            <trkpt lat="45.56555" lon="10.80217">
                <ele>0</ele>
            </trkpt>
            <trkpt lat="45.565001" lon="10.802045">
                <ele>0</ele>
            </trkpt>
            <trkpt lat="45.564286" lon="10.801858">
                <ele>0</ele>
            </trkpt>
            <trkpt lat="45.562324" lon="10.801323">
                <ele>0</ele>
            </trkpt>
            <trkpt lat="45.56125" lon="10.80103">
                <ele>0</ele>
            </trkpt>
            <trkpt lat="45.560127" lon="10.800715">
                <ele>0</ele>
            </trkpt>
            <trkpt lat="45.559154" lon="10.800442">
                <ele>0</ele>
            </trkpt>
            <trkpt lat="45.557635" lon="10.800053">
                <ele>0</ele>
            </trkpt>
            <trkpt lat="45.556606" lon="10.799752">
                <ele>0</ele>
            </trkpt>
            <trkpt lat="45.556211" lon="10.799618">
                <ele>0</ele>
            </trkpt>
            <trkpt lat="45.555849" lon="10.799457">
                <ele>0</ele>
            </trkpt>
            <trkpt lat="45.555456" lon="10.799269">
                <ele>0</ele>
            </trkpt>
            <trkpt lat="45.554679" lon="10.798792">
                <ele>0</ele>
            </trkpt>
            <trkpt lat="45.554224" lon="10.798462">
                <ele>0</ele>
            </trkpt>
            <trkpt lat="45.553753" lon="10.798071">
                <ele>0</ele>
            </trkpt>
            <trkpt lat="45.553306" lon="10.797639">
                <ele>0</ele>
            </trkpt>
            <trkpt lat="45.552877" lon="10.797182">
                <ele>0</ele>
            </trkpt>
            <trkpt lat="45.552532" lon="10.796748">
                <ele>0</ele>
            </trkpt>
            <trkpt lat="45.552186" lon="10.796282">
                <ele>0</ele>
            </trkpt>
            <trkpt lat="45.551965" lon="10.795944">
                <ele>0</ele>
            </trkpt>
            <trkpt lat="45.551777" lon="10.795635">
                <ele>0</ele>
            </trkpt>
            <trkpt lat="45.551553" lon="10.795257">
                <ele>0</ele>
            </trkpt>
            <trkpt lat="45.551063" lon="10.794348">
                <ele>0</ele>
            </trkpt>
            <trkpt lat="45.550784" lon="10.793853">
                <ele>0</ele>
            </trkpt>
            <trkpt lat="45.550438" lon="10.793183">
                <ele>0</ele>
            </trkpt>
            <trkpt lat="45.550183" lon="10.792594">
                <ele>0</ele>
            </trkpt>
            <trkpt lat="45.54978" lon="10.791813">
                <ele>0</ele>
            </trkpt>
            <trkpt lat="45.549593" lon="10.791406">
                <ele>0</ele>
            </trkpt>
            <trkpt lat="45.54955" lon="10.791311">
                <ele>0</ele>
            </trkpt>
            <trkpt lat="45.549458" lon="10.791023">
                <ele>0</ele>
            </trkpt>
            <trkpt lat="45.549406" lon="10.790797">
                <ele>0</ele>
            </trkpt>
            <trkpt lat="45.549378" lon="10.7906">
                <ele>0</ele>
            </trkpt>
            <trkpt lat="45.549366" lon="10.790444">
                <ele>0</ele>
            </trkpt>
            <trkpt lat="45.549366" lon="10.790298">
                <ele>0</ele>
            </trkpt>
            <trkpt lat="45.549372" lon="10.790147">
                <ele>0</ele>
            </trkpt>
            <trkpt lat="45.549399" lon="10.789978">
                <ele>0</ele>
            </trkpt>
            <trkpt lat="45.549429" lon="10.789837">
                <ele>0</ele>
            </trkpt>
            <trkpt lat="45.549471" lon="10.789701">
                <ele>0</ele>
            </trkpt>
            <trkpt lat="45.549517" lon="10.789562">
                <ele>0</ele>
            </trkpt>
            <trkpt lat="45.549577" lon="10.78943">
                <ele>0</ele>
            </trkpt>
            <trkpt lat="45.549654" lon="10.789304">
                <ele>0</ele>
            </trkpt>
            <trkpt lat="45.549784" lon="10.789139">
                <ele>0</ele>
            </trkpt>
            <trkpt lat="45.550075" lon="10.788805">
                <ele>0</ele>
            </trkpt>
            <trkpt lat="45.550183" lon="10.788735">
                <ele>0</ele>
            </trkpt>
            <trkpt lat="45.550305" lon="10.788632">
                <ele>0</ele>
            </trkpt>
            <trkpt lat="45.55056" lon="10.78836">
                <ele>0</ele>
            </trkpt>
            <trkpt lat="45.550605" lon="10.78831">
                <ele>0</ele>
            </trkpt>
            <trkpt lat="45.550643" lon="10.788266">
                <ele>0</ele>
            </trkpt>
            <trkpt lat="45.550777" lon="10.788099">
                <ele>0</ele>
            </trkpt>
            <trkpt lat="45.550839" lon="10.788001">
                <ele>0</ele>
            </trkpt>
            <trkpt lat="45.550914" lon="10.787861">
                <ele>0</ele>
            </trkpt>
            <trkpt lat="45.550979" lon="10.787679">
                <ele>0</ele>
            </trkpt>
            <trkpt lat="45.551016" lon="10.787538">
                <ele>0</ele>
            </trkpt>
            <trkpt lat="45.551064" lon="10.787168">
                <ele>0</ele>
            </trkpt>
            <trkpt lat="45.551082" lon="10.787064">
                <ele>0</ele>
            </trkpt>
            <trkpt lat="45.551113" lon="10.786977">
                <ele>0</ele>
            </trkpt>
            <trkpt lat="45.551162" lon="10.786891">
                <ele>0</ele>
            </trkpt>
            <trkpt lat="45.551171" lon="10.78688">
                <ele>0</ele>
            </trkpt>
            <trkpt lat="45.551224" lon="10.786815">
                <ele>0</ele>
            </trkpt>
            <trkpt lat="45.551295" lon="10.786802">
                <ele>0</ele>
            </trkpt>
            <trkpt lat="45.551362" lon="10.786771">
                <ele>0</ele>
            </trkpt>
            <trkpt lat="45.551456" lon="10.786694">
                <ele>0</ele>
            </trkpt>
            <trkpt lat="45.551513" lon="10.78662">
                <ele>0</ele>
            </trkpt>
            <trkpt lat="45.551565" lon="10.786512">
                <ele>0</ele>
            </trkpt>
            <trkpt lat="45.551589" lon="10.786435">
                <ele>0</ele>
            </trkpt>
            <trkpt lat="45.551609" lon="10.786335">
                <ele>0</ele>
            </trkpt>
            <trkpt lat="45.551615" lon="10.786253">
                <ele>0</ele>
            </trkpt>
            <trkpt lat="45.551612" lon="10.786124">
                <ele>0</ele>
            </trkpt>
            <trkpt lat="45.551598" lon="10.78604">
                <ele>0</ele>
            </trkpt>
            <trkpt lat="45.551577" lon="10.785968">
                <ele>0</ele>
            </trkpt>
            <trkpt lat="45.551554" lon="10.785903">
                <ele>0</ele>
            </trkpt>
            <trkpt lat="45.55148" lon="10.785707">
                <ele>0</ele>
            </trkpt>
            <trkpt lat="45.551465" lon="10.785656">
                <ele>0</ele>
            </trkpt>
            <trkpt lat="45.551443" lon="10.785559">
                <ele>0</ele>
            </trkpt>
            <trkpt lat="45.551427" lon="10.785475">
                <ele>0</ele>
            </trkpt>
            <trkpt lat="45.5514" lon="10.785314">
                <ele>0</ele>
            </trkpt>
            <trkpt lat="45.551377" lon="10.785181">
                <ele>0</ele>
            </trkpt>
            <trkpt lat="45.551343" lon="10.785009">
                <ele>0</ele>
            </trkpt>
            <trkpt lat="45.551298" lon="10.78483">
                <ele>0</ele>
            </trkpt>
            <trkpt lat="45.551105" lon="10.784152">
                <ele>0</ele>
            </trkpt>
            <trkpt lat="45.551008" lon="10.783812">
                <ele>0</ele>
            </trkpt>
            <trkpt lat="45.550941" lon="10.783586">
                <ele>0</ele>
            </trkpt>
            <trkpt lat="45.5509" lon="10.783431">
                <ele>0</ele>
            </trkpt>
            <trkpt lat="45.550883" lon="10.783347">
                <ele>0</ele>
            </trkpt>
            <trkpt lat="45.550879" lon="10.783267">
                <ele>0</ele>
            </trkpt>
            <trkpt lat="45.550887" lon="10.783189">
                <ele>0</ele>
            </trkpt>
            <trkpt lat="45.550899" lon="10.783139">
                <ele>0</ele>
            </trkpt>
            <trkpt lat="45.550923" lon="10.783054">
                <ele>0</ele>
            </trkpt>
            <trkpt lat="45.551018" lon="10.782902">
                <ele>0</ele>
            </trkpt>
            <trkpt lat="45.551156" lon="10.782759">
                <ele>0</ele>
            </trkpt>
            <trkpt lat="45.551272" lon="10.782581">
                <ele>0</ele>
            </trkpt>
            <trkpt lat="45.551363" lon="10.782375">
                <ele>0</ele>
            </trkpt>
            <trkpt lat="45.551425" lon="10.782148">
                <ele>0</ele>
            </trkpt>
            <trkpt lat="45.551457" lon="10.781909">
                <ele>0</ele>
            </trkpt>
            <trkpt lat="45.551456" lon="10.781666">
                <ele>0</ele>
            </trkpt>
            <trkpt lat="45.551423" lon="10.781427">
                <ele>0</ele>
            </trkpt>
            <trkpt lat="45.551359" lon="10.781202">
                <ele>0</ele>
            </trkpt>
            <trkpt lat="45.551266" lon="10.780997">
                <ele>0</ele>
            </trkpt>
            <trkpt lat="45.551149" lon="10.780821">
                <ele>0</ele>
            </trkpt>
            <trkpt lat="45.55101" lon="10.78068">
                <ele>0</ele>
            </trkpt>
            <trkpt lat="45.551008" lon="10.780679">
                <ele>0</ele>
            </trkpt>
            <trkpt lat="45.550853" lon="10.780578">
                <ele>0</ele>
            </trkpt>
            <trkpt lat="45.550685" lon="10.78052">
                <ele>0</ele>
            </trkpt>
            <trkpt lat="45.550513" lon="10.780509">
                <ele>0</ele>
            </trkpt>
            <trkpt lat="45.550368" lon="10.780537">
                <ele>0</ele>
            </trkpt>
            <trkpt lat="45.550228" lon="10.780598">
                <ele>0</ele>
            </trkpt>
            <trkpt lat="45.550096" lon="10.78069">
                <ele>0</ele>
            </trkpt>
            <trkpt lat="45.550011" lon="10.780777">
                <ele>0</ele>
            </trkpt>
            <trkpt lat="45.549977" lon="10.780812">
                <ele>0</ele>
            </trkpt>
            <trkpt lat="45.549873" lon="10.780959">
                <ele>0</ele>
            </trkpt>
            <trkpt lat="45.549742" lon="10.78111">
                <ele>0</ele>
            </trkpt>
            <trkpt lat="45.549671" lon="10.781176">
                <ele>0</ele>
            </trkpt>
            <trkpt lat="45.549591" lon="10.781215">
                <ele>0</ele>
            </trkpt>
            <trkpt lat="45.549502" lon="10.781239">
                <ele>0</ele>
            </trkpt>
            <trkpt lat="45.549358" lon="10.781237">
                <ele>0</ele>
            </trkpt>
            <trkpt lat="45.549176" lon="10.781204">
                <ele>0</ele>
            </trkpt>
            <trkpt lat="45.548444" lon="10.781057">
                <ele>0</ele>
            </trkpt>
            <trkpt lat="45.547711" lon="10.780918">
                <ele>0</ele>
            </trkpt>
            <trkpt lat="45.547152" lon="10.780763">
                <ele>0</ele>
            </trkpt>
            <trkpt lat="45.546598" lon="10.78059">
                <ele>0</ele>
            </trkpt>
            <trkpt lat="45.546198" lon="10.780494">
                <ele>0</ele>
            </trkpt>
            <trkpt lat="45.544907" lon="10.780228">
                <ele>0</ele>
            </trkpt>
            <trkpt lat="45.544566" lon="10.780133">
                <ele>0</ele>
            </trkpt>
            <trkpt lat="45.544211" lon="10.780009">
                <ele>0</ele>
            </trkpt>
            <trkpt lat="45.544014" lon="10.779934">
                <ele>0</ele>
            </trkpt>
            <trkpt lat="45.543705" lon="10.779803">
                <ele>0</ele>
            </trkpt>
            <trkpt lat="45.543005" lon="10.779502">
                <ele>0</ele>
            </trkpt>
            <trkpt lat="45.542558" lon="10.779306">
                <ele>0</ele>
            </trkpt>
            <trkpt lat="45.542356" lon="10.779218">
                <ele>0</ele>
            </trkpt>
            <trkpt lat="45.542108" lon="10.779122">
                <ele>0</ele>
            </trkpt>
            <trkpt lat="45.541829" lon="10.779017">
                <ele>0</ele>
            </trkpt>
            <trkpt lat="45.54155" lon="10.778931">
                <ele>0</ele>
            </trkpt>
            <trkpt lat="45.540496" lon="10.778661">
                <ele>0</ele>
            </trkpt>
            <trkpt lat="45.540061" lon="10.778545">
                <ele>0</ele>
            </trkpt>
            <trkpt lat="45.539747" lon="10.778449">
                <ele>0</ele>
            </trkpt>
            <trkpt lat="45.539431" lon="10.778336">
                <ele>0</ele>
            </trkpt>
            <trkpt lat="45.539171" lon="10.778227">
                <ele>0</ele>
            </trkpt>
            <trkpt lat="45.538909" lon="10.778113">
                <ele>0</ele>
            </trkpt>
            <trkpt lat="45.538688" lon="10.778001">
                <ele>0</ele>
            </trkpt>
            <trkpt lat="45.537758" lon="10.777479">
                <ele>0</ele>
            </trkpt>
            <trkpt lat="45.537549" lon="10.777368">
                <ele>0</ele>
            </trkpt>
            <trkpt lat="45.536886" lon="10.777044">
                <ele>0</ele>
            </trkpt>
            <trkpt lat="45.536517" lon="10.776883">
                <ele>0</ele>
            </trkpt>
            <trkpt lat="45.535801" lon="10.776645">
                <ele>0</ele>
            </trkpt>
            <trkpt lat="45.535497" lon="10.776592">
                <ele>0</ele>
            </trkpt>
            <trkpt lat="45.535194" lon="10.776536">
                <ele>0</ele>
            </trkpt>
            <trkpt lat="45.534559" lon="10.776469">
                <ele>0</ele>
            </trkpt>
            <trkpt lat="45.533503" lon="10.776395">
                <ele>0</ele>
            </trkpt>
            <trkpt lat="45.533053" lon="10.776279">
                <ele>0</ele>
            </trkpt>
            <trkpt lat="45.53252" lon="10.776089">
                <ele>0</ele>
            </trkpt>
            <trkpt lat="45.53234" lon="10.776025">
                <ele>0</ele>
            </trkpt>
            <trkpt lat="45.531801" lon="10.77581">
                <ele>0</ele>
            </trkpt>
            <trkpt lat="45.53099" lon="10.775445">
                <ele>0</ele>
            </trkpt>
            <trkpt lat="45.530361" lon="10.775156">
                <ele>0</ele>
            </trkpt>
            <trkpt lat="45.524796" lon="10.772599">
                <ele>0</ele>
            </trkpt>
            <trkpt lat="45.518909" lon="10.769914">
                <ele>0</ele>
            </trkpt>
            <trkpt lat="45.518345" lon="10.769697">
                <ele>0</ele>
            </trkpt>
            <trkpt lat="45.51742" lon="10.769471">
                <ele>0</ele>
            </trkpt>
            <trkpt lat="45.516839" lon="10.769372">
                <ele>0</ele>
            </trkpt>
            <trkpt lat="45.516137" lon="10.769251">
                <ele>0</ele>
            </trkpt>
            <trkpt lat="45.515156" lon="10.769101">
                <ele>0</ele>
            </trkpt>
            <trkpt lat="45.514621" lon="10.769008">
                <ele>0</ele>
            </trkpt>
            <trkpt lat="45.512364" lon="10.768619">
                <ele>0</ele>
            </trkpt>
            <trkpt lat="45.510091" lon="10.768222">
                <ele>0</ele>
            </trkpt>
            <trkpt lat="45.510001" lon="10.768209">
                <ele>0</ele>
            </trkpt>
            <trkpt lat="45.508627" lon="10.767997">
                <ele>0</ele>
            </trkpt>
            <trkpt lat="45.508359" lon="10.767967">
                <ele>0</ele>
            </trkpt>
            <trkpt lat="45.503226" lon="10.768118">
                <ele>0</ele>
            </trkpt>
            <trkpt lat="45.501238" lon="10.768176">
                <ele>0</ele>
            </trkpt>
            <trkpt lat="45.496205" lon="10.768332">
                <ele>0</ele>
            </trkpt>
            <trkpt lat="45.49531" lon="10.768329">
                <ele>0</ele>
            </trkpt>
            <trkpt lat="45.494929" lon="10.768289">
                <ele>0</ele>
            </trkpt>
            <trkpt lat="45.494511" lon="10.768211">
                <ele>0</ele>
            </trkpt>
            <trkpt lat="45.493156" lon="10.767888">
                <ele>0</ele>
            </trkpt>
            <trkpt lat="45.492679" lon="10.767754">
                <ele>0</ele>
            </trkpt>
            <trkpt lat="45.492301" lon="10.767651">
                <ele>0</ele>
            </trkpt>
            <trkpt lat="45.492061" lon="10.767588">
                <ele>0</ele>
            </trkpt>
            <trkpt lat="45.490503" lon="10.767177">
                <ele>0</ele>
            </trkpt>
            <trkpt lat="45.488378" lon="10.766613">
                <ele>0</ele>
            </trkpt>
            <trkpt lat="45.484836" lon="10.765674">
                <ele>0</ele>
            </trkpt>
            <trkpt lat="45.483888" lon="10.76542">
                <ele>0</ele>
            </trkpt>
            <trkpt lat="45.483805" lon="10.765398">
                <ele>0</ele>
            </trkpt>
            <trkpt lat="45.482967" lon="10.765181">
                <ele>0</ele>
            </trkpt>
            <trkpt lat="45.47951" lon="10.764269">
                <ele>0</ele>
            </trkpt>
            <trkpt lat="45.479121" lon="10.764166">
                <ele>0</ele>
            </trkpt>
            <trkpt lat="45.478457" lon="10.76399">
                <ele>0</ele>
            </trkpt>
            <trkpt lat="45.476858" lon="10.763548">
                <ele>0</ele>
            </trkpt>
            <trkpt lat="45.476379" lon="10.763385">
                <ele>0</ele>
            </trkpt>
            <trkpt lat="45.475586" lon="10.763102">
                <ele>0</ele>
            </trkpt>
            <trkpt lat="45.475265" lon="10.762987">
                <ele>0</ele>
            </trkpt>
            <trkpt lat="45.471744" lon="10.761712">
                <ele>0</ele>
            </trkpt>
            <trkpt lat="45.471096" lon="10.761484">
                <ele>0</ele>
            </trkpt>
            <trkpt lat="45.470306" lon="10.761266">
                <ele>0</ele>
            </trkpt>
            <trkpt lat="45.469788" lon="10.761138">
                <ele>0</ele>
            </trkpt>
            <trkpt lat="45.469595" lon="10.761091">
                <ele>0</ele>
            </trkpt>
            <trkpt lat="45.468531" lon="10.760806">
                <ele>0</ele>
            </trkpt>
            <trkpt lat="45.46827" lon="10.760723">
                <ele>0</ele>
            </trkpt>
            <trkpt lat="45.467793" lon="10.760594">
                <ele>0</ele>
            </trkpt>
            <trkpt lat="45.467069" lon="10.760398">
                <ele>0</ele>
            </trkpt>
            <trkpt lat="45.466464" lon="10.760234">
                <ele>0</ele>
            </trkpt>
            <trkpt lat="45.46626" lon="10.760158">
                <ele>0</ele>
            </trkpt>
            <trkpt lat="45.466063" lon="10.760087">
                <ele>0</ele>
            </trkpt>
            <trkpt lat="45.465873" lon="10.760013">
                <ele>0</ele>
            </trkpt>
            <trkpt lat="45.465743" lon="10.759958">
                <ele>0</ele>
            </trkpt>
            <trkpt lat="45.465612" lon="10.759898">
                <ele>0</ele>
            </trkpt>
            <trkpt lat="45.465458" lon="10.75982">
                <ele>0</ele>
            </trkpt>
            <trkpt lat="45.465313" lon="10.759742">
                <ele>0</ele>
            </trkpt>
            <trkpt lat="45.465067" lon="10.759604">
                <ele>0</ele>
            </trkpt>
            <trkpt lat="45.464757" lon="10.759409">
                <ele>0</ele>
            </trkpt>
            <trkpt lat="45.464493" lon="10.759226">
                <ele>0</ele>
            </trkpt>
            <trkpt lat="45.464183" lon="10.758985">
                <ele>0</ele>
            </trkpt>
            <trkpt lat="45.464182" lon="10.758984">
                <ele>0</ele>
            </trkpt>
            <trkpt lat="45.462704" lon="10.757812">
                <ele>0</ele>
            </trkpt>
            <trkpt lat="45.458288" lon="10.754304">
                <ele>0</ele>
            </trkpt>
            <trkpt lat="45.455303" lon="10.751911">
                <ele>0</ele>
            </trkpt>
            <trkpt lat="45.453427" lon="10.750451">
                <ele>0</ele>
            </trkpt>
            <trkpt lat="45.452671" lon="10.749959">
                <ele>0</ele>
            </trkpt>
            <trkpt lat="45.45202" lon="10.74959">
                <ele>0</ele>
            </trkpt>
            <trkpt lat="45.451326" lon="10.749242">
                <ele>0</ele>
            </trkpt>
            <trkpt lat="45.450912" lon="10.749043">
                <ele>0</ele>
            </trkpt>
            <trkpt lat="45.450497" lon="10.748843">
                <ele>0</ele>
            </trkpt>
            <trkpt lat="45.447525" lon="10.747377">
                <ele>0</ele>
            </trkpt>
            <trkpt lat="45.444009" lon="10.745659">
                <ele>0</ele>
            </trkpt>
            <trkpt lat="45.443115" lon="10.745197">
                <ele>0</ele>
            </trkpt>
            <trkpt lat="45.44163" lon="10.744468">
                <ele>0</ele>
            </trkpt>
            <trkpt lat="45.441262" lon="10.744292">
                <ele>0</ele>
            </trkpt>
            <trkpt lat="45.440617" lon="10.743958">
                <ele>0</ele>
            </trkpt>
            <trkpt lat="45.440017" lon="10.743718">
                <ele>0</ele>
            </trkpt>
            <trkpt lat="45.439618" lon="10.743525">
                <ele>0</ele>
            </trkpt>
            <trkpt lat="45.438523" lon="10.742984">
                <ele>0</ele>
            </trkpt>
            <trkpt lat="45.437863" lon="10.742669">
                <ele>0</ele>
            </trkpt>
            <trkpt lat="45.437203" lon="10.742354">
                <ele>0</ele>
            </trkpt>
            <trkpt lat="45.437009" lon="10.742269">
                <ele>0</ele>
            </trkpt>
            <trkpt lat="45.436736" lon="10.742165">
                <ele>0</ele>
            </trkpt>
            <trkpt lat="45.436396" lon="10.742055">
                <ele>0</ele>
            </trkpt>
            <trkpt lat="45.435971" lon="10.741916">
                <ele>0</ele>
            </trkpt>
            <trkpt lat="45.435284" lon="10.741691">
                <ele>0</ele>
            </trkpt>
            <trkpt lat="45.435282" lon="10.74169">
                <ele>0</ele>
            </trkpt>
            <trkpt lat="45.434875" lon="10.741573">
                <ele>0</ele>
            </trkpt>
            <trkpt lat="45.434692" lon="10.74152">
                <ele>0</ele>
            </trkpt>
            <trkpt lat="45.434519" lon="10.741482">
                <ele>0</ele>
            </trkpt>
            <trkpt lat="45.434294" lon="10.741448">
                <ele>0</ele>
            </trkpt>
            <trkpt lat="45.43366" lon="10.741376">
                <ele>0</ele>
            </trkpt>
            <trkpt lat="45.433273" lon="10.741381">
                <ele>0</ele>
            </trkpt>
            <trkpt lat="45.432974" lon="10.741402">
                <ele>0</ele>
            </trkpt>
            <trkpt lat="45.432679" lon="10.741445">
                <ele>0</ele>
            </trkpt>
            <trkpt lat="45.43179" lon="10.741653">
                <ele>0</ele>
            </trkpt>
            <trkpt lat="45.431617" lon="10.741685">
                <ele>0</ele>
            </trkpt>
            <trkpt lat="45.431474" lon="10.741693">
                <ele>0</ele>
            </trkpt>
            <trkpt lat="45.431305" lon="10.741675">
                <ele>0</ele>
            </trkpt>
            <trkpt lat="45.43117" lon="10.741638">
                <ele>0</ele>
            </trkpt>
            <trkpt lat="45.431002" lon="10.741565">
                <ele>0</ele>
            </trkpt>
            <trkpt lat="45.430854" lon="10.741467">
                <ele>0</ele>
            </trkpt>
            <trkpt lat="45.430696" lon="10.74134">
                <ele>0</ele>
            </trkpt>
            <trkpt lat="45.430574" lon="10.741218">
                <ele>0</ele>
            </trkpt>
            <trkpt lat="45.430469" lon="10.741084">
                <ele>0</ele>
            </trkpt>
            <trkpt lat="45.430376" lon="10.740952">
                <ele>0</ele>
            </trkpt>
            <trkpt lat="45.430281" lon="10.740775">
                <ele>0</ele>
            </trkpt>
            <trkpt lat="45.430203" lon="10.740594">
                <ele>0</ele>
            </trkpt>
            <trkpt lat="45.430135" lon="10.740401">
                <ele>0</ele>
            </trkpt>
            <trkpt lat="45.430042" lon="10.740069">
                <ele>0</ele>
            </trkpt>
            <trkpt lat="45.429878" lon="10.739329">
                <ele>0</ele>
            </trkpt>
            <trkpt lat="45.429848" lon="10.739195">
                <ele>0</ele>
            </trkpt>
            <trkpt lat="45.429804" lon="10.739001">
                <ele>0</ele>
            </trkpt>
            <trkpt lat="45.429602" lon="10.737965">
                <ele>0</ele>
            </trkpt>
            <trkpt lat="45.429509" lon="10.737445">
                <ele>0</ele>
            </trkpt>
            <trkpt lat="45.429424" lon="10.736976">
                <ele>0</ele>
            </trkpt>
            <trkpt lat="45.429343" lon="10.736473">
                <ele>0</ele>
            </trkpt>
            <trkpt lat="45.429284" lon="10.736059">
                <ele>0</ele>
            </trkpt>
            <trkpt lat="45.429254" lon="10.735763">
                <ele>0</ele>
            </trkpt>
            <trkpt lat="45.429236" lon="10.735477">
                <ele>0</ele>
            </trkpt>
            <trkpt lat="45.42922" lon="10.735094">
                <ele>0</ele>
            </trkpt>
            <trkpt lat="45.429218" lon="10.734704">
                <ele>0</ele>
            </trkpt>
            <trkpt lat="45.429224" lon="10.734528">
                <ele>0</ele>
            </trkpt>
            <trkpt lat="45.429236" lon="10.734156">
                <ele>0</ele>
            </trkpt>
            <trkpt lat="45.42928" lon="10.733602">
                <ele>0</ele>
            </trkpt>
            <trkpt lat="45.429384" lon="10.732623">
                <ele>0</ele>
            </trkpt>
            <trkpt lat="45.429551" lon="10.730836">
                <ele>0</ele>
            </trkpt>
            <trkpt lat="45.429649" lon="10.729762">
                <ele>0</ele>
            </trkpt>
            <trkpt lat="45.429722" lon="10.728943">
                <ele>0</ele>
            </trkpt>
            <trkpt lat="45.429767" lon="10.728378">
                <ele>0</ele>
            </trkpt>
            <trkpt lat="45.429805" lon="10.727858">
                <ele>0</ele>
            </trkpt>
            <trkpt lat="45.429839" lon="10.727429">
                <ele>0</ele>
            </trkpt>
            <trkpt lat="45.429859" lon="10.726976">
                <ele>0</ele>
            </trkpt>
            <trkpt lat="45.429869" lon="10.726519">
                <ele>0</ele>
            </trkpt>
            <trkpt lat="45.429867" lon="10.726206">
                <ele>0</ele>
            </trkpt>
            <trkpt lat="45.429867" lon="10.725779">
                <ele>0</ele>
            </trkpt>
            <trkpt lat="45.429808" lon="10.724331">
                <ele>0</ele>
            </trkpt>
            <trkpt lat="45.429783" lon="10.723281">
                <ele>0</ele>
            </trkpt>
            <trkpt lat="45.42977" lon="10.722209">
                <ele>0</ele>
            </trkpt>
            <trkpt lat="45.429708" lon="10.716954">
                <ele>0</ele>
            </trkpt>
            <trkpt lat="45.42971" lon="10.715998">
                <ele>0</ele>
            </trkpt>
            <trkpt lat="45.429711" lon="10.715846">
                <ele>0</ele>
            </trkpt>
            <trkpt lat="45.429698" lon="10.71504">
                <ele>0</ele>
            </trkpt>
            <trkpt lat="45.42968" lon="10.713096">
                <ele>0</ele>
            </trkpt>
            <trkpt lat="45.429677" lon="10.712746">
                <ele>0</ele>
            </trkpt>
            <trkpt lat="45.429672" lon="10.712212">
                <ele>0</ele>
            </trkpt>
            <trkpt lat="45.429673" lon="10.712157">
                <ele>0</ele>
            </trkpt>
            <trkpt lat="45.429675" lon="10.711931">
                <ele>0</ele>
            </trkpt>
            <trkpt lat="45.429682" lon="10.711694">
                <ele>0</ele>
            </trkpt>
            <trkpt lat="45.429699" lon="10.711502">
                <ele>0</ele>
            </trkpt>
            <trkpt lat="45.429734" lon="10.711222">
                <ele>0</ele>
            </trkpt>
            <trkpt lat="45.429834" lon="10.710902">
                <ele>0</ele>
            </trkpt>
            <trkpt lat="45.429863" lon="10.710777">
                <ele>0</ele>
            </trkpt>
            <trkpt lat="45.429913" lon="10.710533">
                <ele>0</ele>
            </trkpt>
            <trkpt lat="45.429957" lon="10.710373">
                <ele>0</ele>
            </trkpt>
            <trkpt lat="45.430007" lon="10.710201">
                <ele>0</ele>
            </trkpt>
            <trkpt lat="45.430137" lon="10.709847">
                <ele>0</ele>
            </trkpt>
            <trkpt lat="45.430217" lon="10.709662">
                <ele>0</ele>
            </trkpt>
            <trkpt lat="45.430313" lon="10.709468">
                <ele>0</ele>
            </trkpt>
            <trkpt lat="45.430397" lon="10.709317">
                <ele>0</ele>
            </trkpt>
            <trkpt lat="45.430873" lon="10.708555">
                <ele>0</ele>
            </trkpt>
            <trkpt lat="45.431377" lon="10.707748">
                <ele>0</ele>
            </trkpt>
            <trkpt lat="45.431473" lon="10.707615">
                <ele>0</ele>
            </trkpt>
            <trkpt lat="45.431574" lon="10.707513">
                <ele>0</ele>
            </trkpt>
            <trkpt lat="45.431693" lon="10.707417">
                <ele>0</ele>
            </trkpt>
            <trkpt lat="45.431829" lon="10.707312">
                <ele>0</ele>
            </trkpt>
            <trkpt lat="45.431913" lon="10.707274">
                <ele>0</ele>
            </trkpt>
            <trkpt lat="45.432002" lon="10.707218">
                <ele>0</ele>
            </trkpt>
            <trkpt lat="45.432071" lon="10.707132">
                <ele>0</ele>
            </trkpt>
            <trkpt lat="45.432133" lon="10.707024">
                <ele>0</ele>
            </trkpt>
            <trkpt lat="45.432184" lon="10.706873">
                <ele>0</ele>
            </trkpt>
            <trkpt lat="45.432239" lon="10.706675">
                <ele>0</ele>
            </trkpt>
            <trkpt lat="45.432283" lon="10.706432">
                <ele>0</ele>
            </trkpt>
            <trkpt lat="45.432291" lon="10.706341">
                <ele>0</ele>
            </trkpt>
            <trkpt lat="45.432339" lon="10.706162">
                <ele>0</ele>
            </trkpt>
            <trkpt lat="45.432418" lon="10.705998">
                <ele>0</ele>
            </trkpt>
            <trkpt lat="45.432524" lon="10.70582">
                <ele>0</ele>
            </trkpt>
            <trkpt lat="45.432577" lon="10.705759">
                <ele>0</ele>
            </trkpt>
            <trkpt lat="45.432612" lon="10.705709">
                <ele>0</ele>
            </trkpt>
            <trkpt lat="45.432639" lon="10.705653">
                <ele>0</ele>
            </trkpt>
            <trkpt lat="45.432664" lon="10.705578">
                <ele>0</ele>
            </trkpt>
            <trkpt lat="45.432674" lon="10.705503">
                <ele>0</ele>
            </trkpt>
            <trkpt lat="45.432682" lon="10.705439">
                <ele>0</ele>
            </trkpt>
            <trkpt lat="45.432681" lon="10.705373">
                <ele>0</ele>
            </trkpt>
            <trkpt lat="45.432673" lon="10.705298">
                <ele>0</ele>
            </trkpt>
            <trkpt lat="45.432659" lon="10.705235">
                <ele>0</ele>
            </trkpt>
            <trkpt lat="45.432622" lon="10.705107">
                <ele>0</ele>
            </trkpt>
            <trkpt lat="45.432424" lon="10.704641">
                <ele>0</ele>
            </trkpt>
            <trkpt lat="45.432233" lon="10.704212">
                <ele>0</ele>
            </trkpt>
            <trkpt lat="45.432214" lon="10.704172">
                <ele>0</ele>
            </trkpt>
            <trkpt lat="45.43197" lon="10.703616">
                <ele>0</ele>
            </trkpt>
            <trkpt lat="45.431908" lon="10.703412">
                <ele>0</ele>
            </trkpt>
            <trkpt lat="45.43188" lon="10.703317">
                <ele>0</ele>
            </trkpt>
            <trkpt lat="45.431856" lon="10.70324">
                <ele>0</ele>
            </trkpt>
            <trkpt lat="45.431819" lon="10.70305">
                <ele>0</ele>
            </trkpt>
            <trkpt lat="45.431813" lon="10.703017">
                <ele>0</ele>
            </trkpt>
            <trkpt lat="45.431785" lon="10.702854">
                <ele>0</ele>
            </trkpt>
            <trkpt lat="45.431763" lon="10.702688">
                <ele>0</ele>
            </trkpt>
            <trkpt lat="45.431733" lon="10.702436">
                <ele>0</ele>
            </trkpt>
            <trkpt lat="45.431731" lon="10.702385">
                <ele>0</ele>
            </trkpt>
            <trkpt lat="45.431725" lon="10.702274">
                <ele>0</ele>
            </trkpt>
            <trkpt lat="45.43171" lon="10.701954">
                <ele>0</ele>
            </trkpt>
            <trkpt lat="45.431707" lon="10.701902">
                <ele>0</ele>
            </trkpt>
            <trkpt lat="45.431691" lon="10.701774">
                <ele>0</ele>
            </trkpt>
            <trkpt lat="45.43167" lon="10.70164">
                <ele>0</ele>
            </trkpt>
            <trkpt lat="45.431644" lon="10.701546">
                <ele>0</ele>
            </trkpt>
            <trkpt lat="45.431624" lon="10.701499">
                <ele>0</ele>
            </trkpt>
            <trkpt lat="45.431584" lon="10.701438">
                <ele>0</ele>
            </trkpt>
            <trkpt lat="45.431536" lon="10.701389">
                <ele>0</ele>
            </trkpt>
            <trkpt lat="45.431486" lon="10.701354">
                <ele>0</ele>
            </trkpt>
            <trkpt lat="45.431428" lon="10.701326">
                <ele>0</ele>
            </trkpt>
            <trkpt lat="45.431321" lon="10.701286">
                <ele>0</ele>
            </trkpt>
            <trkpt lat="45.431226" lon="10.701431">
                <ele>0</ele>
            </trkpt>
            <trkpt lat="45.431012" lon="10.70174">
                <ele>0</ele>
            </trkpt>
            <trkpt lat="45.430958" lon="10.701822">
                <ele>0</ele>
            </trkpt>
            <trkpt lat="45.430908" lon="10.701879">
                <ele>0</ele>
            </trkpt>
            <trkpt lat="45.430866" lon="10.701905">
                <ele>0</ele>
            </trkpt>
            <trkpt lat="45.430821" lon="10.701924">
                <ele>0</ele>
            </trkpt>
            <trkpt lat="45.430777" lon="10.701931">
                <ele>0</ele>
            </trkpt>
            <trkpt lat="45.43073" lon="10.701927">
                <ele>0</ele>
            </trkpt>
            <trkpt lat="45.430686" lon="10.701916">
                <ele>0</ele>
            </trkpt>
            <trkpt lat="45.430636" lon="10.701893">
                <ele>0</ele>
            </trkpt>
            <trkpt lat="45.430561" lon="10.701854">
                <ele>0</ele>
            </trkpt>
            <trkpt lat="45.430425" lon="10.701784">
                <ele>0</ele>
            </trkpt>
            <trkpt lat="45.430356" lon="10.701749">
                <ele>0</ele>
            </trkpt>
            <trkpt lat="45.43031" lon="10.701726">
                <ele>0</ele>
            </trkpt>
            <trkpt lat="45.430112" lon="10.701634">
                <ele>0</ele>
            </trkpt>
            <trkpt lat="45.430051" lon="10.701616">
                <ele>0</ele>
            </trkpt>
            <trkpt lat="45.429938" lon="10.701596">
                <ele>0</ele>
            </trkpt>
            <trkpt lat="45.429822" lon="10.701591">
                <ele>0</ele>
            </trkpt>
            <trkpt lat="45.429608" lon="10.701601">
                <ele>0</ele>
            </trkpt>
            <trkpt lat="45.42947" lon="10.701607">
                <ele>0</ele>
            </trkpt>
            <trkpt lat="45.429171" lon="10.701605">
                <ele>0</ele>
            </trkpt>
            <trkpt lat="45.429144" lon="10.701604">
                <ele>0</ele>
            </trkpt>
            <trkpt lat="45.4291" lon="10.701606">
                <ele>0</ele>
            </trkpt>
            <trkpt lat="45.428506" lon="10.701609">
                <ele>0</ele>
            </trkpt>
            <trkpt lat="45.428467" lon="10.70161">
                <ele>0</ele>
            </trkpt>
            <trkpt lat="45.428441" lon="10.701614">
                <ele>0</ele>
            </trkpt>
            <trkpt lat="45.428419" lon="10.701618">
                <ele>0</ele>
            </trkpt>
            <trkpt lat="45.428393" lon="10.701624">
                <ele>0</ele>
            </trkpt>
            <trkpt lat="45.428356" lon="10.701634">
                <ele>0</ele>
            </trkpt>
            <trkpt lat="45.42833" lon="10.701647">
                <ele>0</ele>
            </trkpt>
            <trkpt lat="45.428305" lon="10.701658">
                <ele>0</ele>
            </trkpt>
            <trkpt lat="45.428271" lon="10.70168">
                <ele>0</ele>
            </trkpt>
            <trkpt lat="45.428243" lon="10.7017">
                <ele>0</ele>
            </trkpt>
            <trkpt lat="45.428216" lon="10.70172">
                <ele>0</ele>
            </trkpt>
            <trkpt lat="45.428196" lon="10.701734">
                <ele>0</ele>
            </trkpt>
            <trkpt lat="45.428173" lon="10.701758">
                <ele>0</ele>
            </trkpt>
            <trkpt lat="45.428148" lon="10.701776">
                <ele>0</ele>
            </trkpt>
            <trkpt lat="45.42813" lon="10.701796">
                <ele>0</ele>
            </trkpt>
            <trkpt lat="45.428102" lon="10.701822">
                <ele>0</ele>
            </trkpt>
            <trkpt lat="45.428055" lon="10.701882">
                <ele>0</ele>
            </trkpt>
            <trkpt lat="45.428026" lon="10.701932">
                <ele>0</ele>
            </trkpt>
            <trkpt lat="45.428003" lon="10.701975">
                <ele>0</ele>
            </trkpt>
            <trkpt lat="45.427984" lon="10.702019">
                <ele>0</ele>
            </trkpt>
            <trkpt lat="45.427961" lon="10.702076">
                <ele>0</ele>
            </trkpt>
            <trkpt lat="45.42794" lon="10.702137">
                <ele>0</ele>
            </trkpt>
            <trkpt lat="45.427921" lon="10.702195">
                <ele>0</ele>
            </trkpt>
            <trkpt lat="45.42791" lon="10.702243">
                <ele>0</ele>
            </trkpt>
            <trkpt lat="45.427899" lon="10.702294">
                <ele>0</ele>
            </trkpt>
            <trkpt lat="45.427889" lon="10.702352">
                <ele>0</ele>
            </trkpt>
            <trkpt lat="45.427885" lon="10.702411">
                <ele>0</ele>
            </trkpt>
            <trkpt lat="45.427883" lon="10.702472">
                <ele>0</ele>
            </trkpt>
            <trkpt lat="45.427827" lon="10.703023">
                <ele>0</ele>
            </trkpt>
            <trkpt lat="45.427781" lon="10.703418">
                <ele>0</ele>
            </trkpt>
            <trkpt lat="45.427725" lon="10.703862">
                <ele>0</ele>
            </trkpt>
            <trkpt lat="45.427647" lon="10.704446">
                <ele>0</ele>
            </trkpt>
            <trkpt lat="45.427625" lon="10.70461">
                <ele>0</ele>
            </trkpt>
            <trkpt lat="45.427565" lon="10.705198">
                <ele>0</ele>
            </trkpt>
            <trkpt lat="45.427571" lon="10.705568">
                <ele>0</ele>
            </trkpt>
            <trkpt lat="45.427616" lon="10.705823">
                <ele>0</ele>
            </trkpt>
            <trkpt lat="45.427687" lon="10.706077">
                <ele>0</ele>
            </trkpt>
            <trkpt lat="45.427754" lon="10.706218">
                <ele>0</ele>
            </trkpt>
            <trkpt lat="45.428034" lon="10.706539">
                <ele>0</ele>
            </trkpt>
            <trkpt lat="45.428083" lon="10.706574">
                <ele>0</ele>
            </trkpt>
            <trkpt lat="45.428152" lon="10.706622">
                <ele>0</ele>
            </trkpt>
            <trkpt lat="45.42823" lon="10.706666">
                <ele>0</ele>
            </trkpt>
            <trkpt lat="45.428316" lon="10.706692">
                <ele>0</ele>
            </trkpt>
            <trkpt lat="45.428397" lon="10.706705">
                <ele>0</ele>
            </trkpt>
            <trkpt lat="45.42857" lon="10.706731">
                <ele>0</ele>
            </trkpt>
            <trkpt lat="45.428769" lon="10.70674">
                <ele>0</ele>
            </trkpt>
            <trkpt lat="45.428884" lon="10.706739">
                <ele>0</ele>
            </trkpt>
            <trkpt lat="45.428918" lon="10.706737">
                <ele>0</ele>
            </trkpt>
            <trkpt lat="45.42915" lon="10.706752">
                <ele>0</ele>
            </trkpt>
            <trkpt lat="45.429183" lon="10.706754">
                <ele>0</ele>
            </trkpt>
            <trkpt lat="45.42955" lon="10.706749">
                <ele>0</ele>
            </trkpt>
            <trkpt lat="45.429648" lon="10.706748">
                <ele>0</ele>
            </trkpt>
            <trkpt lat="45.429939" lon="10.706745">
                <ele>0</ele>
            </trkpt>
            <trkpt lat="45.429987" lon="10.706745">
                <ele>0</ele>
            </trkpt>
            <trkpt lat="45.430031" lon="10.706741">
                <ele>0</ele>
            </trkpt>
            <trkpt lat="45.430062" lon="10.706735">
                <ele>0</ele>
            </trkpt>
            <trkpt lat="45.43009" lon="10.706727">
                <ele>0</ele>
            </trkpt>
            <trkpt lat="45.43012" lon="10.706713">
                <ele>0</ele>
            </trkpt>
            <trkpt lat="45.430147" lon="10.706701">
                <ele>0</ele>
            </trkpt>
            <trkpt lat="45.430175" lon="10.706687">
                <ele>0</ele>
            </trkpt>
            <trkpt lat="45.430216" lon="10.70666">
                <ele>0</ele>
            </trkpt>
            <trkpt lat="45.430252" lon="10.706633">
                <ele>0</ele>
            </trkpt>
            <trkpt lat="45.430281" lon="10.706609">
                <ele>0</ele>
            </trkpt>
            <trkpt lat="45.430307" lon="10.706586">
                <ele>0</ele>
            </trkpt>
            <trkpt lat="45.43033" lon="10.706562">
                <ele>0</ele>
            </trkpt>
            <trkpt lat="45.430354" lon="10.706536">
                <ele>0</ele>
            </trkpt>
            <trkpt lat="45.430388" lon="10.706488">
                <ele>0</ele>
            </trkpt>
            <trkpt lat="45.430421" lon="10.706438">
                <ele>0</ele>
            </trkpt>
            <trkpt lat="45.430442" lon="10.706404">
                <ele>0</ele>
            </trkpt>
            <trkpt lat="45.430463" lon="10.706373">
                <ele>0</ele>
            </trkpt>
            <trkpt lat="45.430486" lon="10.706323">
                <ele>0</ele>
            </trkpt>
            <trkpt lat="45.430506" lon="10.706276">
                <ele>0</ele>
            </trkpt>
            <trkpt lat="45.430528" lon="10.706216">
                <ele>0</ele>
            </trkpt>
            <trkpt lat="45.43054" lon="10.706169">
                <ele>0</ele>
            </trkpt>
            <trkpt lat="45.430554" lon="10.706113">
                <ele>0</ele>
            </trkpt>
            <trkpt lat="45.430565" lon="10.706063">
                <ele>0</ele>
            </trkpt>
            <trkpt lat="45.430573" lon="10.706004">
                <ele>0</ele>
            </trkpt>
            <trkpt lat="45.430582" lon="10.705944">
                <ele>0</ele>
            </trkpt>
            <trkpt lat="45.430586" lon="10.70588">
                <ele>0</ele>
            </trkpt>
            <trkpt lat="45.430586" lon="10.705827">
                <ele>0</ele>
            </trkpt>
            <trkpt lat="45.430585" lon="10.705759">
                <ele>0</ele>
            </trkpt>
            <trkpt lat="45.430581" lon="10.705707">
                <ele>0</ele>
            </trkpt>
            <trkpt lat="45.430574" lon="10.70566">
                <ele>0</ele>
            </trkpt>
            <trkpt lat="45.430566" lon="10.705594">
                <ele>0</ele>
            </trkpt>
            <trkpt lat="45.430553" lon="10.705543">
                <ele>0</ele>
            </trkpt>
            <trkpt lat="45.43054" lon="10.705494">
                <ele>0</ele>
            </trkpt>
            <trkpt lat="45.430524" lon="10.705448">
                <ele>0</ele>
            </trkpt>
            <trkpt lat="45.430505" lon="10.705396">
                <ele>0</ele>
            </trkpt>
            <trkpt lat="45.430481" lon="10.705333">
                <ele>0</ele>
            </trkpt>
            <trkpt lat="45.430453" lon="10.70528">
                <ele>0</ele>
            </trkpt>
            <trkpt lat="45.430432" lon="10.70525">
                <ele>0</ele>
            </trkpt>
            <trkpt lat="45.430406" lon="10.705213">
                <ele>0</ele>
            </trkpt>
            <trkpt lat="45.430378" lon="10.705175">
                <ele>0</ele>
            </trkpt>
            <trkpt lat="45.430346" lon="10.705138">
                <ele>0</ele>
            </trkpt>
            <trkpt lat="45.430303" lon="10.7051">
                <ele>0</ele>
            </trkpt>
            <trkpt lat="45.430258" lon="10.705064">
                <ele>0</ele>
            </trkpt>
            <trkpt lat="45.430199" lon="10.705021">
                <ele>0</ele>
            </trkpt>
            <trkpt lat="45.43015" lon="10.704998">
                <ele>0</ele>
            </trkpt>
            <trkpt lat="45.430103" lon="10.704977">
                <ele>0</ele>
            </trkpt>
            <trkpt lat="45.430055" lon="10.704956">
                <ele>0</ele>
            </trkpt>
            <trkpt lat="45.430013" lon="10.704938">
                <ele>0</ele>
            </trkpt>
            <trkpt lat="45.429964" lon="10.704913">
                <ele>0</ele>
            </trkpt>
            <trkpt lat="45.429927" lon="10.704888">
                <ele>0</ele>
            </trkpt>
            <trkpt lat="45.429881" lon="10.704853">
                <ele>0</ele>
            </trkpt>
            <trkpt lat="45.429835" lon="10.70481">
                <ele>0</ele>
            </trkpt>
            <trkpt lat="45.429774" lon="10.704755">
                <ele>0</ele>
            </trkpt>
            <trkpt lat="45.429733" lon="10.704715">
                <ele>0</ele>
            </trkpt>
            <trkpt lat="45.429693" lon="10.704655">
                <ele>0</ele>
            </trkpt>
            <trkpt lat="45.429661" lon="10.704595">
                <ele>0</ele>
            </trkpt>
            <trkpt lat="45.429596" lon="10.70447">
                <ele>0</ele>
            </trkpt>
            <trkpt lat="45.429573" lon="10.704407">
                <ele>0</ele>
            </trkpt>
            <trkpt lat="45.429549" lon="10.704332">
                <ele>0</ele>
            </trkpt>
            <trkpt lat="45.429486" lon="10.704084">
                <ele>0</ele>
            </trkpt>
            <trkpt lat="45.429479" lon="10.703987">
                <ele>0</ele>
            </trkpt>
            <trkpt lat="45.429465" lon="10.703216">
                <ele>0</ele>
            </trkpt>
            <trkpt lat="45.429455" lon="10.702886">
                <ele>0</ele>
            </trkpt>
            <trkpt lat="45.429383" lon="10.70183">
                <ele>0</ele>
            </trkpt>
            <trkpt lat="45.429363" lon="10.699769">
                <ele>0</ele>
            </trkpt>
            <trkpt lat="45.429338" lon="10.695753">
                <ele>0</ele>
            </trkpt>
            <trkpt lat="45.429318" lon="10.692725">
                <ele>0</ele>
            </trkpt>
            <trkpt lat="45.429309" lon="10.691176">
                <ele>0</ele>
            </trkpt>
            <trkpt lat="45.429304" lon="10.689705">
                <ele>0</ele>
            </trkpt>
            <trkpt lat="45.429366" lon="10.687747">
                <ele>0</ele>
            </trkpt>
            <trkpt lat="45.429418" lon="10.686651">
                <ele>0</ele>
            </trkpt>
            <trkpt lat="45.429428" lon="10.686456">
                <ele>0</ele>
            </trkpt>
            <trkpt lat="45.429515" lon="10.68517">
                <ele>0</ele>
            </trkpt>
            <trkpt lat="45.429657" lon="10.682604">
                <ele>0</ele>
            </trkpt>
            <trkpt lat="45.429981" lon="10.677694">
                <ele>0</ele>
            </trkpt>
            <trkpt lat="45.430184" lon="10.674617">
                <ele>0</ele>
            </trkpt>
            <trkpt lat="45.430245" lon="10.673694">
                <ele>0</ele>
            </trkpt>
            <trkpt lat="45.430262" lon="10.673385">
                <ele>0</ele>
            </trkpt>
            <trkpt lat="45.430831" lon="10.664745">
                <ele>0</ele>
            </trkpt>
            <trkpt lat="45.430906" lon="10.663609">
                <ele>0</ele>
            </trkpt>
            <trkpt lat="45.431347" lon="10.656673">
                <ele>0</ele>
            </trkpt>
            <trkpt lat="45.431376" lon="10.656213">
                <ele>0</ele>
            </trkpt>
            <trkpt lat="45.431499" lon="10.654295">
                <ele>0</ele>
            </trkpt>
            <trkpt lat="45.431591" lon="10.652856">
                <ele>0</ele>
            </trkpt>
            <trkpt lat="45.431841" lon="10.649003">
                <ele>0</ele>
            </trkpt>
            <trkpt lat="45.43192" lon="10.647781">
                <ele>0</ele>
            </trkpt>
            <trkpt lat="45.432342" lon="10.641432">
                <ele>0</ele>
            </trkpt>
            <trkpt lat="45.432413" lon="10.640363">
                <ele>0</ele>
            </trkpt>
            <trkpt lat="45.432706" lon="10.634765">
                <ele>0</ele>
            </trkpt>
            <trkpt lat="45.432718" lon="10.634514">
                <ele>0</ele>
            </trkpt>
            <trkpt lat="45.432941" lon="10.629677">
                <ele>0</ele>
            </trkpt>
            <trkpt lat="45.433054" lon="10.627405">
                <ele>0</ele>
            </trkpt>
            <trkpt lat="45.433185" lon="10.624784">
                <ele>0</ele>
            </trkpt>
            <trkpt lat="45.433255" lon="10.623383">
                <ele>0</ele>
            </trkpt>
            <trkpt lat="45.433423" lon="10.619998">
                <ele>0</ele>
            </trkpt>
            <trkpt lat="45.433619" lon="10.616036">
                <ele>0</ele>
            </trkpt>
            <trkpt lat="45.433729" lon="10.613802">
                <ele>0</ele>
            </trkpt>
            <trkpt lat="45.433937" lon="10.609562">
                <ele>0</ele>
            </trkpt>
            <trkpt lat="45.434199" lon="10.604398">
                <ele>0</ele>
            </trkpt>
            <trkpt lat="45.434215" lon="10.604071">
                <ele>0</ele>
            </trkpt>
            <trkpt lat="45.434388" lon="10.601058">
                <ele>0</ele>
            </trkpt>
            <trkpt lat="45.434436" lon="10.600225">
                <ele>0</ele>
            </trkpt>
            <trkpt lat="45.434772" lon="10.597665">
                <ele>0</ele>
            </trkpt>
            <trkpt lat="45.435088" lon="10.595754">
                <ele>0</ele>
            </trkpt>
            <trkpt lat="45.435476" lon="10.593662">
                <ele>0</ele>
            </trkpt>
            <trkpt lat="45.436131" lon="10.59013">
                <ele>0</ele>
            </trkpt>
            <trkpt lat="45.436905" lon="10.586072">
                <ele>0</ele>
            </trkpt>
            <trkpt lat="45.437151" lon="10.584783">
                <ele>0</ele>
            </trkpt>
            <trkpt lat="45.438249" lon="10.57878">
                <ele>0</ele>
            </trkpt>
            <trkpt lat="45.438467" lon="10.577588">
                <ele>0</ele>
            </trkpt>
            <trkpt lat="45.439428" lon="10.572459">
                <ele>0</ele>
            </trkpt>
            <trkpt lat="45.439875" lon="10.570016">
                <ele>0</ele>
            </trkpt>
            <trkpt lat="45.4407" lon="10.565631">
                <ele>0</ele>
            </trkpt>
            <trkpt lat="45.441353" lon="10.562119">
                <ele>0</ele>
            </trkpt>
            <trkpt lat="45.441718" lon="10.560124">
                <ele>0</ele>
            </trkpt>
            <trkpt lat="45.442518" lon="10.555834">
                <ele>0</ele>
            </trkpt>
            <trkpt lat="45.443433" lon="10.550912">
                <ele>0</ele>
            </trkpt>
            <trkpt lat="45.443871" lon="10.548529">
                <ele>0</ele>
            </trkpt>
            <trkpt lat="45.444736" lon="10.543849">
                <ele>0</ele>
            </trkpt>
            <trkpt lat="45.444892" lon="10.54297">
                <ele>0</ele>
            </trkpt>
            <trkpt lat="45.445295" lon="10.540845">
                <ele>0</ele>
            </trkpt>
            <trkpt lat="45.445589" lon="10.53932">
                <ele>0</ele>
            </trkpt>
            <trkpt lat="45.445763" lon="10.538431">
                <ele>0</ele>
            </trkpt>
            <trkpt lat="45.445975" lon="10.537509">
                <ele>0</ele>
            </trkpt>
            <trkpt lat="45.44615" lon="10.5368">
                <ele>0</ele>
            </trkpt>
            <trkpt lat="45.4463" lon="10.536204">
                <ele>0</ele>
            </trkpt>
            <trkpt lat="45.446507" lon="10.535472">
                <ele>0</ele>
            </trkpt>
            <trkpt lat="45.446777" lon="10.534542">
                <ele>0</ele>
            </trkpt>
            <trkpt lat="45.447117" lon="10.533457">
                <ele>0</ele>
            </trkpt>
            <trkpt lat="45.447411" lon="10.532514">
                <ele>0</ele>
            </trkpt>
            <trkpt lat="45.447638" lon="10.531762">
                <ele>0</ele>
            </trkpt>
            <trkpt lat="45.447826" lon="10.531125">
                <ele>0</ele>
            </trkpt>
            <trkpt lat="45.448052" lon="10.530306">
                <ele>0</ele>
            </trkpt>
            <trkpt lat="45.44823" lon="10.529625">
                <ele>0</ele>
            </trkpt>
            <trkpt lat="45.448378" lon="10.529008">
                <ele>0</ele>
            </trkpt>
            <trkpt lat="45.448522" lon="10.528376">
                <ele>0</ele>
            </trkpt>
            <trkpt lat="45.44864" lon="10.527837">
                <ele>0</ele>
            </trkpt>
            <trkpt lat="45.448826" lon="10.526925">
                <ele>0</ele>
            </trkpt>
            <trkpt lat="45.448953" lon="10.526258">
                <ele>0</ele>
            </trkpt>
            <trkpt lat="45.449088" lon="10.52542">
                <ele>0</ele>
            </trkpt>
            <trkpt lat="45.449139" lon="10.525096">
                <ele>0</ele>
            </trkpt>
            <trkpt lat="45.449224" lon="10.524553">
                <ele>0</ele>
            </trkpt>
            <trkpt lat="45.449351" lon="10.523675">
                <ele>0</ele>
            </trkpt>
            <trkpt lat="45.449469" lon="10.522681">
                <ele>0</ele>
            </trkpt>
            <trkpt lat="45.44951" lon="10.522252">
                <ele>0</ele>
            </trkpt>
            <trkpt lat="45.449612" lon="10.521198">
                <ele>0</ele>
            </trkpt>
            <trkpt lat="45.449729" lon="10.520044">
                <ele>0</ele>
            </trkpt>
            <trkpt lat="45.450153" lon="10.515626">
                <ele>0</ele>
            </trkpt>
            <trkpt lat="45.450608" lon="10.51087">
                <ele>0</ele>
            </trkpt>
            <trkpt lat="45.451307" lon="10.503564">
                <ele>0</ele>
            </trkpt>
            <trkpt lat="45.45152" lon="10.501331">
                <ele>0</ele>
            </trkpt>
            <trkpt lat="45.451674" lon="10.499875">
                <ele>0</ele>
            </trkpt>
            <trkpt lat="45.45237" lon="10.493273">
                <ele>0</ele>
            </trkpt>
            <trkpt lat="45.452442" lon="10.492583">
                <ele>0</ele>
            </trkpt>
            <trkpt lat="45.452947" lon="10.488378">
                <ele>0</ele>
            </trkpt>
            <trkpt lat="45.453509" lon="10.483702">
                <ele>0</ele>
            </trkpt>
            <trkpt lat="45.453644" lon="10.481295">
                <ele>0</ele>
            </trkpt>
            <trkpt lat="45.453689" lon="10.480475">
                <ele>0</ele>
            </trkpt>
            <trkpt lat="45.45384" lon="10.476492">
                <ele>0</ele>
            </trkpt>
            <trkpt lat="45.454021" lon="10.474123">
                <ele>0</ele>
            </trkpt>
            <trkpt lat="45.454514" lon="10.470175">
                <ele>0</ele>
            </trkpt>
            <trkpt lat="45.455153" lon="10.467222">
                <ele>0</ele>
            </trkpt>
            <trkpt lat="45.455331" lon="10.466503">
                <ele>0</ele>
            </trkpt>
            <trkpt lat="45.457993" lon="10.455797">
                <ele>0</ele>
            </trkpt>
            <trkpt lat="45.458488" lon="10.453807">
                <ele>0</ele>
            </trkpt>
            <trkpt lat="45.459048" lon="10.451232">
                <ele>0</ele>
            </trkpt>
            <trkpt lat="45.459208" lon="10.450453">
                <ele>0</ele>
            </trkpt>
            <trkpt lat="45.460208" lon="10.4456">
                <ele>0</ele>
            </trkpt>
            <trkpt lat="45.461314" lon="10.44022">
                <ele>0</ele>
            </trkpt>
            <trkpt lat="45.462494" lon="10.434495">
                <ele>0</ele>
            </trkpt>
            <trkpt lat="45.462948" lon="10.432295">
                <ele>0</ele>
            </trkpt>
            <trkpt lat="45.463166" lon="10.430707">
                <ele>0</ele>
            </trkpt>
            <trkpt lat="45.463407" lon="10.428684">
                <ele>0</ele>
            </trkpt>
            <trkpt lat="45.463835" lon="10.423607">
                <ele>0</ele>
            </trkpt>
            <trkpt lat="45.46398" lon="10.421818">
                <ele>0</ele>
            </trkpt>
            <trkpt lat="45.464496" lon="10.415441">
                <ele>0</ele>
            </trkpt>
            <trkpt lat="45.465246" lon="10.405964">
                <ele>0</ele>
            </trkpt>
            <trkpt lat="45.465488" lon="10.402912">
                <ele>0</ele>
            </trkpt>
            <trkpt lat="45.465569" lon="10.401888">
                <ele>0</ele>
            </trkpt>
            <trkpt lat="45.465653" lon="10.40096">
                <ele>0</ele>
            </trkpt>
            <trkpt lat="45.465719" lon="10.400316">
                <ele>0</ele>
            </trkpt>
            <trkpt lat="45.465803" lon="10.399637">
                <ele>0</ele>
            </trkpt>
            <trkpt lat="45.46587" lon="10.399196">
                <ele>0</ele>
            </trkpt>
            <trkpt lat="45.466186" lon="10.397227">
                <ele>0</ele>
            </trkpt>
            <trkpt lat="45.466434" lon="10.395718">
                <ele>0</ele>
            </trkpt>
            <trkpt lat="45.46658" lon="10.394819">
                <ele>0</ele>
            </trkpt>
            <trkpt lat="45.466663" lon="10.394308">
                <ele>0</ele>
            </trkpt>
            <trkpt lat="45.46691" lon="10.392857">
                <ele>0</ele>
            </trkpt>
            <trkpt lat="45.467767" lon="10.387709">
                <ele>0</ele>
            </trkpt>
            <trkpt lat="45.467924" lon="10.386768">
                <ele>0</ele>
            </trkpt>
            <trkpt lat="45.468327" lon="10.384566">
                <ele>0</ele>
            </trkpt>
            <trkpt lat="45.468487" lon="10.383777">
                <ele>0</ele>
            </trkpt>
            <trkpt lat="45.469312" lon="10.380127">
                <ele>0</ele>
            </trkpt>
            <trkpt lat="45.469979" lon="10.37718">
                <ele>0</ele>
            </trkpt>
            <trkpt lat="45.470799" lon="10.373561">
                <ele>0</ele>
            </trkpt>
            <trkpt lat="45.471301" lon="10.371319">
                <ele>0</ele>
            </trkpt>
            <trkpt lat="45.47152" lon="10.370328">
                <ele>0</ele>
            </trkpt>
            <trkpt lat="45.472065" lon="10.367937">
                <ele>0</ele>
            </trkpt>
            <trkpt lat="45.473294" lon="10.362493">
                <ele>0</ele>
            </trkpt>
            <trkpt lat="45.474832" lon="10.355658">
                <ele>0</ele>
            </trkpt>
            <trkpt lat="45.475335" lon="10.35342">
                <ele>0</ele>
            </trkpt>
            <trkpt lat="45.475973" lon="10.350589">
                <ele>0</ele>
            </trkpt>
            <trkpt lat="45.476567" lon="10.34796">
                <ele>0</ele>
            </trkpt>
            <trkpt lat="45.47727" lon="10.344857">
                <ele>0</ele>
            </trkpt>
            <trkpt lat="45.478286" lon="10.340345">
                <ele>0</ele>
            </trkpt>
            <trkpt lat="45.479326" lon="10.335735">
                <ele>0</ele>
            </trkpt>
            <trkpt lat="45.479695" lon="10.334099">
                <ele>0</ele>
            </trkpt>
            <trkpt lat="45.480842" lon="10.329002">
                <ele>0</ele>
            </trkpt>
            <trkpt lat="45.481743" lon="10.324999">
                <ele>0</ele>
            </trkpt>
            <trkpt lat="45.482341" lon="10.32235">
                <ele>0</ele>
            </trkpt>
            <trkpt lat="45.483331" lon="10.317909">
                <ele>0</ele>
            </trkpt>
            <trkpt lat="45.48391" lon="10.315366">
                <ele>0</ele>
            </trkpt>
            <trkpt lat="45.484916" lon="10.311353">
                <ele>0</ele>
            </trkpt>
            <trkpt lat="45.485598" lon="10.308609">
                <ele>0</ele>
            </trkpt>
            <trkpt lat="45.486212" lon="10.306142">
                <ele>0</ele>
            </trkpt>
            <trkpt lat="45.487665" lon="10.300332">
                <ele>0</ele>
            </trkpt>
            <trkpt lat="45.488139" lon="10.298426">
                <ele>0</ele>
            </trkpt>
            <trkpt lat="45.489167" lon="10.294329">
                <ele>0</ele>
            </trkpt>
            <trkpt lat="45.489743" lon="10.292022">
                <ele>0</ele>
            </trkpt>
            <trkpt lat="45.489948" lon="10.291224">
                <ele>0</ele>
            </trkpt>
            <trkpt lat="45.490142" lon="10.290518">
                <ele>0</ele>
            </trkpt>
            <trkpt lat="45.490355" lon="10.289814">
                <ele>0</ele>
            </trkpt>
            <trkpt lat="45.490823" lon="10.288387">
                <ele>0</ele>
            </trkpt>
            <trkpt lat="45.49143" lon="10.286527">
                <ele>0</ele>
            </trkpt>
            <trkpt lat="45.492238" lon="10.284039">
                <ele>0</ele>
            </trkpt>
            <trkpt lat="45.493024" lon="10.281625">
                <ele>0</ele>
            </trkpt>
            <trkpt lat="45.494327" lon="10.277643">
                <ele>0</ele>
            </trkpt>
            <trkpt lat="45.494769" lon="10.276289">
                <ele>0</ele>
            </trkpt>
            <trkpt lat="45.494986" lon="10.275616">
                <ele>0</ele>
            </trkpt>
            <trkpt lat="45.495165" lon="10.275057">
                <ele>0</ele>
            </trkpt>
            <trkpt lat="45.495467" lon="10.274016">
                <ele>0</ele>
            </trkpt>
            <trkpt lat="45.495677" lon="10.273273">
                <ele>0</ele>
            </trkpt>
            <trkpt lat="45.496451" lon="10.270517">
                <ele>0</ele>
            </trkpt>
            <trkpt lat="45.496873" lon="10.269022">
                <ele>0</ele>
            </trkpt>
            <trkpt lat="45.497229" lon="10.267766">
                <ele>0</ele>
            </trkpt>
            <trkpt lat="45.497754" lon="10.265866">
                <ele>0</ele>
            </trkpt>
            <trkpt lat="45.498041" lon="10.264876">
                <ele>0</ele>
            </trkpt>
            <trkpt lat="45.498473" lon="10.263334">
                <ele>0</ele>
            </trkpt>
            <trkpt lat="45.499344" lon="10.260245">
                <ele>0</ele>
            </trkpt>
            <trkpt lat="45.49987" lon="10.258371">
                <ele>0</ele>
            </trkpt>
            <trkpt lat="45.500635" lon="10.255648">
                <ele>0</ele>
            </trkpt>
            <trkpt lat="45.501263" lon="10.253418">
                <ele>0</ele>
            </trkpt>
            <trkpt lat="45.501514" lon="10.252541">
                <ele>0</ele>
            </trkpt>
            <trkpt lat="45.501764" lon="10.251646">
                <ele>0</ele>
            </trkpt>
            <trkpt lat="45.502003" lon="10.250796">
                <ele>0</ele>
            </trkpt>
            <trkpt lat="45.50216" lon="10.250212">
                <ele>0</ele>
            </trkpt>
            <trkpt lat="45.502334" lon="10.249545">
                <ele>0</ele>
            </trkpt>
            <trkpt lat="45.502573" lon="10.248533">
                <ele>0</ele>
            </trkpt>
            <trkpt lat="45.503078" lon="10.246333">
                <ele>0</ele>
            </trkpt>
            <trkpt lat="45.503496" lon="10.244503">
                <ele>0</ele>
            </trkpt>
            <trkpt lat="45.503743" lon="10.243412">
                <ele>0</ele>
            </trkpt>
            <trkpt lat="45.504445" lon="10.240318">
                <ele>0</ele>
            </trkpt>
            <trkpt lat="45.504884" lon="10.238398">
                <ele>0</ele>
            </trkpt>
            <trkpt lat="45.505587" lon="10.235238">
                <ele>0</ele>
            </trkpt>
            <trkpt lat="45.505804" lon="10.234219">
                <ele>0</ele>
            </trkpt>
            <trkpt lat="45.505956" lon="10.233361">
                <ele>0</ele>
            </trkpt>
            <trkpt lat="45.506207" lon="10.231646">
                <ele>0</ele>
            </trkpt>
            <trkpt lat="45.506621" lon="10.228477">
                <ele>0</ele>
            </trkpt>
            <trkpt lat="45.506862" lon="10.227088">
                <ele>0</ele>
            </trkpt>
            <trkpt lat="45.507032" lon="10.226271">
                <ele>0</ele>
            </trkpt>
            <trkpt lat="45.507223" lon="10.225454">
                <ele>0</ele>
            </trkpt>
            <trkpt lat="45.507498" lon="10.224453">
                <ele>0</ele>
            </trkpt>
            <trkpt lat="45.507764" lon="10.223539">
                <ele>0</ele>
            </trkpt>
            <trkpt lat="45.508101" lon="10.222539">
                <ele>0</ele>
            </trkpt>
            <trkpt lat="45.508306" lon="10.221961">
                <ele>0</ele>
            </trkpt>
            <trkpt lat="45.50853" lon="10.221383">
                <ele>0</ele>
            </trkpt>
            <trkpt lat="45.508815" lon="10.220688">
                <ele>0</ele>
            </trkpt>
            <trkpt lat="45.509111" lon="10.220015">
                <ele>0</ele>
            </trkpt>
            <trkpt lat="45.510053" lon="10.217973">
                <ele>0</ele>
            </trkpt>
            <trkpt lat="45.510147" lon="10.217768">
                <ele>0</ele>
            </trkpt>
            <trkpt lat="45.511097" lon="10.215708">
                <ele>0</ele>
            </trkpt>
            <trkpt lat="45.511199" lon="10.215487">
                <ele>0</ele>
            </trkpt>
            <trkpt lat="45.513476" lon="10.210546">
                <ele>0</ele>
            </trkpt>
            <trkpt lat="45.515645" lon="10.20582">
                <ele>0</ele>
            </trkpt>
            <trkpt lat="45.516738" lon="10.203438">
                <ele>0</ele>
            </trkpt>
            <trkpt lat="45.517766" lon="10.201168">
                <ele>0</ele>
            </trkpt>
            <trkpt lat="45.51796" lon="10.200665">
                <ele>0</ele>
            </trkpt>
            <trkpt lat="45.51815" lon="10.200126">
                <ele>0</ele>
            </trkpt>
            <trkpt lat="45.518418" lon="10.199236">
                <ele>0</ele>
            </trkpt>
            <trkpt lat="45.518529" lon="10.19879">
                <ele>0</ele>
            </trkpt>
            <trkpt lat="45.518624" lon="10.19836">
                <ele>0</ele>
            </trkpt>
            <trkpt lat="45.518709" lon="10.19792">
                <ele>0</ele>
            </trkpt>
            <trkpt lat="45.518792" lon="10.197456">
                <ele>0</ele>
            </trkpt>
            <trkpt lat="45.51892" lon="10.19649">
                <ele>0</ele>
            </trkpt>
            <trkpt lat="45.519062" lon="10.195203">
                <ele>0</ele>
            </trkpt>
            <trkpt lat="45.519771" lon="10.188996">
                <ele>0</ele>
            </trkpt>
            <trkpt lat="45.520527" lon="10.182114">
                <ele>0</ele>
            </trkpt>
            <trkpt lat="45.520806" lon="10.179717">
                <ele>0</ele>
            </trkpt>
            <trkpt lat="45.520934" lon="10.178539">
                <ele>0</ele>
            </trkpt>
            <trkpt lat="45.521144" lon="10.177297">
                <ele>0</ele>
            </trkpt>
            <trkpt lat="45.52142" lon="10.175988">
                <ele>0</ele>
            </trkpt>
            <trkpt lat="45.521742" lon="10.174615">
                <ele>0</ele>
            </trkpt>
            <trkpt lat="45.522155" lon="10.173247">
                <ele>0</ele>
            </trkpt>
            <trkpt lat="45.522442" lon="10.172384">
                <ele>0</ele>
            </trkpt>
            <trkpt lat="45.522781" lon="10.171448">
                <ele>0</ele>
            </trkpt>
            <trkpt lat="45.523171" lon="10.170458">
                <ele>0</ele>
            </trkpt>
            <trkpt lat="45.523666" lon="10.169403">
                <ele>0</ele>
            </trkpt>
            <trkpt lat="45.524911" lon="10.16656">
                <ele>0</ele>
            </trkpt>
            <trkpt lat="45.525153" lon="10.166009">
                <ele>0</ele>
            </trkpt>
            <trkpt lat="45.525872" lon="10.164373">
                <ele>0</ele>
            </trkpt>
            <trkpt lat="45.526051" lon="10.164013">
                <ele>0</ele>
            </trkpt>
            <trkpt lat="45.527356" lon="10.161152">
                <ele>0</ele>
            </trkpt>
            <trkpt lat="45.527451" lon="10.160943">
                <ele>0</ele>
            </trkpt>
            <trkpt lat="45.528667" lon="10.158276">
                <ele>0</ele>
            </trkpt>
            <trkpt lat="45.528758" lon="10.158078">
                <ele>0</ele>
            </trkpt>
            <trkpt lat="45.530428" lon="10.154416">
                <ele>0</ele>
            </trkpt>
            <trkpt lat="45.533251" lon="10.148124">
                <ele>0</ele>
            </trkpt>
            <trkpt lat="45.533311" lon="10.147991">
                <ele>0</ele>
            </trkpt>
            <trkpt lat="45.534221" lon="10.145963">
                <ele>0</ele>
            </trkpt>
            <trkpt lat="45.534958" lon="10.144393">
                <ele>0</ele>
            </trkpt>
            <trkpt lat="45.536513" lon="10.141225">
                <ele>0</ele>
            </trkpt>
            <trkpt lat="45.540582" lon="10.132976">
                <ele>0</ele>
            </trkpt>
            <trkpt lat="45.542397" lon="10.12927">
                <ele>0</ele>
            </trkpt>
            <trkpt lat="45.543448" lon="10.127156">
                <ele>0</ele>
            </trkpt>
            <trkpt lat="45.544965" lon="10.123972">
                <ele>0</ele>
            </trkpt>
            <trkpt lat="45.545802" lon="10.122118">
                <ele>0</ele>
            </trkpt>
            <trkpt lat="45.54653" lon="10.120485">
                <ele>0</ele>
            </trkpt>
            <trkpt lat="45.546952" lon="10.11963">
                <ele>0</ele>
            </trkpt>
            <trkpt lat="45.547213" lon="10.119101">
                <ele>0</ele>
            </trkpt>
            <trkpt lat="45.547723" lon="10.118053">
                <ele>0</ele>
            </trkpt>
            <trkpt lat="45.548395" lon="10.116703">
                <ele>0</ele>
            </trkpt>
            <trkpt lat="45.548902" lon="10.115737">
                <ele>0</ele>
            </trkpt>
            <trkpt lat="45.551684" lon="10.110294">
                <ele>0</ele>
            </trkpt>
            <trkpt lat="45.551859" lon="10.109951">
                <ele>0</ele>
            </trkpt>
            <trkpt lat="45.552102" lon="10.109475">
                <ele>0</ele>
            </trkpt>
            <trkpt lat="45.552508" lon="10.108682">
                <ele>0</ele>
            </trkpt>
            <trkpt lat="45.552701" lon="10.108305">
                <ele>0</ele>
            </trkpt>
            <trkpt lat="45.553979" lon="10.105808">
                <ele>0</ele>
            </trkpt>
            <trkpt lat="45.555235" lon="10.10324">
                <ele>0</ele>
            </trkpt>
            <trkpt lat="45.555294" lon="10.103118">
                <ele>0</ele>
            </trkpt>
            <trkpt lat="45.555362" lon="10.102978">
                <ele>0</ele>
            </trkpt>
            <trkpt lat="45.557398" lon="10.098758">
                <ele>0</ele>
            </trkpt>
            <trkpt lat="45.559419" lon="10.094577">
                <ele>0</ele>
            </trkpt>
            <trkpt lat="45.559999" lon="10.093257">
                <ele>0</ele>
            </trkpt>
            <trkpt lat="45.560648" lon="10.091662">
                <ele>0</ele>
            </trkpt>
            <trkpt lat="45.561311" lon="10.089743">
                <ele>0</ele>
            </trkpt>
            <trkpt lat="45.56184" lon="10.088073">
                <ele>0</ele>
            </trkpt>
            <trkpt lat="45.562375" lon="10.086064">
                <ele>0</ele>
            </trkpt>
            <trkpt lat="45.56277" lon="10.084325">
                <ele>0</ele>
            </trkpt>
            <trkpt lat="45.563645" lon="10.079669">
                <ele>0</ele>
            </trkpt>
            <trkpt lat="45.565087" lon="10.071935">
                <ele>0</ele>
            </trkpt>
            <trkpt lat="45.565921" lon="10.06743">
                <ele>0</ele>
            </trkpt>
            <trkpt lat="45.566663" lon="10.063335">
                <ele>0</ele>
            </trkpt>
            <trkpt lat="45.569277" lon="10.049202">
                <ele>0</ele>
            </trkpt>
            <trkpt lat="45.573174" lon="10.028006">
                <ele>0</ele>
            </trkpt>
            <trkpt lat="45.574037" lon="10.023351">
                <ele>0</ele>
            </trkpt>
            <trkpt lat="45.574232" lon="10.022265">
                <ele>0</ele>
            </trkpt>
            <trkpt lat="45.575512" lon="10.016059">
                <ele>0</ele>
            </trkpt>
            <trkpt lat="45.575676" lon="10.015183">
                <ele>0</ele>
            </trkpt>
            <trkpt lat="45.576503" lon="10.010778">
                <ele>0</ele>
            </trkpt>
            <trkpt lat="45.577609" lon="10.004795">
                <ele>0</ele>
            </trkpt>
            <trkpt lat="45.579598" lon="9.993933">
                <ele>0</ele>
            </trkpt>
            <trkpt lat="45.579931" lon="9.992399">
                <ele>0</ele>
            </trkpt>
            <trkpt lat="45.580323" lon="9.990929">
                <ele>0</ele>
            </trkpt>
            <trkpt lat="45.580754" lon="9.989578">
                <ele>0</ele>
            </trkpt>
            <trkpt lat="45.581157" lon="9.988483">
                <ele>0</ele>
            </trkpt>
            <trkpt lat="45.581634" lon="9.987297">
                <ele>0</ele>
            </trkpt>
            <trkpt lat="45.582114" lon="9.986266">
                <ele>0</ele>
            </trkpt>
            <trkpt lat="45.582725" lon="9.985084">
                <ele>0</ele>
            </trkpt>
            <trkpt lat="45.58338" lon="9.983934">
                <ele>0</ele>
            </trkpt>
            <trkpt lat="45.592378" lon="9.968355">
                <ele>0</ele>
            </trkpt>
            <trkpt lat="45.595429" lon="9.963032">
                <ele>0</ele>
            </trkpt>
            <trkpt lat="45.612865" lon="9.932747">
                <ele>0</ele>
            </trkpt>
            <trkpt lat="45.615681" lon="9.927831">
                <ele>0</ele>
            </trkpt>
            <trkpt lat="45.616439" lon="9.92633">
                <ele>0</ele>
            </trkpt>
            <trkpt lat="45.617052" lon="9.925">
                <ele>0</ele>
            </trkpt>
            <trkpt lat="45.617384" lon="9.924215">
                <ele>0</ele>
            </trkpt>
            <trkpt lat="45.617937" lon="9.922758">
                <ele>0</ele>
            </trkpt>
            <trkpt lat="45.618283" lon="9.921762">
                <ele>0</ele>
            </trkpt>
            <trkpt lat="45.618651" lon="9.920574">
                <ele>0</ele>
            </trkpt>
            <trkpt lat="45.619023" lon="9.919208">
                <ele>0</ele>
            </trkpt>
            <trkpt lat="45.620066" lon="9.91463">
                <ele>0</ele>
            </trkpt>
            <trkpt lat="45.62081" lon="9.91109">
                <ele>0</ele>
            </trkpt>
            <trkpt lat="45.621148" lon="9.90932">
                <ele>0</ele>
            </trkpt>
            <trkpt lat="45.621271" lon="9.908744">
                <ele>0</ele>
            </trkpt>
            <trkpt lat="45.621674" lon="9.906851">
                <ele>0</ele>
            </trkpt>
            <trkpt lat="45.621896" lon="9.905812">
                <ele>0</ele>
            </trkpt>
            <trkpt lat="45.622201" lon="9.904363">
                <ele>0</ele>
            </trkpt>
            <trkpt lat="45.622265" lon="9.904058">
                <ele>0</ele>
            </trkpt>
            <trkpt lat="45.622565" lon="9.902673">
                <ele>0</ele>
            </trkpt>
            <trkpt lat="45.623078" lon="9.900302">
                <ele>0</ele>
            </trkpt>
            <trkpt lat="45.62338" lon="9.898953">
                <ele>0</ele>
            </trkpt>
            <trkpt lat="45.623798" lon="9.897132">
                <ele>0</ele>
            </trkpt>
            <trkpt lat="45.62431" lon="9.894903">
                <ele>0</ele>
            </trkpt>
            <trkpt lat="45.624445" lon="9.89436">
                <ele>0</ele>
            </trkpt>
            <trkpt lat="45.624804" lon="9.8929">
                <ele>0</ele>
            </trkpt>
            <trkpt lat="45.625159" lon="9.891439">
                <ele>0</ele>
            </trkpt>
            <trkpt lat="45.629616" lon="9.871337">
                <ele>0</ele>
            </trkpt>
            <trkpt lat="45.631709" lon="9.861769">
                <ele>0</ele>
            </trkpt>
            <trkpt lat="45.631757" lon="9.861553">
                <ele>0</ele>
            </trkpt>
            <trkpt lat="45.632055" lon="9.860258">
                <ele>0</ele>
            </trkpt>
            <trkpt lat="45.632739" lon="9.85701">
                <ele>0</ele>
            </trkpt>
            <trkpt lat="45.633581" lon="9.853089">
                <ele>0</ele>
            </trkpt>
            <trkpt lat="45.637096" lon="9.837188">
                <ele>0</ele>
            </trkpt>
            <trkpt lat="45.64141" lon="9.817372">
                <ele>0</ele>
            </trkpt>
            <trkpt lat="45.647725" lon="9.788501">
                <ele>0</ele>
            </trkpt>
            <trkpt lat="45.64786" lon="9.787885">
                <ele>0</ele>
            </trkpt>
            <trkpt lat="45.650295" lon="9.776754">
                <ele>0</ele>
            </trkpt>
            <trkpt lat="45.651698" lon="9.770285">
                <ele>0</ele>
            </trkpt>
            <trkpt lat="45.652229" lon="9.767721">
                <ele>0</ele>
            </trkpt>
            <trkpt lat="45.654386" lon="9.754782">
                <ele>0</ele>
            </trkpt>
            <trkpt lat="45.655766" lon="9.746777">
                <ele>0</ele>
            </trkpt>
            <trkpt lat="45.656998" lon="9.740092">
                <ele>0</ele>
            </trkpt>
            <trkpt lat="45.657271" lon="9.738608">
                <ele>0</ele>
            </trkpt>
            <trkpt lat="45.657805" lon="9.73571">
                <ele>0</ele>
            </trkpt>
            <trkpt lat="45.65791" lon="9.73514">
                <ele>0</ele>
            </trkpt>
            <trkpt lat="45.658365" lon="9.73267">
                <ele>0</ele>
            </trkpt>
            <trkpt lat="45.658785" lon="9.730461">
                <ele>0</ele>
            </trkpt>
            <trkpt lat="45.659038" lon="9.729107">
                <ele>0</ele>
            </trkpt>
            <trkpt lat="45.660815" lon="9.719596">
                <ele>0</ele>
            </trkpt>
            <trkpt lat="45.661423" lon="9.716345">
                <ele>0</ele>
            </trkpt>
            <trkpt lat="45.663248" lon="9.706578">
                <ele>0</ele>
            </trkpt>
            <trkpt lat="45.663865" lon="9.703312">
                <ele>0</ele>
            </trkpt>
            <trkpt lat="45.663897" lon="9.703144">
                <ele>0</ele>
            </trkpt>
            <trkpt lat="45.66625" lon="9.690432">
                <ele>0</ele>
            </trkpt>
            <trkpt lat="45.666779" lon="9.68762">
                <ele>0</ele>
            </trkpt>
            <trkpt lat="45.668395" lon="9.678935">
                <ele>0</ele>
            </trkpt>
            <trkpt lat="45.668479" lon="9.678484">
                <ele>0</ele>
            </trkpt>
            <trkpt lat="45.668722" lon="9.677176">
                <ele>0</ele>
            </trkpt>
            <trkpt lat="45.668896" lon="9.676257">
                <ele>0</ele>
            </trkpt>
            <trkpt lat="45.669278" lon="9.674233">
                <ele>0</ele>
            </trkpt>
            <trkpt lat="45.669694" lon="9.672031">
                <ele>0</ele>
            </trkpt>
            <trkpt lat="45.669914" lon="9.670706">
                <ele>0</ele>
            </trkpt>
            <trkpt lat="45.669957" lon="9.670142">
                <ele>0</ele>
            </trkpt>
            <trkpt lat="45.669974" lon="9.669501">
                <ele>0</ele>
            </trkpt>
            <trkpt lat="45.669956" lon="9.668863">
                <ele>0</ele>
            </trkpt>
            <trkpt lat="45.66991" lon="9.668343">
                <ele>0</ele>
            </trkpt>
            <trkpt lat="45.669788" lon="9.667598">
                <ele>0</ele>
            </trkpt>
            <trkpt lat="45.669579" lon="9.66682">
                <ele>0</ele>
            </trkpt>
            <trkpt lat="45.669416" lon="9.666362">
                <ele>0</ele>
            </trkpt>
            <trkpt lat="45.669213" lon="9.665883">
                <ele>0</ele>
            </trkpt>
            <trkpt lat="45.668932" lon="9.6653">
                <ele>0</ele>
            </trkpt>
            <trkpt lat="45.668644" lon="9.664817">
                <ele>0</ele>
            </trkpt>
            <trkpt lat="45.668457" lon="9.66449">
                <ele>0</ele>
            </trkpt>
            <trkpt lat="45.666713" lon="9.661283">
                <ele>0</ele>
            </trkpt>
            <trkpt lat="45.665728" lon="9.659473">
                <ele>0</ele>
            </trkpt>
            <trkpt lat="45.665471" lon="9.659016">
                <ele>0</ele>
            </trkpt>
            <trkpt lat="45.663133" lon="9.654743">
                <ele>0</ele>
            </trkpt>
            <trkpt lat="45.65963" lon="9.648338">
                <ele>0</ele>
            </trkpt>
            <trkpt lat="45.659403" lon="9.647921">
                <ele>0</ele>
            </trkpt>
            <trkpt lat="45.653827" lon="9.637912">
                <ele>0</ele>
            </trkpt>
            <trkpt lat="45.649825" lon="9.630729">
                <ele>0</ele>
            </trkpt>
            <trkpt lat="45.645992" lon="9.623848">
                <ele>0</ele>
            </trkpt>
            <trkpt lat="45.644081" lon="9.62042">
                <ele>0</ele>
            </trkpt>
            <trkpt lat="45.642536" lon="9.617643">
                <ele>0</ele>
            </trkpt>
            <trkpt lat="45.641252" lon="9.615337">
                <ele>0</ele>
            </trkpt>
            <trkpt lat="45.640645" lon="9.614222">
                <ele>0</ele>
            </trkpt>
            <trkpt lat="45.640487" lon="9.613959">
                <ele>0</ele>
            </trkpt>
            <trkpt lat="45.640177" lon="9.613399">
                <ele>0</ele>
            </trkpt>
            <trkpt lat="45.640022" lon="9.613126">
                <ele>0</ele>
            </trkpt>
            <trkpt lat="45.639786" lon="9.612697">
                <ele>0</ele>
            </trkpt>
            <trkpt lat="45.638731" lon="9.610778">
                <ele>0</ele>
            </trkpt>
            <trkpt lat="45.638227" lon="9.609889">
                <ele>0</ele>
            </trkpt>
            <trkpt lat="45.634403" lon="9.602992">
                <ele>0</ele>
            </trkpt>
            <trkpt lat="45.630985" lon="9.596917">
                <ele>0</ele>
            </trkpt>
            <trkpt lat="45.629008" lon="9.593372">
                <ele>0</ele>
            </trkpt>
            <trkpt lat="45.626188" lon="9.58832">
                <ele>0</ele>
            </trkpt>
            <trkpt lat="45.624781" lon="9.585687">
                <ele>0</ele>
            </trkpt>
            <trkpt lat="45.624142" lon="9.584492">
                <ele>0</ele>
            </trkpt>
            <trkpt lat="45.62322" lon="9.582415">
                <ele>0</ele>
            </trkpt>
            <trkpt lat="45.622475" lon="9.580363">
                <ele>0</ele>
            </trkpt>
            <trkpt lat="45.622344" lon="9.580003">
                <ele>0</ele>
            </trkpt>
            <trkpt lat="45.621693" lon="9.578067">
                <ele>0</ele>
            </trkpt>
            <trkpt lat="45.617531" lon="9.565813">
                <ele>0</ele>
            </trkpt>
            <trkpt lat="45.615865" lon="9.560908">
                <ele>0</ele>
            </trkpt>
            <trkpt lat="45.615634" lon="9.560228">
                <ele>0</ele>
            </trkpt>
            <trkpt lat="45.615282" lon="9.559205">
                <ele>0</ele>
            </trkpt>
            <trkpt lat="45.612965" lon="9.551957">
                <ele>0</ele>
            </trkpt>
            <trkpt lat="45.61284" lon="9.551598">
                <ele>0</ele>
            </trkpt>
            <trkpt lat="45.611655" lon="9.548206">
                <ele>0</ele>
            </trkpt>
            <trkpt lat="45.61013" lon="9.543705">
                <ele>0</ele>
            </trkpt>
            <trkpt lat="45.609535" lon="9.541923">
                <ele>0</ele>
            </trkpt>
            <trkpt lat="45.609057" lon="9.540501">
                <ele>0</ele>
            </trkpt>
            <trkpt lat="45.608572" lon="9.539058">
                <ele>0</ele>
            </trkpt>
            <trkpt lat="45.606587" lon="9.533285">
                <ele>0</ele>
            </trkpt>
            <trkpt lat="45.605322" lon="9.529599">
                <ele>0</ele>
            </trkpt>
            <trkpt lat="45.604572" lon="9.527387">
                <ele>0</ele>
            </trkpt>
            <trkpt lat="45.604273" lon="9.526434">
                <ele>0</ele>
            </trkpt>
            <trkpt lat="45.603865" lon="9.525218">
                <ele>0</ele>
            </trkpt>
            <trkpt lat="45.602274" lon="9.520427">
                <ele>0</ele>
            </trkpt>
            <trkpt lat="45.601637" lon="9.518528">
                <ele>0</ele>
            </trkpt>
            <trkpt lat="45.601377" lon="9.517726">
                <ele>0</ele>
            </trkpt>
            <trkpt lat="45.600662" lon="9.515493">
                <ele>0</ele>
            </trkpt>
            <trkpt lat="45.599661" lon="9.512496">
                <ele>0</ele>
            </trkpt>
            <trkpt lat="45.597849" lon="9.507074">
                <ele>0</ele>
            </trkpt>
            <trkpt lat="45.597283" lon="9.505385">
                <ele>0</ele>
            </trkpt>
            <trkpt lat="45.596332" lon="9.502733">
                <ele>0</ele>
            </trkpt>
            <trkpt lat="45.5962" lon="9.502338">
                <ele>0</ele>
            </trkpt>
            <trkpt lat="45.595949" lon="9.501591">
                <ele>0</ele>
            </trkpt>
            <trkpt lat="45.595557" lon="9.500337">
                <ele>0</ele>
            </trkpt>
            <trkpt lat="45.59519" lon="9.499053">
                <ele>0</ele>
            </trkpt>
            <trkpt lat="45.594751" lon="9.49728">
                <ele>0</ele>
            </trkpt>
            <trkpt lat="45.594343" lon="9.495043">
                <ele>0</ele>
            </trkpt>
            <trkpt lat="45.593191" lon="9.488731">
                <ele>0</ele>
            </trkpt>
            <trkpt lat="45.592881" lon="9.48714">
                <ele>0</ele>
            </trkpt>
            <trkpt lat="45.591667" lon="9.480919">
                <ele>0</ele>
            </trkpt>
            <trkpt lat="45.590354" lon="9.474185">
                <ele>0</ele>
            </trkpt>
            <trkpt lat="45.589058" lon="9.467541">
                <ele>0</ele>
            </trkpt>
            <trkpt lat="45.588768" lon="9.466052">
                <ele>0</ele>
            </trkpt>
            <trkpt lat="45.588688" lon="9.465626">
                <ele>0</ele>
            </trkpt>
            <trkpt lat="45.587762" lon="9.460679">
                <ele>0</ele>
            </trkpt>
            <trkpt lat="45.586984" lon="9.456522">
                <ele>0</ele>
            </trkpt>
            <trkpt lat="45.586804" lon="9.455584">
                <ele>0</ele>
            </trkpt>
            <trkpt lat="45.586443" lon="9.453722">
                <ele>0</ele>
            </trkpt>
            <trkpt lat="45.584945" lon="9.445996">
                <ele>0</ele>
            </trkpt>
            <trkpt lat="45.584663" lon="9.444539">
                <ele>0</ele>
            </trkpt>
            <trkpt lat="45.583485" lon="9.438461">
                <ele>0</ele>
            </trkpt>
            <trkpt lat="45.582289" lon="9.432292">
                <ele>0</ele>
            </trkpt>
            <trkpt lat="45.580757" lon="9.424386">
                <ele>0</ele>
            </trkpt>
            <trkpt lat="45.580162" lon="9.421317">
                <ele>0</ele>
            </trkpt>
            <trkpt lat="45.57916" lon="9.416337">
                <ele>0</ele>
            </trkpt>
            <trkpt lat="45.578497" lon="9.41279">
                <ele>0</ele>
            </trkpt>
            <trkpt lat="45.577209" lon="9.405833">
                <ele>0</ele>
            </trkpt>
            <trkpt lat="45.577044" lon="9.404941">
                <ele>0</ele>
            </trkpt>
            <trkpt lat="45.575911" lon="9.399007">
                <ele>0</ele>
            </trkpt>
            <trkpt lat="45.574795" lon="9.393124">
                <ele>0</ele>
            </trkpt>
            <trkpt lat="45.573963" lon="9.388421">
                <ele>0</ele>
            </trkpt>
            <trkpt lat="45.572311" lon="9.377222">
                <ele>0</ele>
            </trkpt>
            <trkpt lat="45.572258" lon="9.376882">
                <ele>0</ele>
            </trkpt>
            <trkpt lat="45.571982" lon="9.375029">
                <ele>0</ele>
            </trkpt>
            <trkpt lat="45.571701" lon="9.372961">
                <ele>0</ele>
            </trkpt>
            <trkpt lat="45.571141" lon="9.36944">
                <ele>0</ele>
            </trkpt>
            <trkpt lat="45.570627" lon="9.365946">
                <ele>0</ele>
            </trkpt>
            <trkpt lat="45.569549" lon="9.35876">
                <ele>0</ele>
            </trkpt>
            <trkpt lat="45.569264" lon="9.356849">
                <ele>0</ele>
            </trkpt>
            <trkpt lat="45.568921" lon="9.354473">
                <ele>0</ele>
            </trkpt>
            <trkpt lat="45.568321" lon="9.350364">
                <ele>0</ele>
            </trkpt>
            <trkpt lat="45.56788" lon="9.347226">
                <ele>0</ele>
            </trkpt>
            <trkpt lat="45.567667" lon="9.345707">
                <ele>0</ele>
            </trkpt>
            <trkpt lat="45.5675" lon="9.344517">
                <ele>0</ele>
            </trkpt>
            <trkpt lat="45.56704" lon="9.341447">
                <ele>0</ele>
            </trkpt>
            <trkpt lat="45.566748" lon="9.339385">
                <ele>0</ele>
            </trkpt>
            <trkpt lat="45.5667" lon="9.339065">
                <ele>0</ele>
            </trkpt>
            <trkpt lat="45.565979" lon="9.334233">
                <ele>0</ele>
            </trkpt>
            <trkpt lat="45.565527" lon="9.3312">
                <ele>0</ele>
            </trkpt>
            <trkpt lat="45.565296" lon="9.329653">
                <ele>0</ele>
            </trkpt>
            <trkpt lat="45.564816" lon="9.326431">
                <ele>0</ele>
            </trkpt>
            <trkpt lat="45.564708" lon="9.325698">
                <ele>0</ele>
            </trkpt>
            <trkpt lat="45.564534" lon="9.324514">
                <ele>0</ele>
            </trkpt>
            <trkpt lat="45.56356" lon="9.317887">
                <ele>0</ele>
            </trkpt>
            <trkpt lat="45.563135" lon="9.314979">
                <ele>0</ele>
            </trkpt>
            <trkpt lat="45.562388" lon="9.309871">
                <ele>0</ele>
            </trkpt>
            <trkpt lat="45.562141" lon="9.308186">
                <ele>0</ele>
            </trkpt>
            <trkpt lat="45.561344" lon="9.30274">
                <ele>0</ele>
            </trkpt>
            <trkpt lat="45.560633" lon="9.29819">
                <ele>0</ele>
            </trkpt>
            <trkpt lat="45.55985" lon="9.293129">
                <ele>0</ele>
            </trkpt>
            <trkpt lat="45.559811" lon="9.292818">
                <ele>0</ele>
            </trkpt>
            <trkpt lat="45.559683" lon="9.291804">
                <ele>0</ele>
            </trkpt>
            <trkpt lat="45.559086" lon="9.287827">
                <ele>0</ele>
            </trkpt>
            <trkpt lat="45.558381" lon="9.283132">
                <ele>0</ele>
            </trkpt>
            <trkpt lat="45.558259" lon="9.282321">
                <ele>0</ele>
            </trkpt>
            <trkpt lat="45.558134" lon="9.281503">
                <ele>0</ele>
            </trkpt>
            <trkpt lat="45.558057" lon="9.280998">
                <ele>0</ele>
            </trkpt>
            <trkpt lat="45.557854" lon="9.279668">
                <ele>0</ele>
            </trkpt>
            <trkpt lat="45.557453" lon="9.276964">
                <ele>0</ele>
            </trkpt>
            <trkpt lat="45.557129" lon="9.274777">
                <ele>0</ele>
            </trkpt>
            <trkpt lat="45.556929" lon="9.273362">
                <ele>0</ele>
            </trkpt>
            <trkpt lat="45.5569" lon="9.273158">
                <ele>0</ele>
            </trkpt>
            <trkpt lat="45.556858" lon="9.272858">
                <ele>0</ele>
            </trkpt>
            <trkpt lat="45.556741" lon="9.272119">
                <ele>0</ele>
            </trkpt>
            <trkpt lat="45.556588" lon="9.271152">
                <ele>0</ele>
            </trkpt>
            <trkpt lat="45.556496" lon="9.270088">
                <ele>0</ele>
            </trkpt>
            <trkpt lat="45.556471" lon="9.269494">
                <ele>0</ele>
            </trkpt>
            <trkpt lat="45.556382" lon="9.26852">
                <ele>0</ele>
            </trkpt>
            <trkpt lat="45.556372" lon="9.268454">
                <ele>0</ele>
            </trkpt>
            <trkpt lat="45.556361" lon="9.268374">
                <ele>0</ele>
            </trkpt>
            <trkpt lat="45.556217" lon="9.267608">
                <ele>0</ele>
            </trkpt>
            <trkpt lat="45.556089" lon="9.267163">
                <ele>0</ele>
            </trkpt>
            <trkpt lat="45.556032" lon="9.266961">
                <ele>0</ele>
            </trkpt>
            <trkpt lat="45.555921" lon="9.266563">
                <ele>0</ele>
            </trkpt>
            <trkpt lat="45.555715" lon="9.265638">
                <ele>0</ele>
            </trkpt>
            <trkpt lat="45.555625" lon="9.265023">
                <ele>0</ele>
            </trkpt>
            <trkpt lat="45.555333" lon="9.263036">
                <ele>0</ele>
            </trkpt>
            <trkpt lat="45.555214" lon="9.262228">
                <ele>0</ele>
            </trkpt>
            <trkpt lat="45.554896" lon="9.260164">
                <ele>0</ele>
            </trkpt>
            <trkpt lat="45.554713" lon="9.258949">
                <ele>0</ele>
            </trkpt>
            <trkpt lat="45.554509" lon="9.257605">
                <ele>0</ele>
            </trkpt>
            <trkpt lat="45.554368" lon="9.256669">
                <ele>0</ele>
            </trkpt>
            <trkpt lat="45.554081" lon="9.254758">
                <ele>0</ele>
            </trkpt>
            <trkpt lat="45.553737" lon="9.252504">
                <ele>0</ele>
            </trkpt>
            <trkpt lat="45.553685" lon="9.252136">
                <ele>0</ele>
            </trkpt>
            <trkpt lat="45.553292" lon="9.249444">
                <ele>0</ele>
            </trkpt>
            <trkpt lat="45.553227" lon="9.249015">
                <ele>0</ele>
            </trkpt>
            <trkpt lat="45.553158" lon="9.248555">
                <ele>0</ele>
            </trkpt>
            <trkpt lat="45.552587" lon="9.244751">
                <ele>0</ele>
            </trkpt>
            <trkpt lat="45.552447" lon="9.243816">
                <ele>0</ele>
            </trkpt>
            <trkpt lat="45.551957" lon="9.240552">
                <ele>0</ele>
            </trkpt>
            <trkpt lat="45.551649" lon="9.238502">
                <ele>0</ele>
            </trkpt>
            <trkpt lat="45.551567" lon="9.237954">
                <ele>0</ele>
            </trkpt>
            <trkpt lat="45.551544" lon="9.237801">
                <ele>0</ele>
            </trkpt>
            <trkpt lat="45.55132" lon="9.236307">
                <ele>0</ele>
            </trkpt>
            <trkpt lat="45.551225" lon="9.235622">
                <ele>0</ele>
            </trkpt>
            <trkpt lat="45.551158" lon="9.235138">
                <ele>0</ele>
            </trkpt>
            <trkpt lat="45.551098" lon="9.234507">
                <ele>0</ele>
            </trkpt>
            <trkpt lat="45.550911" lon="9.233119">
                <ele>0</ele>
            </trkpt>
            <trkpt lat="45.550589" lon="9.230737">
                <ele>0</ele>
            </trkpt>
            <trkpt lat="45.550562" lon="9.230547">
                <ele>0</ele>
            </trkpt>
            <trkpt lat="45.550185" lon="9.228227">
                <ele>0</ele>
            </trkpt>
            <trkpt lat="45.550136" lon="9.227927">
                <ele>0</ele>
            </trkpt>
            <trkpt lat="45.549694" lon="9.225208">
                <ele>0</ele>
            </trkpt>
            <trkpt lat="45.549231" lon="9.222151">
                <ele>0</ele>
            </trkpt>
            <trkpt lat="45.549206" lon="9.221987">
                <ele>0</ele>
            </trkpt>
            <trkpt lat="45.548968" lon="9.220187">
                <ele>0</ele>
            </trkpt>
            <trkpt lat="45.548954" lon="9.220044">
                <ele>0</ele>
            </trkpt>
            <trkpt lat="45.548856" lon="9.218924">
                <ele>0</ele>
            </trkpt>
            <trkpt lat="45.548776" lon="9.217795">
                <ele>0</ele>
            </trkpt>
            <trkpt lat="45.548767" lon="9.217579">
                <ele>0</ele>
            </trkpt>
            <trkpt lat="45.548676" lon="9.214864">
                <ele>0</ele>
            </trkpt>
            <trkpt lat="45.54862" lon="9.213053">
                <ele>0</ele>
            </trkpt>
            <trkpt lat="45.548577" lon="9.211661">
                <ele>0</ele>
            </trkpt>
            <trkpt lat="45.548526" lon="9.209601">
                <ele>0</ele>
            </trkpt>
            <trkpt lat="45.54844" lon="9.206618">
                <ele>0</ele>
            </trkpt>
            <trkpt lat="45.54841" lon="9.205681">
                <ele>0</ele>
            </trkpt>
            <trkpt lat="45.54836" lon="9.203944">
                <ele>0</ele>
            </trkpt>
            <trkpt lat="45.54829" lon="9.202941">
                <ele>0</ele>
            </trkpt>
            <trkpt lat="45.548192" lon="9.202005">
                <ele>0</ele>
            </trkpt>
            <trkpt lat="45.548022" lon="9.200799">
                <ele>0</ele>
            </trkpt>
            <trkpt lat="45.547848" lon="9.199814">
                <ele>0</ele>
            </trkpt>
            <trkpt lat="45.547533" lon="9.198489">
                <ele>0</ele>
            </trkpt>
            <trkpt lat="45.547415" lon="9.198019">
                <ele>0</ele>
            </trkpt>
            <trkpt lat="45.546898" lon="9.195959">
                <ele>0</ele>
            </trkpt>
            <trkpt lat="45.546003" lon="9.192496">
                <ele>0</ele>
            </trkpt>
            <trkpt lat="45.544705" lon="9.187515">
                <ele>0</ele>
            </trkpt>
            <trkpt lat="45.544615" lon="9.18717">
                <ele>0</ele>
            </trkpt>
            <trkpt lat="45.543386" lon="9.182403">
                <ele>0</ele>
            </trkpt>
            <trkpt lat="45.542936" lon="9.180744">
                <ele>0</ele>
            </trkpt>
            <trkpt lat="45.542882" lon="9.180533">
                <ele>0</ele>
            </trkpt>
            <trkpt lat="45.542258" lon="9.178296">
                <ele>0</ele>
            </trkpt>
            <trkpt lat="45.541847" lon="9.176824">
                <ele>0</ele>
            </trkpt>
            <trkpt lat="45.541393" lon="9.175212">
                <ele>0</ele>
            </trkpt>
            <trkpt lat="45.541203" lon="9.174617">
                <ele>0</ele>
            </trkpt>
            <trkpt lat="45.54116" lon="9.17448">
                <ele>0</ele>
            </trkpt>
            <trkpt lat="45.540866" lon="9.173495">
                <ele>0</ele>
            </trkpt>
            <trkpt lat="45.540781" lon="9.173248">
                <ele>0</ele>
            </trkpt>
            <trkpt lat="45.540544" lon="9.172576">
                <ele>0</ele>
            </trkpt>
            <trkpt lat="45.540365" lon="9.172086">
                <ele>0</ele>
            </trkpt>
            <trkpt lat="45.54031" lon="9.171934">
                <ele>0</ele>
            </trkpt>
            <trkpt lat="45.540016" lon="9.171124">
                <ele>0</ele>
            </trkpt>
            <trkpt lat="45.539479" lon="9.16973">
                <ele>0</ele>
            </trkpt>
            <trkpt lat="45.538885" lon="9.168313">
                <ele>0</ele>
            </trkpt>
            <trkpt lat="45.538493" lon="9.167431">
                <ele>0</ele>
            </trkpt>
            <trkpt lat="45.538238" lon="9.166896">
                <ele>0</ele>
            </trkpt>
            <trkpt lat="45.538104" lon="9.166615">
                <ele>0</ele>
            </trkpt>
            <trkpt lat="45.537944" lon="9.166188">
                <ele>0</ele>
            </trkpt>
            <trkpt lat="45.537776" lon="9.165831">
                <ele>0</ele>
            </trkpt>
            <trkpt lat="45.537478" lon="9.165203">
                <ele>0</ele>
            </trkpt>
            <trkpt lat="45.53718" lon="9.164576">
                <ele>0</ele>
            </trkpt>
            <trkpt lat="45.536793" lon="9.163717">
                <ele>0</ele>
            </trkpt>
            <trkpt lat="45.536686" lon="9.163414">
                <ele>0</ele>
            </trkpt>
            <trkpt lat="45.536654" lon="9.163323">
                <ele>0</ele>
            </trkpt>
            <trkpt lat="45.53662" lon="9.163192">
                <ele>0</ele>
            </trkpt>
            <trkpt lat="45.536602" lon="9.163068">
                <ele>0</ele>
            </trkpt>
            <trkpt lat="45.536617" lon="9.162943">
                <ele>0</ele>
            </trkpt>
            <trkpt lat="45.536646" lon="9.16282">
                <ele>0</ele>
            </trkpt>
            <trkpt lat="45.536686" lon="9.162738">
                <ele>0</ele>
            </trkpt>
            <trkpt lat="45.536745" lon="9.162673">
                <ele>0</ele>
            </trkpt>
            <trkpt lat="45.536807" lon="9.162626">
                <ele>0</ele>
            </trkpt>
            <trkpt lat="45.536887" lon="9.162582">
                <ele>0</ele>
            </trkpt>
            <trkpt lat="45.536962" lon="9.162575">
                <ele>0</ele>
            </trkpt>
            <trkpt lat="45.537052" lon="9.162601">
                <ele>0</ele>
            </trkpt>
            <trkpt lat="45.537126" lon="9.162653">
                <ele>0</ele>
            </trkpt>
            <trkpt lat="45.537196" lon="9.162733">
                <ele>0</ele>
            </trkpt>
            <trkpt lat="45.537246" lon="9.162842">
                <ele>0</ele>
            </trkpt>
            <trkpt lat="45.537276" lon="9.162953">
                <ele>0</ele>
            </trkpt>
            <trkpt lat="45.537277" lon="9.163149">
                <ele>0</ele>
            </trkpt>
            <trkpt lat="45.537242" lon="9.163526">
                <ele>0</ele>
            </trkpt>
            <trkpt lat="45.53715" lon="9.164074">
                <ele>0</ele>
            </trkpt>
            <trkpt lat="45.537109" lon="9.164265">
                <ele>0</ele>
            </trkpt>
            <trkpt lat="45.537068" lon="9.16438">
                <ele>0</ele>
            </trkpt>
            <trkpt lat="45.537022" lon="9.164499">
                <ele>0</ele>
            </trkpt>
            <trkpt lat="45.536944" lon="9.16464">
                <ele>0</ele>
            </trkpt>
            <trkpt lat="45.536855" lon="9.164771">
                <ele>0</ele>
            </trkpt>
            <trkpt lat="45.536799" lon="9.164828">
                <ele>0</ele>
            </trkpt>
            <trkpt lat="45.536743" lon="9.164884">
                <ele>0</ele>
            </trkpt>
            <trkpt lat="45.536646" lon="9.164962">
                <ele>0</ele>
            </trkpt>
            <trkpt lat="45.536512" lon="9.165026">
                <ele>0</ele>
            </trkpt>
            <trkpt lat="45.536366" lon="9.165077">
                <ele>0</ele>
            </trkpt>
            <trkpt lat="45.536254" lon="9.165111">
                <ele>0</ele>
            </trkpt>
            <trkpt lat="45.536122" lon="9.165149">
                <ele>0</ele>
            </trkpt>
            <trkpt lat="45.53544" lon="9.165343">
                <ele>0</ele>
            </trkpt>
            <trkpt lat="45.535349" lon="9.165371">
                <ele>0</ele>
            </trkpt>
            <trkpt lat="45.535255" lon="9.165395">
                <ele>0</ele>
            </trkpt>
            <trkpt lat="45.535164" lon="9.16542">
                <ele>0</ele>
            </trkpt>
            <trkpt lat="45.535099" lon="9.165437">
                <ele>0</ele>
            </trkpt>
            <trkpt lat="45.534936" lon="9.165467">
                <ele>0</ele>
            </trkpt>
            <trkpt lat="45.534719" lon="9.165492">
                <ele>0</ele>
            </trkpt>
            <trkpt lat="45.534586" lon="9.165492">
                <ele>0</ele>
            </trkpt>
            <trkpt lat="45.534418" lon="9.16547">
                <ele>0</ele>
            </trkpt>
            <trkpt lat="45.53423" lon="9.165435">
                <ele>0</ele>
            </trkpt>
            <trkpt lat="45.534083" lon="9.165387">
                <ele>0</ele>
            </trkpt>
            <trkpt lat="45.533975" lon="9.165335">
                <ele>0</ele>
            </trkpt>
            <trkpt lat="45.533646" lon="9.16513">
                <ele>0</ele>
            </trkpt>
            <trkpt lat="45.533572" lon="9.165073">
                <ele>0</ele>
            </trkpt>
            <trkpt lat="45.533215" lon="9.1648">
                <ele>0</ele>
            </trkpt>
            <trkpt lat="45.532811" lon="9.164506">
                <ele>0</ele>
            </trkpt>
            <trkpt lat="45.532527" lon="9.164298">
                <ele>0</ele>
            </trkpt>
            <trkpt lat="45.532222" lon="9.164064">
                <ele>0</ele>
            </trkpt>
            <trkpt lat="45.532146" lon="9.164005">
                <ele>0</ele>
            </trkpt>
            <trkpt lat="45.532032" lon="9.163917">
                <ele>0</ele>
            </trkpt>
            <trkpt lat="45.531952" lon="9.163851">
                <ele>0</ele>
            </trkpt>
            <trkpt lat="45.531885" lon="9.163778">
                <ele>0</ele>
            </trkpt>
            <trkpt lat="45.53182" lon="9.163699">
                <ele>0</ele>
            </trkpt>
            <trkpt lat="45.531757" lon="9.163584">
                <ele>0</ele>
            </trkpt>
            <trkpt lat="45.531696" lon="9.163443">
                <ele>0</ele>
            </trkpt>
            <trkpt lat="45.531647" lon="9.163229">
                <ele>0</ele>
            </trkpt>
            <trkpt lat="45.531631" lon="9.163017">
                <ele>0</ele>
            </trkpt>
            <trkpt lat="45.531653" lon="9.162802">
                <ele>0</ele>
            </trkpt>
            <trkpt lat="45.531703" lon="9.162595">
                <ele>0</ele>
            </trkpt>
            <trkpt lat="45.531736" lon="9.162521">
                <ele>0</ele>
            </trkpt>
            <trkpt lat="45.531782" lon="9.162417">
                <ele>0</ele>
            </trkpt>
            <trkpt lat="45.531897" lon="9.162289">
                <ele>0</ele>
            </trkpt>
            <trkpt lat="45.531962" lon="9.162255">
                <ele>0</ele>
            </trkpt>
            <trkpt lat="45.531998" lon="9.162218">
                <ele>0</ele>
            </trkpt>
            <trkpt lat="45.532064" lon="9.162154">
                <ele>0</ele>
            </trkpt>
            <trkpt lat="45.532148" lon="9.162079">
                <ele>0</ele>
            </trkpt>
            <trkpt lat="45.532191" lon="9.162042">
                <ele>0</ele>
            </trkpt>
            <trkpt lat="45.532233" lon="9.16201">
                <ele>0</ele>
            </trkpt>
            <trkpt lat="45.53229" lon="9.161973">
                <ele>0</ele>
            </trkpt>
            <trkpt lat="45.532334" lon="9.161946">
                <ele>0</ele>
            </trkpt>
            <trkpt lat="45.532378" lon="9.161921">
                <ele>0</ele>
            </trkpt>
            <trkpt lat="45.532419" lon="9.1619">
                <ele>0</ele>
            </trkpt>
            <trkpt lat="45.532449" lon="9.161887">
                <ele>0</ele>
            </trkpt>
            <trkpt lat="45.532485" lon="9.161876">
                <ele>0</ele>
            </trkpt>
            <trkpt lat="45.532515" lon="9.16187">
                <ele>0</ele>
            </trkpt>
            <trkpt lat="45.532543" lon="9.161869">
                <ele>0</ele>
            </trkpt>
            <trkpt lat="45.532577" lon="9.16187">
                <ele>0</ele>
            </trkpt>
            <trkpt lat="45.532608" lon="9.161876">
                <ele>0</ele>
            </trkpt>
            <trkpt lat="45.532645" lon="9.161888">
                <ele>0</ele>
            </trkpt>
            <trkpt lat="45.532676" lon="9.161902">
                <ele>0</ele>
            </trkpt>
            <trkpt lat="45.532709" lon="9.161926">
                <ele>0</ele>
            </trkpt>
            <trkpt lat="45.532739" lon="9.161953">
                <ele>0</ele>
            </trkpt>
            <trkpt lat="45.532769" lon="9.161985">
                <ele>0</ele>
            </trkpt>
            <trkpt lat="45.532794" lon="9.162019">
                <ele>0</ele>
            </trkpt>
            <trkpt lat="45.532816" lon="9.162052">
                <ele>0</ele>
            </trkpt>
            <trkpt lat="45.532838" lon="9.162097">
                <ele>0</ele>
            </trkpt>
            <trkpt lat="45.532853" lon="9.162132">
                <ele>0</ele>
            </trkpt>
            <trkpt lat="45.532863" lon="9.162167">
                <ele>0</ele>
            </trkpt>
            <trkpt lat="45.532871" lon="9.162206">
                <ele>0</ele>
            </trkpt>
            <trkpt lat="45.532875" lon="9.162245">
                <ele>0</ele>
            </trkpt>
            <trkpt lat="45.532875" lon="9.162285">
                <ele>0</ele>
            </trkpt>
            <trkpt lat="45.532874" lon="9.16233">
                <ele>0</ele>
            </trkpt>
            <trkpt lat="45.532868" lon="9.162372">
                <ele>0</ele>
            </trkpt>
            <trkpt lat="45.532859" lon="9.16242">
                <ele>0</ele>
            </trkpt>
            <trkpt lat="45.532847" lon="9.162454">
                <ele>0</ele>
            </trkpt>
            <trkpt lat="45.532831" lon="9.16249">
                <ele>0</ele>
            </trkpt>
            <trkpt lat="45.532816" lon="9.16252">
                <ele>0</ele>
            </trkpt>
            <trkpt lat="45.532797" lon="9.16255">
                <ele>0</ele>
            </trkpt>
            <trkpt lat="45.532777" lon="9.162576">
                <ele>0</ele>
            </trkpt>
            <trkpt lat="45.532755" lon="9.162598">
                <ele>0</ele>
            </trkpt>
            <trkpt lat="45.532733" lon="9.162614">
                <ele>0</ele>
            </trkpt>
            <trkpt lat="45.53271" lon="9.162628">
                <ele>0</ele>
            </trkpt>
            <trkpt lat="45.532683" lon="9.16264">
                <ele>0</ele>
            </trkpt>
            <trkpt lat="45.53265" lon="9.162651">
                <ele>0</ele>
            </trkpt>
            <trkpt lat="45.532606" lon="9.162665">
                <ele>0</ele>
            </trkpt>
            <trkpt lat="45.532544" lon="9.162685">
                <ele>0</ele>
            </trkpt>
            <trkpt lat="45.532496" lon="9.1627">
                <ele>0</ele>
            </trkpt>
            <trkpt lat="45.532341" lon="9.162746">
                <ele>0</ele>
            </trkpt>
            <trkpt lat="45.532305" lon="9.162758">
                <ele>0</ele>
            </trkpt>
            <trkpt lat="45.532267" lon="9.16277">
                <ele>0</ele>
            </trkpt>
            <trkpt lat="45.532164" lon="9.162804">
                <ele>0</ele>
            </trkpt>
            <trkpt lat="45.532103" lon="9.162824">
                <ele>0</ele>
            </trkpt>
            <trkpt lat="45.532052" lon="9.16284">
                <ele>0</ele>
            </trkpt>
            <trkpt lat="45.531985" lon="9.162861">
                <ele>0</ele>
            </trkpt>
            <trkpt lat="45.531938" lon="9.162899">
                <ele>0</ele>
            </trkpt>
            <trkpt lat="45.531772" lon="9.162936">
                <ele>0</ele>
            </trkpt>
            <trkpt lat="45.53151" lon="9.162994">
                <ele>0</ele>
            </trkpt>
            <trkpt lat="45.531298" lon="9.163059">
                <ele>0</ele>
            </trkpt>
            <trkpt lat="45.531038" lon="9.163218">
                <ele>0</ele>
            </trkpt>
            <trkpt lat="45.530813" lon="9.163323">
                <ele>0</ele>
            </trkpt>
            <trkpt lat="45.530631" lon="9.163394">
                <ele>0</ele>
            </trkpt>
            <trkpt lat="45.530537" lon="9.163431">
                <ele>0</ele>
            </trkpt>
            <trkpt lat="45.530157" lon="9.163595">
                <ele>0</ele>
            </trkpt>
            <trkpt lat="45.529944" lon="9.163665">
                <ele>0</ele>
            </trkpt>
            <trkpt lat="45.529796" lon="9.163734">
                <ele>0</ele>
            </trkpt>
            <trkpt lat="45.529639" lon="9.163818">
                <ele>0</ele>
            </trkpt>
            <trkpt lat="45.529363" lon="9.163992">
                <ele>0</ele>
            </trkpt>
            <trkpt lat="45.529224" lon="9.164121">
                <ele>0</ele>
            </trkpt>
            <trkpt lat="45.529084" lon="9.164253">
                <ele>0</ele>
            </trkpt>
            <trkpt lat="45.528793" lon="9.164594">
                <ele>0</ele>
            </trkpt>
            <trkpt lat="45.528418" lon="9.165089">
                <ele>0</ele>
            </trkpt>
            <trkpt lat="45.528274" lon="9.165289">
                <ele>0</ele>
            </trkpt>
            <trkpt lat="45.527941" lon="9.165732">
                <ele>0</ele>
            </trkpt>
            <trkpt lat="45.527526" lon="9.166283">
                <ele>0</ele>
            </trkpt>
            <trkpt lat="45.526888" lon="9.167128">
                <ele>0</ele>
            </trkpt>
            <trkpt lat="45.526199" lon="9.168066">
                <ele>0</ele>
            </trkpt>
            <trkpt lat="45.525244" lon="9.169337">
                <ele>0</ele>
            </trkpt>
            <trkpt lat="45.525008" lon="9.169654">
                <ele>0</ele>
            </trkpt>
            <trkpt lat="45.523954" lon="9.171063">
                <ele>0</ele>
            </trkpt>
            <trkpt lat="45.523204" lon="9.172045">
                <ele>0</ele>
            </trkpt>
            <trkpt lat="45.52281" lon="9.172562">
                <ele>0</ele>
            </trkpt>
            <trkpt lat="45.522806" lon="9.172568">
                <ele>0</ele>
            </trkpt>
            <trkpt lat="45.522181" lon="9.173398">
                <ele>0</ele>
            </trkpt>
            <trkpt lat="45.522166" lon="9.173418">
                <ele>0</ele>
            </trkpt>
            <trkpt lat="45.522037" lon="9.173589">
                <ele>0</ele>
            </trkpt>
            <trkpt lat="45.522007" lon="9.173629">
                <ele>0</ele>
            </trkpt>
            <trkpt lat="45.521931" lon="9.173733">
                <ele>0</ele>
            </trkpt>
            <trkpt lat="45.521825" lon="9.173881">
                <ele>0</ele>
            </trkpt>
            <trkpt lat="45.52172" lon="9.174035">
                <ele>0</ele>
            </trkpt>
            <trkpt lat="45.521617" lon="9.174192">
                <ele>0</ele>
            </trkpt>
            <trkpt lat="45.521515" lon="9.174348">
                <ele>0</ele>
            </trkpt>
            <trkpt lat="45.521412" lon="9.174505">
                <ele>0</ele>
            </trkpt>
            <trkpt lat="45.521385" lon="9.174547">
                <ele>0</ele>
            </trkpt>
            <trkpt lat="45.521299" lon="9.174679">
                <ele>0</ele>
            </trkpt>
            <trkpt lat="45.521204" lon="9.174822">
                <ele>0</ele>
            </trkpt>
            <trkpt lat="45.521101" lon="9.174976">
                <ele>0</ele>
            </trkpt>
            <trkpt lat="45.520998" lon="9.175133">
                <ele>0</ele>
            </trkpt>
            <trkpt lat="45.520895" lon="9.175292">
                <ele>0</ele>
            </trkpt>
            <trkpt lat="45.520568" lon="9.175755">
                <ele>0</ele>
            </trkpt>
            <trkpt lat="45.520123" lon="9.176431">
                <ele>0</ele>
            </trkpt>
            <trkpt lat="45.519869" lon="9.176744">
                <ele>0</ele>
            </trkpt>
            <trkpt lat="45.519617" lon="9.177017">
                <ele>0</ele>
            </trkpt>
            <trkpt lat="45.519343" lon="9.177264">
                <ele>0</ele>
            </trkpt>
            <trkpt lat="45.519245" lon="9.177339">
                <ele>0</ele>
            </trkpt>
            <trkpt lat="45.519234" lon="9.177348">
                <ele>0</ele>
            </trkpt>
            <trkpt lat="45.519232" lon="9.177349">
                <ele>0</ele>
            </trkpt>
            <trkpt lat="45.519228" lon="9.177352">
                <ele>0</ele>
            </trkpt>
            <trkpt lat="45.51909" lon="9.177457">
                <ele>0</ele>
            </trkpt>
            <trkpt lat="45.518987" lon="9.17753">
                <ele>0</ele>
            </trkpt>
            <trkpt lat="45.518805" lon="9.177656">
                <ele>0</ele>
            </trkpt>
            <trkpt lat="45.518452" lon="9.177849">
                <ele>0</ele>
            </trkpt>
            <trkpt lat="45.517986" lon="9.178042">
                <ele>0</ele>
            </trkpt>
            <trkpt lat="45.517253" lon="9.178281">
                <ele>0</ele>
            </trkpt>
            <trkpt lat="45.517013" lon="9.178359">
                <ele>0</ele>
            </trkpt>
            <trkpt lat="45.516841" lon="9.178409">
                <ele>0</ele>
            </trkpt>
            <trkpt lat="45.516587" lon="9.178493">
                <ele>0</ele>
            </trkpt>
            <trkpt lat="45.516525" lon="9.178513">
                <ele>0</ele>
            </trkpt>
            <trkpt lat="45.516445" lon="9.178536">
                <ele>0</ele>
            </trkpt>
            <trkpt lat="45.516354" lon="9.178564">
                <ele>0</ele>
            </trkpt>
            <trkpt lat="45.516115" lon="9.178624">
                <ele>0</ele>
            </trkpt>
            <trkpt lat="45.515567" lon="9.178808">
                <ele>0</ele>
            </trkpt>
            <trkpt lat="45.514861" lon="9.179016">
                <ele>0</ele>
            </trkpt>
            <trkpt lat="45.514124" lon="9.179233">
                <ele>0</ele>
            </trkpt>
            <trkpt lat="45.514072" lon="9.179248">
                <ele>0</ele>
            </trkpt>
            <trkpt lat="45.513967" lon="9.179279">
                <ele>0</ele>
            </trkpt>
            <trkpt lat="45.513772" lon="9.179338">
                <ele>0</ele>
            </trkpt>
            <trkpt lat="45.512802" lon="9.179667">
                <ele>0</ele>
            </trkpt>
            <trkpt lat="45.512284" lon="9.179838">
                <ele>0</ele>
            </trkpt>
            <trkpt lat="45.511943" lon="9.179935">
                <ele>0</ele>
            </trkpt>
            <trkpt lat="45.509617" lon="9.180609">
                <ele>0</ele>
            </trkpt>
            <trkpt lat="45.508864" lon="9.180824">
                <ele>0</ele>
            </trkpt>
            <trkpt lat="45.508639" lon="9.180897">
                <ele>0</ele>
            </trkpt>
            <trkpt lat="45.508463" lon="9.180964">
                <ele>0</ele>
            </trkpt>
            <trkpt lat="45.508322" lon="9.181031">
                <ele>0</ele>
            </trkpt>
            <trkpt lat="45.508166" lon="9.181121">
                <ele>0</ele>
            </trkpt>
            <trkpt lat="45.508027" lon="9.181215">
                <ele>0</ele>
            </trkpt>
            <trkpt lat="45.507902" lon="9.181314">
                <ele>0</ele>
            </trkpt>
            <trkpt lat="45.507726" lon="9.181474">
                <ele>0</ele>
            </trkpt>
            <trkpt lat="45.507587" lon="9.181578">
                <ele>0</ele>
            </trkpt>
            <trkpt lat="45.507463" lon="9.181688">
                <ele>0</ele>
            </trkpt>
            <trkpt lat="45.507342" lon="9.181816">
                <ele>0</ele>
            </trkpt>
            <trkpt lat="45.507063" lon="9.182118">
                <ele>0</ele>
            </trkpt>
            <trkpt lat="45.506929" lon="9.182239">
                <ele>0</ele>
            </trkpt>
            <trkpt lat="45.506726" lon="9.182401">
                <ele>0</ele>
            </trkpt>
            <trkpt lat="45.506608" lon="9.182513">
                <ele>0</ele>
            </trkpt>
            <trkpt lat="45.50647" lon="9.182647">
                <ele>0</ele>
            </trkpt>
            <trkpt lat="45.506315" lon="9.182786">
                <ele>0</ele>
            </trkpt>
            <trkpt lat="45.506176" lon="9.182902">
                <ele>0</ele>
            </trkpt>
            <trkpt lat="45.506089" lon="9.182986">
                <ele>0</ele>
            </trkpt>
            <trkpt lat="45.50601" lon="9.183078">
                <ele>0</ele>
            </trkpt>
            <trkpt lat="45.505624" lon="9.183502">
                <ele>0</ele>
            </trkpt>
            <trkpt lat="45.505471" lon="9.183654">
                <ele>0</ele>
            </trkpt>
            <trkpt lat="45.505149" lon="9.183993">
                <ele>0</ele>
            </trkpt>
            <trkpt lat="45.504829" lon="9.184303">
                <ele>0</ele>
            </trkpt>
            <trkpt lat="45.504548" lon="9.184366">
                <ele>0</ele>
            </trkpt>
            <trkpt lat="45.504484" lon="9.184387">
                <ele>0</ele>
            </trkpt>
            <trkpt lat="45.504411" lon="9.184422">
                <ele>0</ele>
            </trkpt>
            <trkpt lat="45.504345" lon="9.184467">
                <ele>0</ele>
            </trkpt>
            <trkpt lat="45.504169" lon="9.18465">
                <ele>0</ele>
            </trkpt>
            <trkpt lat="45.504" lon="9.184817">
                <ele>0</ele>
            </trkpt>
            <trkpt lat="45.503947" lon="9.184861">
                <ele>0</ele>
            </trkpt>
            <trkpt lat="45.503897" lon="9.184884">
                <ele>0</ele>
            </trkpt>
            <trkpt lat="45.503779" lon="9.184915">
                <ele>0</ele>
            </trkpt>
            <trkpt lat="45.503536" lon="9.184905">
                <ele>0</ele>
            </trkpt>
            <trkpt lat="45.503265" lon="9.184894">
                <ele>0</ele>
            </trkpt>
            <trkpt lat="45.503048" lon="9.18494">
                <ele>0</ele>
            </trkpt>
            <trkpt lat="45.503041" lon="9.184942">
                <ele>0</ele>
            </trkpt>
            <trkpt lat="45.502941" lon="9.184969">
                <ele>0</ele>
            </trkpt>
            <trkpt lat="45.502847" lon="9.184995">
                <ele>0</ele>
            </trkpt>
            <trkpt lat="45.501873" lon="9.185272">
                <ele>0</ele>
            </trkpt>
            <trkpt lat="45.501786" lon="9.185297">
                <ele>0</ele>
            </trkpt>
            <trkpt lat="45.501666" lon="9.185332">
                <ele>0</ele>
            </trkpt>
            <trkpt lat="45.501174" lon="9.185475">
                <ele>0</ele>
            </trkpt>
            <trkpt lat="45.50108" lon="9.185501">
                <ele>0</ele>
            </trkpt>
            <trkpt lat="45.500978" lon="9.185532">
                <ele>0</ele>
            </trkpt>
            <trkpt lat="45.500173" lon="9.18577">
                <ele>0</ele>
            </trkpt>
            <trkpt lat="45.500103" lon="9.185792">
                <ele>0</ele>
            </trkpt>
            <trkpt lat="45.499087" lon="9.186075">
                <ele>0</ele>
            </trkpt>
            <trkpt lat="45.499037" lon="9.186089">
                <ele>0</ele>
            </trkpt>
            <trkpt lat="45.499022" lon="9.186092">
                <ele>0</ele>
            </trkpt>
            <trkpt lat="45.498344" lon="9.186249">
                <ele>0</ele>
            </trkpt>
            <trkpt lat="45.498317" lon="9.186262">
                <ele>0</ele>
            </trkpt>
            <trkpt lat="45.498257" lon="9.186267">
                <ele>0</ele>
            </trkpt>
            <trkpt lat="45.498242" lon="9.186268">
                <ele>0</ele>
            </trkpt>
            <trkpt lat="45.498226" lon="9.186269">
                <ele>0</ele>
            </trkpt>
            <trkpt lat="45.498179" lon="9.186273">
                <ele>0</ele>
            </trkpt>
            <trkpt lat="45.49815" lon="9.186278">
                <ele>0</ele>
            </trkpt>
            <trkpt lat="45.498121" lon="9.186286">
                <ele>0</ele>
            </trkpt>
            <trkpt lat="45.498092" lon="9.186294">
                <ele>0</ele>
            </trkpt>
            <trkpt lat="45.49776" lon="9.186388">
                <ele>0</ele>
            </trkpt>
            <trkpt lat="45.497731" lon="9.186397">
                <ele>0</ele>
            </trkpt>
            <trkpt lat="45.497619" lon="9.186431">
                <ele>0</ele>
            </trkpt>
            <trkpt lat="45.497603" lon="9.186262">
                <ele>0</ele>
            </trkpt>
            <trkpt lat="45.497544" lon="9.185366">
                <ele>0</ele>
            </trkpt>
            <trkpt lat="45.497535" lon="9.185254">
                <ele>0</ele>
            </trkpt>
            <trkpt lat="45.497529" lon="9.185193">
                <ele>0</ele>
            </trkpt>
            <trkpt lat="45.497527" lon="9.185166">
                <ele>0</ele>
            </trkpt>
            <trkpt lat="45.497526" lon="9.185141">
                <ele>0</ele>
            </trkpt>
            <trkpt lat="45.497524" lon="9.185114">
                <ele>0</ele>
            </trkpt>
            <trkpt lat="45.497523" lon="9.185095">
                <ele>0</ele>
            </trkpt>
            <trkpt lat="45.497519" lon="9.185032">
                <ele>0</ele>
            </trkpt>
            <trkpt lat="45.497512" lon="9.184933">
                <ele>0</ele>
            </trkpt>
            <trkpt lat="45.497488" lon="9.184519">
                <ele>0</ele>
            </trkpt>
            <trkpt lat="45.497479" lon="9.184349">
                <ele>0</ele>
            </trkpt>
            <trkpt lat="45.497472" lon="9.184211">
                <ele>0</ele>
            </trkpt>
            <trkpt lat="45.497463" lon="9.184058">
                <ele>0</ele>
            </trkpt>
            <trkpt lat="45.49746" lon="9.184013">
                <ele>0</ele>
            </trkpt>
            <trkpt lat="45.497424" lon="9.183394">
                <ele>0</ele>
            </trkpt>
            <trkpt lat="45.497403" lon="9.183031">
                <ele>0</ele>
            </trkpt>
            <trkpt lat="45.497343" lon="9.182011">
                <ele>0</ele>
            </trkpt>
            <trkpt lat="45.49734" lon="9.181962">
                <ele>0</ele>
            </trkpt>
            <trkpt lat="45.497332" lon="9.181829">
                <ele>0</ele>
            </trkpt>
            <trkpt lat="45.497326" lon="9.181716">
                <ele>0</ele>
            </trkpt>
            <trkpt lat="45.49728" lon="9.180935">
                <ele>0</ele>
            </trkpt>
            <trkpt lat="45.497236" lon="9.180192">
                <ele>0</ele>
            </trkpt>
            <trkpt lat="45.497231" lon="9.180097">
                <ele>0</ele>
            </trkpt>
            <trkpt lat="45.49721" lon="9.179742">
                <ele>0</ele>
            </trkpt>
            <trkpt lat="45.497186" lon="9.179332">
                <ele>0</ele>
            </trkpt>
            <trkpt lat="45.497182" lon="9.179257">
                <ele>0</ele>
            </trkpt>
            <trkpt lat="45.497175" lon="9.179144">
                <ele>0</ele>
            </trkpt>
            <trkpt lat="45.497163" lon="9.178941">
                <ele>0</ele>
            </trkpt>
            <trkpt lat="45.49715" lon="9.178721">
                <ele>0</ele>
            </trkpt>
            <trkpt lat="45.497008" lon="9.178751">
                <ele>0</ele>
            </trkpt>
            <trkpt lat="45.496944" lon="9.178797">
                <ele>0</ele>
            </trkpt>
            <trkpt lat="45.496928" lon="9.178808">
                <ele>0</ele>
            </trkpt>
            <trkpt lat="45.496945" lon="9.179099">
                <ele>0</ele>
            </trkpt>
            <trkpt lat="45.496953" lon="9.179239">
                <ele>0</ele>
            </trkpt>
            <trkpt lat="45.496959" lon="9.179351">
                <ele>0</ele>
            </trkpt>
            <trkpt lat="45.496974" lon="9.179578">
                <ele>0</ele>
            </trkpt>
            <trkpt lat="45.497013" lon="9.180219">
                <ele>0</ele>
            </trkpt>
        </trkseg>
    </trk>
</gpx>