<?xml version="1.0"?>
<gpx version="1.1" creator="GDAL 3.6.3" xmlns:xsi="http://www.w3.org/2001/XMLSchema-instance" xmlns:ogr="http://osgeo.org/gdal" xmlns="http://www.topografix.com/GPX/1/1" xsi:schemaLocation="http://www.topografix.com/GPX/1/1 http://www.topografix.com/GPX/1/1/gpx.xsd">
<metadata><bounds minlat="45.381650000000000" minlon="8.791850000000000" maxlat="46.147440000000003" maxlon="9.676909999999999"/></metadata>                    
<trk>
  <name>Indicazioni stradali da Gallarate, VA a Gallarate, VA</name>
  <trkseg>
    <trkpt lat="45.66235" lon="8.79214">
        <ele>0.0</ele>
    </trkpt>
    <trkpt lat="45.66235" lon="8.79216">
        <ele>0.0</ele>
    </trkpt>
    <trkpt lat="45.66236" lon="8.79219">
        <ele>0.0</ele>
    </trkpt>
    <trkpt lat="45.66236" lon="8.79221">
        <ele>0.0</ele>
    </trkpt>
    <trkpt lat="45.66237" lon="8.79224">
        <ele>0.0</ele>
    </trkpt>
    <trkpt lat="45.66237" lon="8.79226">
        <ele>0.0</ele>
    </trkpt>
    <trkpt lat="45.6624" lon="8.79233">
        <ele>0.0</ele>
    </trkpt>
    <trkpt lat="45.66241" lon="8.79234">
        <ele>0.0</ele>
    </trkpt>
    <trkpt lat="45.66242" lon="8.79236">
        <ele>0.0</ele>
    </trkpt>
    <trkpt lat="45.66244" lon="8.79238">
        <ele>0.0</ele>
    </trkpt>
    <trkpt lat="45.66245" lon="8.7924">
        <ele>0.0</ele>
    </trkpt>
    <trkpt lat="45.66248" lon="8.79243">
        <ele>0.0</ele>
    </trkpt>
    <trkpt lat="45.66251" lon="8.79245">
        <ele>0.0</ele>
    </trkpt>
    <trkpt lat="45.66255" lon="8.79247">
        <ele>0.0</ele>
    </trkpt>
    <trkpt lat="45.66262" lon="8.79247">
        <ele>0.0</ele>
    </trkpt>
    <trkpt lat="45.66264" lon="8.79246">
        <ele>0.0</ele>
    </trkpt>
    <trkpt lat="45.66274" lon="8.79268">
        <ele>0.0</ele>
    </trkpt>
    <trkpt lat="45.66275" lon="8.79269">
        <ele>0.0</ele>
    </trkpt>
    <trkpt lat="45.66276" lon="8.79272">
        <ele>0.0</ele>
    </trkpt>
    <trkpt lat="45.66279" lon="8.79278">
        <ele>0.0</ele>
    </trkpt>
    <trkpt lat="45.66283" lon="8.79299">
        <ele>0.0</ele>
    </trkpt>
    <trkpt lat="45.66347" lon="8.7935">
        <ele>0.0</ele>
    </trkpt>
    <trkpt lat="45.6637" lon="8.79377">
        <ele>0.0</ele>
    </trkpt>
    <trkpt lat="45.66376" lon="8.79389">
        <ele>0.0</ele>
    </trkpt>
    <trkpt lat="45.66377" lon="8.79392">
        <ele>0.0</ele>
    </trkpt>
    <trkpt lat="45.6638" lon="8.79407">
        <ele>0.0</ele>
    </trkpt>
    <trkpt lat="45.66378" lon="8.79407">
        <ele>0.0</ele>
    </trkpt>
    <trkpt lat="45.66378" lon="8.79408">
        <ele>0.0</ele>
    </trkpt>
    <trkpt lat="45.66377" lon="8.79408">
        <ele>0.0</ele>
    </trkpt>
    <trkpt lat="45.66375" lon="8.7941">
        <ele>0.0</ele>
    </trkpt>
    <trkpt lat="45.66375" lon="8.79411">
        <ele>0.0</ele>
    </trkpt>
    <trkpt lat="45.66374" lon="8.79411">
        <ele>0.0</ele>
    </trkpt>
    <trkpt lat="45.66374" lon="8.79414">
        <ele>0.0</ele>
    </trkpt>
    <trkpt lat="45.66373" lon="8.79415">
        <ele>0.0</ele>
    </trkpt>
    <trkpt lat="45.66373" lon="8.79421">
        <ele>0.0</ele>
    </trkpt>
    <trkpt lat="45.66374" lon="8.79421">
        <ele>0.0</ele>
    </trkpt>
    <trkpt lat="45.66374" lon="8.79424">
        <ele>0.0</ele>
    </trkpt>
    <trkpt lat="45.66375" lon="8.79424">
        <ele>0.0</ele>
    </trkpt>
    <trkpt lat="45.66375" lon="8.79426">
        <ele>0.0</ele>
    </trkpt>
    <trkpt lat="45.66376" lon="8.79426">
        <ele>0.0</ele>
    </trkpt>
    <trkpt lat="45.66376" lon="8.79427">
        <ele>0.0</ele>
    </trkpt>
    <trkpt lat="45.66377" lon="8.79427">
        <ele>0.0</ele>
    </trkpt>
    <trkpt lat="45.66378" lon="8.79428">
        <ele>0.0</ele>
    </trkpt>
    <trkpt lat="45.66379" lon="8.79428">
        <ele>0.0</ele>
    </trkpt>
    <trkpt lat="45.6638" lon="8.79429">
        <ele>0.0</ele>
    </trkpt>
    <trkpt lat="45.66382" lon="8.79429">
        <ele>0.0</ele>
    </trkpt>
    <trkpt lat="45.66382" lon="8.79428">
        <ele>0.0</ele>
    </trkpt>
    <trkpt lat="45.66384" lon="8.79428">
        <ele>0.0</ele>
    </trkpt>
    <trkpt lat="45.66384" lon="8.79427">
        <ele>0.0</ele>
    </trkpt>
    <trkpt lat="45.66385" lon="8.79427">
        <ele>0.0</ele>
    </trkpt>
    <trkpt lat="45.66394" lon="8.79438">
        <ele>0.0</ele>
    </trkpt>
    <trkpt lat="45.66396" lon="8.79442">
        <ele>0.0</ele>
    </trkpt>
    <trkpt lat="45.6641" lon="8.79493">
        <ele>0.0</ele>
    </trkpt>
    <trkpt lat="45.66423" lon="8.79525">
        <ele>0.0</ele>
    </trkpt>
    <trkpt lat="45.66423" lon="8.79526">
        <ele>0.0</ele>
    </trkpt>
    <trkpt lat="45.66422" lon="8.79527">
        <ele>0.0</ele>
    </trkpt>
    <trkpt lat="45.66422" lon="8.79534">
        <ele>0.0</ele>
    </trkpt>
    <trkpt lat="45.66423" lon="8.79534">
        <ele>0.0</ele>
    </trkpt>
    <trkpt lat="45.66423" lon="8.79536">
        <ele>0.0</ele>
    </trkpt>
    <trkpt lat="45.66424" lon="8.79537">
        <ele>0.0</ele>
    </trkpt>
    <trkpt lat="45.66424" lon="8.79538">
        <ele>0.0</ele>
    </trkpt>
    <trkpt lat="45.66425" lon="8.79538">
        <ele>0.0</ele>
    </trkpt>
    <trkpt lat="45.66425" lon="8.79539">
        <ele>0.0</ele>
    </trkpt>
    <trkpt lat="45.66427" lon="8.79539">
        <ele>0.0</ele>
    </trkpt>
    <trkpt lat="45.66427" lon="8.7954">
        <ele>0.0</ele>
    </trkpt>
    <trkpt lat="45.6643" lon="8.7954">
        <ele>0.0</ele>
    </trkpt>
    <trkpt lat="45.6643" lon="8.79539">
        <ele>0.0</ele>
    </trkpt>
    <trkpt lat="45.6645" lon="8.79565">
        <ele>0.0</ele>
    </trkpt>
    <trkpt lat="45.66502" lon="8.7962">
        <ele>0.0</ele>
    </trkpt>
    <trkpt lat="45.66515" lon="8.79635">
        <ele>0.0</ele>
    </trkpt>
    <trkpt lat="45.66574" lon="8.79697">
        <ele>0.0</ele>
    </trkpt>
    <trkpt lat="45.66589" lon="8.79697">
        <ele>0.0</ele>
    </trkpt>
    <trkpt lat="45.66606" lon="8.79677">
        <ele>0.0</ele>
    </trkpt>
    <trkpt lat="45.66607" lon="8.79678">
        <ele>0.0</ele>
    </trkpt>
    <trkpt lat="45.66613" lon="8.79678">
        <ele>0.0</ele>
    </trkpt>
    <trkpt lat="45.66625" lon="8.79696">
        <ele>0.0</ele>
    </trkpt>
    <trkpt lat="45.66629" lon="8.79701">
        <ele>0.0</ele>
    </trkpt>
    <trkpt lat="45.66638" lon="8.79718">
        <ele>0.0</ele>
    </trkpt>
    <trkpt lat="45.66639" lon="8.79719">
        <ele>0.0</ele>
    </trkpt>
    <trkpt lat="45.66653" lon="8.79751">
        <ele>0.0</ele>
    </trkpt>
    <trkpt lat="45.6667" lon="8.79796">
        <ele>0.0</ele>
    </trkpt>
    <trkpt lat="45.66673" lon="8.79812">
        <ele>0.0</ele>
    </trkpt>
    <trkpt lat="45.66672" lon="8.79828">
        <ele>0.0</ele>
    </trkpt>
    <trkpt lat="45.6667" lon="8.79838">
        <ele>0.0</ele>
    </trkpt>
    <trkpt lat="45.66664" lon="8.79857">
        <ele>0.0</ele>
    </trkpt>
    <trkpt lat="45.66661" lon="8.79861">
        <ele>0.0</ele>
    </trkpt>
    <trkpt lat="45.66658" lon="8.79867">
        <ele>0.0</ele>
    </trkpt>
    <trkpt lat="45.66651" lon="8.79877">
        <ele>0.0</ele>
    </trkpt>
    <trkpt lat="45.66645" lon="8.79884">
        <ele>0.0</ele>
    </trkpt>
    <trkpt lat="45.66634" lon="8.79894">
        <ele>0.0</ele>
    </trkpt>
    <trkpt lat="45.66622" lon="8.79901">
        <ele>0.0</ele>
    </trkpt>
    <trkpt lat="45.66572" lon="8.79924">
        <ele>0.0</ele>
    </trkpt>
    <trkpt lat="45.66545" lon="8.79941">
        <ele>0.0</ele>
    </trkpt>
    <trkpt lat="45.66525" lon="8.79955">
        <ele>0.0</ele>
    </trkpt>
    <trkpt lat="45.66524" lon="8.79956">
        <ele>0.0</ele>
    </trkpt>
    <trkpt lat="45.66521" lon="8.79966">
        <ele>0.0</ele>
    </trkpt>
    <trkpt lat="45.66471" lon="8.80004">
        <ele>0.0</ele>
    </trkpt>
    <trkpt lat="45.66456" lon="8.80018">
        <ele>0.0</ele>
    </trkpt>
    <trkpt lat="45.66452" lon="8.80021">
        <ele>0.0</ele>
    </trkpt>
    <trkpt lat="45.66429" lon="8.80046">
        <ele>0.0</ele>
    </trkpt>
    <trkpt lat="45.66425" lon="8.80052">
        <ele>0.0</ele>
    </trkpt>
    <trkpt lat="45.6642" lon="8.80057">
        <ele>0.0</ele>
    </trkpt>
    <trkpt lat="45.66393" lon="8.8009">
        <ele>0.0</ele>
    </trkpt>
    <trkpt lat="45.66376" lon="8.80113">
        <ele>0.0</ele>
    </trkpt>
    <trkpt lat="45.66375" lon="8.80114">
        <ele>0.0</ele>
    </trkpt>
    <trkpt lat="45.66359" lon="8.80137">
        <ele>0.0</ele>
    </trkpt>
    <trkpt lat="45.66351" lon="8.80147">
        <ele>0.0</ele>
    </trkpt>
    <trkpt lat="45.66337" lon="8.80167">
        <ele>0.0</ele>
    </trkpt>
    <trkpt lat="45.6633" lon="8.80179">
        <ele>0.0</ele>
    </trkpt>
    <trkpt lat="45.66323" lon="8.80189">
        <ele>0.0</ele>
    </trkpt>
    <trkpt lat="45.66317" lon="8.802">
        <ele>0.0</ele>
    </trkpt>
    <trkpt lat="45.6631" lon="8.80211">
        <ele>0.0</ele>
    </trkpt>
    <trkpt lat="45.66282" lon="8.80261">
        <ele>0.0</ele>
    </trkpt>
    <trkpt lat="45.66277" lon="8.80272">
        <ele>0.0</ele>
    </trkpt>
    <trkpt lat="45.66268" lon="8.80288">
        <ele>0.0</ele>
    </trkpt>
    <trkpt lat="45.66245" lon="8.80336">
        <ele>0.0</ele>
    </trkpt>
    <trkpt lat="45.6624" lon="8.80348">
        <ele>0.0</ele>
    </trkpt>
    <trkpt lat="45.66234" lon="8.8036">
        <ele>0.0</ele>
    </trkpt>
    <trkpt lat="45.66209" lon="8.8042">
        <ele>0.0</ele>
    </trkpt>
    <trkpt lat="45.66163" lon="8.8054">
        <ele>0.0</ele>
    </trkpt>
    <trkpt lat="45.65973" lon="8.81004">
        <ele>0.0</ele>
    </trkpt>
    <trkpt lat="45.65886" lon="8.81208">
        <ele>0.0</ele>
    </trkpt>
    <trkpt lat="45.65857" lon="8.81282">
        <ele>0.0</ele>
    </trkpt>
    <trkpt lat="45.65335" lon="8.82527">
        <ele>0.0</ele>
    </trkpt>
    <trkpt lat="45.65328" lon="8.82541">
        <ele>0.0</ele>
    </trkpt>
    <trkpt lat="45.64517" lon="8.8448">
        <ele>0.0</ele>
    </trkpt>
    <trkpt lat="45.64502" lon="8.84519">
        <ele>0.0</ele>
    </trkpt>
    <trkpt lat="45.64486" lon="8.84553">
        <ele>0.0</ele>
    </trkpt>
    <trkpt lat="45.64447" lon="8.8465">
        <ele>0.0</ele>
    </trkpt>
    <trkpt lat="45.64438" lon="8.84669">
        <ele>0.0</ele>
    </trkpt>
    <trkpt lat="45.64436" lon="8.84676">
        <ele>0.0</ele>
    </trkpt>
    <trkpt lat="45.64217" lon="8.85195">
        <ele>0.0</ele>
    </trkpt>
    <trkpt lat="45.64212" lon="8.85209">
        <ele>0.0</ele>
    </trkpt>
    <trkpt lat="45.64146" lon="8.8536">
        <ele>0.0</ele>
    </trkpt>
    <trkpt lat="45.63965" lon="8.85797">
        <ele>0.0</ele>
    </trkpt>
    <trkpt lat="45.63939" lon="8.85854">
        <ele>0.0</ele>
    </trkpt>
    <trkpt lat="45.63371" lon="8.87211">
        <ele>0.0</ele>
    </trkpt>
    <trkpt lat="45.63368" lon="8.8722">
        <ele>0.0</ele>
    </trkpt>
    <trkpt lat="45.63042" lon="8.87993">
        <ele>0.0</ele>
    </trkpt>
    <trkpt lat="45.63042" lon="8.87994">
        <ele>0.0</ele>
    </trkpt>
    <trkpt lat="45.62949" lon="8.88213">
        <ele>0.0</ele>
    </trkpt>
    <trkpt lat="45.62943" lon="8.88225">
        <ele>0.0</ele>
    </trkpt>
    <trkpt lat="45.62784" lon="8.88609">
        <ele>0.0</ele>
    </trkpt>
    <trkpt lat="45.62769" lon="8.88649">
        <ele>0.0</ele>
    </trkpt>
    <trkpt lat="45.62709" lon="8.8879">
        <ele>0.0</ele>
    </trkpt>
    <trkpt lat="45.62707" lon="8.88796">
        <ele>0.0</ele>
    </trkpt>
    <trkpt lat="45.62595" lon="8.89053">
        <ele>0.0</ele>
    </trkpt>
    <trkpt lat="45.62137" lon="8.90149">
        <ele>0.0</ele>
    </trkpt>
    <trkpt lat="45.62137" lon="8.9015">
        <ele>0.0</ele>
    </trkpt>
    <trkpt lat="45.61993" lon="8.90489">
        <ele>0.0</ele>
    </trkpt>
    <trkpt lat="45.61977" lon="8.9053">
        <ele>0.0</ele>
    </trkpt>
    <trkpt lat="45.6195" lon="8.9059">
        <ele>0.0</ele>
    </trkpt>
    <trkpt lat="45.6195" lon="8.90591">
        <ele>0.0</ele>
    </trkpt>
    <trkpt lat="45.61729" lon="8.9112">
        <ele>0.0</ele>
    </trkpt>
    <trkpt lat="45.61722" lon="8.91134">
        <ele>0.0</ele>
    </trkpt>
    <trkpt lat="45.61607" lon="8.91413">
        <ele>0.0</ele>
    </trkpt>
    <trkpt lat="45.61599" lon="8.9143">
        <ele>0.0</ele>
    </trkpt>
    <trkpt lat="45.61402" lon="8.91903">
        <ele>0.0</ele>
    </trkpt>
    <trkpt lat="45.61393" lon="8.91922">
        <ele>0.0</ele>
    </trkpt>
    <trkpt lat="45.61342" lon="8.92044">
        <ele>0.0</ele>
    </trkpt>
    <trkpt lat="45.61329" lon="8.92072">
        <ele>0.0</ele>
    </trkpt>
    <trkpt lat="45.61051" lon="8.92739">
        <ele>0.0</ele>
    </trkpt>
    <trkpt lat="45.60984" lon="8.92893">
        <ele>0.0</ele>
    </trkpt>
    <trkpt lat="45.60982" lon="8.92899">
        <ele>0.0</ele>
    </trkpt>
    <trkpt lat="45.60798" lon="8.93339">
        <ele>0.0</ele>
    </trkpt>
    <trkpt lat="45.60768" lon="8.93405">
        <ele>0.0</ele>
    </trkpt>
    <trkpt lat="45.60559" lon="8.93902">
        <ele>0.0</ele>
    </trkpt>
    <trkpt lat="45.60555" lon="8.9391">
        <ele>0.0</ele>
    </trkpt>
    <trkpt lat="45.6051" lon="8.94017">
        <ele>0.0</ele>
    </trkpt>
    <trkpt lat="45.60507" lon="8.94022">
        <ele>0.0</ele>
    </trkpt>
    <trkpt lat="45.60503" lon="8.94035">
        <ele>0.0</ele>
    </trkpt>
    <trkpt lat="45.60499" lon="8.94044">
        <ele>0.0</ele>
    </trkpt>
    <trkpt lat="45.60491" lon="8.94066">
        <ele>0.0</ele>
    </trkpt>
    <trkpt lat="45.60479" lon="8.94092">
        <ele>0.0</ele>
    </trkpt>
    <trkpt lat="45.60081" lon="8.95044">
        <ele>0.0</ele>
    </trkpt>
    <trkpt lat="45.60081" lon="8.95047">
        <ele>0.0</ele>
    </trkpt>
    <trkpt lat="45.59971" lon="8.95303">
        <ele>0.0</ele>
    </trkpt>
    <trkpt lat="45.59968" lon="8.95312">
        <ele>0.0</ele>
    </trkpt>
    <trkpt lat="45.59964" lon="8.9532">
        <ele>0.0</ele>
    </trkpt>
    <trkpt lat="45.59771" lon="8.95781">
        <ele>0.0</ele>
    </trkpt>
    <trkpt lat="45.5977" lon="8.95782">
        <ele>0.0</ele>
    </trkpt>
    <trkpt lat="45.58602" lon="8.98558">
        <ele>0.0</ele>
    </trkpt>
    <trkpt lat="45.58599" lon="8.98567">
        <ele>0.0</ele>
    </trkpt>
    <trkpt lat="45.58154" lon="8.99625">
        <ele>0.0</ele>
    </trkpt>
    <trkpt lat="45.58153" lon="8.99626">
        <ele>0.0</ele>
    </trkpt>
    <trkpt lat="45.58145" lon="8.99647">
        <ele>0.0</ele>
    </trkpt>
    <trkpt lat="45.58144" lon="8.99648">
        <ele>0.0</ele>
    </trkpt>
    <trkpt lat="45.57956" lon="9.00092">
        <ele>0.0</ele>
    </trkpt>
    <trkpt lat="45.57954" lon="9.00098">
        <ele>0.0</ele>
    </trkpt>
    <trkpt lat="45.57913" lon="9.00191">
        <ele>0.0</ele>
    </trkpt>
    <trkpt lat="45.57843" lon="9.00336">
        <ele>0.0</ele>
    </trkpt>
    <trkpt lat="45.5783" lon="9.00359">
        <ele>0.0</ele>
    </trkpt>
    <trkpt lat="45.57824" lon="9.00373">
        <ele>0.0</ele>
    </trkpt>
    <trkpt lat="45.57553" lon="9.00881">
        <ele>0.0</ele>
    </trkpt>
    <trkpt lat="45.57478" lon="9.01015">
        <ele>0.0</ele>
    </trkpt>
    <trkpt lat="45.57336" lon="9.0128">
        <ele>0.0</ele>
    </trkpt>
    <trkpt lat="45.5724" lon="9.01471">
        <ele>0.0</ele>
    </trkpt>
    <trkpt lat="45.57079" lon="9.01772">
        <ele>0.0</ele>
    </trkpt>
    <trkpt lat="45.5706" lon="9.01803">
        <ele>0.0</ele>
    </trkpt>
    <trkpt lat="45.56976" lon="9.01954">
        <ele>0.0</ele>
    </trkpt>
    <trkpt lat="45.56959" lon="9.01981">
        <ele>0.0</ele>
    </trkpt>
    <trkpt lat="45.56788" lon="9.023">
        <ele>0.0</ele>
    </trkpt>
    <trkpt lat="45.56781" lon="9.02315">
        <ele>0.0</ele>
    </trkpt>
    <trkpt lat="45.56632" lon="9.0259">
        <ele>0.0</ele>
    </trkpt>
    <trkpt lat="45.56607" lon="9.02639">
        <ele>0.0</ele>
    </trkpt>
    <trkpt lat="45.56601" lon="9.02649">
        <ele>0.0</ele>
    </trkpt>
    <trkpt lat="45.56439" lon="9.02969">
        <ele>0.0</ele>
    </trkpt>
    <trkpt lat="45.56339" lon="9.03152">
        <ele>0.0</ele>
    </trkpt>
    <trkpt lat="45.56259" lon="9.03307">
        <ele>0.0</ele>
    </trkpt>
    <trkpt lat="45.56234" lon="9.03352">
        <ele>0.0</ele>
    </trkpt>
    <trkpt lat="45.56231" lon="9.03359">
        <ele>0.0</ele>
    </trkpt>
    <trkpt lat="45.56091" lon="9.03623">
        <ele>0.0</ele>
    </trkpt>
    <trkpt lat="45.56081" lon="9.03639">
        <ele>0.0</ele>
    </trkpt>
    <trkpt lat="45.56048" lon="9.03699">
        <ele>0.0</ele>
    </trkpt>
    <trkpt lat="45.56048" lon="9.037">
        <ele>0.0</ele>
    </trkpt>
    <trkpt lat="45.56041" lon="9.03711">
        <ele>0.0</ele>
    </trkpt>
    <trkpt lat="45.56037" lon="9.03719">
        <ele>0.0</ele>
    </trkpt>
    <trkpt lat="45.56036" lon="9.0372">
        <ele>0.0</ele>
    </trkpt>
    <trkpt lat="45.56023" lon="9.03744">
        <ele>0.0</ele>
    </trkpt>
    <trkpt lat="45.56019" lon="9.03753">
        <ele>0.0</ele>
    </trkpt>
    <trkpt lat="45.56013" lon="9.03763">
        <ele>0.0</ele>
    </trkpt>
    <trkpt lat="45.56012" lon="9.03766">
        <ele>0.0</ele>
    </trkpt>
    <trkpt lat="45.55992" lon="9.03804">
        <ele>0.0</ele>
    </trkpt>
    <trkpt lat="45.55987" lon="9.03815">
        <ele>0.0</ele>
    </trkpt>
    <trkpt lat="45.55767" lon="9.0422">
        <ele>0.0</ele>
    </trkpt>
    <trkpt lat="45.55686" lon="9.04381">
        <ele>0.0</ele>
    </trkpt>
    <trkpt lat="45.55414" lon="9.04885">
        <ele>0.0</ele>
    </trkpt>
    <trkpt lat="45.55152" lon="9.05386">
        <ele>0.0</ele>
    </trkpt>
    <trkpt lat="45.5512" lon="9.05439">
        <ele>0.0</ele>
    </trkpt>
    <trkpt lat="45.54994" lon="9.05672">
        <ele>0.0</ele>
    </trkpt>
    <trkpt lat="45.54984" lon="9.05681">
        <ele>0.0</ele>
    </trkpt>
    <trkpt lat="45.54966" lon="9.05708">
        <ele>0.0</ele>
    </trkpt>
    <trkpt lat="45.54895" lon="9.05789">
        <ele>0.0</ele>
    </trkpt>
    <trkpt lat="45.54874" lon="9.05811">
        <ele>0.0</ele>
    </trkpt>
    <trkpt lat="45.54831" lon="9.05865">
        <ele>0.0</ele>
    </trkpt>
    <trkpt lat="45.54807" lon="9.0591">
        <ele>0.0</ele>
    </trkpt>
    <trkpt lat="45.54805" lon="9.05913">
        <ele>0.0</ele>
    </trkpt>
    <trkpt lat="45.5477" lon="9.05978">
        <ele>0.0</ele>
    </trkpt>
    <trkpt lat="45.54766" lon="9.05983">
        <ele>0.0</ele>
    </trkpt>
    <trkpt lat="45.54759" lon="9.05994">
        <ele>0.0</ele>
    </trkpt>
    <trkpt lat="45.54734" lon="9.06025">
        <ele>0.0</ele>
    </trkpt>
    <trkpt lat="45.54723" lon="9.06035">
        <ele>0.0</ele>
    </trkpt>
    <trkpt lat="45.54719" lon="9.06038">
        <ele>0.0</ele>
    </trkpt>
    <trkpt lat="45.54702" lon="9.06048">
        <ele>0.0</ele>
    </trkpt>
    <trkpt lat="45.54688" lon="9.06053">
        <ele>0.0</ele>
    </trkpt>
    <trkpt lat="45.54668" lon="9.06058">
        <ele>0.0</ele>
    </trkpt>
    <trkpt lat="45.54651" lon="9.06059">
        <ele>0.0</ele>
    </trkpt>
    <trkpt lat="45.54633" lon="9.06059">
        <ele>0.0</ele>
    </trkpt>
    <trkpt lat="45.54617" lon="9.06057">
        <ele>0.0</ele>
    </trkpt>
    <trkpt lat="45.54598" lon="9.06053">
        <ele>0.0</ele>
    </trkpt>
    <trkpt lat="45.54597" lon="9.06053">
        <ele>0.0</ele>
    </trkpt>
    <trkpt lat="45.54589" lon="9.0605">
        <ele>0.0</ele>
    </trkpt>
    <trkpt lat="45.54577" lon="9.06047">
        <ele>0.0</ele>
    </trkpt>
    <trkpt lat="45.54576" lon="9.06047">
        <ele>0.0</ele>
    </trkpt>
    <trkpt lat="45.54563" lon="9.0604">
        <ele>0.0</ele>
    </trkpt>
    <trkpt lat="45.54562" lon="9.0604">
        <ele>0.0</ele>
    </trkpt>
    <trkpt lat="45.54561" lon="9.06039">
        <ele>0.0</ele>
    </trkpt>
    <trkpt lat="45.54559" lon="9.06039">
        <ele>0.0</ele>
    </trkpt>
    <trkpt lat="45.54545" lon="9.06032">
        <ele>0.0</ele>
    </trkpt>
    <trkpt lat="45.54465" lon="9.05979">
        <ele>0.0</ele>
    </trkpt>
    <trkpt lat="45.54393" lon="9.05938">
        <ele>0.0</ele>
    </trkpt>
    <trkpt lat="45.54364" lon="9.05923">
        <ele>0.0</ele>
    </trkpt>
    <trkpt lat="45.54342" lon="9.0591">
        <ele>0.0</ele>
    </trkpt>
    <trkpt lat="45.54262" lon="9.0587">
        <ele>0.0</ele>
    </trkpt>
    <trkpt lat="45.54214" lon="9.05855">
        <ele>0.0</ele>
    </trkpt>
    <trkpt lat="45.54125" lon="9.05833">
        <ele>0.0</ele>
    </trkpt>
    <trkpt lat="45.54115" lon="9.05833">
        <ele>0.0</ele>
    </trkpt>
    <trkpt lat="45.54044" lon="9.05827">
        <ele>0.0</ele>
    </trkpt>
    <trkpt lat="45.54019" lon="9.05826">
        <ele>0.0</ele>
    </trkpt>
    <trkpt lat="45.53979" lon="9.05827">
        <ele>0.0</ele>
    </trkpt>
    <trkpt lat="45.53908" lon="9.05823">
        <ele>0.0</ele>
    </trkpt>
    <trkpt lat="45.53846" lon="9.05828">
        <ele>0.0</ele>
    </trkpt>
    <trkpt lat="45.53839" lon="9.05831">
        <ele>0.0</ele>
    </trkpt>
    <trkpt lat="45.53803" lon="9.05838">
        <ele>0.0</ele>
    </trkpt>
    <trkpt lat="45.53801" lon="9.05839">
        <ele>0.0</ele>
    </trkpt>
    <trkpt lat="45.53784" lon="9.05843">
        <ele>0.0</ele>
    </trkpt>
    <trkpt lat="45.53777" lon="9.05844">
        <ele>0.0</ele>
    </trkpt>
    <trkpt lat="45.53757" lon="9.0585">
        <ele>0.0</ele>
    </trkpt>
    <trkpt lat="45.53718" lon="9.05864">
        <ele>0.0</ele>
    </trkpt>
    <trkpt lat="45.53676" lon="9.05882">
        <ele>0.0</ele>
    </trkpt>
    <trkpt lat="45.53594" lon="9.05921">
        <ele>0.0</ele>
    </trkpt>
    <trkpt lat="45.53462" lon="9.05988">
        <ele>0.0</ele>
    </trkpt>
    <trkpt lat="45.53448" lon="9.05994">
        <ele>0.0</ele>
    </trkpt>
    <trkpt lat="45.53424" lon="9.06001">
        <ele>0.0</ele>
    </trkpt>
    <trkpt lat="45.53417" lon="9.06004">
        <ele>0.0</ele>
    </trkpt>
    <trkpt lat="45.53375" lon="9.06018">
        <ele>0.0</ele>
    </trkpt>
    <trkpt lat="45.53325" lon="9.0603">
        <ele>0.0</ele>
    </trkpt>
    <trkpt lat="45.53281" lon="9.06038">
        <ele>0.0</ele>
    </trkpt>
    <trkpt lat="45.53252" lon="9.06042">
        <ele>0.0</ele>
    </trkpt>
    <trkpt lat="45.53248" lon="9.06042">
        <ele>0.0</ele>
    </trkpt>
    <trkpt lat="45.53243" lon="9.06043">
        <ele>0.0</ele>
    </trkpt>
    <trkpt lat="45.52757" lon="9.06101">
        <ele>0.0</ele>
    </trkpt>
    <trkpt lat="45.52735" lon="9.06101">
        <ele>0.0</ele>
    </trkpt>
    <trkpt lat="45.52725" lon="9.06102">
        <ele>0.0</ele>
    </trkpt>
    <trkpt lat="45.52655" lon="9.06103">
        <ele>0.0</ele>
    </trkpt>
    <trkpt lat="45.52635" lon="9.06101">
        <ele>0.0</ele>
    </trkpt>
    <trkpt lat="45.52573" lon="9.06091">
        <ele>0.0</ele>
    </trkpt>
    <trkpt lat="45.52527" lon="9.06078">
        <ele>0.0</ele>
    </trkpt>
    <trkpt lat="45.52423" lon="9.06038">
        <ele>0.0</ele>
    </trkpt>
    <trkpt lat="45.52399" lon="9.0603">
        <ele>0.0</ele>
    </trkpt>
    <trkpt lat="45.52216" lon="9.05959">
        <ele>0.0</ele>
    </trkpt>
    <trkpt lat="45.52206" lon="9.05956">
        <ele>0.0</ele>
    </trkpt>
    <trkpt lat="45.52164" lon="9.05939">
        <ele>0.0</ele>
    </trkpt>
    <trkpt lat="45.52163" lon="9.05939">
        <ele>0.0</ele>
    </trkpt>
    <trkpt lat="45.52121" lon="9.05923">
        <ele>0.0</ele>
    </trkpt>
    <trkpt lat="45.52101" lon="9.05917">
        <ele>0.0</ele>
    </trkpt>
    <trkpt lat="45.52079" lon="9.05909">
        <ele>0.0</ele>
    </trkpt>
    <trkpt lat="45.52" lon="9.05895">
        <ele>0.0</ele>
    </trkpt>
    <trkpt lat="45.51923" lon="9.0589">
        <ele>0.0</ele>
    </trkpt>
    <trkpt lat="45.51857" lon="9.05895">
        <ele>0.0</ele>
    </trkpt>
    <trkpt lat="45.5185" lon="9.05897">
        <ele>0.0</ele>
    </trkpt>
    <trkpt lat="45.51839" lon="9.05899">
        <ele>0.0</ele>
    </trkpt>
    <trkpt lat="45.51804" lon="9.05908">
        <ele>0.0</ele>
    </trkpt>
    <trkpt lat="45.51772" lon="9.05919">
        <ele>0.0</ele>
    </trkpt>
    <trkpt lat="45.51764" lon="9.05923">
        <ele>0.0</ele>
    </trkpt>
    <trkpt lat="45.51756" lon="9.05926">
        <ele>0.0</ele>
    </trkpt>
    <trkpt lat="45.51748" lon="9.05931">
        <ele>0.0</ele>
    </trkpt>
    <trkpt lat="45.51731" lon="9.0594">
        <ele>0.0</ele>
    </trkpt>
    <trkpt lat="45.51725" lon="9.05944">
        <ele>0.0</ele>
    </trkpt>
    <trkpt lat="45.51712" lon="9.05951">
        <ele>0.0</ele>
    </trkpt>
    <trkpt lat="45.51707" lon="9.05955">
        <ele>0.0</ele>
    </trkpt>
    <trkpt lat="45.51702" lon="9.05958">
        <ele>0.0</ele>
    </trkpt>
    <trkpt lat="45.51694" lon="9.05964">
        <ele>0.0</ele>
    </trkpt>
    <trkpt lat="45.51686" lon="9.05969">
        <ele>0.0</ele>
    </trkpt>
    <trkpt lat="45.5167" lon="9.05982">
        <ele>0.0</ele>
    </trkpt>
    <trkpt lat="45.51653" lon="9.05994">
        <ele>0.0</ele>
    </trkpt>
    <trkpt lat="45.51637" lon="9.06008">
        <ele>0.0</ele>
    </trkpt>
    <trkpt lat="45.51606" lon="9.06038">
        <ele>0.0</ele>
    </trkpt>
    <trkpt lat="45.51604" lon="9.06041">
        <ele>0.0</ele>
    </trkpt>
    <trkpt lat="45.51573" lon="9.06073">
        <ele>0.0</ele>
    </trkpt>
    <trkpt lat="45.51555" lon="9.06095">
        <ele>0.0</ele>
    </trkpt>
    <trkpt lat="45.51552" lon="9.06098">
        <ele>0.0</ele>
    </trkpt>
    <trkpt lat="45.51535" lon="9.06123">
        <ele>0.0</ele>
    </trkpt>
    <trkpt lat="45.51533" lon="9.06125">
        <ele>0.0</ele>
    </trkpt>
    <trkpt lat="45.5152" lon="9.06143">
        <ele>0.0</ele>
    </trkpt>
    <trkpt lat="45.51512" lon="9.06156">
        <ele>0.0</ele>
    </trkpt>
    <trkpt lat="45.51441" lon="9.06255">
        <ele>0.0</ele>
    </trkpt>
    <trkpt lat="45.51407" lon="9.06293">
        <ele>0.0</ele>
    </trkpt>
    <trkpt lat="45.51401" lon="9.06298">
        <ele>0.0</ele>
    </trkpt>
    <trkpt lat="45.5139" lon="9.06309">
        <ele>0.0</ele>
    </trkpt>
    <trkpt lat="45.51355" lon="9.06337">
        <ele>0.0</ele>
    </trkpt>
    <trkpt lat="45.51354" lon="9.06337">
        <ele>0.0</ele>
    </trkpt>
    <trkpt lat="45.51348" lon="9.06342">
        <ele>0.0</ele>
    </trkpt>
    <trkpt lat="45.51338" lon="9.06348">
        <ele>0.0</ele>
    </trkpt>
    <trkpt lat="45.51335" lon="9.06351">
        <ele>0.0</ele>
    </trkpt>
    <trkpt lat="45.51301" lon="9.0637">
        <ele>0.0</ele>
    </trkpt>
    <trkpt lat="45.51288" lon="9.06376">
        <ele>0.0</ele>
    </trkpt>
    <trkpt lat="45.51239" lon="9.06395">
        <ele>0.0</ele>
    </trkpt>
    <trkpt lat="45.51215" lon="9.06402">
        <ele>0.0</ele>
    </trkpt>
    <trkpt lat="45.51201" lon="9.06405">
        <ele>0.0</ele>
    </trkpt>
    <trkpt lat="45.51187" lon="9.06407">
        <ele>0.0</ele>
    </trkpt>
    <trkpt lat="45.51147" lon="9.06409">
        <ele>0.0</ele>
    </trkpt>
    <trkpt lat="45.51107" lon="9.06407">
        <ele>0.0</ele>
    </trkpt>
    <trkpt lat="45.51091" lon="9.06404">
        <ele>0.0</ele>
    </trkpt>
    <trkpt lat="45.5109" lon="9.06404">
        <ele>0.0</ele>
    </trkpt>
    <trkpt lat="45.51077" lon="9.06401">
        <ele>0.0</ele>
    </trkpt>
    <trkpt lat="45.51049" lon="9.06392">
        <ele>0.0</ele>
    </trkpt>
    <trkpt lat="45.50966" lon="9.06369">
        <ele>0.0</ele>
    </trkpt>
    <trkpt lat="45.5095" lon="9.06366">
        <ele>0.0</ele>
    </trkpt>
    <trkpt lat="45.50948" lon="9.06366">
        <ele>0.0</ele>
    </trkpt>
    <trkpt lat="45.50921" lon="9.06362">
        <ele>0.0</ele>
    </trkpt>
    <trkpt lat="45.50861" lon="9.06358">
        <ele>0.0</ele>
    </trkpt>
    <trkpt lat="45.50858" lon="9.06359">
        <ele>0.0</ele>
    </trkpt>
    <trkpt lat="45.50822" lon="9.06361">
        <ele>0.0</ele>
    </trkpt>
    <trkpt lat="45.50758" lon="9.06372">
        <ele>0.0</ele>
    </trkpt>
    <trkpt lat="45.50734" lon="9.06378">
        <ele>0.0</ele>
    </trkpt>
    <trkpt lat="45.50679" lon="9.06398">
        <ele>0.0</ele>
    </trkpt>
    <trkpt lat="45.50638" lon="9.06416">
        <ele>0.0</ele>
    </trkpt>
    <trkpt lat="45.50611" lon="9.06432">
        <ele>0.0</ele>
    </trkpt>
    <trkpt lat="45.50518" lon="9.06482">
        <ele>0.0</ele>
    </trkpt>
    <trkpt lat="45.50454" lon="9.06513">
        <ele>0.0</ele>
    </trkpt>
    <trkpt lat="45.50451" lon="9.06514">
        <ele>0.0</ele>
    </trkpt>
    <trkpt lat="45.50354" lon="9.06558">
        <ele>0.0</ele>
    </trkpt>
    <trkpt lat="45.50326" lon="9.06569">
        <ele>0.0</ele>
    </trkpt>
    <trkpt lat="45.50316" lon="9.06574">
        <ele>0.0</ele>
    </trkpt>
    <trkpt lat="45.50305" lon="9.06578">
        <ele>0.0</ele>
    </trkpt>
    <trkpt lat="45.50293" lon="9.06584">
        <ele>0.0</ele>
    </trkpt>
    <trkpt lat="45.50262" lon="9.06597">
        <ele>0.0</ele>
    </trkpt>
    <trkpt lat="45.50261" lon="9.06598">
        <ele>0.0</ele>
    </trkpt>
    <trkpt lat="45.50185" lon="9.06628">
        <ele>0.0</ele>
    </trkpt>
    <trkpt lat="45.50134" lon="9.06641">
        <ele>0.0</ele>
    </trkpt>
    <trkpt lat="45.50133" lon="9.06641">
        <ele>0.0</ele>
    </trkpt>
    <trkpt lat="45.50058" lon="9.06659">
        <ele>0.0</ele>
    </trkpt>
    <trkpt lat="45.49999" lon="9.06671">
        <ele>0.0</ele>
    </trkpt>
    <trkpt lat="45.49968" lon="9.06674">
        <ele>0.0</ele>
    </trkpt>
    <trkpt lat="45.49906" lon="9.06675">
        <ele>0.0</ele>
    </trkpt>
    <trkpt lat="45.49889" lon="9.06674">
        <ele>0.0</ele>
    </trkpt>
    <trkpt lat="45.4987" lon="9.06674">
        <ele>0.0</ele>
    </trkpt>
    <trkpt lat="45.49817" lon="9.0667">
        <ele>0.0</ele>
    </trkpt>
    <trkpt lat="45.49775" lon="9.06669">
        <ele>0.0</ele>
    </trkpt>
    <trkpt lat="45.49747" lon="9.06667">
        <ele>0.0</ele>
    </trkpt>
    <trkpt lat="45.4968" lon="9.06666">
        <ele>0.0</ele>
    </trkpt>
    <trkpt lat="45.49633" lon="9.06663">
        <ele>0.0</ele>
    </trkpt>
    <trkpt lat="45.49609" lon="9.06663">
        <ele>0.0</ele>
    </trkpt>
    <trkpt lat="45.49272" lon="9.0665">
        <ele>0.0</ele>
    </trkpt>
    <trkpt lat="45.49265" lon="9.06649">
        <ele>0.0</ele>
    </trkpt>
    <trkpt lat="45.4916" lon="9.06645">
        <ele>0.0</ele>
    </trkpt>
    <trkpt lat="45.49071" lon="9.06646">
        <ele>0.0</ele>
    </trkpt>
    <trkpt lat="45.49036" lon="9.06649">
        <ele>0.0</ele>
    </trkpt>
    <trkpt lat="45.49023" lon="9.06651">
        <ele>0.0</ele>
    </trkpt>
    <trkpt lat="45.49016" lon="9.06651">
        <ele>0.0</ele>
    </trkpt>
    <trkpt lat="45.48964" lon="9.0666">
        <ele>0.0</ele>
    </trkpt>
    <trkpt lat="45.48962" lon="9.06661">
        <ele>0.0</ele>
    </trkpt>
    <trkpt lat="45.48932" lon="9.06667">
        <ele>0.0</ele>
    </trkpt>
    <trkpt lat="45.48851" lon="9.06691">
        <ele>0.0</ele>
    </trkpt>
    <trkpt lat="45.48815" lon="9.06705">
        <ele>0.0</ele>
    </trkpt>
    <trkpt lat="45.48789" lon="9.06717">
        <ele>0.0</ele>
    </trkpt>
    <trkpt lat="45.48773" lon="9.06726">
        <ele>0.0</ele>
    </trkpt>
    <trkpt lat="45.48753" lon="9.06735">
        <ele>0.0</ele>
    </trkpt>
    <trkpt lat="45.4874" lon="9.06742">
        <ele>0.0</ele>
    </trkpt>
    <trkpt lat="45.48733" lon="9.06745">
        <ele>0.0</ele>
    </trkpt>
    <trkpt lat="45.48669" lon="9.06782">
        <ele>0.0</ele>
    </trkpt>
    <trkpt lat="45.48658" lon="9.0679">
        <ele>0.0</ele>
    </trkpt>
    <trkpt lat="45.48651" lon="9.06793">
        <ele>0.0</ele>
    </trkpt>
    <trkpt lat="45.4865" lon="9.06795">
        <ele>0.0</ele>
    </trkpt>
    <trkpt lat="45.4864" lon="9.06801">
        <ele>0.0</ele>
    </trkpt>
    <trkpt lat="45.486" lon="9.0683">
        <ele>0.0</ele>
    </trkpt>
    <trkpt lat="45.48591" lon="9.06838">
        <ele>0.0</ele>
    </trkpt>
    <trkpt lat="45.48581" lon="9.06845">
        <ele>0.0</ele>
    </trkpt>
    <trkpt lat="45.48574" lon="9.06852">
        <ele>0.0</ele>
    </trkpt>
    <trkpt lat="45.48526" lon="9.06892">
        <ele>0.0</ele>
    </trkpt>
    <trkpt lat="45.47558" lon="9.07821">
        <ele>0.0</ele>
    </trkpt>
    <trkpt lat="45.47505" lon="9.07867">
        <ele>0.0</ele>
    </trkpt>
    <trkpt lat="45.47477" lon="9.07888">
        <ele>0.0</ele>
    </trkpt>
    <trkpt lat="45.47455" lon="9.07902">
        <ele>0.0</ele>
    </trkpt>
    <trkpt lat="45.47415" lon="9.07924">
        <ele>0.0</ele>
    </trkpt>
    <trkpt lat="45.47399" lon="9.07931">
        <ele>0.0</ele>
    </trkpt>
    <trkpt lat="45.47394" lon="9.07934">
        <ele>0.0</ele>
    </trkpt>
    <trkpt lat="45.47384" lon="9.07937">
        <ele>0.0</ele>
    </trkpt>
    <trkpt lat="45.47372" lon="9.07942">
        <ele>0.0</ele>
    </trkpt>
    <trkpt lat="45.47332" lon="9.07954">
        <ele>0.0</ele>
    </trkpt>
    <trkpt lat="45.47313" lon="9.07957">
        <ele>0.0</ele>
    </trkpt>
    <trkpt lat="45.473" lon="9.0796">
        <ele>0.0</ele>
    </trkpt>
    <trkpt lat="45.47292" lon="9.0796">
        <ele>0.0</ele>
    </trkpt>
    <trkpt lat="45.47277" lon="9.07962">
        <ele>0.0</ele>
    </trkpt>
    <trkpt lat="45.47267" lon="9.07962">
        <ele>0.0</ele>
    </trkpt>
    <trkpt lat="45.47255" lon="9.07963">
        <ele>0.0</ele>
    </trkpt>
    <trkpt lat="45.47225" lon="9.07962">
        <ele>0.0</ele>
    </trkpt>
    <trkpt lat="45.47193" lon="9.07959">
        <ele>0.0</ele>
    </trkpt>
    <trkpt lat="45.4718" lon="9.07957">
        <ele>0.0</ele>
    </trkpt>
    <trkpt lat="45.47145" lon="9.07949">
        <ele>0.0</ele>
    </trkpt>
    <trkpt lat="45.47116" lon="9.07941">
        <ele>0.0</ele>
    </trkpt>
    <trkpt lat="45.47076" lon="9.07924">
        <ele>0.0</ele>
    </trkpt>
    <trkpt lat="45.47021" lon="9.07895">
        <ele>0.0</ele>
    </trkpt>
    <trkpt lat="45.47009" lon="9.07887">
        <ele>0.0</ele>
    </trkpt>
    <trkpt lat="45.46953" lon="9.07856">
        <ele>0.0</ele>
    </trkpt>
    <trkpt lat="45.46889" lon="9.07818">
        <ele>0.0</ele>
    </trkpt>
    <trkpt lat="45.46849" lon="9.07796">
        <ele>0.0</ele>
    </trkpt>
    <trkpt lat="45.46844" lon="9.07792">
        <ele>0.0</ele>
    </trkpt>
    <trkpt lat="45.46744" lon="9.07735">
        <ele>0.0</ele>
    </trkpt>
    <trkpt lat="45.46735" lon="9.07729">
        <ele>0.0</ele>
    </trkpt>
    <trkpt lat="45.46703" lon="9.07711">
        <ele>0.0</ele>
    </trkpt>
    <trkpt lat="45.46702" lon="9.0771">
        <ele>0.0</ele>
    </trkpt>
    <trkpt lat="45.46658" lon="9.07684">
        <ele>0.0</ele>
    </trkpt>
    <trkpt lat="45.46645" lon="9.07678">
        <ele>0.0</ele>
    </trkpt>
    <trkpt lat="45.46625" lon="9.07667">
        <ele>0.0</ele>
    </trkpt>
    <trkpt lat="45.46592" lon="9.07651">
        <ele>0.0</ele>
    </trkpt>
    <trkpt lat="45.46564" lon="9.07639">
        <ele>0.0</ele>
    </trkpt>
    <trkpt lat="45.46524" lon="9.07625">
        <ele>0.0</ele>
    </trkpt>
    <trkpt lat="45.46492" lon="9.07617">
        <ele>0.0</ele>
    </trkpt>
    <trkpt lat="45.4645" lon="9.07609">
        <ele>0.0</ele>
    </trkpt>
    <trkpt lat="45.46371" lon="9.07602">
        <ele>0.0</ele>
    </trkpt>
    <trkpt lat="45.46366" lon="9.07603">
        <ele>0.0</ele>
    </trkpt>
    <trkpt lat="45.4636" lon="9.07603">
        <ele>0.0</ele>
    </trkpt>
    <trkpt lat="45.46304" lon="9.07608">
        <ele>0.0</ele>
    </trkpt>
    <trkpt lat="45.46282" lon="9.07612">
        <ele>0.0</ele>
    </trkpt>
    <trkpt lat="45.46143" lon="9.07647">
        <ele>0.0</ele>
    </trkpt>
    <trkpt lat="45.46137" lon="9.07648">
        <ele>0.0</ele>
    </trkpt>
    <trkpt lat="45.4612" lon="9.07653">
        <ele>0.0</ele>
    </trkpt>
    <trkpt lat="45.4611" lon="9.07655">
        <ele>0.0</ele>
    </trkpt>
    <trkpt lat="45.45992" lon="9.07688">
        <ele>0.0</ele>
    </trkpt>
    <trkpt lat="45.45989" lon="9.07688">
        <ele>0.0</ele>
    </trkpt>
    <trkpt lat="45.45859" lon="9.07722">
        <ele>0.0</ele>
    </trkpt>
    <trkpt lat="45.45827" lon="9.07729">
        <ele>0.0</ele>
    </trkpt>
    <trkpt lat="45.45799" lon="9.07733">
        <ele>0.0</ele>
    </trkpt>
    <trkpt lat="45.45776" lon="9.07738">
        <ele>0.0</ele>
    </trkpt>
    <trkpt lat="45.45748" lon="9.07741">
        <ele>0.0</ele>
    </trkpt>
    <trkpt lat="45.45729" lon="9.07742">
        <ele>0.0</ele>
    </trkpt>
    <trkpt lat="45.4568" lon="9.07742">
        <ele>0.0</ele>
    </trkpt>
    <trkpt lat="45.45674" lon="9.07741">
        <ele>0.0</ele>
    </trkpt>
    <trkpt lat="45.45665" lon="9.07741">
        <ele>0.0</ele>
    </trkpt>
    <trkpt lat="45.45634" lon="9.07738">
        <ele>0.0</ele>
    </trkpt>
    <trkpt lat="45.45602" lon="9.07733">
        <ele>0.0</ele>
    </trkpt>
    <trkpt lat="45.45572" lon="9.07727">
        <ele>0.0</ele>
    </trkpt>
    <trkpt lat="45.45521" lon="9.07714">
        <ele>0.0</ele>
    </trkpt>
    <trkpt lat="45.45377" lon="9.0767">
        <ele>0.0</ele>
    </trkpt>
    <trkpt lat="45.45254" lon="9.07629">
        <ele>0.0</ele>
    </trkpt>
    <trkpt lat="45.45242" lon="9.07626">
        <ele>0.0</ele>
    </trkpt>
    <trkpt lat="45.45058" lon="9.0757">
        <ele>0.0</ele>
    </trkpt>
    <trkpt lat="45.45056" lon="9.0757">
        <ele>0.0</ele>
    </trkpt>
    <trkpt lat="45.44724" lon="9.07466">
        <ele>0.0</ele>
    </trkpt>
    <trkpt lat="45.44712" lon="9.07463">
        <ele>0.0</ele>
    </trkpt>
    <trkpt lat="45.44542" lon="9.07411">
        <ele>0.0</ele>
    </trkpt>
    <trkpt lat="45.44479" lon="9.07395">
        <ele>0.0</ele>
    </trkpt>
    <trkpt lat="45.44477" lon="9.07395">
        <ele>0.0</ele>
    </trkpt>
    <trkpt lat="45.44416" lon="9.07382">
        <ele>0.0</ele>
    </trkpt>
    <trkpt lat="45.44414" lon="9.07381">
        <ele>0.0</ele>
    </trkpt>
    <trkpt lat="45.44373" lon="9.07374">
        <ele>0.0</ele>
    </trkpt>
    <trkpt lat="45.44321" lon="9.07368">
        <ele>0.0</ele>
    </trkpt>
    <trkpt lat="45.44249" lon="9.07362">
        <ele>0.0</ele>
    </trkpt>
    <trkpt lat="45.44231" lon="9.07363">
        <ele>0.0</ele>
    </trkpt>
    <trkpt lat="45.4417" lon="9.07363">
        <ele>0.0</ele>
    </trkpt>
    <trkpt lat="45.44097" lon="9.07366">
        <ele>0.0</ele>
    </trkpt>
    <trkpt lat="45.43348" lon="9.07447">
        <ele>0.0</ele>
    </trkpt>
    <trkpt lat="45.43277" lon="9.07457">
        <ele>0.0</ele>
    </trkpt>
    <trkpt lat="45.43168" lon="9.07484">
        <ele>0.0</ele>
    </trkpt>
    <trkpt lat="45.43166" lon="9.07484">
        <ele>0.0</ele>
    </trkpt>
    <trkpt lat="45.43137" lon="9.07494">
        <ele>0.0</ele>
    </trkpt>
    <trkpt lat="45.43116" lon="9.075">
        <ele>0.0</ele>
    </trkpt>
    <trkpt lat="45.43061" lon="9.0752">
        <ele>0.0</ele>
    </trkpt>
    <trkpt lat="45.4306" lon="9.0752">
        <ele>0.0</ele>
    </trkpt>
    <trkpt lat="45.43037" lon="9.07529">
        <ele>0.0</ele>
    </trkpt>
    <trkpt lat="45.43022" lon="9.07536">
        <ele>0.0</ele>
    </trkpt>
    <trkpt lat="45.4302" lon="9.07536">
        <ele>0.0</ele>
    </trkpt>
    <trkpt lat="45.4297" lon="9.07559">
        <ele>0.0</ele>
    </trkpt>
    <trkpt lat="45.42914" lon="9.07588">
        <ele>0.0</ele>
    </trkpt>
    <trkpt lat="45.42722" lon="9.07706">
        <ele>0.0</ele>
    </trkpt>
    <trkpt lat="45.42718" lon="9.07709">
        <ele>0.0</ele>
    </trkpt>
    <trkpt lat="45.42698" lon="9.07721">
        <ele>0.0</ele>
    </trkpt>
    <trkpt lat="45.42697" lon="9.07722">
        <ele>0.0</ele>
    </trkpt>
    <trkpt lat="45.42542" lon="9.07817">
        <ele>0.0</ele>
    </trkpt>
    <trkpt lat="45.42533" lon="9.07821">
        <ele>0.0</ele>
    </trkpt>
    <trkpt lat="45.42503" lon="9.07841">
        <ele>0.0</ele>
    </trkpt>
    <trkpt lat="45.42488" lon="9.07849">
        <ele>0.0</ele>
    </trkpt>
    <trkpt lat="45.42136" lon="9.08067">
        <ele>0.0</ele>
    </trkpt>
    <trkpt lat="45.42101" lon="9.08091">
        <ele>0.0</ele>
    </trkpt>
    <trkpt lat="45.421" lon="9.08092">
        <ele>0.0</ele>
    </trkpt>
    <trkpt lat="45.42072" lon="9.08111">
        <ele>0.0</ele>
    </trkpt>
    <trkpt lat="45.42071" lon="9.08112">
        <ele>0.0</ele>
    </trkpt>
    <trkpt lat="45.42048" lon="9.08129">
        <ele>0.0</ele>
    </trkpt>
    <trkpt lat="45.41995" lon="9.08175">
        <ele>0.0</ele>
    </trkpt>
    <trkpt lat="45.41955" lon="9.08214">
        <ele>0.0</ele>
    </trkpt>
    <trkpt lat="45.41951" lon="9.08217">
        <ele>0.0</ele>
    </trkpt>
    <trkpt lat="45.41916" lon="9.08253">
        <ele>0.0</ele>
    </trkpt>
    <trkpt lat="45.41856" lon="9.08324">
        <ele>0.0</ele>
    </trkpt>
    <trkpt lat="45.41836" lon="9.08351">
        <ele>0.0</ele>
    </trkpt>
    <trkpt lat="45.41835" lon="9.08352">
        <ele>0.0</ele>
    </trkpt>
    <trkpt lat="45.41787" lon="9.08419">
        <ele>0.0</ele>
    </trkpt>
    <trkpt lat="45.41756" lon="9.08468">
        <ele>0.0</ele>
    </trkpt>
    <trkpt lat="45.41724" lon="9.08523">
        <ele>0.0</ele>
    </trkpt>
    <trkpt lat="45.417" lon="9.08568">
        <ele>0.0</ele>
    </trkpt>
    <trkpt lat="45.41646" lon="9.08681">
        <ele>0.0</ele>
    </trkpt>
    <trkpt lat="45.41632" lon="9.08714">
        <ele>0.0</ele>
    </trkpt>
    <trkpt lat="45.41596" lon="9.08812">
        <ele>0.0</ele>
    </trkpt>
    <trkpt lat="45.41345" lon="9.09689">
        <ele>0.0</ele>
    </trkpt>
    <trkpt lat="45.41342" lon="9.09697">
        <ele>0.0</ele>
    </trkpt>
    <trkpt lat="45.4133" lon="9.09741">
        <ele>0.0</ele>
    </trkpt>
    <trkpt lat="45.41329" lon="9.09743">
        <ele>0.0</ele>
    </trkpt>
    <trkpt lat="45.41286" lon="9.09894">
        <ele>0.0</ele>
    </trkpt>
    <trkpt lat="45.41285" lon="9.09899">
        <ele>0.0</ele>
    </trkpt>
    <trkpt lat="45.41198" lon="9.10204">
        <ele>0.0</ele>
    </trkpt>
    <trkpt lat="45.41184" lon="9.10264">
        <ele>0.0</ele>
    </trkpt>
    <trkpt lat="45.41168" lon="9.10313">
        <ele>0.0</ele>
    </trkpt>
    <trkpt lat="45.41098" lon="9.10496">
        <ele>0.0</ele>
    </trkpt>
    <trkpt lat="45.41058" lon="9.10592">
        <ele>0.0</ele>
    </trkpt>
    <trkpt lat="45.40959" lon="9.108">
        <ele>0.0</ele>
    </trkpt>
    <trkpt lat="45.40874" lon="9.10965">
        <ele>0.0</ele>
    </trkpt>
    <trkpt lat="45.40811" lon="9.11073">
        <ele>0.0</ele>
    </trkpt>
    <trkpt lat="45.40806" lon="9.11083">
        <ele>0.0</ele>
    </trkpt>
    <trkpt lat="45.40797" lon="9.11097">
        <ele>0.0</ele>
    </trkpt>
    <trkpt lat="45.40128" lon="9.12267">
        <ele>0.0</ele>
    </trkpt>
    <trkpt lat="45.40084" lon="9.1235">
        <ele>0.0</ele>
    </trkpt>
    <trkpt lat="45.4004" lon="9.12443">
        <ele>0.0</ele>
    </trkpt>
    <trkpt lat="45.39957" lon="9.12641">
        <ele>0.0</ele>
    </trkpt>
    <trkpt lat="45.39889" lon="9.12844">
        <ele>0.0</ele>
    </trkpt>
    <trkpt lat="45.39847" lon="9.13">
        <ele>0.0</ele>
    </trkpt>
    <trkpt lat="45.39811" lon="9.13157">
        <ele>0.0</ele>
    </trkpt>
    <trkpt lat="45.39778" lon="9.13325">
        <ele>0.0</ele>
    </trkpt>
    <trkpt lat="45.39728" lon="9.13549">
        <ele>0.0</ele>
    </trkpt>
    <trkpt lat="45.39713" lon="9.13606">
        <ele>0.0</ele>
    </trkpt>
    <trkpt lat="45.39699" lon="9.13651">
        <ele>0.0</ele>
    </trkpt>
    <trkpt lat="45.39699" lon="9.13655">
        <ele>0.0</ele>
    </trkpt>
    <trkpt lat="45.39685" lon="9.13701">
        <ele>0.0</ele>
    </trkpt>
    <trkpt lat="45.39432" lon="9.14415">
        <ele>0.0</ele>
    </trkpt>
    <trkpt lat="45.39431" lon="9.14419">
        <ele>0.0</ele>
    </trkpt>
    <trkpt lat="45.39243" lon="9.14954">
        <ele>0.0</ele>
    </trkpt>
    <trkpt lat="45.39243" lon="9.14955">
        <ele>0.0</ele>
    </trkpt>
    <trkpt lat="45.39221" lon="9.15016">
        <ele>0.0</ele>
    </trkpt>
    <trkpt lat="45.39221" lon="9.15017">
        <ele>0.0</ele>
    </trkpt>
    <trkpt lat="45.39165" lon="9.15175">
        <ele>0.0</ele>
    </trkpt>
    <trkpt lat="45.39144" lon="9.15229">
        <ele>0.0</ele>
    </trkpt>
    <trkpt lat="45.3913" lon="9.1527">
        <ele>0.0</ele>
    </trkpt>
    <trkpt lat="45.39124" lon="9.15285">
        <ele>0.0</ele>
    </trkpt>
    <trkpt lat="45.38777" lon="9.16277">
        <ele>0.0</ele>
    </trkpt>
    <trkpt lat="45.3874" lon="9.16373">
        <ele>0.0</ele>
    </trkpt>
    <trkpt lat="45.38685" lon="9.16535">
        <ele>0.0</ele>
    </trkpt>
    <trkpt lat="45.38675" lon="9.16569">
        <ele>0.0</ele>
    </trkpt>
    <trkpt lat="45.38649" lon="9.16671">
        <ele>0.0</ele>
    </trkpt>
    <trkpt lat="45.38622" lon="9.16835">
        <ele>0.0</ele>
    </trkpt>
    <trkpt lat="45.38622" lon="9.16841">
        <ele>0.0</ele>
    </trkpt>
    <trkpt lat="45.38616" lon="9.16891">
        <ele>0.0</ele>
    </trkpt>
    <trkpt lat="45.38615" lon="9.1692">
        <ele>0.0</ele>
    </trkpt>
    <trkpt lat="45.38611" lon="9.16974">
        <ele>0.0</ele>
    </trkpt>
    <trkpt lat="45.3861" lon="9.17071">
        <ele>0.0</ele>
    </trkpt>
    <trkpt lat="45.38612" lon="9.17148">
        <ele>0.0</ele>
    </trkpt>
    <trkpt lat="45.38628" lon="9.17308">
        <ele>0.0</ele>
    </trkpt>
    <trkpt lat="45.38634" lon="9.17341">
        <ele>0.0</ele>
    </trkpt>
    <trkpt lat="45.38635" lon="9.1735">
        <ele>0.0</ele>
    </trkpt>
    <trkpt lat="45.38644" lon="9.17399">
        <ele>0.0</ele>
    </trkpt>
    <trkpt lat="45.38666" lon="9.17497">
        <ele>0.0</ele>
    </trkpt>
    <trkpt lat="45.38698" lon="9.17606">
        <ele>0.0</ele>
    </trkpt>
    <trkpt lat="45.38734" lon="9.17706">
        <ele>0.0</ele>
    </trkpt>
    <trkpt lat="45.38797" lon="9.17864">
        <ele>0.0</ele>
    </trkpt>
    <trkpt lat="45.38864" lon="9.18051">
        <ele>0.0</ele>
    </trkpt>
    <trkpt lat="45.3889" lon="9.18132">
        <ele>0.0</ele>
    </trkpt>
    <trkpt lat="45.38894" lon="9.1815">
        <ele>0.0</ele>
    </trkpt>
    <trkpt lat="45.38956" lon="9.18364">
        <ele>0.0</ele>
    </trkpt>
    <trkpt lat="45.39003" lon="9.18554">
        <ele>0.0</ele>
    </trkpt>
    <trkpt lat="45.3902" lon="9.18631">
        <ele>0.0</ele>
    </trkpt>
    <trkpt lat="45.3902" lon="9.18635">
        <ele>0.0</ele>
    </trkpt>
    <trkpt lat="45.39054" lon="9.18799">
        <ele>0.0</ele>
    </trkpt>
    <trkpt lat="45.39094" lon="9.1906">
        <ele>0.0</ele>
    </trkpt>
    <trkpt lat="45.39111" lon="9.19193">
        <ele>0.0</ele>
    </trkpt>
    <trkpt lat="45.39126" lon="9.19343">
        <ele>0.0</ele>
    </trkpt>
    <trkpt lat="45.39133" lon="9.19444">
        <ele>0.0</ele>
    </trkpt>
    <trkpt lat="45.39143" lon="9.19652">
        <ele>0.0</ele>
    </trkpt>
    <trkpt lat="45.39146" lon="9.19811">
        <ele>0.0</ele>
    </trkpt>
    <trkpt lat="45.39141" lon="9.20118">
        <ele>0.0</ele>
    </trkpt>
    <trkpt lat="45.39128" lon="9.2039">
        <ele>0.0</ele>
    </trkpt>
    <trkpt lat="45.39125" lon="9.20407">
        <ele>0.0</ele>
    </trkpt>
    <trkpt lat="45.39121" lon="9.20461">
        <ele>0.0</ele>
    </trkpt>
    <trkpt lat="45.3912" lon="9.20497">
        <ele>0.0</ele>
    </trkpt>
    <trkpt lat="45.3911" lon="9.20613">
        <ele>0.0</ele>
    </trkpt>
    <trkpt lat="45.39084" lon="9.2086">
        <ele>0.0</ele>
    </trkpt>
    <trkpt lat="45.39033" lon="9.21215">
        <ele>0.0</ele>
    </trkpt>
    <trkpt lat="45.39007" lon="9.21362">
        <ele>0.0</ele>
    </trkpt>
    <trkpt lat="45.38956" lon="9.21618">
        <ele>0.0</ele>
    </trkpt>
    <trkpt lat="45.38956" lon="9.2162">
        <ele>0.0</ele>
    </trkpt>
    <trkpt lat="45.3894" lon="9.21689">
        <ele>0.0</ele>
    </trkpt>
    <trkpt lat="45.3894" lon="9.2169">
        <ele>0.0</ele>
    </trkpt>
    <trkpt lat="45.38912" lon="9.21808">
        <ele>0.0</ele>
    </trkpt>
    <trkpt lat="45.38912" lon="9.21809">
        <ele>0.0</ele>
    </trkpt>
    <trkpt lat="45.38454" lon="9.23662">
        <ele>0.0</ele>
    </trkpt>
    <trkpt lat="45.38417" lon="9.23838">
        <ele>0.0</ele>
    </trkpt>
    <trkpt lat="45.38386" lon="9.24012">
        <ele>0.0</ele>
    </trkpt>
    <trkpt lat="45.38361" lon="9.24185">
        <ele>0.0</ele>
    </trkpt>
    <trkpt lat="45.38345" lon="9.24329">
        <ele>0.0</ele>
    </trkpt>
    <trkpt lat="45.3833" lon="9.24505">
        <ele>0.0</ele>
    </trkpt>
    <trkpt lat="45.3832" lon="9.24679">
        <ele>0.0</ele>
    </trkpt>
    <trkpt lat="45.3832" lon="9.24697">
        <ele>0.0</ele>
    </trkpt>
    <trkpt lat="45.38285" lon="9.2526">
        <ele>0.0</ele>
    </trkpt>
    <trkpt lat="45.38281" lon="9.25362">
        <ele>0.0</ele>
    </trkpt>
    <trkpt lat="45.38258" lon="9.25742">
        <ele>0.0</ele>
    </trkpt>
    <trkpt lat="45.38252" lon="9.25764">
        <ele>0.0</ele>
    </trkpt>
    <trkpt lat="45.38251" lon="9.25766">
        <ele>0.0</ele>
    </trkpt>
    <trkpt lat="45.38248" lon="9.25809">
        <ele>0.0</ele>
    </trkpt>
    <trkpt lat="45.38247" lon="9.25815">
        <ele>0.0</ele>
    </trkpt>
    <trkpt lat="45.38233" lon="9.26034">
        <ele>0.0</ele>
    </trkpt>
    <trkpt lat="45.38233" lon="9.26042">
        <ele>0.0</ele>
    </trkpt>
    <trkpt lat="45.38232" lon="9.2605">
        <ele>0.0</ele>
    </trkpt>
    <trkpt lat="45.38231" lon="9.26072">
        <ele>0.0</ele>
    </trkpt>
    <trkpt lat="45.38228" lon="9.26102">
        <ele>0.0</ele>
    </trkpt>
    <trkpt lat="45.38226" lon="9.26113">
        <ele>0.0</ele>
    </trkpt>
    <trkpt lat="45.38224" lon="9.26132">
        <ele>0.0</ele>
    </trkpt>
    <trkpt lat="45.38221" lon="9.26146">
        <ele>0.0</ele>
    </trkpt>
    <trkpt lat="45.3822" lon="9.26154">
        <ele>0.0</ele>
    </trkpt>
    <trkpt lat="45.38218" lon="9.26162">
        <ele>0.0</ele>
    </trkpt>
    <trkpt lat="45.38218" lon="9.26163">
        <ele>0.0</ele>
    </trkpt>
    <trkpt lat="45.38209" lon="9.26199">
        <ele>0.0</ele>
    </trkpt>
    <trkpt lat="45.3819" lon="9.2626">
        <ele>0.0</ele>
    </trkpt>
    <trkpt lat="45.38189" lon="9.26261">
        <ele>0.0</ele>
    </trkpt>
    <trkpt lat="45.38176" lon="9.26303">
        <ele>0.0</ele>
    </trkpt>
    <trkpt lat="45.38168" lon="9.26343">
        <ele>0.0</ele>
    </trkpt>
    <trkpt lat="45.38167" lon="9.26346">
        <ele>0.0</ele>
    </trkpt>
    <trkpt lat="45.38165" lon="9.26372">
        <ele>0.0</ele>
    </trkpt>
    <trkpt lat="45.38165" lon="9.26385">
        <ele>0.0</ele>
    </trkpt>
    <trkpt lat="45.38168" lon="9.2642">
        <ele>0.0</ele>
    </trkpt>
    <trkpt lat="45.38171" lon="9.26433">
        <ele>0.0</ele>
    </trkpt>
    <trkpt lat="45.3818" lon="9.26463">
        <ele>0.0</ele>
    </trkpt>
    <trkpt lat="45.38185" lon="9.26476">
        <ele>0.0</ele>
    </trkpt>
    <trkpt lat="45.38193" lon="9.26493">
        <ele>0.0</ele>
    </trkpt>
    <trkpt lat="45.38443" lon="9.2689">
        <ele>0.0</ele>
    </trkpt>
    <trkpt lat="45.38446" lon="9.26894">
        <ele>0.0</ele>
    </trkpt>
    <trkpt lat="45.38449" lon="9.269">
        <ele>0.0</ele>
    </trkpt>
    <trkpt lat="45.38454" lon="9.26907">
        <ele>0.0</ele>
    </trkpt>
    <trkpt lat="45.3846" lon="9.26914">
        <ele>0.0</ele>
    </trkpt>
    <trkpt lat="45.38471" lon="9.26925">
        <ele>0.0</ele>
    </trkpt>
    <trkpt lat="45.38484" lon="9.26934">
        <ele>0.0</ele>
    </trkpt>
    <trkpt lat="45.385" lon="9.26941">
        <ele>0.0</ele>
    </trkpt>
    <trkpt lat="45.38505" lon="9.26942">
        <ele>0.0</ele>
    </trkpt>
    <trkpt lat="45.38516" lon="9.26942">
        <ele>0.0</ele>
    </trkpt>
    <trkpt lat="45.38532" lon="9.2694">
        <ele>0.0</ele>
    </trkpt>
    <trkpt lat="45.38545" lon="9.26936">
        <ele>0.0</ele>
    </trkpt>
    <trkpt lat="45.38552" lon="9.26932">
        <ele>0.0</ele>
    </trkpt>
    <trkpt lat="45.38559" lon="9.26927">
        <ele>0.0</ele>
    </trkpt>
    <trkpt lat="45.38564" lon="9.26922">
        <ele>0.0</ele>
    </trkpt>
    <trkpt lat="45.3857" lon="9.26917">
        <ele>0.0</ele>
    </trkpt>
    <trkpt lat="45.38577" lon="9.26908">
        <ele>0.0</ele>
    </trkpt>
    <trkpt lat="45.38583" lon="9.26899">
        <ele>0.0</ele>
    </trkpt>
    <trkpt lat="45.38591" lon="9.26885">
        <ele>0.0</ele>
    </trkpt>
    <trkpt lat="45.38595" lon="9.26876">
        <ele>0.0</ele>
    </trkpt>
    <trkpt lat="45.38595" lon="9.26875">
        <ele>0.0</ele>
    </trkpt>
    <trkpt lat="45.386" lon="9.26863">
        <ele>0.0</ele>
    </trkpt>
    <trkpt lat="45.38626" lon="9.2679">
        <ele>0.0</ele>
    </trkpt>
    <trkpt lat="45.38628" lon="9.26786">
        <ele>0.0</ele>
    </trkpt>
    <trkpt lat="45.38688" lon="9.26623">
        <ele>0.0</ele>
    </trkpt>
    <trkpt lat="45.38695" lon="9.26607">
        <ele>0.0</ele>
    </trkpt>
    <trkpt lat="45.38707" lon="9.26587">
        <ele>0.0</ele>
    </trkpt>
    <trkpt lat="45.38712" lon="9.26581">
        <ele>0.0</ele>
    </trkpt>
    <trkpt lat="45.38718" lon="9.26572">
        <ele>0.0</ele>
    </trkpt>
    <trkpt lat="45.38723" lon="9.26567">
        <ele>0.0</ele>
    </trkpt>
    <trkpt lat="45.38822" lon="9.26451">
        <ele>0.0</ele>
    </trkpt>
    <trkpt lat="45.38858" lon="9.26405">
        <ele>0.0</ele>
    </trkpt>
    <trkpt lat="45.3889" lon="9.26368">
        <ele>0.0</ele>
    </trkpt>
    <trkpt lat="45.38895" lon="9.26363">
        <ele>0.0</ele>
    </trkpt>
    <trkpt lat="45.38908" lon="9.26346">
        <ele>0.0</ele>
    </trkpt>
    <trkpt lat="45.38919" lon="9.26325">
        <ele>0.0</ele>
    </trkpt>
    <trkpt lat="45.38943" lon="9.26301">
        <ele>0.0</ele>
    </trkpt>
    <trkpt lat="45.38948" lon="9.26295">
        <ele>0.0</ele>
    </trkpt>
    <trkpt lat="45.38954" lon="9.2629">
        <ele>0.0</ele>
    </trkpt>
    <trkpt lat="45.38959" lon="9.26285">
        <ele>0.0</ele>
    </trkpt>
    <trkpt lat="45.38965" lon="9.26281">
        <ele>0.0</ele>
    </trkpt>
    <trkpt lat="45.38998" lon="9.26252">
        <ele>0.0</ele>
    </trkpt>
    <trkpt lat="45.39048" lon="9.26214">
        <ele>0.0</ele>
    </trkpt>
    <trkpt lat="45.39052" lon="9.2621">
        <ele>0.0</ele>
    </trkpt>
    <trkpt lat="45.39075" lon="9.26194">
        <ele>0.0</ele>
    </trkpt>
    <trkpt lat="45.39079" lon="9.26192">
        <ele>0.0</ele>
    </trkpt>
    <trkpt lat="45.39084" lon="9.26188">
        <ele>0.0</ele>
    </trkpt>
    <trkpt lat="45.39146" lon="9.26149">
        <ele>0.0</ele>
    </trkpt>
    <trkpt lat="45.39166" lon="9.26138">
        <ele>0.0</ele>
    </trkpt>
    <trkpt lat="45.39173" lon="9.26135">
        <ele>0.0</ele>
    </trkpt>
    <trkpt lat="45.39192" lon="9.26125">
        <ele>0.0</ele>
    </trkpt>
    <trkpt lat="45.39198" lon="9.26123">
        <ele>0.0</ele>
    </trkpt>
    <trkpt lat="45.392" lon="9.26121">
        <ele>0.0</ele>
    </trkpt>
    <trkpt lat="45.39214" lon="9.26115">
        <ele>0.0</ele>
    </trkpt>
    <trkpt lat="45.39221" lon="9.26113">
        <ele>0.0</ele>
    </trkpt>
    <trkpt lat="45.39251" lon="9.261">
        <ele>0.0</ele>
    </trkpt>
    <trkpt lat="45.39334" lon="9.26071">
        <ele>0.0</ele>
    </trkpt>
    <trkpt lat="45.39369" lon="9.26062">
        <ele>0.0</ele>
    </trkpt>
    <trkpt lat="45.39421" lon="9.26052">
        <ele>0.0</ele>
    </trkpt>
    <trkpt lat="45.3946" lon="9.26046">
        <ele>0.0</ele>
    </trkpt>
    <trkpt lat="45.39521" lon="9.26043">
        <ele>0.0</ele>
    </trkpt>
    <trkpt lat="45.39555" lon="9.26043">
        <ele>0.0</ele>
    </trkpt>
    <trkpt lat="45.39609" lon="9.26046">
        <ele>0.0</ele>
    </trkpt>
    <trkpt lat="45.39689" lon="9.26053">
        <ele>0.0</ele>
    </trkpt>
    <trkpt lat="45.39694" lon="9.26053">
        <ele>0.0</ele>
    </trkpt>
    <trkpt lat="45.40039" lon="9.26089">
        <ele>0.0</ele>
    </trkpt>
    <trkpt lat="45.4005" lon="9.26102">
        <ele>0.0</ele>
    </trkpt>
    <trkpt lat="45.40116" lon="9.26113">
        <ele>0.0</ele>
    </trkpt>
    <trkpt lat="45.40139" lon="9.26114">
        <ele>0.0</ele>
    </trkpt>
    <trkpt lat="45.40144" lon="9.26115">
        <ele>0.0</ele>
    </trkpt>
    <trkpt lat="45.40229" lon="9.26125">
        <ele>0.0</ele>
    </trkpt>
    <trkpt lat="45.40238" lon="9.26125">
        <ele>0.0</ele>
    </trkpt>
    <trkpt lat="45.40248" lon="9.26126">
        <ele>0.0</ele>
    </trkpt>
    <trkpt lat="45.40259" lon="9.26128">
        <ele>0.0</ele>
    </trkpt>
    <trkpt lat="45.40324" lon="9.26135">
        <ele>0.0</ele>
    </trkpt>
    <trkpt lat="45.40343" lon="9.26138">
        <ele>0.0</ele>
    </trkpt>
    <trkpt lat="45.4035" lon="9.26138">
        <ele>0.0</ele>
    </trkpt>
    <trkpt lat="45.40394" lon="9.26143">
        <ele>0.0</ele>
    </trkpt>
    <trkpt lat="45.40399" lon="9.26143">
        <ele>0.0</ele>
    </trkpt>
    <trkpt lat="45.40584" lon="9.26162">
        <ele>0.0</ele>
    </trkpt>
    <trkpt lat="45.40665" lon="9.26161">
        <ele>0.0</ele>
    </trkpt>
    <trkpt lat="45.40677" lon="9.26162">
        <ele>0.0</ele>
    </trkpt>
    <trkpt lat="45.40688" lon="9.26162">
        <ele>0.0</ele>
    </trkpt>
    <trkpt lat="45.40861" lon="9.26181">
        <ele>0.0</ele>
    </trkpt>
    <trkpt lat="45.40917" lon="9.26191">
        <ele>0.0</ele>
    </trkpt>
    <trkpt lat="45.40978" lon="9.26206">
        <ele>0.0</ele>
    </trkpt>
    <trkpt lat="45.40984" lon="9.26207">
        <ele>0.0</ele>
    </trkpt>
    <trkpt lat="45.40996" lon="9.26214">
        <ele>0.0</ele>
    </trkpt>
    <trkpt lat="45.40997" lon="9.26215">
        <ele>0.0</ele>
    </trkpt>
    <trkpt lat="45.40998" lon="9.26215">
        <ele>0.0</ele>
    </trkpt>
    <trkpt lat="45.41023" lon="9.2622">
        <ele>0.0</ele>
    </trkpt>
    <trkpt lat="45.41105" lon="9.2623">
        <ele>0.0</ele>
    </trkpt>
    <trkpt lat="45.41172" lon="9.26236">
        <ele>0.0</ele>
    </trkpt>
    <trkpt lat="45.41178" lon="9.26237">
        <ele>0.0</ele>
    </trkpt>
    <trkpt lat="45.41228" lon="9.26238">
        <ele>0.0</ele>
    </trkpt>
    <trkpt lat="45.41238" lon="9.26237">
        <ele>0.0</ele>
    </trkpt>
    <trkpt lat="45.41269" lon="9.26231">
        <ele>0.0</ele>
    </trkpt>
    <trkpt lat="45.41277" lon="9.26228">
        <ele>0.0</ele>
    </trkpt>
    <trkpt lat="45.41291" lon="9.26221">
        <ele>0.0</ele>
    </trkpt>
    <trkpt lat="45.41292" lon="9.26221">
        <ele>0.0</ele>
    </trkpt>
    <trkpt lat="45.41308" lon="9.26212">
        <ele>0.0</ele>
    </trkpt>
    <trkpt lat="45.41347" lon="9.26182">
        <ele>0.0</ele>
    </trkpt>
    <trkpt lat="45.41354" lon="9.26178">
        <ele>0.0</ele>
    </trkpt>
    <trkpt lat="45.41368" lon="9.26164">
        <ele>0.0</ele>
    </trkpt>
    <trkpt lat="45.41385" lon="9.26144">
        <ele>0.0</ele>
    </trkpt>
    <trkpt lat="45.41393" lon="9.26131">
        <ele>0.0</ele>
    </trkpt>
    <trkpt lat="45.41403" lon="9.26118">
        <ele>0.0</ele>
    </trkpt>
    <trkpt lat="45.41428" lon="9.26075">
        <ele>0.0</ele>
    </trkpt>
    <trkpt lat="45.41431" lon="9.26066">
        <ele>0.0</ele>
    </trkpt>
    <trkpt lat="45.41454" lon="9.26017">
        <ele>0.0</ele>
    </trkpt>
    <trkpt lat="45.41463" lon="9.26002">
        <ele>0.0</ele>
    </trkpt>
    <trkpt lat="45.41504" lon="9.25913">
        <ele>0.0</ele>
    </trkpt>
    <trkpt lat="45.41508" lon="9.2591">
        <ele>0.0</ele>
    </trkpt>
    <trkpt lat="45.41514" lon="9.25899">
        <ele>0.0</ele>
    </trkpt>
    <trkpt lat="45.41516" lon="9.25894">
        <ele>0.0</ele>
    </trkpt>
    <trkpt lat="45.41524" lon="9.25879">
        <ele>0.0</ele>
    </trkpt>
    <trkpt lat="45.41538" lon="9.25859">
        <ele>0.0</ele>
    </trkpt>
    <trkpt lat="45.41547" lon="9.2585">
        <ele>0.0</ele>
    </trkpt>
    <trkpt lat="45.41563" lon="9.25839">
        <ele>0.0</ele>
    </trkpt>
    <trkpt lat="45.41568" lon="9.25837">
        <ele>0.0</ele>
    </trkpt>
    <trkpt lat="45.41578" lon="9.25834">
        <ele>0.0</ele>
    </trkpt>
    <trkpt lat="45.41579" lon="9.25833">
        <ele>0.0</ele>
    </trkpt>
    <trkpt lat="45.41592" lon="9.25829">
        <ele>0.0</ele>
    </trkpt>
    <trkpt lat="45.41595" lon="9.25826">
        <ele>0.0</ele>
    </trkpt>
    <trkpt lat="45.41616" lon="9.25798">
        <ele>0.0</ele>
    </trkpt>
    <trkpt lat="45.41647" lon="9.25751">
        <ele>0.0</ele>
    </trkpt>
    <trkpt lat="45.41651" lon="9.25735">
        <ele>0.0</ele>
    </trkpt>
    <trkpt lat="45.41651" lon="9.25729">
        <ele>0.0</ele>
    </trkpt>
    <trkpt lat="45.4165" lon="9.25725">
        <ele>0.0</ele>
    </trkpt>
    <trkpt lat="45.4165" lon="9.25723">
        <ele>0.0</ele>
    </trkpt>
    <trkpt lat="45.41649" lon="9.2572">
        <ele>0.0</ele>
    </trkpt>
    <trkpt lat="45.41648" lon="9.25715">
        <ele>0.0</ele>
    </trkpt>
    <trkpt lat="45.4164" lon="9.25689">
        <ele>0.0</ele>
    </trkpt>
    <trkpt lat="45.41623" lon="9.25641">
        <ele>0.0</ele>
    </trkpt>
    <trkpt lat="45.41621" lon="9.25633">
        <ele>0.0</ele>
    </trkpt>
    <trkpt lat="45.41562" lon="9.25458">
        <ele>0.0</ele>
    </trkpt>
    <trkpt lat="45.41564" lon="9.25453">
        <ele>0.0</ele>
    </trkpt>
    <trkpt lat="45.41564" lon="9.25448">
        <ele>0.0</ele>
    </trkpt>
    <trkpt lat="45.41556" lon="9.25415">
        <ele>0.0</ele>
    </trkpt>
    <trkpt lat="45.41554" lon="9.2541">
        <ele>0.0</ele>
    </trkpt>
    <trkpt lat="45.41522" lon="9.25285">
        <ele>0.0</ele>
    </trkpt>
    <trkpt lat="45.41518" lon="9.25277">
        <ele>0.0</ele>
    </trkpt>
    <trkpt lat="45.41515" lon="9.25275">
        <ele>0.0</ele>
    </trkpt>
    <trkpt lat="45.41511" lon="9.25273">
        <ele>0.0</ele>
    </trkpt>
    <trkpt lat="45.41508" lon="9.25273">
        <ele>0.0</ele>
    </trkpt>
    <trkpt lat="45.41501" lon="9.25277">
        <ele>0.0</ele>
    </trkpt>
    <trkpt lat="45.41494" lon="9.25283">
        <ele>0.0</ele>
    </trkpt>
    <trkpt lat="45.41483" lon="9.25291">
        <ele>0.0</ele>
    </trkpt>
    <trkpt lat="45.41544" lon="9.25425">
        <ele>0.0</ele>
    </trkpt>
    <trkpt lat="45.41555" lon="9.25454">
        <ele>0.0</ele>
    </trkpt>
    <trkpt lat="45.41557" lon="9.25456">
        <ele>0.0</ele>
    </trkpt>
    <trkpt lat="45.41561" lon="9.25467">
        <ele>0.0</ele>
    </trkpt>
    <trkpt lat="45.41568" lon="9.25476">
        <ele>0.0</ele>
    </trkpt>
    <trkpt lat="45.41621" lon="9.25633">
        <ele>0.0</ele>
    </trkpt>
    <trkpt lat="45.41623" lon="9.25641">
        <ele>0.0</ele>
    </trkpt>
    <trkpt lat="45.41621" lon="9.25645">
        <ele>0.0</ele>
    </trkpt>
    <trkpt lat="45.41614" lon="9.25656">
        <ele>0.0</ele>
    </trkpt>
    <trkpt lat="45.41612" lon="9.25661">
        <ele>0.0</ele>
    </trkpt>
    <trkpt lat="45.4161" lon="9.25663">
        <ele>0.0</ele>
    </trkpt>
    <trkpt lat="45.41602" lon="9.25675">
        <ele>0.0</ele>
    </trkpt>
    <trkpt lat="45.41598" lon="9.2568">
        <ele>0.0</ele>
    </trkpt>
    <trkpt lat="45.41595" lon="9.25683">
        <ele>0.0</ele>
    </trkpt>
    <trkpt lat="45.4158" lon="9.25701">
        <ele>0.0</ele>
    </trkpt>
    <trkpt lat="45.41572" lon="9.25712">
        <ele>0.0</ele>
    </trkpt>
    <trkpt lat="45.4157" lon="9.25714">
        <ele>0.0</ele>
    </trkpt>
    <trkpt lat="45.41553" lon="9.25735">
        <ele>0.0</ele>
    </trkpt>
    <trkpt lat="45.41528" lon="9.25773">
        <ele>0.0</ele>
    </trkpt>
    <trkpt lat="45.41516" lon="9.25794">
        <ele>0.0</ele>
    </trkpt>
    <trkpt lat="45.41515" lon="9.25795">
        <ele>0.0</ele>
    </trkpt>
    <trkpt lat="45.41509" lon="9.25805">
        <ele>0.0</ele>
    </trkpt>
    <trkpt lat="45.41505" lon="9.25814">
        <ele>0.0</ele>
    </trkpt>
    <trkpt lat="45.41503" lon="9.25817">
        <ele>0.0</ele>
    </trkpt>
    <trkpt lat="45.41494" lon="9.25834">
        <ele>0.0</ele>
    </trkpt>
    <trkpt lat="45.41492" lon="9.25839">
        <ele>0.0</ele>
    </trkpt>
    <trkpt lat="45.41491" lon="9.25843">
        <ele>0.0</ele>
    </trkpt>
    <trkpt lat="45.4149" lon="9.25852">
        <ele>0.0</ele>
    </trkpt>
    <trkpt lat="45.4147" lon="9.25892">
        <ele>0.0</ele>
    </trkpt>
    <trkpt lat="45.41465" lon="9.259">
        <ele>0.0</ele>
    </trkpt>
    <trkpt lat="45.41456" lon="9.25917">
        <ele>0.0</ele>
    </trkpt>
    <trkpt lat="45.41446" lon="9.25933">
        <ele>0.0</ele>
    </trkpt>
    <trkpt lat="45.41442" lon="9.25938">
        <ele>0.0</ele>
    </trkpt>
    <trkpt lat="45.41438" lon="9.25941">
        <ele>0.0</ele>
    </trkpt>
    <trkpt lat="45.41436" lon="9.25943">
        <ele>0.0</ele>
    </trkpt>
    <trkpt lat="45.41435" lon="9.25943">
        <ele>0.0</ele>
    </trkpt>
    <trkpt lat="45.41433" lon="9.25945">
        <ele>0.0</ele>
    </trkpt>
    <trkpt lat="45.4143" lon="9.25946">
        <ele>0.0</ele>
    </trkpt>
    <trkpt lat="45.41429" lon="9.25947">
        <ele>0.0</ele>
    </trkpt>
    <trkpt lat="45.41425" lon="9.25948">
        <ele>0.0</ele>
    </trkpt>
    <trkpt lat="45.41421" lon="9.25948">
        <ele>0.0</ele>
    </trkpt>
    <trkpt lat="45.41419" lon="9.25949">
        <ele>0.0</ele>
    </trkpt>
    <trkpt lat="45.41412" lon="9.25948">
        <ele>0.0</ele>
    </trkpt>
    <trkpt lat="45.41386" lon="9.25947">
        <ele>0.0</ele>
    </trkpt>
    <trkpt lat="45.41383" lon="9.25948">
        <ele>0.0</ele>
    </trkpt>
    <trkpt lat="45.4138" lon="9.2595">
        <ele>0.0</ele>
    </trkpt>
    <trkpt lat="45.41377" lon="9.25953">
        <ele>0.0</ele>
    </trkpt>
    <trkpt lat="45.41375" lon="9.25954">
        <ele>0.0</ele>
    </trkpt>
    <trkpt lat="45.41354" lon="9.2598">
        <ele>0.0</ele>
    </trkpt>
    <trkpt lat="45.41349" lon="9.25982">
        <ele>0.0</ele>
    </trkpt>
    <trkpt lat="45.41311" lon="9.26029">
        <ele>0.0</ele>
    </trkpt>
    <trkpt lat="45.41306" lon="9.26034">
        <ele>0.0</ele>
    </trkpt>
    <trkpt lat="45.41293" lon="9.26052">
        <ele>0.0</ele>
    </trkpt>
    <trkpt lat="45.41288" lon="9.26062">
        <ele>0.0</ele>
    </trkpt>
    <trkpt lat="45.41288" lon="9.26071">
        <ele>0.0</ele>
    </trkpt>
    <trkpt lat="45.4129" lon="9.26081">
        <ele>0.0</ele>
    </trkpt>
    <trkpt lat="45.41292" lon="9.26087">
        <ele>0.0</ele>
    </trkpt>
    <trkpt lat="45.41295" lon="9.26092">
        <ele>0.0</ele>
    </trkpt>
    <trkpt lat="45.41298" lon="9.26094">
        <ele>0.0</ele>
    </trkpt>
    <trkpt lat="45.41299" lon="9.26095">
        <ele>0.0</ele>
    </trkpt>
    <trkpt lat="45.41302" lon="9.26096">
        <ele>0.0</ele>
    </trkpt>
    <trkpt lat="45.41307" lon="9.26097">
        <ele>0.0</ele>
    </trkpt>
    <trkpt lat="45.41309" lon="9.26096">
        <ele>0.0</ele>
    </trkpt>
    <trkpt lat="45.41311" lon="9.26096">
        <ele>0.0</ele>
    </trkpt>
    <trkpt lat="45.41316" lon="9.26094">
        <ele>0.0</ele>
    </trkpt>
    <trkpt lat="45.41321" lon="9.2609">
        <ele>0.0</ele>
    </trkpt>
    <trkpt lat="45.41332" lon="9.26092">
        <ele>0.0</ele>
    </trkpt>
    <trkpt lat="45.41339" lon="9.26094">
        <ele>0.0</ele>
    </trkpt>
    <trkpt lat="45.41351" lon="9.26099">
        <ele>0.0</ele>
    </trkpt>
    <trkpt lat="45.41358" lon="9.261">
        <ele>0.0</ele>
    </trkpt>
    <trkpt lat="45.41374" lon="9.26113">
        <ele>0.0</ele>
    </trkpt>
    <trkpt lat="45.41393" lon="9.26124">
        <ele>0.0</ele>
    </trkpt>
    <trkpt lat="45.415" lon="9.26193">
        <ele>0.0</ele>
    </trkpt>
    <trkpt lat="45.41511" lon="9.26208">
        <ele>0.0</ele>
    </trkpt>
    <trkpt lat="45.41524" lon="9.26236">
        <ele>0.0</ele>
    </trkpt>
    <trkpt lat="45.41524" lon="9.26239">
        <ele>0.0</ele>
    </trkpt>
    <trkpt lat="45.41526" lon="9.26245">
        <ele>0.0</ele>
    </trkpt>
    <trkpt lat="45.41531" lon="9.26252">
        <ele>0.0</ele>
    </trkpt>
    <trkpt lat="45.41532" lon="9.26254">
        <ele>0.0</ele>
    </trkpt>
    <trkpt lat="45.41537" lon="9.26256">
        <ele>0.0</ele>
    </trkpt>
    <trkpt lat="45.41543" lon="9.26262">
        <ele>0.0</ele>
    </trkpt>
    <trkpt lat="45.41547" lon="9.26268">
        <ele>0.0</ele>
    </trkpt>
    <trkpt lat="45.41554" lon="9.26283">
        <ele>0.0</ele>
    </trkpt>
    <trkpt lat="45.41553" lon="9.26295">
        <ele>0.0</ele>
    </trkpt>
    <trkpt lat="45.41567" lon="9.2649">
        <ele>0.0</ele>
    </trkpt>
    <trkpt lat="45.4157" lon="9.26517">
        <ele>0.0</ele>
    </trkpt>
    <trkpt lat="45.41573" lon="9.26531">
        <ele>0.0</ele>
    </trkpt>
    <trkpt lat="45.41581" lon="9.26555">
        <ele>0.0</ele>
    </trkpt>
    <trkpt lat="45.41573" lon="9.26531">
        <ele>0.0</ele>
    </trkpt>
    <trkpt lat="45.4157" lon="9.26517">
        <ele>0.0</ele>
    </trkpt>
    <trkpt lat="45.41567" lon="9.2649">
        <ele>0.0</ele>
    </trkpt>
    <trkpt lat="45.41553" lon="9.26295">
        <ele>0.0</ele>
    </trkpt>
    <trkpt lat="45.41554" lon="9.26283">
        <ele>0.0</ele>
    </trkpt>
    <trkpt lat="45.41553" lon="9.26265">
        <ele>0.0</ele>
    </trkpt>
    <trkpt lat="45.41552" lon="9.26262">
        <ele>0.0</ele>
    </trkpt>
    <trkpt lat="45.41551" lon="9.2625">
        <ele>0.0</ele>
    </trkpt>
    <trkpt lat="45.41555" lon="9.26242">
        <ele>0.0</ele>
    </trkpt>
    <trkpt lat="45.41556" lon="9.26235">
        <ele>0.0</ele>
    </trkpt>
    <trkpt lat="45.41556" lon="9.26228">
        <ele>0.0</ele>
    </trkpt>
    <trkpt lat="45.41554" lon="9.26222">
        <ele>0.0</ele>
    </trkpt>
    <trkpt lat="45.41552" lon="9.26218">
        <ele>0.0</ele>
    </trkpt>
    <trkpt lat="45.41548" lon="9.26214">
        <ele>0.0</ele>
    </trkpt>
    <trkpt lat="45.41542" lon="9.26211">
        <ele>0.0</ele>
    </trkpt>
    <trkpt lat="45.4154" lon="9.26211">
        <ele>0.0</ele>
    </trkpt>
    <trkpt lat="45.41536" lon="9.26205">
        <ele>0.0</ele>
    </trkpt>
    <trkpt lat="45.4146" lon="9.26147">
        <ele>0.0</ele>
    </trkpt>
    <trkpt lat="45.41448" lon="9.26136">
        <ele>0.0</ele>
    </trkpt>
    <trkpt lat="45.41442" lon="9.26128">
        <ele>0.0</ele>
    </trkpt>
    <trkpt lat="45.4144" lon="9.26124">
        <ele>0.0</ele>
    </trkpt>
    <trkpt lat="45.41438" lon="9.26121">
        <ele>0.0</ele>
    </trkpt>
    <trkpt lat="45.41437" lon="9.26117">
        <ele>0.0</ele>
    </trkpt>
    <trkpt lat="45.41436" lon="9.26115">
        <ele>0.0</ele>
    </trkpt>
    <trkpt lat="45.41436" lon="9.26114">
        <ele>0.0</ele>
    </trkpt>
    <trkpt lat="45.41435" lon="9.26111">
        <ele>0.0</ele>
    </trkpt>
    <trkpt lat="45.41434" lon="9.26101">
        <ele>0.0</ele>
    </trkpt>
    <trkpt lat="45.41434" lon="9.26088">
        <ele>0.0</ele>
    </trkpt>
    <trkpt lat="45.41436" lon="9.26076">
        <ele>0.0</ele>
    </trkpt>
    <trkpt lat="45.41449" lon="9.26044">
        <ele>0.0</ele>
    </trkpt>
    <trkpt lat="45.41462" lon="9.26016">
        <ele>0.0</ele>
    </trkpt>
    <trkpt lat="45.41463" lon="9.2601">
        <ele>0.0</ele>
    </trkpt>
    <trkpt lat="45.41463" lon="9.26002">
        <ele>0.0</ele>
    </trkpt>
    <trkpt lat="45.41504" lon="9.25913">
        <ele>0.0</ele>
    </trkpt>
    <trkpt lat="45.41508" lon="9.25899">
        <ele>0.0</ele>
    </trkpt>
    <trkpt lat="45.41526" lon="9.25861">
        <ele>0.0</ele>
    </trkpt>
    <trkpt lat="45.41573" lon="9.25785">
        <ele>0.0</ele>
    </trkpt>
    <trkpt lat="45.41705" lon="9.25614">
        <ele>0.0</ele>
    </trkpt>
    <trkpt lat="45.41823" lon="9.25468">
        <ele>0.0</ele>
    </trkpt>
    <trkpt lat="45.41873" lon="9.25399">
        <ele>0.0</ele>
    </trkpt>
    <trkpt lat="45.41898" lon="9.25367">
        <ele>0.0</ele>
    </trkpt>
    <trkpt lat="45.41902" lon="9.25357">
        <ele>0.0</ele>
    </trkpt>
    <trkpt lat="45.41945" lon="9.25298">
        <ele>0.0</ele>
    </trkpt>
    <trkpt lat="45.41946" lon="9.25297">
        <ele>0.0</ele>
    </trkpt>
    <trkpt lat="45.41947" lon="9.25285">
        <ele>0.0</ele>
    </trkpt>
    <trkpt lat="45.41966" lon="9.25263">
        <ele>0.0</ele>
    </trkpt>
    <trkpt lat="45.41968" lon="9.2526">
        <ele>0.0</ele>
    </trkpt>
    <trkpt lat="45.41974" lon="9.25254">
        <ele>0.0</ele>
    </trkpt>
    <trkpt lat="45.41977" lon="9.2525">
        <ele>0.0</ele>
    </trkpt>
    <trkpt lat="45.41984" lon="9.25245">
        <ele>0.0</ele>
    </trkpt>
    <trkpt lat="45.42002" lon="9.25229">
        <ele>0.0</ele>
    </trkpt>
    <trkpt lat="45.42008" lon="9.25225">
        <ele>0.0</ele>
    </trkpt>
    <trkpt lat="45.42015" lon="9.25219">
        <ele>0.0</ele>
    </trkpt>
    <trkpt lat="45.42026" lon="9.25213">
        <ele>0.0</ele>
    </trkpt>
    <trkpt lat="45.42028" lon="9.25211">
        <ele>0.0</ele>
    </trkpt>
    <trkpt lat="45.42041" lon="9.25204">
        <ele>0.0</ele>
    </trkpt>
    <trkpt lat="45.42088" lon="9.25186">
        <ele>0.0</ele>
    </trkpt>
    <trkpt lat="45.4209" lon="9.25186">
        <ele>0.0</ele>
    </trkpt>
    <trkpt lat="45.42114" lon="9.25177">
        <ele>0.0</ele>
    </trkpt>
    <trkpt lat="45.42151" lon="9.25161">
        <ele>0.0</ele>
    </trkpt>
    <trkpt lat="45.42173" lon="9.2515">
        <ele>0.0</ele>
    </trkpt>
    <trkpt lat="45.42204" lon="9.25128">
        <ele>0.0</ele>
    </trkpt>
    <trkpt lat="45.4221" lon="9.25123">
        <ele>0.0</ele>
    </trkpt>
    <trkpt lat="45.42221" lon="9.25112">
        <ele>0.0</ele>
    </trkpt>
    <trkpt lat="45.42225" lon="9.25109">
        <ele>0.0</ele>
    </trkpt>
    <trkpt lat="45.42229" lon="9.25104">
        <ele>0.0</ele>
    </trkpt>
    <trkpt lat="45.42231" lon="9.25103">
        <ele>0.0</ele>
    </trkpt>
    <trkpt lat="45.42382" lon="9.24955">
        <ele>0.0</ele>
    </trkpt>
    <trkpt lat="45.42394" lon="9.24946">
        <ele>0.0</ele>
    </trkpt>
    <trkpt lat="45.42409" lon="9.24933">
        <ele>0.0</ele>
    </trkpt>
    <trkpt lat="45.42471" lon="9.24874">
        <ele>0.0</ele>
    </trkpt>
    <trkpt lat="45.42477" lon="9.24869">
        <ele>0.0</ele>
    </trkpt>
    <trkpt lat="45.42529" lon="9.24814">
        <ele>0.0</ele>
    </trkpt>
    <trkpt lat="45.42541" lon="9.24809">
        <ele>0.0</ele>
    </trkpt>
    <trkpt lat="45.42562" lon="9.24791">
        <ele>0.0</ele>
    </trkpt>
    <trkpt lat="45.42567" lon="9.24786">
        <ele>0.0</ele>
    </trkpt>
    <trkpt lat="45.4261" lon="9.24749">
        <ele>0.0</ele>
    </trkpt>
    <trkpt lat="45.42624" lon="9.2474">
        <ele>0.0</ele>
    </trkpt>
    <trkpt lat="45.42627" lon="9.24737">
        <ele>0.0</ele>
    </trkpt>
    <trkpt lat="45.42648" lon="9.24727">
        <ele>0.0</ele>
    </trkpt>
    <trkpt lat="45.42662" lon="9.24722">
        <ele>0.0</ele>
    </trkpt>
    <trkpt lat="45.42684" lon="9.24716">
        <ele>0.0</ele>
    </trkpt>
    <trkpt lat="45.42718" lon="9.24712">
        <ele>0.0</ele>
    </trkpt>
    <trkpt lat="45.42733" lon="9.24713">
        <ele>0.0</ele>
    </trkpt>
    <trkpt lat="45.42762" lon="9.2472">
        <ele>0.0</ele>
    </trkpt>
    <trkpt lat="45.42774" lon="9.24724">
        <ele>0.0</ele>
    </trkpt>
    <trkpt lat="45.42804" lon="9.24739">
        <ele>0.0</ele>
    </trkpt>
    <trkpt lat="45.42829" lon="9.24758">
        <ele>0.0</ele>
    </trkpt>
    <trkpt lat="45.42852" lon="9.2478">
        <ele>0.0</ele>
    </trkpt>
    <trkpt lat="45.42858" lon="9.24788">
        <ele>0.0</ele>
    </trkpt>
    <trkpt lat="45.42866" lon="9.24797">
        <ele>0.0</ele>
    </trkpt>
    <trkpt lat="45.42955" lon="9.24934">
        <ele>0.0</ele>
    </trkpt>
    <trkpt lat="45.42966" lon="9.24944">
        <ele>0.0</ele>
    </trkpt>
    <trkpt lat="45.4303" lon="9.2505">
        <ele>0.0</ele>
    </trkpt>
    <trkpt lat="45.43036" lon="9.25058">
        <ele>0.0</ele>
    </trkpt>
    <trkpt lat="45.43063" lon="9.251">
        <ele>0.0</ele>
    </trkpt>
    <trkpt lat="45.43066" lon="9.25106">
        <ele>0.0</ele>
    </trkpt>
    <trkpt lat="45.43102" lon="9.25162">
        <ele>0.0</ele>
    </trkpt>
    <trkpt lat="45.43123" lon="9.25192">
        <ele>0.0</ele>
    </trkpt>
    <trkpt lat="45.43129" lon="9.25202">
        <ele>0.0</ele>
    </trkpt>
    <trkpt lat="45.43178" lon="9.25265">
        <ele>0.0</ele>
    </trkpt>
    <trkpt lat="45.43234" lon="9.25329">
        <ele>0.0</ele>
    </trkpt>
    <trkpt lat="45.43296" lon="9.2539">
        <ele>0.0</ele>
    </trkpt>
    <trkpt lat="45.43348" lon="9.25437">
        <ele>0.0</ele>
    </trkpt>
    <trkpt lat="45.43368" lon="9.25453">
        <ele>0.0</ele>
    </trkpt>
    <trkpt lat="45.43385" lon="9.25465">
        <ele>0.0</ele>
    </trkpt>
    <trkpt lat="45.43413" lon="9.25487">
        <ele>0.0</ele>
    </trkpt>
    <trkpt lat="45.43466" lon="9.25523">
        <ele>0.0</ele>
    </trkpt>
    <trkpt lat="45.4352" lon="9.25555">
        <ele>0.0</ele>
    </trkpt>
    <trkpt lat="45.43522" lon="9.25557">
        <ele>0.0</ele>
    </trkpt>
    <trkpt lat="45.43582" lon="9.25585">
        <ele>0.0</ele>
    </trkpt>
    <trkpt lat="45.43677" lon="9.25623">
        <ele>0.0</ele>
    </trkpt>
    <trkpt lat="45.43839" lon="9.2567">
        <ele>0.0</ele>
    </trkpt>
    <trkpt lat="45.43849" lon="9.25675">
        <ele>0.0</ele>
    </trkpt>
    <trkpt lat="45.44265" lon="9.25793">
        <ele>0.0</ele>
    </trkpt>
    <trkpt lat="45.44278" lon="9.25796">
        <ele>0.0</ele>
    </trkpt>
    <trkpt lat="45.44441" lon="9.25843">
        <ele>0.0</ele>
    </trkpt>
    <trkpt lat="45.44447" lon="9.25844">
        <ele>0.0</ele>
    </trkpt>
    <trkpt lat="45.44631" lon="9.25897">
        <ele>0.0</ele>
    </trkpt>
    <trkpt lat="45.44662" lon="9.25904">
        <ele>0.0</ele>
    </trkpt>
    <trkpt lat="45.44693" lon="9.25909">
        <ele>0.0</ele>
    </trkpt>
    <trkpt lat="45.44719" lon="9.25911">
        <ele>0.0</ele>
    </trkpt>
    <trkpt lat="45.44725" lon="9.25912">
        <ele>0.0</ele>
    </trkpt>
    <trkpt lat="45.44738" lon="9.25912">
        <ele>0.0</ele>
    </trkpt>
    <trkpt lat="45.44744" lon="9.25913">
        <ele>0.0</ele>
    </trkpt>
    <trkpt lat="45.44758" lon="9.25913">
        <ele>0.0</ele>
    </trkpt>
    <trkpt lat="45.44764" lon="9.25912">
        <ele>0.0</ele>
    </trkpt>
    <trkpt lat="45.44794" lon="9.25911">
        <ele>0.0</ele>
    </trkpt>
    <trkpt lat="45.44854" lon="9.25902">
        <ele>0.0</ele>
    </trkpt>
    <trkpt lat="45.44876" lon="9.25896">
        <ele>0.0</ele>
    </trkpt>
    <trkpt lat="45.44924" lon="9.2588">
        <ele>0.0</ele>
    </trkpt>
    <trkpt lat="45.44925" lon="9.2588">
        <ele>0.0</ele>
    </trkpt>
    <trkpt lat="45.44947" lon="9.2587">
        <ele>0.0</ele>
    </trkpt>
    <trkpt lat="45.44952" lon="9.25869">
        <ele>0.0</ele>
    </trkpt>
    <trkpt lat="45.44974" lon="9.25858">
        <ele>0.0</ele>
    </trkpt>
    <trkpt lat="45.45002" lon="9.25842">
        <ele>0.0</ele>
    </trkpt>
    <trkpt lat="45.45049" lon="9.25811">
        <ele>0.0</ele>
    </trkpt>
    <trkpt lat="45.45067" lon="9.25794">
        <ele>0.0</ele>
    </trkpt>
    <trkpt lat="45.45273" lon="9.25626">
        <ele>0.0</ele>
    </trkpt>
    <trkpt lat="45.45299" lon="9.25602">
        <ele>0.0</ele>
    </trkpt>
    <trkpt lat="45.45349" lon="9.25562">
        <ele>0.0</ele>
    </trkpt>
    <trkpt lat="45.45349" lon="9.25561">
        <ele>0.0</ele>
    </trkpt>
    <trkpt lat="45.45463" lon="9.25465">
        <ele>0.0</ele>
    </trkpt>
    <trkpt lat="45.4547" lon="9.2546">
        <ele>0.0</ele>
    </trkpt>
    <trkpt lat="45.45499" lon="9.25435">
        <ele>0.0</ele>
    </trkpt>
    <trkpt lat="45.45506" lon="9.2543">
        <ele>0.0</ele>
    </trkpt>
    <trkpt lat="45.45671" lon="9.25294">
        <ele>0.0</ele>
    </trkpt>
    <trkpt lat="45.4573" lon="9.25251">
        <ele>0.0</ele>
    </trkpt>
    <trkpt lat="45.45733" lon="9.2525">
        <ele>0.0</ele>
    </trkpt>
    <trkpt lat="45.45743" lon="9.25243">
        <ele>0.0</ele>
    </trkpt>
    <trkpt lat="45.45744" lon="9.25243">
        <ele>0.0</ele>
    </trkpt>
    <trkpt lat="45.45746" lon="9.25241">
        <ele>0.0</ele>
    </trkpt>
    <trkpt lat="45.45749" lon="9.2524">
        <ele>0.0</ele>
    </trkpt>
    <trkpt lat="45.45796" lon="9.25213">
        <ele>0.0</ele>
    </trkpt>
    <trkpt lat="45.45874" lon="9.25178">
        <ele>0.0</ele>
    </trkpt>
    <trkpt lat="45.45875" lon="9.25178">
        <ele>0.0</ele>
    </trkpt>
    <trkpt lat="45.45901" lon="9.25169">
        <ele>0.0</ele>
    </trkpt>
    <trkpt lat="45.45945" lon="9.25156">
        <ele>0.0</ele>
    </trkpt>
    <trkpt lat="45.45979" lon="9.25148">
        <ele>0.0</ele>
    </trkpt>
    <trkpt lat="45.46026" lon="9.25141">
        <ele>0.0</ele>
    </trkpt>
    <trkpt lat="45.46079" lon="9.25137">
        <ele>0.0</ele>
    </trkpt>
    <trkpt lat="45.46127" lon="9.25137">
        <ele>0.0</ele>
    </trkpt>
    <trkpt lat="45.46169" lon="9.2514">
        <ele>0.0</ele>
    </trkpt>
    <trkpt lat="45.46199" lon="9.25144">
        <ele>0.0</ele>
    </trkpt>
    <trkpt lat="45.46287" lon="9.25163">
        <ele>0.0</ele>
    </trkpt>
    <trkpt lat="45.46453" lon="9.25209">
        <ele>0.0</ele>
    </trkpt>
    <trkpt lat="45.46468" lon="9.25212">
        <ele>0.0</ele>
    </trkpt>
    <trkpt lat="45.46472" lon="9.25212">
        <ele>0.0</ele>
    </trkpt>
    <trkpt lat="45.46505" lon="9.25219">
        <ele>0.0</ele>
    </trkpt>
    <trkpt lat="45.46556" lon="9.25226">
        <ele>0.0</ele>
    </trkpt>
    <trkpt lat="45.46592" lon="9.25228">
        <ele>0.0</ele>
    </trkpt>
    <trkpt lat="45.46873" lon="9.25221">
        <ele>0.0</ele>
    </trkpt>
    <trkpt lat="45.46887" lon="9.2522">
        <ele>0.0</ele>
    </trkpt>
    <trkpt lat="45.46974" lon="9.25221">
        <ele>0.0</ele>
    </trkpt>
    <trkpt lat="45.4699" lon="9.25223">
        <ele>0.0</ele>
    </trkpt>
    <trkpt lat="45.4703" lon="9.25226">
        <ele>0.0</ele>
    </trkpt>
    <trkpt lat="45.47119" lon="9.25239">
        <ele>0.0</ele>
    </trkpt>
    <trkpt lat="45.47217" lon="9.25263">
        <ele>0.0</ele>
    </trkpt>
    <trkpt lat="45.47225" lon="9.25264">
        <ele>0.0</ele>
    </trkpt>
    <trkpt lat="45.47291" lon="9.25283">
        <ele>0.0</ele>
    </trkpt>
    <trkpt lat="45.47303" lon="9.25284">
        <ele>0.0</ele>
    </trkpt>
    <trkpt lat="45.47332" lon="9.25294">
        <ele>0.0</ele>
    </trkpt>
    <trkpt lat="45.47343" lon="9.25297">
        <ele>0.0</ele>
    </trkpt>
    <trkpt lat="45.4735" lon="9.253">
        <ele>0.0</ele>
    </trkpt>
    <trkpt lat="45.4742" lon="9.25323">
        <ele>0.0</ele>
    </trkpt>
    <trkpt lat="45.47422" lon="9.25324">
        <ele>0.0</ele>
    </trkpt>
    <trkpt lat="45.47472" lon="9.25341">
        <ele>0.0</ele>
    </trkpt>
    <trkpt lat="45.47473" lon="9.25342">
        <ele>0.0</ele>
    </trkpt>
    <trkpt lat="45.47492" lon="9.25349">
        <ele>0.0</ele>
    </trkpt>
    <trkpt lat="45.47552" lon="9.25366">
        <ele>0.0</ele>
    </trkpt>
    <trkpt lat="45.47578" lon="9.25371">
        <ele>0.0</ele>
    </trkpt>
    <trkpt lat="45.47625" lon="9.25375">
        <ele>0.0</ele>
    </trkpt>
    <trkpt lat="45.47667" lon="9.25377">
        <ele>0.0</ele>
    </trkpt>
    <trkpt lat="45.47727" lon="9.25369">
        <ele>0.0</ele>
    </trkpt>
    <trkpt lat="45.47734" lon="9.25366">
        <ele>0.0</ele>
    </trkpt>
    <trkpt lat="45.4778" lon="9.25351">
        <ele>0.0</ele>
    </trkpt>
    <trkpt lat="45.47864" lon="9.25313">
        <ele>0.0</ele>
    </trkpt>
    <trkpt lat="45.47905" lon="9.25296">
        <ele>0.0</ele>
    </trkpt>
    <trkpt lat="45.48036" lon="9.25236">
        <ele>0.0</ele>
    </trkpt>
    <trkpt lat="45.48047" lon="9.25232">
        <ele>0.0</ele>
    </trkpt>
    <trkpt lat="45.48089" lon="9.25211">
        <ele>0.0</ele>
    </trkpt>
    <trkpt lat="45.48218" lon="9.25154">
        <ele>0.0</ele>
    </trkpt>
    <trkpt lat="45.48234" lon="9.25148">
        <ele>0.0</ele>
    </trkpt>
    <trkpt lat="45.48249" lon="9.25154">
        <ele>0.0</ele>
    </trkpt>
    <trkpt lat="45.48251" lon="9.25153">
        <ele>0.0</ele>
    </trkpt>
    <trkpt lat="45.48271" lon="9.25149">
        <ele>0.0</ele>
    </trkpt>
    <trkpt lat="45.48308" lon="9.25137">
        <ele>0.0</ele>
    </trkpt>
    <trkpt lat="45.48359" lon="9.25129">
        <ele>0.0</ele>
    </trkpt>
    <trkpt lat="45.48371" lon="9.2513">
        <ele>0.0</ele>
    </trkpt>
    <trkpt lat="45.48393" lon="9.2513">
        <ele>0.0</ele>
    </trkpt>
    <trkpt lat="45.48406" lon="9.25132">
        <ele>0.0</ele>
    </trkpt>
    <trkpt lat="45.48429" lon="9.25137">
        <ele>0.0</ele>
    </trkpt>
    <trkpt lat="45.48452" lon="9.25138">
        <ele>0.0</ele>
    </trkpt>
    <trkpt lat="45.48593" lon="9.25156">
        <ele>0.0</ele>
    </trkpt>
    <trkpt lat="45.48595" lon="9.25156">
        <ele>0.0</ele>
    </trkpt>
    <trkpt lat="45.48609" lon="9.25158">
        <ele>0.0</ele>
    </trkpt>
    <trkpt lat="45.48617" lon="9.25163">
        <ele>0.0</ele>
    </trkpt>
    <trkpt lat="45.48628" lon="9.25166">
        <ele>0.0</ele>
    </trkpt>
    <trkpt lat="45.48636" lon="9.2517">
        <ele>0.0</ele>
    </trkpt>
    <trkpt lat="45.48651" lon="9.25183">
        <ele>0.0</ele>
    </trkpt>
    <trkpt lat="45.48651" lon="9.25184">
        <ele>0.0</ele>
    </trkpt>
    <trkpt lat="45.48662" lon="9.25197">
        <ele>0.0</ele>
    </trkpt>
    <trkpt lat="45.48678" lon="9.25213">
        <ele>0.0</ele>
    </trkpt>
    <trkpt lat="45.48684" lon="9.25221">
        <ele>0.0</ele>
    </trkpt>
    <trkpt lat="45.48688" lon="9.25225">
        <ele>0.0</ele>
    </trkpt>
    <trkpt lat="45.48699" lon="9.25247">
        <ele>0.0</ele>
    </trkpt>
    <trkpt lat="45.48702" lon="9.25255">
        <ele>0.0</ele>
    </trkpt>
    <trkpt lat="45.48707" lon="9.25272">
        <ele>0.0</ele>
    </trkpt>
    <trkpt lat="45.48707" lon="9.25277">
        <ele>0.0</ele>
    </trkpt>
    <trkpt lat="45.48709" lon="9.25283">
        <ele>0.0</ele>
    </trkpt>
    <trkpt lat="45.4871" lon="9.25302">
        <ele>0.0</ele>
    </trkpt>
    <trkpt lat="45.48711" lon="9.25309">
        <ele>0.0</ele>
    </trkpt>
    <trkpt lat="45.48716" lon="9.25379">
        <ele>0.0</ele>
    </trkpt>
    <trkpt lat="45.48716" lon="9.25386">
        <ele>0.0</ele>
    </trkpt>
    <trkpt lat="45.48724" lon="9.25483">
        <ele>0.0</ele>
    </trkpt>
    <trkpt lat="45.48727" lon="9.255">
        <ele>0.0</ele>
    </trkpt>
    <trkpt lat="45.48731" lon="9.25553">
        <ele>0.0</ele>
    </trkpt>
    <trkpt lat="45.48735" lon="9.2557">
        <ele>0.0</ele>
    </trkpt>
    <trkpt lat="45.48738" lon="9.25635">
        <ele>0.0</ele>
    </trkpt>
    <trkpt lat="45.48745" lon="9.25725">
        <ele>0.0</ele>
    </trkpt>
    <trkpt lat="45.48745" lon="9.25738">
        <ele>0.0</ele>
    </trkpt>
    <trkpt lat="45.48747" lon="9.25764">
        <ele>0.0</ele>
    </trkpt>
    <trkpt lat="45.4875" lon="9.25855">
        <ele>0.0</ele>
    </trkpt>
    <trkpt lat="45.48755" lon="9.25922">
        <ele>0.0</ele>
    </trkpt>
    <trkpt lat="45.4876" lon="9.25949">
        <ele>0.0</ele>
    </trkpt>
    <trkpt lat="45.4876" lon="9.25953">
        <ele>0.0</ele>
    </trkpt>
    <trkpt lat="45.48767" lon="9.2598">
        <ele>0.0</ele>
    </trkpt>
    <trkpt lat="45.48768" lon="9.25987">
        <ele>0.0</ele>
    </trkpt>
    <trkpt lat="45.48774" lon="9.26008">
        <ele>0.0</ele>
    </trkpt>
    <trkpt lat="45.48791" lon="9.26056">
        <ele>0.0</ele>
    </trkpt>
    <trkpt lat="45.48796" lon="9.26068">
        <ele>0.0</ele>
    </trkpt>
    <trkpt lat="45.4882" lon="9.26116">
        <ele>0.0</ele>
    </trkpt>
    <trkpt lat="45.48832" lon="9.26136">
        <ele>0.0</ele>
    </trkpt>
    <trkpt lat="45.4884" lon="9.26147">
        <ele>0.0</ele>
    </trkpt>
    <trkpt lat="45.48867" lon="9.2619">
        <ele>0.0</ele>
    </trkpt>
    <trkpt lat="45.48883" lon="9.26222">
        <ele>0.0</ele>
    </trkpt>
    <trkpt lat="45.48887" lon="9.26228">
        <ele>0.0</ele>
    </trkpt>
    <trkpt lat="45.48887" lon="9.26246">
        <ele>0.0</ele>
    </trkpt>
    <trkpt lat="45.48888" lon="9.26252">
        <ele>0.0</ele>
    </trkpt>
    <trkpt lat="45.48893" lon="9.26266">
        <ele>0.0</ele>
    </trkpt>
    <trkpt lat="45.48899" lon="9.26276">
        <ele>0.0</ele>
    </trkpt>
    <trkpt lat="45.48903" lon="9.2628">
        <ele>0.0</ele>
    </trkpt>
    <trkpt lat="45.48907" lon="9.26283">
        <ele>0.0</ele>
    </trkpt>
    <trkpt lat="45.48911" lon="9.26285">
        <ele>0.0</ele>
    </trkpt>
    <trkpt lat="45.48921" lon="9.26286">
        <ele>0.0</ele>
    </trkpt>
    <trkpt lat="45.48933" lon="9.26282">
        <ele>0.0</ele>
    </trkpt>
    <trkpt lat="45.48936" lon="9.2628">
        <ele>0.0</ele>
    </trkpt>
    <trkpt lat="45.48965" lon="9.26302">
        <ele>0.0</ele>
    </trkpt>
    <trkpt lat="45.48997" lon="9.26334">
        <ele>0.0</ele>
    </trkpt>
    <trkpt lat="45.49024" lon="9.26368">
        <ele>0.0</ele>
    </trkpt>
    <trkpt lat="45.49042" lon="9.26399">
        <ele>0.0</ele>
    </trkpt>
    <trkpt lat="45.49061" lon="9.26437">
        <ele>0.0</ele>
    </trkpt>
    <trkpt lat="45.49071" lon="9.26461">
        <ele>0.0</ele>
    </trkpt>
    <trkpt lat="45.49087" lon="9.2651">
        <ele>0.0</ele>
    </trkpt>
    <trkpt lat="45.49093" lon="9.26538">
        <ele>0.0</ele>
    </trkpt>
    <trkpt lat="45.49097" lon="9.2657">
        <ele>0.0</ele>
    </trkpt>
    <trkpt lat="45.49099" lon="9.2658">
        <ele>0.0</ele>
    </trkpt>
    <trkpt lat="45.49099" lon="9.26582">
        <ele>0.0</ele>
    </trkpt>
    <trkpt lat="45.491" lon="9.26583">
        <ele>0.0</ele>
    </trkpt>
    <trkpt lat="45.491" lon="9.26586">
        <ele>0.0</ele>
    </trkpt>
    <trkpt lat="45.49104" lon="9.26618">
        <ele>0.0</ele>
    </trkpt>
    <trkpt lat="45.49106" lon="9.26648">
        <ele>0.0</ele>
    </trkpt>
    <trkpt lat="45.49106" lon="9.26664">
        <ele>0.0</ele>
    </trkpt>
    <trkpt lat="45.49107" lon="9.26671">
        <ele>0.0</ele>
    </trkpt>
    <trkpt lat="45.49113" lon="9.26866">
        <ele>0.0</ele>
    </trkpt>
    <trkpt lat="45.49112" lon="9.26899">
        <ele>0.0</ele>
    </trkpt>
    <trkpt lat="45.49108" lon="9.2692">
        <ele>0.0</ele>
    </trkpt>
    <trkpt lat="45.49105" lon="9.26923">
        <ele>0.0</ele>
    </trkpt>
    <trkpt lat="45.49104" lon="9.26926">
        <ele>0.0</ele>
    </trkpt>
    <trkpt lat="45.49102" lon="9.26928">
        <ele>0.0</ele>
    </trkpt>
    <trkpt lat="45.49101" lon="9.26931">
        <ele>0.0</ele>
    </trkpt>
    <trkpt lat="45.49101" lon="9.26932">
        <ele>0.0</ele>
    </trkpt>
    <trkpt lat="45.491" lon="9.26934">
        <ele>0.0</ele>
    </trkpt>
    <trkpt lat="45.491" lon="9.26937">
        <ele>0.0</ele>
    </trkpt>
    <trkpt lat="45.49099" lon="9.26938">
        <ele>0.0</ele>
    </trkpt>
    <trkpt lat="45.49099" lon="9.26952">
        <ele>0.0</ele>
    </trkpt>
    <trkpt lat="45.49101" lon="9.26956">
        <ele>0.0</ele>
    </trkpt>
    <trkpt lat="45.49101" lon="9.26958">
        <ele>0.0</ele>
    </trkpt>
    <trkpt lat="45.49104" lon="9.26964">
        <ele>0.0</ele>
    </trkpt>
    <trkpt lat="45.49106" lon="9.26965">
        <ele>0.0</ele>
    </trkpt>
    <trkpt lat="45.49107" lon="9.26967">
        <ele>0.0</ele>
    </trkpt>
    <trkpt lat="45.49108" lon="9.26968">
        <ele>0.0</ele>
    </trkpt>
    <trkpt lat="45.4911" lon="9.26969">
        <ele>0.0</ele>
    </trkpt>
    <trkpt lat="45.49115" lon="9.26995">
        <ele>0.0</ele>
    </trkpt>
    <trkpt lat="45.49116" lon="9.27006">
        <ele>0.0</ele>
    </trkpt>
    <trkpt lat="45.49117" lon="9.27009">
        <ele>0.0</ele>
    </trkpt>
    <trkpt lat="45.49118" lon="9.27019">
        <ele>0.0</ele>
    </trkpt>
    <trkpt lat="45.49126" lon="9.27052">
        <ele>0.0</ele>
    </trkpt>
    <trkpt lat="45.49127" lon="9.27053">
        <ele>0.0</ele>
    </trkpt>
    <trkpt lat="45.49245" lon="9.27442">
        <ele>0.0</ele>
    </trkpt>
    <trkpt lat="45.49256" lon="9.27474">
        <ele>0.0</ele>
    </trkpt>
    <trkpt lat="45.49262" lon="9.27496">
        <ele>0.0</ele>
    </trkpt>
    <trkpt lat="45.49276" lon="9.27539">
        <ele>0.0</ele>
    </trkpt>
    <trkpt lat="45.49277" lon="9.27544">
        <ele>0.0</ele>
    </trkpt>
    <trkpt lat="45.49313" lon="9.27664">
        <ele>0.0</ele>
    </trkpt>
    <trkpt lat="45.49316" lon="9.27672">
        <ele>0.0</ele>
    </trkpt>
    <trkpt lat="45.4935" lon="9.27786">
        <ele>0.0</ele>
    </trkpt>
    <trkpt lat="45.49401" lon="9.27945">
        <ele>0.0</ele>
    </trkpt>
    <trkpt lat="45.49427" lon="9.28042">
        <ele>0.0</ele>
    </trkpt>
    <trkpt lat="45.49432" lon="9.28067">
        <ele>0.0</ele>
    </trkpt>
    <trkpt lat="45.49443" lon="9.28111">
        <ele>0.0</ele>
    </trkpt>
    <trkpt lat="45.49483" lon="9.28297">
        <ele>0.0</ele>
    </trkpt>
    <trkpt lat="45.49501" lon="9.28367">
        <ele>0.0</ele>
    </trkpt>
    <trkpt lat="45.49511" lon="9.28414">
        <ele>0.0</ele>
    </trkpt>
    <trkpt lat="45.49512" lon="9.28422">
        <ele>0.0</ele>
    </trkpt>
    <trkpt lat="45.49573" lon="9.2872">
        <ele>0.0</ele>
    </trkpt>
    <trkpt lat="45.49575" lon="9.2874">
        <ele>0.0</ele>
    </trkpt>
    <trkpt lat="45.49571" lon="9.28748">
        <ele>0.0</ele>
    </trkpt>
    <trkpt lat="45.4957" lon="9.28751">
        <ele>0.0</ele>
    </trkpt>
    <trkpt lat="45.49568" lon="9.28755">
        <ele>0.0</ele>
    </trkpt>
    <trkpt lat="45.49568" lon="9.28758">
        <ele>0.0</ele>
    </trkpt>
    <trkpt lat="45.49567" lon="9.2876">
        <ele>0.0</ele>
    </trkpt>
    <trkpt lat="45.49568" lon="9.28763">
        <ele>0.0</ele>
    </trkpt>
    <trkpt lat="45.49568" lon="9.28768">
        <ele>0.0</ele>
    </trkpt>
    <trkpt lat="45.49569" lon="9.28771">
        <ele>0.0</ele>
    </trkpt>
    <trkpt lat="45.49569" lon="9.28773">
        <ele>0.0</ele>
    </trkpt>
    <trkpt lat="45.4957" lon="9.28776">
        <ele>0.0</ele>
    </trkpt>
    <trkpt lat="45.49571" lon="9.28777">
        <ele>0.0</ele>
    </trkpt>
    <trkpt lat="45.49571" lon="9.28778">
        <ele>0.0</ele>
    </trkpt>
    <trkpt lat="45.49573" lon="9.2878">
        <ele>0.0</ele>
    </trkpt>
    <trkpt lat="45.49573" lon="9.28781">
        <ele>0.0</ele>
    </trkpt>
    <trkpt lat="45.49575" lon="9.28782">
        <ele>0.0</ele>
    </trkpt>
    <trkpt lat="45.49576" lon="9.28783">
        <ele>0.0</ele>
    </trkpt>
    <trkpt lat="45.49579" lon="9.28783">
        <ele>0.0</ele>
    </trkpt>
    <trkpt lat="45.49579" lon="9.28784">
        <ele>0.0</ele>
    </trkpt>
    <trkpt lat="45.49583" lon="9.28788">
        <ele>0.0</ele>
    </trkpt>
    <trkpt lat="45.49587" lon="9.28794">
        <ele>0.0</ele>
    </trkpt>
    <trkpt lat="45.49589" lon="9.28799">
        <ele>0.0</ele>
    </trkpt>
    <trkpt lat="45.49603" lon="9.28872">
        <ele>0.0</ele>
    </trkpt>
    <trkpt lat="45.49603" lon="9.28879">
        <ele>0.0</ele>
    </trkpt>
    <trkpt lat="45.49602" lon="9.28881">
        <ele>0.0</ele>
    </trkpt>
    <trkpt lat="45.49601" lon="9.28885">
        <ele>0.0</ele>
    </trkpt>
    <trkpt lat="45.49601" lon="9.28888">
        <ele>0.0</ele>
    </trkpt>
    <trkpt lat="45.49599" lon="9.28892">
        <ele>0.0</ele>
    </trkpt>
    <trkpt lat="45.49599" lon="9.28896">
        <ele>0.0</ele>
    </trkpt>
    <trkpt lat="45.49598" lon="9.28898">
        <ele>0.0</ele>
    </trkpt>
    <trkpt lat="45.49598" lon="9.28906">
        <ele>0.0</ele>
    </trkpt>
    <trkpt lat="45.49599" lon="9.28908">
        <ele>0.0</ele>
    </trkpt>
    <trkpt lat="45.49599" lon="9.2891">
        <ele>0.0</ele>
    </trkpt>
    <trkpt lat="45.496" lon="9.28912">
        <ele>0.0</ele>
    </trkpt>
    <trkpt lat="45.496" lon="9.28914">
        <ele>0.0</ele>
    </trkpt>
    <trkpt lat="45.49602" lon="9.28918">
        <ele>0.0</ele>
    </trkpt>
    <trkpt lat="45.49603" lon="9.28919">
        <ele>0.0</ele>
    </trkpt>
    <trkpt lat="45.49605" lon="9.28923">
        <ele>0.0</ele>
    </trkpt>
    <trkpt lat="45.49608" lon="9.28926">
        <ele>0.0</ele>
    </trkpt>
    <trkpt lat="45.4961" lon="9.28927">
        <ele>0.0</ele>
    </trkpt>
    <trkpt lat="45.49611" lon="9.28928">
        <ele>0.0</ele>
    </trkpt>
    <trkpt lat="45.49613" lon="9.28928">
        <ele>0.0</ele>
    </trkpt>
    <trkpt lat="45.49623" lon="9.28976">
        <ele>0.0</ele>
    </trkpt>
    <trkpt lat="45.49688" lon="9.29376">
        <ele>0.0</ele>
    </trkpt>
    <trkpt lat="45.49687" lon="9.29377">
        <ele>0.0</ele>
    </trkpt>
    <trkpt lat="45.49687" lon="9.29378">
        <ele>0.0</ele>
    </trkpt>
    <trkpt lat="45.49686" lon="9.29379">
        <ele>0.0</ele>
    </trkpt>
    <trkpt lat="45.49686" lon="9.29381">
        <ele>0.0</ele>
    </trkpt>
    <trkpt lat="45.49685" lon="9.29383">
        <ele>0.0</ele>
    </trkpt>
    <trkpt lat="45.49685" lon="9.29385">
        <ele>0.0</ele>
    </trkpt>
    <trkpt lat="45.49684" lon="9.29386">
        <ele>0.0</ele>
    </trkpt>
    <trkpt lat="45.49684" lon="9.29388">
        <ele>0.0</ele>
    </trkpt>
    <trkpt lat="45.49683" lon="9.29389">
        <ele>0.0</ele>
    </trkpt>
    <trkpt lat="45.49683" lon="9.29398">
        <ele>0.0</ele>
    </trkpt>
    <trkpt lat="45.49682" lon="9.29399">
        <ele>0.0</ele>
    </trkpt>
    <trkpt lat="45.49683" lon="9.294">
        <ele>0.0</ele>
    </trkpt>
    <trkpt lat="45.49683" lon="9.29405">
        <ele>0.0</ele>
    </trkpt>
    <trkpt lat="45.49684" lon="9.29406">
        <ele>0.0</ele>
    </trkpt>
    <trkpt lat="45.49684" lon="9.2941">
        <ele>0.0</ele>
    </trkpt>
    <trkpt lat="45.49685" lon="9.29411">
        <ele>0.0</ele>
    </trkpt>
    <trkpt lat="45.49685" lon="9.29413">
        <ele>0.0</ele>
    </trkpt>
    <trkpt lat="45.49686" lon="9.29414">
        <ele>0.0</ele>
    </trkpt>
    <trkpt lat="45.49686" lon="9.29417">
        <ele>0.0</ele>
    </trkpt>
    <trkpt lat="45.49693" lon="9.29446">
        <ele>0.0</ele>
    </trkpt>
    <trkpt lat="45.49695" lon="9.29452">
        <ele>0.0</ele>
    </trkpt>
    <trkpt lat="45.49695" lon="9.29466">
        <ele>0.0</ele>
    </trkpt>
    <trkpt lat="45.49694" lon="9.29468">
        <ele>0.0</ele>
    </trkpt>
    <trkpt lat="45.49694" lon="9.2947">
        <ele>0.0</ele>
    </trkpt>
    <trkpt lat="45.49693" lon="9.29473">
        <ele>0.0</ele>
    </trkpt>
    <trkpt lat="45.49693" lon="9.29475">
        <ele>0.0</ele>
    </trkpt>
    <trkpt lat="45.49692" lon="9.29478">
        <ele>0.0</ele>
    </trkpt>
    <trkpt lat="45.49692" lon="9.2948">
        <ele>0.0</ele>
    </trkpt>
    <trkpt lat="45.49693" lon="9.29483">
        <ele>0.0</ele>
    </trkpt>
    <trkpt lat="45.49693" lon="9.29487">
        <ele>0.0</ele>
    </trkpt>
    <trkpt lat="45.49694" lon="9.2949">
        <ele>0.0</ele>
    </trkpt>
    <trkpt lat="45.49694" lon="9.29492">
        <ele>0.0</ele>
    </trkpt>
    <trkpt lat="45.49695" lon="9.29494">
        <ele>0.0</ele>
    </trkpt>
    <trkpt lat="45.49696" lon="9.29495">
        <ele>0.0</ele>
    </trkpt>
    <trkpt lat="45.49696" lon="9.29497">
        <ele>0.0</ele>
    </trkpt>
    <trkpt lat="45.49698" lon="9.29499">
        <ele>0.0</ele>
    </trkpt>
    <trkpt lat="45.49699" lon="9.29501">
        <ele>0.0</ele>
    </trkpt>
    <trkpt lat="45.49701" lon="9.29503">
        <ele>0.0</ele>
    </trkpt>
    <trkpt lat="45.49705" lon="9.29517">
        <ele>0.0</ele>
    </trkpt>
    <trkpt lat="45.49714" lon="9.29595">
        <ele>0.0</ele>
    </trkpt>
    <trkpt lat="45.49715" lon="9.29598">
        <ele>0.0</ele>
    </trkpt>
    <trkpt lat="45.49762" lon="9.29995">
        <ele>0.0</ele>
    </trkpt>
    <trkpt lat="45.49766" lon="9.30018">
        <ele>0.0</ele>
    </trkpt>
    <trkpt lat="45.49775" lon="9.30089">
        <ele>0.0</ele>
    </trkpt>
    <trkpt lat="45.49776" lon="9.30103">
        <ele>0.0</ele>
    </trkpt>
    <trkpt lat="45.49828" lon="9.30524">
        <ele>0.0</ele>
    </trkpt>
    <trkpt lat="45.49833" lon="9.30555">
        <ele>0.0</ele>
    </trkpt>
    <trkpt lat="45.49833" lon="9.30558">
        <ele>0.0</ele>
    </trkpt>
    <trkpt lat="45.49864" lon="9.30793">
        <ele>0.0</ele>
    </trkpt>
    <trkpt lat="45.49866" lon="9.30802">
        <ele>0.0</ele>
    </trkpt>
    <trkpt lat="45.49964" lon="9.31537">
        <ele>0.0</ele>
    </trkpt>
    <trkpt lat="45.49967" lon="9.31594">
        <ele>0.0</ele>
    </trkpt>
    <trkpt lat="45.49967" lon="9.31653">
        <ele>0.0</ele>
    </trkpt>
    <trkpt lat="45.49965" lon="9.31668">
        <ele>0.0</ele>
    </trkpt>
    <trkpt lat="45.49955" lon="9.31784">
        <ele>0.0</ele>
    </trkpt>
    <trkpt lat="45.49953" lon="9.31793">
        <ele>0.0</ele>
    </trkpt>
    <trkpt lat="45.49952" lon="9.31802">
        <ele>0.0</ele>
    </trkpt>
    <trkpt lat="45.4995" lon="9.31811">
        <ele>0.0</ele>
    </trkpt>
    <trkpt lat="45.49945" lon="9.31826">
        <ele>0.0</ele>
    </trkpt>
    <trkpt lat="45.49943" lon="9.31827">
        <ele>0.0</ele>
    </trkpt>
    <trkpt lat="45.49941" lon="9.31829">
        <ele>0.0</ele>
    </trkpt>
    <trkpt lat="45.4994" lon="9.31831">
        <ele>0.0</ele>
    </trkpt>
    <trkpt lat="45.49939" lon="9.31832">
        <ele>0.0</ele>
    </trkpt>
    <trkpt lat="45.49938" lon="9.31834">
        <ele>0.0</ele>
    </trkpt>
    <trkpt lat="45.49936" lon="9.31836">
        <ele>0.0</ele>
    </trkpt>
    <trkpt lat="45.49934" lon="9.31841">
        <ele>0.0</ele>
    </trkpt>
    <trkpt lat="45.49934" lon="9.31843">
        <ele>0.0</ele>
    </trkpt>
    <trkpt lat="45.49933" lon="9.31846">
        <ele>0.0</ele>
    </trkpt>
    <trkpt lat="45.49933" lon="9.31861">
        <ele>0.0</ele>
    </trkpt>
    <trkpt lat="45.49934" lon="9.31862">
        <ele>0.0</ele>
    </trkpt>
    <trkpt lat="45.49934" lon="9.31864">
        <ele>0.0</ele>
    </trkpt>
    <trkpt lat="45.49935" lon="9.31865">
        <ele>0.0</ele>
    </trkpt>
    <trkpt lat="45.49935" lon="9.31866">
        <ele>0.0</ele>
    </trkpt>
    <trkpt lat="45.49936" lon="9.31868">
        <ele>0.0</ele>
    </trkpt>
    <trkpt lat="45.49936" lon="9.31869">
        <ele>0.0</ele>
    </trkpt>
    <trkpt lat="45.49937" lon="9.3187">
        <ele>0.0</ele>
    </trkpt>
    <trkpt lat="45.49937" lon="9.31895">
        <ele>0.0</ele>
    </trkpt>
    <trkpt lat="45.49929" lon="9.31953">
        <ele>0.0</ele>
    </trkpt>
    <trkpt lat="45.49912" lon="9.32053">
        <ele>0.0</ele>
    </trkpt>
    <trkpt lat="45.49912" lon="9.32059">
        <ele>0.0</ele>
    </trkpt>
    <trkpt lat="45.49866" lon="9.32359">
        <ele>0.0</ele>
    </trkpt>
    <trkpt lat="45.49865" lon="9.32371">
        <ele>0.0</ele>
    </trkpt>
    <trkpt lat="45.49848" lon="9.32485">
        <ele>0.0</ele>
    </trkpt>
    <trkpt lat="45.49847" lon="9.32489">
        <ele>0.0</ele>
    </trkpt>
    <trkpt lat="45.49846" lon="9.32499">
        <ele>0.0</ele>
    </trkpt>
    <trkpt lat="45.49824" lon="9.32634">
        <ele>0.0</ele>
    </trkpt>
    <trkpt lat="45.49807" lon="9.32761">
        <ele>0.0</ele>
    </trkpt>
    <trkpt lat="45.49805" lon="9.32771">
        <ele>0.0</ele>
    </trkpt>
    <trkpt lat="45.49798" lon="9.32821">
        <ele>0.0</ele>
    </trkpt>
    <trkpt lat="45.49796" lon="9.3283">
        <ele>0.0</ele>
    </trkpt>
    <trkpt lat="45.49795" lon="9.3284">
        <ele>0.0</ele>
    </trkpt>
    <trkpt lat="45.49794" lon="9.32844">
        <ele>0.0</ele>
    </trkpt>
    <trkpt lat="45.49789" lon="9.3288">
        <ele>0.0</ele>
    </trkpt>
    <trkpt lat="45.49787" lon="9.3289">
        <ele>0.0</ele>
    </trkpt>
    <trkpt lat="45.49785" lon="9.3291">
        <ele>0.0</ele>
    </trkpt>
    <trkpt lat="45.49783" lon="9.32921">
        <ele>0.0</ele>
    </trkpt>
    <trkpt lat="45.49778" lon="9.32969">
        <ele>0.0</ele>
    </trkpt>
    <trkpt lat="45.49778" lon="9.32977">
        <ele>0.0</ele>
    </trkpt>
    <trkpt lat="45.49776" lon="9.32993">
        <ele>0.0</ele>
    </trkpt>
    <trkpt lat="45.49776" lon="9.33002">
        <ele>0.0</ele>
    </trkpt>
    <trkpt lat="45.49775" lon="9.33013">
        <ele>0.0</ele>
    </trkpt>
    <trkpt lat="45.49775" lon="9.33086">
        <ele>0.0</ele>
    </trkpt>
    <trkpt lat="45.49777" lon="9.33116">
        <ele>0.0</ele>
    </trkpt>
    <trkpt lat="45.49777" lon="9.33126">
        <ele>0.0</ele>
    </trkpt>
    <trkpt lat="45.49778" lon="9.33135">
        <ele>0.0</ele>
    </trkpt>
    <trkpt lat="45.49778" lon="9.33143">
        <ele>0.0</ele>
    </trkpt>
    <trkpt lat="45.49779" lon="9.33146">
        <ele>0.0</ele>
    </trkpt>
    <trkpt lat="45.49784" lon="9.33197">
        <ele>0.0</ele>
    </trkpt>
    <trkpt lat="45.49786" lon="9.33206">
        <ele>0.0</ele>
    </trkpt>
    <trkpt lat="45.49788" lon="9.33225">
        <ele>0.0</ele>
    </trkpt>
    <trkpt lat="45.49793" lon="9.33256">
        <ele>0.0</ele>
    </trkpt>
    <trkpt lat="45.49813" lon="9.33339">
        <ele>0.0</ele>
    </trkpt>
    <trkpt lat="45.49835" lon="9.33408">
        <ele>0.0</ele>
    </trkpt>
    <trkpt lat="45.49858" lon="9.33466">
        <ele>0.0</ele>
    </trkpt>
    <trkpt lat="45.49884" lon="9.3352">
        <ele>0.0</ele>
    </trkpt>
    <trkpt lat="45.49892" lon="9.33533">
        <ele>0.0</ele>
    </trkpt>
    <trkpt lat="45.49905" lon="9.33557">
        <ele>0.0</ele>
    </trkpt>
    <trkpt lat="45.4994" lon="9.33611">
        <ele>0.0</ele>
    </trkpt>
    <trkpt lat="45.49956" lon="9.33631">
        <ele>0.0</ele>
    </trkpt>
    <trkpt lat="45.49965" lon="9.33644">
        <ele>0.0</ele>
    </trkpt>
    <trkpt lat="45.49996" lon="9.33683">
        <ele>0.0</ele>
    </trkpt>
    <trkpt lat="45.5" lon="9.33687">
        <ele>0.0</ele>
    </trkpt>
    <trkpt lat="45.50072" lon="9.33779">
        <ele>0.0</ele>
    </trkpt>
    <trkpt lat="45.50101" lon="9.33822">
        <ele>0.0</ele>
    </trkpt>
    <trkpt lat="45.50122" lon="9.33858">
        <ele>0.0</ele>
    </trkpt>
    <trkpt lat="45.50142" lon="9.33898">
        <ele>0.0</ele>
    </trkpt>
    <trkpt lat="45.50149" lon="9.33915">
        <ele>0.0</ele>
    </trkpt>
    <trkpt lat="45.5015" lon="9.33916">
        <ele>0.0</ele>
    </trkpt>
    <trkpt lat="45.50176" lon="9.33984">
        <ele>0.0</ele>
    </trkpt>
    <trkpt lat="45.50192" lon="9.3404">
        <ele>0.0</ele>
    </trkpt>
    <trkpt lat="45.50202" lon="9.34081">
        <ele>0.0</ele>
    </trkpt>
    <trkpt lat="45.5021" lon="9.34125">
        <ele>0.0</ele>
    </trkpt>
    <trkpt lat="45.5021" lon="9.34129">
        <ele>0.0</ele>
    </trkpt>
    <trkpt lat="45.50229" lon="9.34266">
        <ele>0.0</ele>
    </trkpt>
    <trkpt lat="45.50229" lon="9.34272">
        <ele>0.0</ele>
    </trkpt>
    <trkpt lat="45.50258" lon="9.3456">
        <ele>0.0</ele>
    </trkpt>
    <trkpt lat="45.50258" lon="9.34563">
        <ele>0.0</ele>
    </trkpt>
    <trkpt lat="45.50259" lon="9.34567">
        <ele>0.0</ele>
    </trkpt>
    <trkpt lat="45.50261" lon="9.34589">
        <ele>0.0</ele>
    </trkpt>
    <trkpt lat="45.50262" lon="9.34594">
        <ele>0.0</ele>
    </trkpt>
    <trkpt lat="45.50382" lon="9.35835">
        <ele>0.0</ele>
    </trkpt>
    <trkpt lat="45.50405" lon="9.36107">
        <ele>0.0</ele>
    </trkpt>
    <trkpt lat="45.5041" lon="9.36139">
        <ele>0.0</ele>
    </trkpt>
    <trkpt lat="45.50425" lon="9.3629">
        <ele>0.0</ele>
    </trkpt>
    <trkpt lat="45.50478" lon="9.36712">
        <ele>0.0</ele>
    </trkpt>
    <trkpt lat="45.5057" lon="9.37615">
        <ele>0.0</ele>
    </trkpt>
    <trkpt lat="45.50601" lon="9.3786">
        <ele>0.0</ele>
    </trkpt>
    <trkpt lat="45.50604" lon="9.37874">
        <ele>0.0</ele>
    </trkpt>
    <trkpt lat="45.5066" lon="9.38344">
        <ele>0.0</ele>
    </trkpt>
    <trkpt lat="45.50704" lon="9.38825">
        <ele>0.0</ele>
    </trkpt>
    <trkpt lat="45.50726" lon="9.3914">
        <ele>0.0</ele>
    </trkpt>
    <trkpt lat="45.50833" lon="9.40294">
        <ele>0.0</ele>
    </trkpt>
    <trkpt lat="45.50846" lon="9.40403">
        <ele>0.0</ele>
    </trkpt>
    <trkpt lat="45.50883" lon="9.40664">
        <ele>0.0</ele>
    </trkpt>
    <trkpt lat="45.50886" lon="9.40678">
        <ele>0.0</ele>
    </trkpt>
    <trkpt lat="45.50894" lon="9.40733">
        <ele>0.0</ele>
    </trkpt>
    <trkpt lat="45.50958" lon="9.41069">
        <ele>0.0</ele>
    </trkpt>
    <trkpt lat="45.51028" lon="9.41373">
        <ele>0.0</ele>
    </trkpt>
    <trkpt lat="45.51409" lon="9.42779">
        <ele>0.0</ele>
    </trkpt>
    <trkpt lat="45.51413" lon="9.42798">
        <ele>0.0</ele>
    </trkpt>
    <trkpt lat="45.5141" lon="9.42807">
        <ele>0.0</ele>
    </trkpt>
    <trkpt lat="45.5142" lon="9.42844">
        <ele>0.0</ele>
    </trkpt>
    <trkpt lat="45.51429" lon="9.4289">
        <ele>0.0</ele>
    </trkpt>
    <trkpt lat="45.51431" lon="9.42915">
        <ele>0.0</ele>
    </trkpt>
    <trkpt lat="45.51431" lon="9.42921">
        <ele>0.0</ele>
    </trkpt>
    <trkpt lat="45.5143" lon="9.42929">
        <ele>0.0</ele>
    </trkpt>
    <trkpt lat="45.51429" lon="9.4295">
        <ele>0.0</ele>
    </trkpt>
    <trkpt lat="45.51427" lon="9.4296">
        <ele>0.0</ele>
    </trkpt>
    <trkpt lat="45.51426" lon="9.42961">
        <ele>0.0</ele>
    </trkpt>
    <trkpt lat="45.51425" lon="9.42969">
        <ele>0.0</ele>
    </trkpt>
    <trkpt lat="45.51421" lon="9.42984">
        <ele>0.0</ele>
    </trkpt>
    <trkpt lat="45.51415" lon="9.42997">
        <ele>0.0</ele>
    </trkpt>
    <trkpt lat="45.51413" lon="9.43004">
        <ele>0.0</ele>
    </trkpt>
    <trkpt lat="45.51409" lon="9.4301">
        <ele>0.0</ele>
    </trkpt>
    <trkpt lat="45.51404" lon="9.4302">
        <ele>0.0</ele>
    </trkpt>
    <trkpt lat="45.51362" lon="9.43081">
        <ele>0.0</ele>
    </trkpt>
    <trkpt lat="45.51353" lon="9.431">
        <ele>0.0</ele>
    </trkpt>
    <trkpt lat="45.51347" lon="9.43115">
        <ele>0.0</ele>
    </trkpt>
    <trkpt lat="45.51346" lon="9.43121">
        <ele>0.0</ele>
    </trkpt>
    <trkpt lat="45.51343" lon="9.43132">
        <ele>0.0</ele>
    </trkpt>
    <trkpt lat="45.51343" lon="9.43136">
        <ele>0.0</ele>
    </trkpt>
    <trkpt lat="45.51341" lon="9.43146">
        <ele>0.0</ele>
    </trkpt>
    <trkpt lat="45.51341" lon="9.43153">
        <ele>0.0</ele>
    </trkpt>
    <trkpt lat="45.5134" lon="9.43164">
        <ele>0.0</ele>
    </trkpt>
    <trkpt lat="45.5134" lon="9.43173">
        <ele>0.0</ele>
    </trkpt>
    <trkpt lat="45.51341" lon="9.43179">
        <ele>0.0</ele>
    </trkpt>
    <trkpt lat="45.51341" lon="9.43185">
        <ele>0.0</ele>
    </trkpt>
    <trkpt lat="45.51347" lon="9.43212">
        <ele>0.0</ele>
    </trkpt>
    <trkpt lat="45.51354" lon="9.43231">
        <ele>0.0</ele>
    </trkpt>
    <trkpt lat="45.51359" lon="9.4324">
        <ele>0.0</ele>
    </trkpt>
    <trkpt lat="45.51367" lon="9.43248">
        <ele>0.0</ele>
    </trkpt>
    <trkpt lat="45.5139" lon="9.4328">
        <ele>0.0</ele>
    </trkpt>
    <trkpt lat="45.51391" lon="9.4328">
        <ele>0.0</ele>
    </trkpt>
    <trkpt lat="45.51398" lon="9.43286">
        <ele>0.0</ele>
    </trkpt>
    <trkpt lat="45.51437" lon="9.43338">
        <ele>0.0</ele>
    </trkpt>
    <trkpt lat="45.51446" lon="9.43347">
        <ele>0.0</ele>
    </trkpt>
    <trkpt lat="45.51471" lon="9.4338">
        <ele>0.0</ele>
    </trkpt>
    <trkpt lat="45.51492" lon="9.43414">
        <ele>0.0</ele>
    </trkpt>
    <trkpt lat="45.51509" lon="9.43453">
        <ele>0.0</ele>
    </trkpt>
    <trkpt lat="45.5151" lon="9.43457">
        <ele>0.0</ele>
    </trkpt>
    <trkpt lat="45.51512" lon="9.43461">
        <ele>0.0</ele>
    </trkpt>
    <trkpt lat="45.51516" lon="9.43473">
        <ele>0.0</ele>
    </trkpt>
    <trkpt lat="45.51517" lon="9.43479">
        <ele>0.0</ele>
    </trkpt>
    <trkpt lat="45.51519" lon="9.43484">
        <ele>0.0</ele>
    </trkpt>
    <trkpt lat="45.5152" lon="9.4349">
        <ele>0.0</ele>
    </trkpt>
    <trkpt lat="45.51522" lon="9.43495">
        <ele>0.0</ele>
    </trkpt>
    <trkpt lat="45.51523" lon="9.43501">
        <ele>0.0</ele>
    </trkpt>
    <trkpt lat="45.51525" lon="9.43507">
        <ele>0.0</ele>
    </trkpt>
    <trkpt lat="45.51526" lon="9.43515">
        <ele>0.0</ele>
    </trkpt>
    <trkpt lat="45.5153" lon="9.43535">
        <ele>0.0</ele>
    </trkpt>
    <trkpt lat="45.51533" lon="9.43557">
        <ele>0.0</ele>
    </trkpt>
    <trkpt lat="45.51533" lon="9.43564">
        <ele>0.0</ele>
    </trkpt>
    <trkpt lat="45.51534" lon="9.43571">
        <ele>0.0</ele>
    </trkpt>
    <trkpt lat="45.51534" lon="9.43586">
        <ele>0.0</ele>
    </trkpt>
    <trkpt lat="45.51535" lon="9.43596">
        <ele>0.0</ele>
    </trkpt>
    <trkpt lat="45.51534" lon="9.43701">
        <ele>0.0</ele>
    </trkpt>
    <trkpt lat="45.51531" lon="9.43712">
        <ele>0.0</ele>
    </trkpt>
    <trkpt lat="45.51528" lon="9.43755">
        <ele>0.0</ele>
    </trkpt>
    <trkpt lat="45.51527" lon="9.43755">
        <ele>0.0</ele>
    </trkpt>
    <trkpt lat="45.51525" lon="9.43756">
        <ele>0.0</ele>
    </trkpt>
    <trkpt lat="45.51524" lon="9.43757">
        <ele>0.0</ele>
    </trkpt>
    <trkpt lat="45.51523" lon="9.43759">
        <ele>0.0</ele>
    </trkpt>
    <trkpt lat="45.51519" lon="9.43763">
        <ele>0.0</ele>
    </trkpt>
    <trkpt lat="45.51518" lon="9.43765">
        <ele>0.0</ele>
    </trkpt>
    <trkpt lat="45.51518" lon="9.43767">
        <ele>0.0</ele>
    </trkpt>
    <trkpt lat="45.51516" lon="9.43771">
        <ele>0.0</ele>
    </trkpt>
    <trkpt lat="45.51516" lon="9.43775">
        <ele>0.0</ele>
    </trkpt>
    <trkpt lat="45.51515" lon="9.43778">
        <ele>0.0</ele>
    </trkpt>
    <trkpt lat="45.51515" lon="9.43783">
        <ele>0.0</ele>
    </trkpt>
    <trkpt lat="45.51516" lon="9.43785">
        <ele>0.0</ele>
    </trkpt>
    <trkpt lat="45.51516" lon="9.43789">
        <ele>0.0</ele>
    </trkpt>
    <trkpt lat="45.51517" lon="9.43791">
        <ele>0.0</ele>
    </trkpt>
    <trkpt lat="45.51517" lon="9.43792">
        <ele>0.0</ele>
    </trkpt>
    <trkpt lat="45.51518" lon="9.43795">
        <ele>0.0</ele>
    </trkpt>
    <trkpt lat="45.51519" lon="9.43795">
        <ele>0.0</ele>
    </trkpt>
    <trkpt lat="45.51521" lon="9.43799">
        <ele>0.0</ele>
    </trkpt>
    <trkpt lat="45.51522" lon="9.438">
        <ele>0.0</ele>
    </trkpt>
    <trkpt lat="45.51523" lon="9.43802">
        <ele>0.0</ele>
    </trkpt>
    <trkpt lat="45.51524" lon="9.43803">
        <ele>0.0</ele>
    </trkpt>
    <trkpt lat="45.51526" lon="9.43804">
        <ele>0.0</ele>
    </trkpt>
    <trkpt lat="45.51527" lon="9.43805">
        <ele>0.0</ele>
    </trkpt>
    <trkpt lat="45.51522" lon="9.43873">
        <ele>0.0</ele>
    </trkpt>
    <trkpt lat="45.51523" lon="9.43883">
        <ele>0.0</ele>
    </trkpt>
    <trkpt lat="45.51522" lon="9.4391">
        <ele>0.0</ele>
    </trkpt>
    <trkpt lat="45.51521" lon="9.43914">
        <ele>0.0</ele>
    </trkpt>
    <trkpt lat="45.51522" lon="9.43934">
        <ele>0.0</ele>
    </trkpt>
    <trkpt lat="45.51522" lon="9.4396">
        <ele>0.0</ele>
    </trkpt>
    <trkpt lat="45.51528" lon="9.44106">
        <ele>0.0</ele>
    </trkpt>
    <trkpt lat="45.51536" lon="9.44157">
        <ele>0.0</ele>
    </trkpt>
    <trkpt lat="45.51547" lon="9.44191">
        <ele>0.0</ele>
    </trkpt>
    <trkpt lat="45.51553" lon="9.44202">
        <ele>0.0</ele>
    </trkpt>
    <trkpt lat="45.51556" lon="9.44209">
        <ele>0.0</ele>
    </trkpt>
    <trkpt lat="45.51568" lon="9.44229">
        <ele>0.0</ele>
    </trkpt>
    <trkpt lat="45.51583" lon="9.44245">
        <ele>0.0</ele>
    </trkpt>
    <trkpt lat="45.51592" lon="9.44253">
        <ele>0.0</ele>
    </trkpt>
    <trkpt lat="45.51599" lon="9.44258">
        <ele>0.0</ele>
    </trkpt>
    <trkpt lat="45.51609" lon="9.44264">
        <ele>0.0</ele>
    </trkpt>
    <trkpt lat="45.51613" lon="9.44267">
        <ele>0.0</ele>
    </trkpt>
    <trkpt lat="45.51631" lon="9.44276">
        <ele>0.0</ele>
    </trkpt>
    <trkpt lat="45.51757" lon="9.44332">
        <ele>0.0</ele>
    </trkpt>
    <trkpt lat="45.51778" lon="9.44344">
        <ele>0.0</ele>
    </trkpt>
    <trkpt lat="45.5179" lon="9.44353">
        <ele>0.0</ele>
    </trkpt>
    <trkpt lat="45.51812" lon="9.44375">
        <ele>0.0</ele>
    </trkpt>
    <trkpt lat="45.51833" lon="9.44404">
        <ele>0.0</ele>
    </trkpt>
    <trkpt lat="45.51845" lon="9.44428">
        <ele>0.0</ele>
    </trkpt>
    <trkpt lat="45.51856" lon="9.44457">
        <ele>0.0</ele>
    </trkpt>
    <trkpt lat="45.51867" lon="9.44491">
        <ele>0.0</ele>
    </trkpt>
    <trkpt lat="45.51868" lon="9.44497">
        <ele>0.0</ele>
    </trkpt>
    <trkpt lat="45.51901" lon="9.44615">
        <ele>0.0</ele>
    </trkpt>
    <trkpt lat="45.51903" lon="9.4462">
        <ele>0.0</ele>
    </trkpt>
    <trkpt lat="45.52045" lon="9.45107">
        <ele>0.0</ele>
    </trkpt>
    <trkpt lat="45.5205" lon="9.4514">
        <ele>0.0</ele>
    </trkpt>
    <trkpt lat="45.5205" lon="9.45164">
        <ele>0.0</ele>
    </trkpt>
    <trkpt lat="45.52047" lon="9.4517">
        <ele>0.0</ele>
    </trkpt>
    <trkpt lat="45.52047" lon="9.45172">
        <ele>0.0</ele>
    </trkpt>
    <trkpt lat="45.52046" lon="9.45174">
        <ele>0.0</ele>
    </trkpt>
    <trkpt lat="45.52046" lon="9.45186">
        <ele>0.0</ele>
    </trkpt>
    <trkpt lat="45.52047" lon="9.45188">
        <ele>0.0</ele>
    </trkpt>
    <trkpt lat="45.52047" lon="9.4519">
        <ele>0.0</ele>
    </trkpt>
    <trkpt lat="45.52048" lon="9.45192">
        <ele>0.0</ele>
    </trkpt>
    <trkpt lat="45.52049" lon="9.45193">
        <ele>0.0</ele>
    </trkpt>
    <trkpt lat="45.52049" lon="9.45194">
        <ele>0.0</ele>
    </trkpt>
    <trkpt lat="45.5205" lon="9.45196">
        <ele>0.0</ele>
    </trkpt>
    <trkpt lat="45.52051" lon="9.45197">
        <ele>0.0</ele>
    </trkpt>
    <trkpt lat="45.52052" lon="9.45199">
        <ele>0.0</ele>
    </trkpt>
    <trkpt lat="45.52054" lon="9.452">
        <ele>0.0</ele>
    </trkpt>
    <trkpt lat="45.52055" lon="9.45201">
        <ele>0.0</ele>
    </trkpt>
    <trkpt lat="45.52055" lon="9.45202">
        <ele>0.0</ele>
    </trkpt>
    <trkpt lat="45.52069" lon="9.45219">
        <ele>0.0</ele>
    </trkpt>
    <trkpt lat="45.52085" lon="9.45248">
        <ele>0.0</ele>
    </trkpt>
    <trkpt lat="45.52094" lon="9.4529">
        <ele>0.0</ele>
    </trkpt>
    <trkpt lat="45.52251" lon="9.45848">
        <ele>0.0</ele>
    </trkpt>
    <trkpt lat="45.52252" lon="9.45855">
        <ele>0.0</ele>
    </trkpt>
    <trkpt lat="45.52303" lon="9.46042">
        <ele>0.0</ele>
    </trkpt>
    <trkpt lat="45.52315" lon="9.46117">
        <ele>0.0</ele>
    </trkpt>
    <trkpt lat="45.52324" lon="9.4621">
        <ele>0.0</ele>
    </trkpt>
    <trkpt lat="45.52324" lon="9.46283">
        <ele>0.0</ele>
    </trkpt>
    <trkpt lat="45.52322" lon="9.46343">
        <ele>0.0</ele>
    </trkpt>
    <trkpt lat="45.52318" lon="9.46394">
        <ele>0.0</ele>
    </trkpt>
    <trkpt lat="45.52283" lon="9.4662">
        <ele>0.0</ele>
    </trkpt>
    <trkpt lat="45.52277" lon="9.46642">
        <ele>0.0</ele>
    </trkpt>
    <trkpt lat="45.52269" lon="9.46659">
        <ele>0.0</ele>
    </trkpt>
    <trkpt lat="45.52263" lon="9.46668">
        <ele>0.0</ele>
    </trkpt>
    <trkpt lat="45.52261" lon="9.46669">
        <ele>0.0</ele>
    </trkpt>
    <trkpt lat="45.52258" lon="9.46672">
        <ele>0.0</ele>
    </trkpt>
    <trkpt lat="45.52257" lon="9.46674">
        <ele>0.0</ele>
    </trkpt>
    <trkpt lat="45.52256" lon="9.46675">
        <ele>0.0</ele>
    </trkpt>
    <trkpt lat="45.52255" lon="9.46677">
        <ele>0.0</ele>
    </trkpt>
    <trkpt lat="45.52254" lon="9.46678">
        <ele>0.0</ele>
    </trkpt>
    <trkpt lat="45.52252" lon="9.46682">
        <ele>0.0</ele>
    </trkpt>
    <trkpt lat="45.52252" lon="9.46685">
        <ele>0.0</ele>
    </trkpt>
    <trkpt lat="45.52251" lon="9.46687">
        <ele>0.0</ele>
    </trkpt>
    <trkpt lat="45.52251" lon="9.46699">
        <ele>0.0</ele>
    </trkpt>
    <trkpt lat="45.52252" lon="9.46701">
        <ele>0.0</ele>
    </trkpt>
    <trkpt lat="45.52252" lon="9.46703">
        <ele>0.0</ele>
    </trkpt>
    <trkpt lat="45.52253" lon="9.46707">
        <ele>0.0</ele>
    </trkpt>
    <trkpt lat="45.52254" lon="9.46708">
        <ele>0.0</ele>
    </trkpt>
    <trkpt lat="45.52256" lon="9.46712">
        <ele>0.0</ele>
    </trkpt>
    <trkpt lat="45.52258" lon="9.46714">
        <ele>0.0</ele>
    </trkpt>
    <trkpt lat="45.52261" lon="9.46723">
        <ele>0.0</ele>
    </trkpt>
    <trkpt lat="45.52263" lon="9.4674">
        <ele>0.0</ele>
    </trkpt>
    <trkpt lat="45.52263" lon="9.4676">
        <ele>0.0</ele>
    </trkpt>
    <trkpt lat="45.52251" lon="9.46877">
        <ele>0.0</ele>
    </trkpt>
    <trkpt lat="45.52251" lon="9.46895">
        <ele>0.0</ele>
    </trkpt>
    <trkpt lat="45.52248" lon="9.46957">
        <ele>0.0</ele>
    </trkpt>
    <trkpt lat="45.52249" lon="9.47323">
        <ele>0.0</ele>
    </trkpt>
    <trkpt lat="45.52244" lon="9.47691">
        <ele>0.0</ele>
    </trkpt>
    <trkpt lat="45.52237" lon="9.47733">
        <ele>0.0</ele>
    </trkpt>
    <trkpt lat="45.52235" lon="9.47735">
        <ele>0.0</ele>
    </trkpt>
    <trkpt lat="45.52233" lon="9.47736">
        <ele>0.0</ele>
    </trkpt>
    <trkpt lat="45.52232" lon="9.47738">
        <ele>0.0</ele>
    </trkpt>
    <trkpt lat="45.52231" lon="9.47739">
        <ele>0.0</ele>
    </trkpt>
    <trkpt lat="45.52227" lon="9.47747">
        <ele>0.0</ele>
    </trkpt>
    <trkpt lat="45.52227" lon="9.47749">
        <ele>0.0</ele>
    </trkpt>
    <trkpt lat="45.52226" lon="9.47751">
        <ele>0.0</ele>
    </trkpt>
    <trkpt lat="45.52226" lon="9.47765">
        <ele>0.0</ele>
    </trkpt>
    <trkpt lat="45.52227" lon="9.47767">
        <ele>0.0</ele>
    </trkpt>
    <trkpt lat="45.52227" lon="9.47769">
        <ele>0.0</ele>
    </trkpt>
    <trkpt lat="45.52231" lon="9.47777">
        <ele>0.0</ele>
    </trkpt>
    <trkpt lat="45.52232" lon="9.47778">
        <ele>0.0</ele>
    </trkpt>
    <trkpt lat="45.52233" lon="9.4778">
        <ele>0.0</ele>
    </trkpt>
    <trkpt lat="45.52235" lon="9.47781">
        <ele>0.0</ele>
    </trkpt>
    <trkpt lat="45.52237" lon="9.47783">
        <ele>0.0</ele>
    </trkpt>
    <trkpt lat="45.52239" lon="9.47784">
        <ele>0.0</ele>
    </trkpt>
    <trkpt lat="45.5224" lon="9.47784">
        <ele>0.0</ele>
    </trkpt>
    <trkpt lat="45.52242" lon="9.47785">
        <ele>0.0</ele>
    </trkpt>
    <trkpt lat="45.52247" lon="9.47785">
        <ele>0.0</ele>
    </trkpt>
    <trkpt lat="45.52248" lon="9.47784">
        <ele>0.0</ele>
    </trkpt>
    <trkpt lat="45.5225" lon="9.47784">
        <ele>0.0</ele>
    </trkpt>
    <trkpt lat="45.52251" lon="9.47783">
        <ele>0.0</ele>
    </trkpt>
    <trkpt lat="45.52252" lon="9.47783">
        <ele>0.0</ele>
    </trkpt>
    <trkpt lat="45.52275" lon="9.47801">
        <ele>0.0</ele>
    </trkpt>
    <trkpt lat="45.5228" lon="9.47808">
        <ele>0.0</ele>
    </trkpt>
    <trkpt lat="45.52288" lon="9.47817">
        <ele>0.0</ele>
    </trkpt>
    <trkpt lat="45.52302" lon="9.47835">
        <ele>0.0</ele>
    </trkpt>
    <trkpt lat="45.5233" lon="9.47864">
        <ele>0.0</ele>
    </trkpt>
    <trkpt lat="45.52344" lon="9.47877">
        <ele>0.0</ele>
    </trkpt>
    <trkpt lat="45.52352" lon="9.47883">
        <ele>0.0</ele>
    </trkpt>
    <trkpt lat="45.52354" lon="9.47884">
        <ele>0.0</ele>
    </trkpt>
    <trkpt lat="45.52364" lon="9.47891">
        <ele>0.0</ele>
    </trkpt>
    <trkpt lat="45.52376" lon="9.47897">
        <ele>0.0</ele>
    </trkpt>
    <trkpt lat="45.52399" lon="9.47905">
        <ele>0.0</ele>
    </trkpt>
    <trkpt lat="45.5242" lon="9.47915">
        <ele>0.0</ele>
    </trkpt>
    <trkpt lat="45.5251" lon="9.47926">
        <ele>0.0</ele>
    </trkpt>
    <trkpt lat="45.52554" lon="9.47933">
        <ele>0.0</ele>
    </trkpt>
    <trkpt lat="45.52761" lon="9.47985">
        <ele>0.0</ele>
    </trkpt>
    <trkpt lat="45.52769" lon="9.47986">
        <ele>0.0</ele>
    </trkpt>
    <trkpt lat="45.52787" lon="9.47986">
        <ele>0.0</ele>
    </trkpt>
    <trkpt lat="45.52802" lon="9.47985">
        <ele>0.0</ele>
    </trkpt>
    <trkpt lat="45.52829" lon="9.47978">
        <ele>0.0</ele>
    </trkpt>
    <trkpt lat="45.5283" lon="9.47978">
        <ele>0.0</ele>
    </trkpt>
    <trkpt lat="45.52852" lon="9.47971">
        <ele>0.0</ele>
    </trkpt>
    <trkpt lat="45.52864" lon="9.47964">
        <ele>0.0</ele>
    </trkpt>
    <trkpt lat="45.52866" lon="9.47962">
        <ele>0.0</ele>
    </trkpt>
    <trkpt lat="45.52928" lon="9.47922">
        <ele>0.0</ele>
    </trkpt>
    <trkpt lat="45.52956" lon="9.47909">
        <ele>0.0</ele>
    </trkpt>
    <trkpt lat="45.53001" lon="9.47894">
        <ele>0.0</ele>
    </trkpt>
    <trkpt lat="45.53058" lon="9.47892">
        <ele>0.0</ele>
    </trkpt>
    <trkpt lat="45.53233" lon="9.47928">
        <ele>0.0</ele>
    </trkpt>
    <trkpt lat="45.53265" lon="9.47942">
        <ele>0.0</ele>
    </trkpt>
    <trkpt lat="45.53291" lon="9.47961">
        <ele>0.0</ele>
    </trkpt>
    <trkpt lat="45.53314" lon="9.47983">
        <ele>0.0</ele>
    </trkpt>
    <trkpt lat="45.53373" lon="9.48051">
        <ele>0.0</ele>
    </trkpt>
    <trkpt lat="45.53396" lon="9.48072">
        <ele>0.0</ele>
    </trkpt>
    <trkpt lat="45.53411" lon="9.48082">
        <ele>0.0</ele>
    </trkpt>
    <trkpt lat="45.53436" lon="9.48096">
        <ele>0.0</ele>
    </trkpt>
    <trkpt lat="45.5348" lon="9.48113">
        <ele>0.0</ele>
    </trkpt>
    <trkpt lat="45.53575" lon="9.48145">
        <ele>0.0</ele>
    </trkpt>
    <trkpt lat="45.53609" lon="9.48159">
        <ele>0.0</ele>
    </trkpt>
    <trkpt lat="45.53616" lon="9.48168">
        <ele>0.0</ele>
    </trkpt>
    <trkpt lat="45.53628" lon="9.4818">
        <ele>0.0</ele>
    </trkpt>
    <trkpt lat="45.53628" lon="9.48186">
        <ele>0.0</ele>
    </trkpt>
    <trkpt lat="45.5363" lon="9.48194">
        <ele>0.0</ele>
    </trkpt>
    <trkpt lat="45.53634" lon="9.482">
        <ele>0.0</ele>
    </trkpt>
    <trkpt lat="45.53637" lon="9.48223">
        <ele>0.0</ele>
    </trkpt>
    <trkpt lat="45.53639" lon="9.4823">
        <ele>0.0</ele>
    </trkpt>
    <trkpt lat="45.5364" lon="9.48236">
        <ele>0.0</ele>
    </trkpt>
    <trkpt lat="45.53639" lon="9.4828">
        <ele>0.0</ele>
    </trkpt>
    <trkpt lat="45.53637" lon="9.48287">
        <ele>0.0</ele>
    </trkpt>
    <trkpt lat="45.53636" lon="9.48293">
        <ele>0.0</ele>
    </trkpt>
    <trkpt lat="45.53636" lon="9.48299">
        <ele>0.0</ele>
    </trkpt>
    <trkpt lat="45.53632" lon="9.48344">
        <ele>0.0</ele>
    </trkpt>
    <trkpt lat="45.53627" lon="9.48366">
        <ele>0.0</ele>
    </trkpt>
    <trkpt lat="45.53598" lon="9.48465">
        <ele>0.0</ele>
    </trkpt>
    <trkpt lat="45.53596" lon="9.48474">
        <ele>0.0</ele>
    </trkpt>
    <trkpt lat="45.53579" lon="9.48532">
        <ele>0.0</ele>
    </trkpt>
    <trkpt lat="45.53578" lon="9.48538">
        <ele>0.0</ele>
    </trkpt>
    <trkpt lat="45.53542" lon="9.48672">
        <ele>0.0</ele>
    </trkpt>
    <trkpt lat="45.5354" lon="9.48688">
        <ele>0.0</ele>
    </trkpt>
    <trkpt lat="45.53504" lon="9.48818">
        <ele>0.0</ele>
    </trkpt>
    <trkpt lat="45.53495" lon="9.48859">
        <ele>0.0</ele>
    </trkpt>
    <trkpt lat="45.53489" lon="9.48902">
        <ele>0.0</ele>
    </trkpt>
    <trkpt lat="45.53472" lon="9.48966">
        <ele>0.0</ele>
    </trkpt>
    <trkpt lat="45.53469" lon="9.48969">
        <ele>0.0</ele>
    </trkpt>
    <trkpt lat="45.53467" lon="9.4897">
        <ele>0.0</ele>
    </trkpt>
    <trkpt lat="45.53465" lon="9.48972">
        <ele>0.0</ele>
    </trkpt>
    <trkpt lat="45.53465" lon="9.48974">
        <ele>0.0</ele>
    </trkpt>
    <trkpt lat="45.53464" lon="9.48975">
        <ele>0.0</ele>
    </trkpt>
    <trkpt lat="45.53463" lon="9.48977">
        <ele>0.0</ele>
    </trkpt>
    <trkpt lat="45.53462" lon="9.48978">
        <ele>0.0</ele>
    </trkpt>
    <trkpt lat="45.53462" lon="9.4898">
        <ele>0.0</ele>
    </trkpt>
    <trkpt lat="45.53461" lon="9.48982">
        <ele>0.0</ele>
    </trkpt>
    <trkpt lat="45.53461" lon="9.48993">
        <ele>0.0</ele>
    </trkpt>
    <trkpt lat="45.53446" lon="9.49032">
        <ele>0.0</ele>
    </trkpt>
    <trkpt lat="45.53445" lon="9.49043">
        <ele>0.0</ele>
    </trkpt>
    <trkpt lat="45.53417" lon="9.49125">
        <ele>0.0</ele>
    </trkpt>
    <trkpt lat="45.53042" lon="9.50127">
        <ele>0.0</ele>
    </trkpt>
    <trkpt lat="45.53039" lon="9.50131">
        <ele>0.0</ele>
    </trkpt>
    <trkpt lat="45.53035" lon="9.50139">
        <ele>0.0</ele>
    </trkpt>
    <trkpt lat="45.53013" lon="9.50202">
        <ele>0.0</ele>
    </trkpt>
    <trkpt lat="45.53008" lon="9.50213">
        <ele>0.0</ele>
    </trkpt>
    <trkpt lat="45.53005" lon="9.50223">
        <ele>0.0</ele>
    </trkpt>
    <trkpt lat="45.52991" lon="9.5026">
        <ele>0.0</ele>
    </trkpt>
    <trkpt lat="45.52987" lon="9.50273">
        <ele>0.0</ele>
    </trkpt>
    <trkpt lat="45.52972" lon="9.50311">
        <ele>0.0</ele>
    </trkpt>
    <trkpt lat="45.52966" lon="9.50323">
        <ele>0.0</ele>
    </trkpt>
    <trkpt lat="45.52962" lon="9.50333">
        <ele>0.0</ele>
    </trkpt>
    <trkpt lat="45.52953" lon="9.50348">
        <ele>0.0</ele>
    </trkpt>
    <trkpt lat="45.5295" lon="9.50351">
        <ele>0.0</ele>
    </trkpt>
    <trkpt lat="45.52948" lon="9.50354">
        <ele>0.0</ele>
    </trkpt>
    <trkpt lat="45.52945" lon="9.50362">
        <ele>0.0</ele>
    </trkpt>
    <trkpt lat="45.52943" lon="9.50372">
        <ele>0.0</ele>
    </trkpt>
    <trkpt lat="45.5294" lon="9.50372">
        <ele>0.0</ele>
    </trkpt>
    <trkpt lat="45.5294" lon="9.50373">
        <ele>0.0</ele>
    </trkpt>
    <trkpt lat="45.52938" lon="9.50373">
        <ele>0.0</ele>
    </trkpt>
    <trkpt lat="45.52938" lon="9.50374">
        <ele>0.0</ele>
    </trkpt>
    <trkpt lat="45.52932" lon="9.50378">
        <ele>0.0</ele>
    </trkpt>
    <trkpt lat="45.52929" lon="9.50381">
        <ele>0.0</ele>
    </trkpt>
    <trkpt lat="45.52927" lon="9.50385">
        <ele>0.0</ele>
    </trkpt>
    <trkpt lat="45.52925" lon="9.50388">
        <ele>0.0</ele>
    </trkpt>
    <trkpt lat="45.52924" lon="9.50393">
        <ele>0.0</ele>
    </trkpt>
    <trkpt lat="45.52922" lon="9.50397">
        <ele>0.0</ele>
    </trkpt>
    <trkpt lat="45.52921" lon="9.50402">
        <ele>0.0</ele>
    </trkpt>
    <trkpt lat="45.52921" lon="9.50407">
        <ele>0.0</ele>
    </trkpt>
    <trkpt lat="45.5292" lon="9.50412">
        <ele>0.0</ele>
    </trkpt>
    <trkpt lat="45.52921" lon="9.50429">
        <ele>0.0</ele>
    </trkpt>
    <trkpt lat="45.52922" lon="9.50429">
        <ele>0.0</ele>
    </trkpt>
    <trkpt lat="45.52922" lon="9.5043">
        <ele>0.0</ele>
    </trkpt>
    <trkpt lat="45.52924" lon="9.50433">
        <ele>0.0</ele>
    </trkpt>
    <trkpt lat="45.52926" lon="9.50434">
        <ele>0.0</ele>
    </trkpt>
    <trkpt lat="45.52932" lon="9.5044">
        <ele>0.0</ele>
    </trkpt>
    <trkpt lat="45.52935" lon="9.50441">
        <ele>0.0</ele>
    </trkpt>
    <trkpt lat="45.52939" lon="9.50445">
        <ele>0.0</ele>
    </trkpt>
    <trkpt lat="45.52941" lon="9.50445">
        <ele>0.0</ele>
    </trkpt>
    <trkpt lat="45.52943" lon="9.50447">
        <ele>0.0</ele>
    </trkpt>
    <trkpt lat="45.52944" lon="9.50447">
        <ele>0.0</ele>
    </trkpt>
    <trkpt lat="45.52946" lon="9.50449">
        <ele>0.0</ele>
    </trkpt>
    <trkpt lat="45.52948" lon="9.50453">
        <ele>0.0</ele>
    </trkpt>
    <trkpt lat="45.52961" lon="9.50453">
        <ele>0.0</ele>
    </trkpt>
    <trkpt lat="45.5297" lon="9.50455">
        <ele>0.0</ele>
    </trkpt>
    <trkpt lat="45.52979" lon="9.50459">
        <ele>0.0</ele>
    </trkpt>
    <trkpt lat="45.52994" lon="9.50472">
        <ele>0.0</ele>
    </trkpt>
    <trkpt lat="45.53006" lon="9.50485">
        <ele>0.0</ele>
    </trkpt>
    <trkpt lat="45.53045" lon="9.50532">
        <ele>0.0</ele>
    </trkpt>
    <trkpt lat="45.53091" lon="9.50584">
        <ele>0.0</ele>
    </trkpt>
    <trkpt lat="45.53181" lon="9.50679">
        <ele>0.0</ele>
    </trkpt>
    <trkpt lat="45.5318" lon="9.50681">
        <ele>0.0</ele>
    </trkpt>
    <trkpt lat="45.5318" lon="9.50696">
        <ele>0.0</ele>
    </trkpt>
    <trkpt lat="45.53181" lon="9.50698">
        <ele>0.0</ele>
    </trkpt>
    <trkpt lat="45.53181" lon="9.50699">
        <ele>0.0</ele>
    </trkpt>
    <trkpt lat="45.53182" lon="9.50701">
        <ele>0.0</ele>
    </trkpt>
    <trkpt lat="45.53182" lon="9.50702">
        <ele>0.0</ele>
    </trkpt>
    <trkpt lat="45.53183" lon="9.50704">
        <ele>0.0</ele>
    </trkpt>
    <trkpt lat="45.53184" lon="9.50705">
        <ele>0.0</ele>
    </trkpt>
    <trkpt lat="45.53184" lon="9.50707">
        <ele>0.0</ele>
    </trkpt>
    <trkpt lat="45.53188" lon="9.50711">
        <ele>0.0</ele>
    </trkpt>
    <trkpt lat="45.53189" lon="9.50711">
        <ele>0.0</ele>
    </trkpt>
    <trkpt lat="45.53192" lon="9.50714">
        <ele>0.0</ele>
    </trkpt>
    <trkpt lat="45.53195" lon="9.50714">
        <ele>0.0</ele>
    </trkpt>
    <trkpt lat="45.53196" lon="9.50715">
        <ele>0.0</ele>
    </trkpt>
    <trkpt lat="45.53198" lon="9.50715">
        <ele>0.0</ele>
    </trkpt>
    <trkpt lat="45.53199" lon="9.50714">
        <ele>0.0</ele>
    </trkpt>
    <trkpt lat="45.53202" lon="9.50714">
        <ele>0.0</ele>
    </trkpt>
    <trkpt lat="45.53203" lon="9.50713">
        <ele>0.0</ele>
    </trkpt>
    <trkpt lat="45.53204" lon="9.50713">
        <ele>0.0</ele>
    </trkpt>
    <trkpt lat="45.53205" lon="9.50712">
        <ele>0.0</ele>
    </trkpt>
    <trkpt lat="45.53205" lon="9.50711">
        <ele>0.0</ele>
    </trkpt>
    <trkpt lat="45.53207" lon="9.50709">
        <ele>0.0</ele>
    </trkpt>
    <trkpt lat="45.53208" lon="9.50709">
        <ele>0.0</ele>
    </trkpt>
    <trkpt lat="45.53215" lon="9.50713">
        <ele>0.0</ele>
    </trkpt>
    <trkpt lat="45.53228" lon="9.50722">
        <ele>0.0</ele>
    </trkpt>
    <trkpt lat="45.53289" lon="9.50781">
        <ele>0.0</ele>
    </trkpt>
    <trkpt lat="45.53299" lon="9.50788">
        <ele>0.0</ele>
    </trkpt>
    <trkpt lat="45.53348" lon="9.50818">
        <ele>0.0</ele>
    </trkpt>
    <trkpt lat="45.53376" lon="9.50832">
        <ele>0.0</ele>
    </trkpt>
    <trkpt lat="45.53377" lon="9.50832">
        <ele>0.0</ele>
    </trkpt>
    <trkpt lat="45.53514" lon="9.50884">
        <ele>0.0</ele>
    </trkpt>
    <trkpt lat="45.53595" lon="9.50917">
        <ele>0.0</ele>
    </trkpt>
    <trkpt lat="45.53605" lon="9.50924">
        <ele>0.0</ele>
    </trkpt>
    <trkpt lat="45.5362" lon="9.50931">
        <ele>0.0</ele>
    </trkpt>
    <trkpt lat="45.53694" lon="9.50958">
        <ele>0.0</ele>
    </trkpt>
    <trkpt lat="45.53698" lon="9.5096">
        <ele>0.0</ele>
    </trkpt>
    <trkpt lat="45.53711" lon="9.50964">
        <ele>0.0</ele>
    </trkpt>
    <trkpt lat="45.53787" lon="9.50996">
        <ele>0.0</ele>
    </trkpt>
    <trkpt lat="45.53793" lon="9.50997">
        <ele>0.0</ele>
    </trkpt>
    <trkpt lat="45.53802" lon="9.50997">
        <ele>0.0</ele>
    </trkpt>
    <trkpt lat="45.54444" lon="9.51245">
        <ele>0.0</ele>
    </trkpt>
    <trkpt lat="45.54451" lon="9.5125">
        <ele>0.0</ele>
    </trkpt>
    <trkpt lat="45.54522" lon="9.51278">
        <ele>0.0</ele>
    </trkpt>
    <trkpt lat="45.54541" lon="9.51287">
        <ele>0.0</ele>
    </trkpt>
    <trkpt lat="45.54551" lon="9.51294">
        <ele>0.0</ele>
    </trkpt>
    <trkpt lat="45.54558" lon="9.51298">
        <ele>0.0</ele>
    </trkpt>
    <trkpt lat="45.54558" lon="9.513">
        <ele>0.0</ele>
    </trkpt>
    <trkpt lat="45.54559" lon="9.51301">
        <ele>0.0</ele>
    </trkpt>
    <trkpt lat="45.54559" lon="9.51302">
        <ele>0.0</ele>
    </trkpt>
    <trkpt lat="45.5456" lon="9.51303">
        <ele>0.0</ele>
    </trkpt>
    <trkpt lat="45.5456" lon="9.51304">
        <ele>0.0</ele>
    </trkpt>
    <trkpt lat="45.54561" lon="9.51305">
        <ele>0.0</ele>
    </trkpt>
    <trkpt lat="45.54561" lon="9.51306">
        <ele>0.0</ele>
    </trkpt>
    <trkpt lat="45.54562" lon="9.51307">
        <ele>0.0</ele>
    </trkpt>
    <trkpt lat="45.54563" lon="9.51309">
        <ele>0.0</ele>
    </trkpt>
    <trkpt lat="45.54565" lon="9.5131">
        <ele>0.0</ele>
    </trkpt>
    <trkpt lat="45.54568" lon="9.51313">
        <ele>0.0</ele>
    </trkpt>
    <trkpt lat="45.5457" lon="9.51314">
        <ele>0.0</ele>
    </trkpt>
    <trkpt lat="45.54571" lon="9.51315">
        <ele>0.0</ele>
    </trkpt>
    <trkpt lat="45.54579" lon="9.51315">
        <ele>0.0</ele>
    </trkpt>
    <trkpt lat="45.54581" lon="9.51314">
        <ele>0.0</ele>
    </trkpt>
    <trkpt lat="45.54582" lon="9.51313">
        <ele>0.0</ele>
    </trkpt>
    <trkpt lat="45.54584" lon="9.51312">
        <ele>0.0</ele>
    </trkpt>
    <trkpt lat="45.54586" lon="9.5131">
        <ele>0.0</ele>
    </trkpt>
    <trkpt lat="45.54588" lon="9.51309">
        <ele>0.0</ele>
    </trkpt>
    <trkpt lat="45.54615" lon="9.51314">
        <ele>0.0</ele>
    </trkpt>
    <trkpt lat="45.54667" lon="9.51333">
        <ele>0.0</ele>
    </trkpt>
    <trkpt lat="45.54674" lon="9.51334">
        <ele>0.0</ele>
    </trkpt>
    <trkpt lat="45.54739" lon="9.51358">
        <ele>0.0</ele>
    </trkpt>
    <trkpt lat="45.54817" lon="9.5139">
        <ele>0.0</ele>
    </trkpt>
    <trkpt lat="45.54993" lon="9.51454">
        <ele>0.0</ele>
    </trkpt>
    <trkpt lat="45.55199" lon="9.51538">
        <ele>0.0</ele>
    </trkpt>
    <trkpt lat="45.55477" lon="9.51645">
        <ele>0.0</ele>
    </trkpt>
    <trkpt lat="45.55481" lon="9.51647">
        <ele>0.0</ele>
    </trkpt>
    <trkpt lat="45.56125" lon="9.51894">
        <ele>0.0</ele>
    </trkpt>
    <trkpt lat="45.56136" lon="9.51899">
        <ele>0.0</ele>
    </trkpt>
    <trkpt lat="45.56232" lon="9.51935">
        <ele>0.0</ele>
    </trkpt>
    <trkpt lat="45.5624" lon="9.51937">
        <ele>0.0</ele>
    </trkpt>
    <trkpt lat="45.56346" lon="9.51947">
        <ele>0.0</ele>
    </trkpt>
    <trkpt lat="45.56434" lon="9.51952">
        <ele>0.0</ele>
    </trkpt>
    <trkpt lat="45.56441" lon="9.51953">
        <ele>0.0</ele>
    </trkpt>
    <trkpt lat="45.56623" lon="9.51965">
        <ele>0.0</ele>
    </trkpt>
    <trkpt lat="45.56628" lon="9.51968">
        <ele>0.0</ele>
    </trkpt>
    <trkpt lat="45.56645" lon="9.5197">
        <ele>0.0</ele>
    </trkpt>
    <trkpt lat="45.56666" lon="9.51981">
        <ele>0.0</ele>
    </trkpt>
    <trkpt lat="45.56666" lon="9.51983">
        <ele>0.0</ele>
    </trkpt>
    <trkpt lat="45.56668" lon="9.51985">
        <ele>0.0</ele>
    </trkpt>
    <trkpt lat="45.56669" lon="9.51985">
        <ele>0.0</ele>
    </trkpt>
    <trkpt lat="45.56672" lon="9.51988">
        <ele>0.0</ele>
    </trkpt>
    <trkpt lat="45.56673" lon="9.51988">
        <ele>0.0</ele>
    </trkpt>
    <trkpt lat="45.56674" lon="9.51989">
        <ele>0.0</ele>
    </trkpt>
    <trkpt lat="45.5668" lon="9.51989">
        <ele>0.0</ele>
    </trkpt>
    <trkpt lat="45.56681" lon="9.51988">
        <ele>0.0</ele>
    </trkpt>
    <trkpt lat="45.56682" lon="9.51988">
        <ele>0.0</ele>
    </trkpt>
    <trkpt lat="45.56683" lon="9.51987">
        <ele>0.0</ele>
    </trkpt>
    <trkpt lat="45.56684" lon="9.51987">
        <ele>0.0</ele>
    </trkpt>
    <trkpt lat="45.56686" lon="9.51985">
        <ele>0.0</ele>
    </trkpt>
    <trkpt lat="45.56686" lon="9.51984">
        <ele>0.0</ele>
    </trkpt>
    <trkpt lat="45.56689" lon="9.51981">
        <ele>0.0</ele>
    </trkpt>
    <trkpt lat="45.56689" lon="9.5198">
        <ele>0.0</ele>
    </trkpt>
    <trkpt lat="45.5669" lon="9.51979">
        <ele>0.0</ele>
    </trkpt>
    <trkpt lat="45.5669" lon="9.51978">
        <ele>0.0</ele>
    </trkpt>
    <trkpt lat="45.56691" lon="9.51977">
        <ele>0.0</ele>
    </trkpt>
    <trkpt lat="45.56703" lon="9.51972">
        <ele>0.0</ele>
    </trkpt>
    <trkpt lat="45.56709" lon="9.51971">
        <ele>0.0</ele>
    </trkpt>
    <trkpt lat="45.56716" lon="9.51969">
        <ele>0.0</ele>
    </trkpt>
    <trkpt lat="45.5677" lon="9.51973">
        <ele>0.0</ele>
    </trkpt>
    <trkpt lat="45.56795" lon="9.51976">
        <ele>0.0</ele>
    </trkpt>
    <trkpt lat="45.5723" lon="9.51997">
        <ele>0.0</ele>
    </trkpt>
    <trkpt lat="45.57249" lon="9.51999">
        <ele>0.0</ele>
    </trkpt>
    <trkpt lat="45.57264" lon="9.52002">
        <ele>0.0</ele>
    </trkpt>
    <trkpt lat="45.57274" lon="9.52008">
        <ele>0.0</ele>
    </trkpt>
    <trkpt lat="45.5728" lon="9.52014">
        <ele>0.0</ele>
    </trkpt>
    <trkpt lat="45.57285" lon="9.52021">
        <ele>0.0</ele>
    </trkpt>
    <trkpt lat="45.57288" lon="9.52029">
        <ele>0.0</ele>
    </trkpt>
    <trkpt lat="45.57288" lon="9.52045">
        <ele>0.0</ele>
    </trkpt>
    <trkpt lat="45.57291" lon="9.52056">
        <ele>0.0</ele>
    </trkpt>
    <trkpt lat="45.57293" lon="9.52059">
        <ele>0.0</ele>
    </trkpt>
    <trkpt lat="45.57294" lon="9.52062">
        <ele>0.0</ele>
    </trkpt>
    <trkpt lat="45.57301" lon="9.52069">
        <ele>0.0</ele>
    </trkpt>
    <trkpt lat="45.57303" lon="9.5207">
        <ele>0.0</ele>
    </trkpt>
    <trkpt lat="45.57309" lon="9.52072">
        <ele>0.0</ele>
    </trkpt>
    <trkpt lat="45.57311" lon="9.52073">
        <ele>0.0</ele>
    </trkpt>
    <trkpt lat="45.57315" lon="9.52073">
        <ele>0.0</ele>
    </trkpt>
    <trkpt lat="45.57317" lon="9.52072">
        <ele>0.0</ele>
    </trkpt>
    <trkpt lat="45.57319" lon="9.52072">
        <ele>0.0</ele>
    </trkpt>
    <trkpt lat="45.57321" lon="9.52071">
        <ele>0.0</ele>
    </trkpt>
    <trkpt lat="45.57322" lon="9.5207">
        <ele>0.0</ele>
    </trkpt>
    <trkpt lat="45.57326" lon="9.52068">
        <ele>0.0</ele>
    </trkpt>
    <trkpt lat="45.57329" lon="9.52066">
        <ele>0.0</ele>
    </trkpt>
    <trkpt lat="45.57331" lon="9.52064">
        <ele>0.0</ele>
    </trkpt>
    <trkpt lat="45.57337" lon="9.52055">
        <ele>0.0</ele>
    </trkpt>
    <trkpt lat="45.5734" lon="9.52044">
        <ele>0.0</ele>
    </trkpt>
    <trkpt lat="45.5734" lon="9.52029">
        <ele>0.0</ele>
    </trkpt>
    <trkpt lat="45.57339" lon="9.52027">
        <ele>0.0</ele>
    </trkpt>
    <trkpt lat="45.57362" lon="9.52012">
        <ele>0.0</ele>
    </trkpt>
    <trkpt lat="45.57446" lon="9.5202">
        <ele>0.0</ele>
    </trkpt>
    <trkpt lat="45.5745" lon="9.52021">
        <ele>0.0</ele>
    </trkpt>
    <trkpt lat="45.57457" lon="9.52021">
        <ele>0.0</ele>
    </trkpt>
    <trkpt lat="45.57528" lon="9.52027">
        <ele>0.0</ele>
    </trkpt>
    <trkpt lat="45.57543" lon="9.52027">
        <ele>0.0</ele>
    </trkpt>
    <trkpt lat="45.57608" lon="9.52033">
        <ele>0.0</ele>
    </trkpt>
    <trkpt lat="45.57774" lon="9.52061">
        <ele>0.0</ele>
    </trkpt>
    <trkpt lat="45.57836" lon="9.52069">
        <ele>0.0</ele>
    </trkpt>
    <trkpt lat="45.57841" lon="9.52069">
        <ele>0.0</ele>
    </trkpt>
    <trkpt lat="45.57928" lon="9.52078">
        <ele>0.0</ele>
    </trkpt>
    <trkpt lat="45.58036" lon="9.52092">
        <ele>0.0</ele>
    </trkpt>
    <trkpt lat="45.58098" lon="9.52098">
        <ele>0.0</ele>
    </trkpt>
    <trkpt lat="45.58106" lon="9.52103">
        <ele>0.0</ele>
    </trkpt>
    <trkpt lat="45.58114" lon="9.52105">
        <ele>0.0</ele>
    </trkpt>
    <trkpt lat="45.58115" lon="9.52106">
        <ele>0.0</ele>
    </trkpt>
    <trkpt lat="45.58115" lon="9.52108">
        <ele>0.0</ele>
    </trkpt>
    <trkpt lat="45.58116" lon="9.5211">
        <ele>0.0</ele>
    </trkpt>
    <trkpt lat="45.58116" lon="9.52111">
        <ele>0.0</ele>
    </trkpt>
    <trkpt lat="45.58118" lon="9.52113">
        <ele>0.0</ele>
    </trkpt>
    <trkpt lat="45.58118" lon="9.52114">
        <ele>0.0</ele>
    </trkpt>
    <trkpt lat="45.5812" lon="9.52115">
        <ele>0.0</ele>
    </trkpt>
    <trkpt lat="45.5812" lon="9.52116">
        <ele>0.0</ele>
    </trkpt>
    <trkpt lat="45.58121" lon="9.52117">
        <ele>0.0</ele>
    </trkpt>
    <trkpt lat="45.58122" lon="9.52117">
        <ele>0.0</ele>
    </trkpt>
    <trkpt lat="45.58123" lon="9.52118">
        <ele>0.0</ele>
    </trkpt>
    <trkpt lat="45.58125" lon="9.52118">
        <ele>0.0</ele>
    </trkpt>
    <trkpt lat="45.58126" lon="9.52119">
        <ele>0.0</ele>
    </trkpt>
    <trkpt lat="45.58131" lon="9.52119">
        <ele>0.0</ele>
    </trkpt>
    <trkpt lat="45.58132" lon="9.52118">
        <ele>0.0</ele>
    </trkpt>
    <trkpt lat="45.58133" lon="9.52118">
        <ele>0.0</ele>
    </trkpt>
    <trkpt lat="45.58135" lon="9.52116">
        <ele>0.0</ele>
    </trkpt>
    <trkpt lat="45.58136" lon="9.52116">
        <ele>0.0</ele>
    </trkpt>
    <trkpt lat="45.58138" lon="9.52114">
        <ele>0.0</ele>
    </trkpt>
    <trkpt lat="45.58138" lon="9.52113">
        <ele>0.0</ele>
    </trkpt>
    <trkpt lat="45.5814" lon="9.52111">
        <ele>0.0</ele>
    </trkpt>
    <trkpt lat="45.5814" lon="9.5211">
        <ele>0.0</ele>
    </trkpt>
    <trkpt lat="45.58142" lon="9.52108">
        <ele>0.0</ele>
    </trkpt>
    <trkpt lat="45.58154" lon="9.52107">
        <ele>0.0</ele>
    </trkpt>
    <trkpt lat="45.58162" lon="9.52104">
        <ele>0.0</ele>
    </trkpt>
    <trkpt lat="45.58403" lon="9.52141">
        <ele>0.0</ele>
    </trkpt>
    <trkpt lat="45.58525" lon="9.52163">
        <ele>0.0</ele>
    </trkpt>
    <trkpt lat="45.58557" lon="9.52171">
        <ele>0.0</ele>
    </trkpt>
    <trkpt lat="45.58563" lon="9.52171">
        <ele>0.0</ele>
    </trkpt>
    <trkpt lat="45.58565" lon="9.5217">
        <ele>0.0</ele>
    </trkpt>
    <trkpt lat="45.58584" lon="9.52171">
        <ele>0.0</ele>
    </trkpt>
    <trkpt lat="45.58584" lon="9.52172">
        <ele>0.0</ele>
    </trkpt>
    <trkpt lat="45.58589" lon="9.52177">
        <ele>0.0</ele>
    </trkpt>
    <trkpt lat="45.5859" lon="9.52177">
        <ele>0.0</ele>
    </trkpt>
    <trkpt lat="45.58591" lon="9.52178">
        <ele>0.0</ele>
    </trkpt>
    <trkpt lat="45.58592" lon="9.52178">
        <ele>0.0</ele>
    </trkpt>
    <trkpt lat="45.58593" lon="9.52179">
        <ele>0.0</ele>
    </trkpt>
    <trkpt lat="45.58598" lon="9.52179">
        <ele>0.0</ele>
    </trkpt>
    <trkpt lat="45.58599" lon="9.52178">
        <ele>0.0</ele>
    </trkpt>
    <trkpt lat="45.586" lon="9.52178">
        <ele>0.0</ele>
    </trkpt>
    <trkpt lat="45.58601" lon="9.52177">
        <ele>0.0</ele>
    </trkpt>
    <trkpt lat="45.58602" lon="9.52177">
        <ele>0.0</ele>
    </trkpt>
    <trkpt lat="45.58606" lon="9.52173">
        <ele>0.0</ele>
    </trkpt>
    <trkpt lat="45.58606" lon="9.52172">
        <ele>0.0</ele>
    </trkpt>
    <trkpt lat="45.58608" lon="9.5217">
        <ele>0.0</ele>
    </trkpt>
    <trkpt lat="45.58633" lon="9.52165">
        <ele>0.0</ele>
    </trkpt>
    <trkpt lat="45.58644" lon="9.5217">
        <ele>0.0</ele>
    </trkpt>
    <trkpt lat="45.58673" lon="9.52177">
        <ele>0.0</ele>
    </trkpt>
    <trkpt lat="45.58687" lon="9.52179">
        <ele>0.0</ele>
    </trkpt>
    <trkpt lat="45.59209" lon="9.52228">
        <ele>0.0</ele>
    </trkpt>
    <trkpt lat="45.59337" lon="9.52237">
        <ele>0.0</ele>
    </trkpt>
    <trkpt lat="45.59383" lon="9.52238">
        <ele>0.0</ele>
    </trkpt>
    <trkpt lat="45.59568" lon="9.52226">
        <ele>0.0</ele>
    </trkpt>
    <trkpt lat="45.5958" lon="9.52226">
        <ele>0.0</ele>
    </trkpt>
    <trkpt lat="45.59712" lon="9.52217">
        <ele>0.0</ele>
    </trkpt>
    <trkpt lat="45.59732" lon="9.52221">
        <ele>0.0</ele>
    </trkpt>
    <trkpt lat="45.59759" lon="9.52228">
        <ele>0.0</ele>
    </trkpt>
    <trkpt lat="45.59761" lon="9.52229">
        <ele>0.0</ele>
    </trkpt>
    <trkpt lat="45.59762" lon="9.5223">
        <ele>0.0</ele>
    </trkpt>
    <trkpt lat="45.59763" lon="9.52232">
        <ele>0.0</ele>
    </trkpt>
    <trkpt lat="45.59764" lon="9.52233">
        <ele>0.0</ele>
    </trkpt>
    <trkpt lat="45.59766" lon="9.52234">
        <ele>0.0</ele>
    </trkpt>
    <trkpt lat="45.59767" lon="9.52235">
        <ele>0.0</ele>
    </trkpt>
    <trkpt lat="45.59768" lon="9.52235">
        <ele>0.0</ele>
    </trkpt>
    <trkpt lat="45.59772" lon="9.52237">
        <ele>0.0</ele>
    </trkpt>
    <trkpt lat="45.59776" lon="9.52237">
        <ele>0.0</ele>
    </trkpt>
    <trkpt lat="45.59782" lon="9.52234">
        <ele>0.0</ele>
    </trkpt>
    <trkpt lat="45.59785" lon="9.52233">
        <ele>0.0</ele>
    </trkpt>
    <trkpt lat="45.59788" lon="9.52231">
        <ele>0.0</ele>
    </trkpt>
    <trkpt lat="45.59789" lon="9.52229">
        <ele>0.0</ele>
    </trkpt>
    <trkpt lat="45.5979" lon="9.52228">
        <ele>0.0</ele>
    </trkpt>
    <trkpt lat="45.59792" lon="9.52227">
        <ele>0.0</ele>
    </trkpt>
    <trkpt lat="45.59795" lon="9.52221">
        <ele>0.0</ele>
    </trkpt>
    <trkpt lat="45.59796" lon="9.52218">
        <ele>0.0</ele>
    </trkpt>
    <trkpt lat="45.59802" lon="9.52216">
        <ele>0.0</ele>
    </trkpt>
    <trkpt lat="45.59841" lon="9.52211">
        <ele>0.0</ele>
    </trkpt>
    <trkpt lat="45.59847" lon="9.52208">
        <ele>0.0</ele>
    </trkpt>
    <trkpt lat="45.59938" lon="9.52201">
        <ele>0.0</ele>
    </trkpt>
    <trkpt lat="45.59944" lon="9.522">
        <ele>0.0</ele>
    </trkpt>
    <trkpt lat="45.60016" lon="9.52194">
        <ele>0.0</ele>
    </trkpt>
    <trkpt lat="45.60016" lon="9.52195">
        <ele>0.0</ele>
    </trkpt>
    <trkpt lat="45.60017" lon="9.52196">
        <ele>0.0</ele>
    </trkpt>
    <trkpt lat="45.60017" lon="9.522">
        <ele>0.0</ele>
    </trkpt>
    <trkpt lat="45.60018" lon="9.52201">
        <ele>0.0</ele>
    </trkpt>
    <trkpt lat="45.60018" lon="9.52203">
        <ele>0.0</ele>
    </trkpt>
    <trkpt lat="45.60019" lon="9.52204">
        <ele>0.0</ele>
    </trkpt>
    <trkpt lat="45.60019" lon="9.52205">
        <ele>0.0</ele>
    </trkpt>
    <trkpt lat="45.60021" lon="9.52207">
        <ele>0.0</ele>
    </trkpt>
    <trkpt lat="45.60021" lon="9.52208">
        <ele>0.0</ele>
    </trkpt>
    <trkpt lat="45.60023" lon="9.5221">
        <ele>0.0</ele>
    </trkpt>
    <trkpt lat="45.60024" lon="9.5221">
        <ele>0.0</ele>
    </trkpt>
    <trkpt lat="45.60024" lon="9.52211">
        <ele>0.0</ele>
    </trkpt>
    <trkpt lat="45.60025" lon="9.52211">
        <ele>0.0</ele>
    </trkpt>
    <trkpt lat="45.60026" lon="9.52212">
        <ele>0.0</ele>
    </trkpt>
    <trkpt lat="45.60027" lon="9.52212">
        <ele>0.0</ele>
    </trkpt>
    <trkpt lat="45.60028" lon="9.52213">
        <ele>0.0</ele>
    </trkpt>
    <trkpt lat="45.60034" lon="9.52213">
        <ele>0.0</ele>
    </trkpt>
    <trkpt lat="45.60035" lon="9.52212">
        <ele>0.0</ele>
    </trkpt>
    <trkpt lat="45.60036" lon="9.52212">
        <ele>0.0</ele>
    </trkpt>
    <trkpt lat="45.60037" lon="9.52211">
        <ele>0.0</ele>
    </trkpt>
    <trkpt lat="45.60038" lon="9.52211">
        <ele>0.0</ele>
    </trkpt>
    <trkpt lat="45.60039" lon="9.5221">
        <ele>0.0</ele>
    </trkpt>
    <trkpt lat="45.60039" lon="9.52209">
        <ele>0.0</ele>
    </trkpt>
    <trkpt lat="45.6004" lon="9.52209">
        <ele>0.0</ele>
    </trkpt>
    <trkpt lat="45.60042" lon="9.52207">
        <ele>0.0</ele>
    </trkpt>
    <trkpt lat="45.60042" lon="9.52206">
        <ele>0.0</ele>
    </trkpt>
    <trkpt lat="45.60043" lon="9.52205">
        <ele>0.0</ele>
    </trkpt>
    <trkpt lat="45.60043" lon="9.52204">
        <ele>0.0</ele>
    </trkpt>
    <trkpt lat="45.60044" lon="9.52202">
        <ele>0.0</ele>
    </trkpt>
    <trkpt lat="45.60044" lon="9.52201">
        <ele>0.0</ele>
    </trkpt>
    <trkpt lat="45.60045" lon="9.522">
        <ele>0.0</ele>
    </trkpt>
    <trkpt lat="45.60045" lon="9.52196">
        <ele>0.0</ele>
    </trkpt>
    <trkpt lat="45.60046" lon="9.52195">
        <ele>0.0</ele>
    </trkpt>
    <trkpt lat="45.60046" lon="9.52192">
        <ele>0.0</ele>
    </trkpt>
    <trkpt lat="45.6009" lon="9.52187">
        <ele>0.0</ele>
    </trkpt>
    <trkpt lat="45.60113" lon="9.52183">
        <ele>0.0</ele>
    </trkpt>
    <trkpt lat="45.60129" lon="9.52182">
        <ele>0.0</ele>
    </trkpt>
    <trkpt lat="45.60132" lon="9.52181">
        <ele>0.0</ele>
    </trkpt>
    <trkpt lat="45.60179" lon="9.52177">
        <ele>0.0</ele>
    </trkpt>
    <trkpt lat="45.6023" lon="9.52166">
        <ele>0.0</ele>
    </trkpt>
    <trkpt lat="45.60252" lon="9.5216">
        <ele>0.0</ele>
    </trkpt>
    <trkpt lat="45.60263" lon="9.52156">
        <ele>0.0</ele>
    </trkpt>
    <trkpt lat="45.60266" lon="9.52156">
        <ele>0.0</ele>
    </trkpt>
    <trkpt lat="45.60269" lon="9.52155">
        <ele>0.0</ele>
    </trkpt>
    <trkpt lat="45.60283" lon="9.52152">
        <ele>0.0</ele>
    </trkpt>
    <trkpt lat="45.60317" lon="9.52148">
        <ele>0.0</ele>
    </trkpt>
    <trkpt lat="45.60356" lon="9.52146">
        <ele>0.0</ele>
    </trkpt>
    <trkpt lat="45.60375" lon="9.52143">
        <ele>0.0</ele>
    </trkpt>
    <trkpt lat="45.60389" lon="9.52142">
        <ele>0.0</ele>
    </trkpt>
    <trkpt lat="45.60481" lon="9.52126">
        <ele>0.0</ele>
    </trkpt>
    <trkpt lat="45.60481" lon="9.5213">
        <ele>0.0</ele>
    </trkpt>
    <trkpt lat="45.60482" lon="9.5213">
        <ele>0.0</ele>
    </trkpt>
    <trkpt lat="45.60482" lon="9.52132">
        <ele>0.0</ele>
    </trkpt>
    <trkpt lat="45.60483" lon="9.52133">
        <ele>0.0</ele>
    </trkpt>
    <trkpt lat="45.60483" lon="9.52134">
        <ele>0.0</ele>
    </trkpt>
    <trkpt lat="45.60484" lon="9.52134">
        <ele>0.0</ele>
    </trkpt>
    <trkpt lat="45.60484" lon="9.52135">
        <ele>0.0</ele>
    </trkpt>
    <trkpt lat="45.60485" lon="9.52135">
        <ele>0.0</ele>
    </trkpt>
    <trkpt lat="45.60485" lon="9.52136">
        <ele>0.0</ele>
    </trkpt>
    <trkpt lat="45.60486" lon="9.52136">
        <ele>0.0</ele>
    </trkpt>
    <trkpt lat="45.60487" lon="9.52137">
        <ele>0.0</ele>
    </trkpt>
    <trkpt lat="45.60492" lon="9.52137">
        <ele>0.0</ele>
    </trkpt>
    <trkpt lat="45.60493" lon="9.52136">
        <ele>0.0</ele>
    </trkpt>
    <trkpt lat="45.60494" lon="9.52136">
        <ele>0.0</ele>
    </trkpt>
    <trkpt lat="45.60494" lon="9.52135">
        <ele>0.0</ele>
    </trkpt>
    <trkpt lat="45.60495" lon="9.52135">
        <ele>0.0</ele>
    </trkpt>
    <trkpt lat="45.60495" lon="9.52134">
        <ele>0.0</ele>
    </trkpt>
    <trkpt lat="45.60496" lon="9.52134">
        <ele>0.0</ele>
    </trkpt>
    <trkpt lat="45.60496" lon="9.52133">
        <ele>0.0</ele>
    </trkpt>
    <trkpt lat="45.60497" lon="9.52132">
        <ele>0.0</ele>
    </trkpt>
    <trkpt lat="45.60497" lon="9.5213">
        <ele>0.0</ele>
    </trkpt>
    <trkpt lat="45.60498" lon="9.5213">
        <ele>0.0</ele>
    </trkpt>
    <trkpt lat="45.60498" lon="9.52121">
        <ele>0.0</ele>
    </trkpt>
    <trkpt lat="45.60549" lon="9.52088">
        <ele>0.0</ele>
    </trkpt>
    <trkpt lat="45.60552" lon="9.52087">
        <ele>0.0</ele>
    </trkpt>
    <trkpt lat="45.60555" lon="9.52087">
        <ele>0.0</ele>
    </trkpt>
    <trkpt lat="45.60556" lon="9.52088">
        <ele>0.0</ele>
    </trkpt>
    <trkpt lat="45.60559" lon="9.52088">
        <ele>0.0</ele>
    </trkpt>
    <trkpt lat="45.60614" lon="9.52124">
        <ele>0.0</ele>
    </trkpt>
    <trkpt lat="45.60658" lon="9.52149">
        <ele>0.0</ele>
    </trkpt>
    <trkpt lat="45.60682" lon="9.5216">
        <ele>0.0</ele>
    </trkpt>
    <trkpt lat="45.60683" lon="9.52161">
        <ele>0.0</ele>
    </trkpt>
    <trkpt lat="45.60683" lon="9.52162">
        <ele>0.0</ele>
    </trkpt>
    <trkpt lat="45.60684" lon="9.52163">
        <ele>0.0</ele>
    </trkpt>
    <trkpt lat="45.60684" lon="9.52164">
        <ele>0.0</ele>
    </trkpt>
    <trkpt lat="45.60685" lon="9.52165">
        <ele>0.0</ele>
    </trkpt>
    <trkpt lat="45.60685" lon="9.52166">
        <ele>0.0</ele>
    </trkpt>
    <trkpt lat="45.60686" lon="9.52166">
        <ele>0.0</ele>
    </trkpt>
    <trkpt lat="45.60686" lon="9.52167">
        <ele>0.0</ele>
    </trkpt>
    <trkpt lat="45.60687" lon="9.52167">
        <ele>0.0</ele>
    </trkpt>
    <trkpt lat="45.60688" lon="9.52168">
        <ele>0.0</ele>
    </trkpt>
    <trkpt lat="45.60689" lon="9.52168">
        <ele>0.0</ele>
    </trkpt>
    <trkpt lat="45.6069" lon="9.52169">
        <ele>0.0</ele>
    </trkpt>
    <trkpt lat="45.60694" lon="9.52169">
        <ele>0.0</ele>
    </trkpt>
    <trkpt lat="45.60695" lon="9.52168">
        <ele>0.0</ele>
    </trkpt>
    <trkpt lat="45.6071" lon="9.52189">
        <ele>0.0</ele>
    </trkpt>
    <trkpt lat="45.60711" lon="9.52189">
        <ele>0.0</ele>
    </trkpt>
    <trkpt lat="45.60716" lon="9.52191">
        <ele>0.0</ele>
    </trkpt>
    <trkpt lat="45.60717" lon="9.52192">
        <ele>0.0</ele>
    </trkpt>
    <trkpt lat="45.60723" lon="9.52194">
        <ele>0.0</ele>
    </trkpt>
    <trkpt lat="45.60728" lon="9.52197">
        <ele>0.0</ele>
    </trkpt>
    <trkpt lat="45.60741" lon="9.52203">
        <ele>0.0</ele>
    </trkpt>
    <trkpt lat="45.60755" lon="9.52211">
        <ele>0.0</ele>
    </trkpt>
    <trkpt lat="45.60847" lon="9.52236">
        <ele>0.0</ele>
    </trkpt>
    <trkpt lat="45.60896" lon="9.52252">
        <ele>0.0</ele>
    </trkpt>
    <trkpt lat="45.60902" lon="9.52255">
        <ele>0.0</ele>
    </trkpt>
    <trkpt lat="45.60906" lon="9.52256">
        <ele>0.0</ele>
    </trkpt>
    <trkpt lat="45.60915" lon="9.52261">
        <ele>0.0</ele>
    </trkpt>
    <trkpt lat="45.60944" lon="9.52285">
        <ele>0.0</ele>
    </trkpt>
    <trkpt lat="45.60975" lon="9.52308">
        <ele>0.0</ele>
    </trkpt>
    <trkpt lat="45.61002" lon="9.52331">
        <ele>0.0</ele>
    </trkpt>
    <trkpt lat="45.61007" lon="9.5234">
        <ele>0.0</ele>
    </trkpt>
    <trkpt lat="45.61011" lon="9.52351">
        <ele>0.0</ele>
    </trkpt>
    <trkpt lat="45.61016" lon="9.52369">
        <ele>0.0</ele>
    </trkpt>
    <trkpt lat="45.61019" lon="9.52376">
        <ele>0.0</ele>
    </trkpt>
    <trkpt lat="45.61067" lon="9.52537">
        <ele>0.0</ele>
    </trkpt>
    <trkpt lat="45.61069" lon="9.5255">
        <ele>0.0</ele>
    </trkpt>
    <trkpt lat="45.61069" lon="9.52566">
        <ele>0.0</ele>
    </trkpt>
    <trkpt lat="45.61076" lon="9.52567">
        <ele>0.0</ele>
    </trkpt>
    <trkpt lat="45.61091" lon="9.52571">
        <ele>0.0</ele>
    </trkpt>
    <trkpt lat="45.61092" lon="9.52572">
        <ele>0.0</ele>
    </trkpt>
    <trkpt lat="45.61096" lon="9.52572">
        <ele>0.0</ele>
    </trkpt>
    <trkpt lat="45.61276" lon="9.52542">
        <ele>0.0</ele>
    </trkpt>
    <trkpt lat="45.61322" lon="9.52533">
        <ele>0.0</ele>
    </trkpt>
    <trkpt lat="45.61324" lon="9.52532">
        <ele>0.0</ele>
    </trkpt>
    <trkpt lat="45.61424" lon="9.52517">
        <ele>0.0</ele>
    </trkpt>
    <trkpt lat="45.61427" lon="9.52517">
        <ele>0.0</ele>
    </trkpt>
    <trkpt lat="45.61486" lon="9.52506">
        <ele>0.0</ele>
    </trkpt>
    <trkpt lat="45.6149" lon="9.52506">
        <ele>0.0</ele>
    </trkpt>
    <trkpt lat="45.61497" lon="9.52508">
        <ele>0.0</ele>
    </trkpt>
    <trkpt lat="45.61509" lon="9.52516">
        <ele>0.0</ele>
    </trkpt>
    <trkpt lat="45.61511" lon="9.52517">
        <ele>0.0</ele>
    </trkpt>
    <trkpt lat="45.61518" lon="9.52528">
        <ele>0.0</ele>
    </trkpt>
    <trkpt lat="45.61518" lon="9.5253">
        <ele>0.0</ele>
    </trkpt>
    <trkpt lat="45.61517" lon="9.52531">
        <ele>0.0</ele>
    </trkpt>
    <trkpt lat="45.61517" lon="9.5254">
        <ele>0.0</ele>
    </trkpt>
    <trkpt lat="45.61518" lon="9.52541">
        <ele>0.0</ele>
    </trkpt>
    <trkpt lat="45.61518" lon="9.52543">
        <ele>0.0</ele>
    </trkpt>
    <trkpt lat="45.61519" lon="9.52544">
        <ele>0.0</ele>
    </trkpt>
    <trkpt lat="45.61519" lon="9.52546">
        <ele>0.0</ele>
    </trkpt>
    <trkpt lat="45.6152" lon="9.52546">
        <ele>0.0</ele>
    </trkpt>
    <trkpt lat="45.6152" lon="9.52547">
        <ele>0.0</ele>
    </trkpt>
    <trkpt lat="45.61521" lon="9.52547">
        <ele>0.0</ele>
    </trkpt>
    <trkpt lat="45.61521" lon="9.52548">
        <ele>0.0</ele>
    </trkpt>
    <trkpt lat="45.61522" lon="9.52548">
        <ele>0.0</ele>
    </trkpt>
    <trkpt lat="45.61522" lon="9.52549">
        <ele>0.0</ele>
    </trkpt>
    <trkpt lat="45.61524" lon="9.52549">
        <ele>0.0</ele>
    </trkpt>
    <trkpt lat="45.61524" lon="9.5255">
        <ele>0.0</ele>
    </trkpt>
    <trkpt lat="45.6153" lon="9.5255">
        <ele>0.0</ele>
    </trkpt>
    <trkpt lat="45.6153" lon="9.52549">
        <ele>0.0</ele>
    </trkpt>
    <trkpt lat="45.61531" lon="9.52549">
        <ele>0.0</ele>
    </trkpt>
    <trkpt lat="45.61532" lon="9.52548">
        <ele>0.0</ele>
    </trkpt>
    <trkpt lat="45.61533" lon="9.52548">
        <ele>0.0</ele>
    </trkpt>
    <trkpt lat="45.61533" lon="9.52547">
        <ele>0.0</ele>
    </trkpt>
    <trkpt lat="45.61534" lon="9.52547">
        <ele>0.0</ele>
    </trkpt>
    <trkpt lat="45.61534" lon="9.52546">
        <ele>0.0</ele>
    </trkpt>
    <trkpt lat="45.61539" lon="9.5255">
        <ele>0.0</ele>
    </trkpt>
    <trkpt lat="45.61543" lon="9.52555">
        <ele>0.0</ele>
    </trkpt>
    <trkpt lat="45.61548" lon="9.5256">
        <ele>0.0</ele>
    </trkpt>
    <trkpt lat="45.61549" lon="9.52563">
        <ele>0.0</ele>
    </trkpt>
    <trkpt lat="45.61551" lon="9.52565">
        <ele>0.0</ele>
    </trkpt>
    <trkpt lat="45.61553" lon="9.5257">
        <ele>0.0</ele>
    </trkpt>
    <trkpt lat="45.61555" lon="9.52573">
        <ele>0.0</ele>
    </trkpt>
    <trkpt lat="45.61557" lon="9.52583">
        <ele>0.0</ele>
    </trkpt>
    <trkpt lat="45.61556" lon="9.52636">
        <ele>0.0</ele>
    </trkpt>
    <trkpt lat="45.61638" lon="9.5262">
        <ele>0.0</ele>
    </trkpt>
    <trkpt lat="45.6166" lon="9.52617">
        <ele>0.0</ele>
    </trkpt>
    <trkpt lat="45.61694" lon="9.52618">
        <ele>0.0</ele>
    </trkpt>
    <trkpt lat="45.61739" lon="9.52623">
        <ele>0.0</ele>
    </trkpt>
    <trkpt lat="45.61743" lon="9.52623">
        <ele>0.0</ele>
    </trkpt>
    <trkpt lat="45.61749" lon="9.52624">
        <ele>0.0</ele>
    </trkpt>
    <trkpt lat="45.61775" lon="9.52625">
        <ele>0.0</ele>
    </trkpt>
    <trkpt lat="45.61791" lon="9.52623">
        <ele>0.0</ele>
    </trkpt>
    <trkpt lat="45.61809" lon="9.52615">
        <ele>0.0</ele>
    </trkpt>
    <trkpt lat="45.61824" lon="9.52605">
        <ele>0.0</ele>
    </trkpt>
    <trkpt lat="45.61836" lon="9.52599">
        <ele>0.0</ele>
    </trkpt>
    <trkpt lat="45.6184" lon="9.52596">
        <ele>0.0</ele>
    </trkpt>
    <trkpt lat="45.61887" lon="9.52575">
        <ele>0.0</ele>
    </trkpt>
    <trkpt lat="45.61916" lon="9.5256">
        <ele>0.0</ele>
    </trkpt>
    <trkpt lat="45.61921" lon="9.52552">
        <ele>0.0</ele>
    </trkpt>
    <trkpt lat="45.61924" lon="9.52542">
        <ele>0.0</ele>
    </trkpt>
    <trkpt lat="45.61926" lon="9.52519">
        <ele>0.0</ele>
    </trkpt>
    <trkpt lat="45.61926" lon="9.52488">
        <ele>0.0</ele>
    </trkpt>
    <trkpt lat="45.61924" lon="9.52438">
        <ele>0.0</ele>
    </trkpt>
    <trkpt lat="45.61966" lon="9.52466">
        <ele>0.0</ele>
    </trkpt>
    <trkpt lat="45.6198" lon="9.52481">
        <ele>0.0</ele>
    </trkpt>
    <trkpt lat="45.62063" lon="9.52556">
        <ele>0.0</ele>
    </trkpt>
    <trkpt lat="45.62076" lon="9.52569">
        <ele>0.0</ele>
    </trkpt>
    <trkpt lat="45.62198" lon="9.52678">
        <ele>0.0</ele>
    </trkpt>
    <trkpt lat="45.62213" lon="9.52693">
        <ele>0.0</ele>
    </trkpt>
    <trkpt lat="45.6222" lon="9.52704">
        <ele>0.0</ele>
    </trkpt>
    <trkpt lat="45.62224" lon="9.52714">
        <ele>0.0</ele>
    </trkpt>
    <trkpt lat="45.62224" lon="9.52727">
        <ele>0.0</ele>
    </trkpt>
    <trkpt lat="45.62225" lon="9.52729">
        <ele>0.0</ele>
    </trkpt>
    <trkpt lat="45.62225" lon="9.52732">
        <ele>0.0</ele>
    </trkpt>
    <trkpt lat="45.62226" lon="9.52735">
        <ele>0.0</ele>
    </trkpt>
    <trkpt lat="45.62228" lon="9.52737">
        <ele>0.0</ele>
    </trkpt>
    <trkpt lat="45.62231" lon="9.52743">
        <ele>0.0</ele>
    </trkpt>
    <trkpt lat="45.62233" lon="9.52744">
        <ele>0.0</ele>
    </trkpt>
    <trkpt lat="45.62234" lon="9.52746">
        <ele>0.0</ele>
    </trkpt>
    <trkpt lat="45.62236" lon="9.52747">
        <ele>0.0</ele>
    </trkpt>
    <trkpt lat="45.62237" lon="9.52748">
        <ele>0.0</ele>
    </trkpt>
    <trkpt lat="45.62239" lon="9.52749">
        <ele>0.0</ele>
    </trkpt>
    <trkpt lat="45.6224" lon="9.5275">
        <ele>0.0</ele>
    </trkpt>
    <trkpt lat="45.62242" lon="9.5275">
        <ele>0.0</ele>
    </trkpt>
    <trkpt lat="45.62244" lon="9.52751">
        <ele>0.0</ele>
    </trkpt>
    <trkpt lat="45.62247" lon="9.52751">
        <ele>0.0</ele>
    </trkpt>
    <trkpt lat="45.62249" lon="9.5275">
        <ele>0.0</ele>
    </trkpt>
    <trkpt lat="45.6225" lon="9.5275">
        <ele>0.0</ele>
    </trkpt>
    <trkpt lat="45.62254" lon="9.52748">
        <ele>0.0</ele>
    </trkpt>
    <trkpt lat="45.62257" lon="9.52745">
        <ele>0.0</ele>
    </trkpt>
    <trkpt lat="45.62271" lon="9.52748">
        <ele>0.0</ele>
    </trkpt>
    <trkpt lat="45.62281" lon="9.52752">
        <ele>0.0</ele>
    </trkpt>
    <trkpt lat="45.62348" lon="9.52811">
        <ele>0.0</ele>
    </trkpt>
    <trkpt lat="45.62361" lon="9.52824">
        <ele>0.0</ele>
    </trkpt>
    <trkpt lat="45.62466" lon="9.52917">
        <ele>0.0</ele>
    </trkpt>
    <trkpt lat="45.62469" lon="9.52919">
        <ele>0.0</ele>
    </trkpt>
    <trkpt lat="45.62832" lon="9.53248">
        <ele>0.0</ele>
    </trkpt>
    <trkpt lat="45.62832" lon="9.5325">
        <ele>0.0</ele>
    </trkpt>
    <trkpt lat="45.62831" lon="9.53251">
        <ele>0.0</ele>
    </trkpt>
    <trkpt lat="45.62831" lon="9.53267">
        <ele>0.0</ele>
    </trkpt>
    <trkpt lat="45.62832" lon="9.53268">
        <ele>0.0</ele>
    </trkpt>
    <trkpt lat="45.62832" lon="9.53272">
        <ele>0.0</ele>
    </trkpt>
    <trkpt lat="45.62833" lon="9.53273">
        <ele>0.0</ele>
    </trkpt>
    <trkpt lat="45.62833" lon="9.53275">
        <ele>0.0</ele>
    </trkpt>
    <trkpt lat="45.62834" lon="9.53276">
        <ele>0.0</ele>
    </trkpt>
    <trkpt lat="45.62834" lon="9.53278">
        <ele>0.0</ele>
    </trkpt>
    <trkpt lat="45.62836" lon="9.5328">
        <ele>0.0</ele>
    </trkpt>
    <trkpt lat="45.62837" lon="9.53282">
        <ele>0.0</ele>
    </trkpt>
    <trkpt lat="45.62837" lon="9.53283">
        <ele>0.0</ele>
    </trkpt>
    <trkpt lat="45.6284" lon="9.53286">
        <ele>0.0</ele>
    </trkpt>
    <trkpt lat="45.62841" lon="9.53288">
        <ele>0.0</ele>
    </trkpt>
    <trkpt lat="45.62842" lon="9.53288">
        <ele>0.0</ele>
    </trkpt>
    <trkpt lat="45.62845" lon="9.53291">
        <ele>0.0</ele>
    </trkpt>
    <trkpt lat="45.62851" lon="9.53291">
        <ele>0.0</ele>
    </trkpt>
    <trkpt lat="45.62852" lon="9.5329">
        <ele>0.0</ele>
    </trkpt>
    <trkpt lat="45.62855" lon="9.5329">
        <ele>0.0</ele>
    </trkpt>
    <trkpt lat="45.62856" lon="9.53289">
        <ele>0.0</ele>
    </trkpt>
    <trkpt lat="45.62857" lon="9.53289">
        <ele>0.0</ele>
    </trkpt>
    <trkpt lat="45.6286" lon="9.53286">
        <ele>0.0</ele>
    </trkpt>
    <trkpt lat="45.62861" lon="9.53286">
        <ele>0.0</ele>
    </trkpt>
    <trkpt lat="45.62861" lon="9.53285">
        <ele>0.0</ele>
    </trkpt>
    <trkpt lat="45.62863" lon="9.53283">
        <ele>0.0</ele>
    </trkpt>
    <trkpt lat="45.62865" lon="9.5328">
        <ele>0.0</ele>
    </trkpt>
    <trkpt lat="45.63254" lon="9.53639">
        <ele>0.0</ele>
    </trkpt>
    <trkpt lat="45.6351" lon="9.53866">
        <ele>0.0</ele>
    </trkpt>
    <trkpt lat="45.63594" lon="9.53933">
        <ele>0.0</ele>
    </trkpt>
    <trkpt lat="45.63609" lon="9.53947">
        <ele>0.0</ele>
    </trkpt>
    <trkpt lat="45.6376" lon="9.54067">
        <ele>0.0</ele>
    </trkpt>
    <trkpt lat="45.63762" lon="9.54069">
        <ele>0.0</ele>
    </trkpt>
    <trkpt lat="45.63825" lon="9.54119">
        <ele>0.0</ele>
    </trkpt>
    <trkpt lat="45.6383" lon="9.54124">
        <ele>0.0</ele>
    </trkpt>
    <trkpt lat="45.63843" lon="9.54143">
        <ele>0.0</ele>
    </trkpt>
    <trkpt lat="45.63843" lon="9.5416">
        <ele>0.0</ele>
    </trkpt>
    <trkpt lat="45.63846" lon="9.54169">
        <ele>0.0</ele>
    </trkpt>
    <trkpt lat="45.63851" lon="9.54177">
        <ele>0.0</ele>
    </trkpt>
    <trkpt lat="45.63858" lon="9.54184">
        <ele>0.0</ele>
    </trkpt>
    <trkpt lat="45.63862" lon="9.54186">
        <ele>0.0</ele>
    </trkpt>
    <trkpt lat="45.63864" lon="9.54186">
        <ele>0.0</ele>
    </trkpt>
    <trkpt lat="45.63867" lon="9.54187">
        <ele>0.0</ele>
    </trkpt>
    <trkpt lat="45.6387" lon="9.54187">
        <ele>0.0</ele>
    </trkpt>
    <trkpt lat="45.63872" lon="9.54186">
        <ele>0.0</ele>
    </trkpt>
    <trkpt lat="45.63875" lon="9.54186">
        <ele>0.0</ele>
    </trkpt>
    <trkpt lat="45.63877" lon="9.54184">
        <ele>0.0</ele>
    </trkpt>
    <trkpt lat="45.6388" lon="9.54183">
        <ele>0.0</ele>
    </trkpt>
    <trkpt lat="45.63884" lon="9.54179">
        <ele>0.0</ele>
    </trkpt>
    <trkpt lat="45.63899" lon="9.54182">
        <ele>0.0</ele>
    </trkpt>
    <trkpt lat="45.63916" lon="9.5419">
        <ele>0.0</ele>
    </trkpt>
    <trkpt lat="45.6394" lon="9.54208">
        <ele>0.0</ele>
    </trkpt>
    <trkpt lat="45.63943" lon="9.54211">
        <ele>0.0</ele>
    </trkpt>
    <trkpt lat="45.64194" lon="9.54411">
        <ele>0.0</ele>
    </trkpt>
    <trkpt lat="45.64234" lon="9.54448">
        <ele>0.0</ele>
    </trkpt>
    <trkpt lat="45.6437" lon="9.54559">
        <ele>0.0</ele>
    </trkpt>
    <trkpt lat="45.64458" lon="9.54627">
        <ele>0.0</ele>
    </trkpt>
    <trkpt lat="45.64488" lon="9.54642">
        <ele>0.0</ele>
    </trkpt>
    <trkpt lat="45.64488" lon="9.54645">
        <ele>0.0</ele>
    </trkpt>
    <trkpt lat="45.64489" lon="9.54647">
        <ele>0.0</ele>
    </trkpt>
    <trkpt lat="45.64489" lon="9.5465">
        <ele>0.0</ele>
    </trkpt>
    <trkpt lat="45.6449" lon="9.54652">
        <ele>0.0</ele>
    </trkpt>
    <trkpt lat="45.6449" lon="9.54654">
        <ele>0.0</ele>
    </trkpt>
    <trkpt lat="45.64491" lon="9.54655">
        <ele>0.0</ele>
    </trkpt>
    <trkpt lat="45.64491" lon="9.54657">
        <ele>0.0</ele>
    </trkpt>
    <trkpt lat="45.64492" lon="9.54659">
        <ele>0.0</ele>
    </trkpt>
    <trkpt lat="45.64493" lon="9.5466">
        <ele>0.0</ele>
    </trkpt>
    <trkpt lat="45.64493" lon="9.54662">
        <ele>0.0</ele>
    </trkpt>
    <trkpt lat="45.64494" lon="9.54663">
        <ele>0.0</ele>
    </trkpt>
    <trkpt lat="45.64495" lon="9.54665">
        <ele>0.0</ele>
    </trkpt>
    <trkpt lat="45.64502" lon="9.54672">
        <ele>0.0</ele>
    </trkpt>
    <trkpt lat="45.64503" lon="9.54672">
        <ele>0.0</ele>
    </trkpt>
    <trkpt lat="45.64505" lon="9.54673">
        <ele>0.0</ele>
    </trkpt>
    <trkpt lat="45.64506" lon="9.54673">
        <ele>0.0</ele>
    </trkpt>
    <trkpt lat="45.64507" lon="9.54674">
        <ele>0.0</ele>
    </trkpt>
    <trkpt lat="45.64513" lon="9.54674">
        <ele>0.0</ele>
    </trkpt>
    <trkpt lat="45.64514" lon="9.54673">
        <ele>0.0</ele>
    </trkpt>
    <trkpt lat="45.64516" lon="9.54673">
        <ele>0.0</ele>
    </trkpt>
    <trkpt lat="45.64518" lon="9.54671">
        <ele>0.0</ele>
    </trkpt>
    <trkpt lat="45.64519" lon="9.54671">
        <ele>0.0</ele>
    </trkpt>
    <trkpt lat="45.64523" lon="9.54667">
        <ele>0.0</ele>
    </trkpt>
    <trkpt lat="45.64539" lon="9.54687">
        <ele>0.0</ele>
    </trkpt>
    <trkpt lat="45.64555" lon="9.54705">
        <ele>0.0</ele>
    </trkpt>
    <trkpt lat="45.64565" lon="9.54723">
        <ele>0.0</ele>
    </trkpt>
    <trkpt lat="45.64625" lon="9.54768">
        <ele>0.0</ele>
    </trkpt>
    <trkpt lat="45.64693" lon="9.54823">
        <ele>0.0</ele>
    </trkpt>
    <trkpt lat="45.64717" lon="9.54848">
        <ele>0.0</ele>
    </trkpt>
    <trkpt lat="45.64791" lon="9.54903">
        <ele>0.0</ele>
    </trkpt>
    <trkpt lat="45.64832" lon="9.54941">
        <ele>0.0</ele>
    </trkpt>
    <trkpt lat="45.64843" lon="9.54947">
        <ele>0.0</ele>
    </trkpt>
    <trkpt lat="45.64867" lon="9.54971">
        <ele>0.0</ele>
    </trkpt>
    <trkpt lat="45.64918" lon="9.55009">
        <ele>0.0</ele>
    </trkpt>
    <trkpt lat="45.64933" lon="9.55014">
        <ele>0.0</ele>
    </trkpt>
    <trkpt lat="45.64974" lon="9.55036">
        <ele>0.0</ele>
    </trkpt>
    <trkpt lat="45.65018" lon="9.55057">
        <ele>0.0</ele>
    </trkpt>
    <trkpt lat="45.65062" lon="9.55075">
        <ele>0.0</ele>
    </trkpt>
    <trkpt lat="45.65137" lon="9.5511">
        <ele>0.0</ele>
    </trkpt>
    <trkpt lat="45.65141" lon="9.55111">
        <ele>0.0</ele>
    </trkpt>
    <trkpt lat="45.65173" lon="9.55127">
        <ele>0.0</ele>
    </trkpt>
    <trkpt lat="45.65174" lon="9.55127">
        <ele>0.0</ele>
    </trkpt>
    <trkpt lat="45.6519" lon="9.55136">
        <ele>0.0</ele>
    </trkpt>
    <trkpt lat="45.65264" lon="9.5517">
        <ele>0.0</ele>
    </trkpt>
    <trkpt lat="45.65298" lon="9.55187">
        <ele>0.0</ele>
    </trkpt>
    <trkpt lat="45.65315" lon="9.55205">
        <ele>0.0</ele>
    </trkpt>
    <trkpt lat="45.65315" lon="9.55207">
        <ele>0.0</ele>
    </trkpt>
    <trkpt lat="45.65316" lon="9.5521">
        <ele>0.0</ele>
    </trkpt>
    <trkpt lat="45.65316" lon="9.55215">
        <ele>0.0</ele>
    </trkpt>
    <trkpt lat="45.65322" lon="9.55228">
        <ele>0.0</ele>
    </trkpt>
    <trkpt lat="45.65324" lon="9.55229">
        <ele>0.0</ele>
    </trkpt>
    <trkpt lat="45.65325" lon="9.55231">
        <ele>0.0</ele>
    </trkpt>
    <trkpt lat="45.65329" lon="9.55233">
        <ele>0.0</ele>
    </trkpt>
    <trkpt lat="45.6533" lon="9.55233">
        <ele>0.0</ele>
    </trkpt>
    <trkpt lat="45.65332" lon="9.55235">
        <ele>0.0</ele>
    </trkpt>
    <trkpt lat="45.65334" lon="9.55235">
        <ele>0.0</ele>
    </trkpt>
    <trkpt lat="45.65336" lon="9.55234">
        <ele>0.0</ele>
    </trkpt>
    <trkpt lat="45.65337" lon="9.55234">
        <ele>0.0</ele>
    </trkpt>
    <trkpt lat="45.65339" lon="9.55233">
        <ele>0.0</ele>
    </trkpt>
    <trkpt lat="45.65341" lon="9.55233">
        <ele>0.0</ele>
    </trkpt>
    <trkpt lat="45.65342" lon="9.55232">
        <ele>0.0</ele>
    </trkpt>
    <trkpt lat="45.65344" lon="9.55231">
        <ele>0.0</ele>
    </trkpt>
    <trkpt lat="45.65345" lon="9.55229">
        <ele>0.0</ele>
    </trkpt>
    <trkpt lat="45.65346" lon="9.55228">
        <ele>0.0</ele>
    </trkpt>
    <trkpt lat="45.65348" lon="9.55228">
        <ele>0.0</ele>
    </trkpt>
    <trkpt lat="45.65348" lon="9.55227">
        <ele>0.0</ele>
    </trkpt>
    <trkpt lat="45.65349" lon="9.55227">
        <ele>0.0</ele>
    </trkpt>
    <trkpt lat="45.65349" lon="9.55226">
        <ele>0.0</ele>
    </trkpt>
    <trkpt lat="45.65351" lon="9.55224">
        <ele>0.0</ele>
    </trkpt>
    <trkpt lat="45.65351" lon="9.55223">
        <ele>0.0</ele>
    </trkpt>
    <trkpt lat="45.65354" lon="9.55224">
        <ele>0.0</ele>
    </trkpt>
    <trkpt lat="45.65361" lon="9.55222">
        <ele>0.0</ele>
    </trkpt>
    <trkpt lat="45.65374" lon="9.55223">
        <ele>0.0</ele>
    </trkpt>
    <trkpt lat="45.65457" lon="9.55262">
        <ele>0.0</ele>
    </trkpt>
    <trkpt lat="45.65469" lon="9.55269">
        <ele>0.0</ele>
    </trkpt>
    <trkpt lat="45.6547" lon="9.5527">
        <ele>0.0</ele>
    </trkpt>
    <trkpt lat="45.65867" lon="9.55454">
        <ele>0.0</ele>
    </trkpt>
    <trkpt lat="45.65919" lon="9.55476">
        <ele>0.0</ele>
    </trkpt>
    <trkpt lat="45.65928" lon="9.55477">
        <ele>0.0</ele>
    </trkpt>
    <trkpt lat="45.65962" lon="9.55483">
        <ele>0.0</ele>
    </trkpt>
    <trkpt lat="45.6597" lon="9.55487">
        <ele>0.0</ele>
    </trkpt>
    <trkpt lat="45.65981" lon="9.55494">
        <ele>0.0</ele>
    </trkpt>
    <trkpt lat="45.65981" lon="9.55496">
        <ele>0.0</ele>
    </trkpt>
    <trkpt lat="45.65983" lon="9.55502">
        <ele>0.0</ele>
    </trkpt>
    <trkpt lat="45.65985" lon="9.55504">
        <ele>0.0</ele>
    </trkpt>
    <trkpt lat="45.65987" lon="9.55508">
        <ele>0.0</ele>
    </trkpt>
    <trkpt lat="45.65991" lon="9.55512">
        <ele>0.0</ele>
    </trkpt>
    <trkpt lat="45.65999" lon="9.55516">
        <ele>0.0</ele>
    </trkpt>
    <trkpt lat="45.66003" lon="9.55516">
        <ele>0.0</ele>
    </trkpt>
    <trkpt lat="45.66005" lon="9.55517">
        <ele>0.0</ele>
    </trkpt>
    <trkpt lat="45.66009" lon="9.55517">
        <ele>0.0</ele>
    </trkpt>
    <trkpt lat="45.66011" lon="9.55516">
        <ele>0.0</ele>
    </trkpt>
    <trkpt lat="45.66013" lon="9.55516">
        <ele>0.0</ele>
    </trkpt>
    <trkpt lat="45.66015" lon="9.55515">
        <ele>0.0</ele>
    </trkpt>
    <trkpt lat="45.66016" lon="9.55515">
        <ele>0.0</ele>
    </trkpt>
    <trkpt lat="45.66018" lon="9.55513">
        <ele>0.0</ele>
    </trkpt>
    <trkpt lat="45.6602" lon="9.55512">
        <ele>0.0</ele>
    </trkpt>
    <trkpt lat="45.66021" lon="9.5551">
        <ele>0.0</ele>
    </trkpt>
    <trkpt lat="45.66022" lon="9.55509">
        <ele>0.0</ele>
    </trkpt>
    <trkpt lat="45.66024" lon="9.55505">
        <ele>0.0</ele>
    </trkpt>
    <trkpt lat="45.66027" lon="9.55497">
        <ele>0.0</ele>
    </trkpt>
    <trkpt lat="45.66027" lon="9.55495">
        <ele>0.0</ele>
    </trkpt>
    <trkpt lat="45.66028" lon="9.55492">
        <ele>0.0</ele>
    </trkpt>
    <trkpt lat="45.66028" lon="9.55483">
        <ele>0.0</ele>
    </trkpt>
    <trkpt lat="45.66027" lon="9.5548">
        <ele>0.0</ele>
    </trkpt>
    <trkpt lat="45.66027" lon="9.55477">
        <ele>0.0</ele>
    </trkpt>
    <trkpt lat="45.6604" lon="9.55452">
        <ele>0.0</ele>
    </trkpt>
    <trkpt lat="45.66049" lon="9.55445">
        <ele>0.0</ele>
    </trkpt>
    <trkpt lat="45.66076" lon="9.55429">
        <ele>0.0</ele>
    </trkpt>
    <trkpt lat="45.66094" lon="9.55421">
        <ele>0.0</ele>
    </trkpt>
    <trkpt lat="45.66168" lon="9.55392">
        <ele>0.0</ele>
    </trkpt>
    <trkpt lat="45.66176" lon="9.5539">
        <ele>0.0</ele>
    </trkpt>
    <trkpt lat="45.66216" lon="9.55375">
        <ele>0.0</ele>
    </trkpt>
    <trkpt lat="45.66286" lon="9.55352">
        <ele>0.0</ele>
    </trkpt>
    <trkpt lat="45.66309" lon="9.55347">
        <ele>0.0</ele>
    </trkpt>
    <trkpt lat="45.66329" lon="9.55345">
        <ele>0.0</ele>
    </trkpt>
    <trkpt lat="45.66342" lon="9.55345">
        <ele>0.0</ele>
    </trkpt>
    <trkpt lat="45.66359" lon="9.55347">
        <ele>0.0</ele>
    </trkpt>
    <trkpt lat="45.6642" lon="9.5536">
        <ele>0.0</ele>
    </trkpt>
    <trkpt lat="45.66444" lon="9.5537">
        <ele>0.0</ele>
    </trkpt>
    <trkpt lat="45.66574" lon="9.55414">
        <ele>0.0</ele>
    </trkpt>
    <trkpt lat="45.66638" lon="9.55439">
        <ele>0.0</ele>
    </trkpt>
    <trkpt lat="45.6666" lon="9.55445">
        <ele>0.0</ele>
    </trkpt>
    <trkpt lat="45.66691" lon="9.55465">
        <ele>0.0</ele>
    </trkpt>
    <trkpt lat="45.667" lon="9.55467">
        <ele>0.0</ele>
    </trkpt>
    <trkpt lat="45.66716" lon="9.55477">
        <ele>0.0</ele>
    </trkpt>
    <trkpt lat="45.66737" lon="9.55492">
        <ele>0.0</ele>
    </trkpt>
    <trkpt lat="45.66779" lon="9.55518">
        <ele>0.0</ele>
    </trkpt>
    <trkpt lat="45.6687" lon="9.5558">
        <ele>0.0</ele>
    </trkpt>
    <trkpt lat="45.66983" lon="9.5565">
        <ele>0.0</ele>
    </trkpt>
    <trkpt lat="45.67003" lon="9.55658">
        <ele>0.0</ele>
    </trkpt>
    <trkpt lat="45.67015" lon="9.5566">
        <ele>0.0</ele>
    </trkpt>
    <trkpt lat="45.67019" lon="9.55665">
        <ele>0.0</ele>
    </trkpt>
    <trkpt lat="45.67042" lon="9.55682">
        <ele>0.0</ele>
    </trkpt>
    <trkpt lat="45.67042" lon="9.55683">
        <ele>0.0</ele>
    </trkpt>
    <trkpt lat="45.67043" lon="9.55685">
        <ele>0.0</ele>
    </trkpt>
    <trkpt lat="45.67043" lon="9.55687">
        <ele>0.0</ele>
    </trkpt>
    <trkpt lat="45.67044" lon="9.55688">
        <ele>0.0</ele>
    </trkpt>
    <trkpt lat="45.67045" lon="9.5569">
        <ele>0.0</ele>
    </trkpt>
    <trkpt lat="45.67045" lon="9.55692">
        <ele>0.0</ele>
    </trkpt>
    <trkpt lat="45.67047" lon="9.55694">
        <ele>0.0</ele>
    </trkpt>
    <trkpt lat="45.67048" lon="9.55696">
        <ele>0.0</ele>
    </trkpt>
    <trkpt lat="45.67053" lon="9.55701">
        <ele>0.0</ele>
    </trkpt>
    <trkpt lat="45.67054" lon="9.55701">
        <ele>0.0</ele>
    </trkpt>
    <trkpt lat="45.67056" lon="9.55702">
        <ele>0.0</ele>
    </trkpt>
    <trkpt lat="45.67062" lon="9.55702">
        <ele>0.0</ele>
    </trkpt>
    <trkpt lat="45.67063" lon="9.55701">
        <ele>0.0</ele>
    </trkpt>
    <trkpt lat="45.67064" lon="9.55701">
        <ele>0.0</ele>
    </trkpt>
    <trkpt lat="45.67065" lon="9.557">
        <ele>0.0</ele>
    </trkpt>
    <trkpt lat="45.67071" lon="9.55706">
        <ele>0.0</ele>
    </trkpt>
    <trkpt lat="45.67092" lon="9.55723">
        <ele>0.0</ele>
    </trkpt>
    <trkpt lat="45.67104" lon="9.55743">
        <ele>0.0</ele>
    </trkpt>
    <trkpt lat="45.67208" lon="9.55944">
        <ele>0.0</ele>
    </trkpt>
    <trkpt lat="45.67209" lon="9.55952">
        <ele>0.0</ele>
    </trkpt>
    <trkpt lat="45.67252" lon="9.56036">
        <ele>0.0</ele>
    </trkpt>
    <trkpt lat="45.67258" lon="9.56045">
        <ele>0.0</ele>
    </trkpt>
    <trkpt lat="45.6736" lon="9.56248">
        <ele>0.0</ele>
    </trkpt>
    <trkpt lat="45.67361" lon="9.56252">
        <ele>0.0</ele>
    </trkpt>
    <trkpt lat="45.67367" lon="9.56266">
        <ele>0.0</ele>
    </trkpt>
    <trkpt lat="45.67379" lon="9.56285">
        <ele>0.0</ele>
    </trkpt>
    <trkpt lat="45.67384" lon="9.56289">
        <ele>0.0</ele>
    </trkpt>
    <trkpt lat="45.67413" lon="9.56334">
        <ele>0.0</ele>
    </trkpt>
    <trkpt lat="45.67429" lon="9.56355">
        <ele>0.0</ele>
    </trkpt>
    <trkpt lat="45.67432" lon="9.5636">
        <ele>0.0</ele>
    </trkpt>
    <trkpt lat="45.67435" lon="9.56363">
        <ele>0.0</ele>
    </trkpt>
    <trkpt lat="45.67453" lon="9.56387">
        <ele>0.0</ele>
    </trkpt>
    <trkpt lat="45.67485" lon="9.56412">
        <ele>0.0</ele>
    </trkpt>
    <trkpt lat="45.67492" lon="9.56416">
        <ele>0.0</ele>
    </trkpt>
    <trkpt lat="45.67552" lon="9.56457">
        <ele>0.0</ele>
    </trkpt>
    <trkpt lat="45.67661" lon="9.56525">
        <ele>0.0</ele>
    </trkpt>
    <trkpt lat="45.67662" lon="9.56526">
        <ele>0.0</ele>
    </trkpt>
    <trkpt lat="45.67743" lon="9.5658">
        <ele>0.0</ele>
    </trkpt>
    <trkpt lat="45.67779" lon="9.56601">
        <ele>0.0</ele>
    </trkpt>
    <trkpt lat="45.67904" lon="9.56684">
        <ele>0.0</ele>
    </trkpt>
    <trkpt lat="45.67956" lon="9.56716">
        <ele>0.0</ele>
    </trkpt>
    <trkpt lat="45.6805" lon="9.5678">
        <ele>0.0</ele>
    </trkpt>
    <trkpt lat="45.68053" lon="9.56781">
        <ele>0.0</ele>
    </trkpt>
    <trkpt lat="45.68183" lon="9.56864">
        <ele>0.0</ele>
    </trkpt>
    <trkpt lat="45.68191" lon="9.5687">
        <ele>0.0</ele>
    </trkpt>
    <trkpt lat="45.68194" lon="9.56874">
        <ele>0.0</ele>
    </trkpt>
    <trkpt lat="45.68195" lon="9.56877">
        <ele>0.0</ele>
    </trkpt>
    <trkpt lat="45.68205" lon="9.56886">
        <ele>0.0</ele>
    </trkpt>
    <trkpt lat="45.68204" lon="9.56889">
        <ele>0.0</ele>
    </trkpt>
    <trkpt lat="45.68204" lon="9.56901">
        <ele>0.0</ele>
    </trkpt>
    <trkpt lat="45.68206" lon="9.56906">
        <ele>0.0</ele>
    </trkpt>
    <trkpt lat="45.68206" lon="9.56909">
        <ele>0.0</ele>
    </trkpt>
    <trkpt lat="45.68208" lon="9.56912">
        <ele>0.0</ele>
    </trkpt>
    <trkpt lat="45.6821" lon="9.56917">
        <ele>0.0</ele>
    </trkpt>
    <trkpt lat="45.68216" lon="9.56923">
        <ele>0.0</ele>
    </trkpt>
    <trkpt lat="45.68222" lon="9.56926">
        <ele>0.0</ele>
    </trkpt>
    <trkpt lat="45.68231" lon="9.56926">
        <ele>0.0</ele>
    </trkpt>
    <trkpt lat="45.68235" lon="9.56924">
        <ele>0.0</ele>
    </trkpt>
    <trkpt lat="45.68236" lon="9.56923">
        <ele>0.0</ele>
    </trkpt>
    <trkpt lat="45.68238" lon="9.56922">
        <ele>0.0</ele>
    </trkpt>
    <trkpt lat="45.68239" lon="9.5692">
        <ele>0.0</ele>
    </trkpt>
    <trkpt lat="45.68241" lon="9.56919">
        <ele>0.0</ele>
    </trkpt>
    <trkpt lat="45.68243" lon="9.56915">
        <ele>0.0</ele>
    </trkpt>
    <trkpt lat="45.68265" lon="9.5692">
        <ele>0.0</ele>
    </trkpt>
    <trkpt lat="45.68274" lon="9.56927">
        <ele>0.0</ele>
    </trkpt>
    <trkpt lat="45.6842" lon="9.57022">
        <ele>0.0</ele>
    </trkpt>
    <trkpt lat="45.68424" lon="9.57027">
        <ele>0.0</ele>
    </trkpt>
    <trkpt lat="45.68436" lon="9.57038">
        <ele>0.0</ele>
    </trkpt>
    <trkpt lat="45.68449" lon="9.57056">
        <ele>0.0</ele>
    </trkpt>
    <trkpt lat="45.68449" lon="9.57064">
        <ele>0.0</ele>
    </trkpt>
    <trkpt lat="45.6845" lon="9.57065">
        <ele>0.0</ele>
    </trkpt>
    <trkpt lat="45.6845" lon="9.57067">
        <ele>0.0</ele>
    </trkpt>
    <trkpt lat="45.68451" lon="9.57068">
        <ele>0.0</ele>
    </trkpt>
    <trkpt lat="45.68454" lon="9.57076">
        <ele>0.0</ele>
    </trkpt>
    <trkpt lat="45.68461" lon="9.57089">
        <ele>0.0</ele>
    </trkpt>
    <trkpt lat="45.68473" lon="9.571">
        <ele>0.0</ele>
    </trkpt>
    <trkpt lat="45.68479" lon="9.57103">
        <ele>0.0</ele>
    </trkpt>
    <trkpt lat="45.68486" lon="9.57105">
        <ele>0.0</ele>
    </trkpt>
    <trkpt lat="45.68496" lon="9.57105">
        <ele>0.0</ele>
    </trkpt>
    <trkpt lat="45.68499" lon="9.57104">
        <ele>0.0</ele>
    </trkpt>
    <trkpt lat="45.68501" lon="9.57104">
        <ele>0.0</ele>
    </trkpt>
    <trkpt lat="45.68509" lon="9.571">
        <ele>0.0</ele>
    </trkpt>
    <trkpt lat="45.6852" lon="9.57104">
        <ele>0.0</ele>
    </trkpt>
    <trkpt lat="45.68524" lon="9.57104">
        <ele>0.0</ele>
    </trkpt>
    <trkpt lat="45.68529" lon="9.57105">
        <ele>0.0</ele>
    </trkpt>
    <trkpt lat="45.68533" lon="9.57105">
        <ele>0.0</ele>
    </trkpt>
    <trkpt lat="45.68541" lon="9.57108">
        <ele>0.0</ele>
    </trkpt>
    <trkpt lat="45.68558" lon="9.57118">
        <ele>0.0</ele>
    </trkpt>
    <trkpt lat="45.68567" lon="9.5712">
        <ele>0.0</ele>
    </trkpt>
    <trkpt lat="45.68589" lon="9.57133">
        <ele>0.0</ele>
    </trkpt>
    <trkpt lat="45.6876" lon="9.57248">
        <ele>0.0</ele>
    </trkpt>
    <trkpt lat="45.6877" lon="9.57259">
        <ele>0.0</ele>
    </trkpt>
    <trkpt lat="45.68777" lon="9.57271">
        <ele>0.0</ele>
    </trkpt>
    <trkpt lat="45.68778" lon="9.57274">
        <ele>0.0</ele>
    </trkpt>
    <trkpt lat="45.6878" lon="9.57278">
        <ele>0.0</ele>
    </trkpt>
    <trkpt lat="45.68782" lon="9.5728">
        <ele>0.0</ele>
    </trkpt>
    <trkpt lat="45.68783" lon="9.57282">
        <ele>0.0</ele>
    </trkpt>
    <trkpt lat="45.68785" lon="9.57283">
        <ele>0.0</ele>
    </trkpt>
    <trkpt lat="45.68786" lon="9.57285">
        <ele>0.0</ele>
    </trkpt>
    <trkpt lat="45.68792" lon="9.57288">
        <ele>0.0</ele>
    </trkpt>
    <trkpt lat="45.68799" lon="9.57288">
        <ele>0.0</ele>
    </trkpt>
    <trkpt lat="45.688" lon="9.57287">
        <ele>0.0</ele>
    </trkpt>
    <trkpt lat="45.68801" lon="9.57287">
        <ele>0.0</ele>
    </trkpt>
    <trkpt lat="45.68802" lon="9.57286">
        <ele>0.0</ele>
    </trkpt>
    <trkpt lat="45.68804" lon="9.57286">
        <ele>0.0</ele>
    </trkpt>
    <trkpt lat="45.6883" lon="9.57293">
        <ele>0.0</ele>
    </trkpt>
    <trkpt lat="45.68847" lon="9.57306">
        <ele>0.0</ele>
    </trkpt>
    <trkpt lat="45.68965" lon="9.57386">
        <ele>0.0</ele>
    </trkpt>
    <trkpt lat="45.68981" lon="9.57402">
        <ele>0.0</ele>
    </trkpt>
    <trkpt lat="45.69005" lon="9.57431">
        <ele>0.0</ele>
    </trkpt>
    <trkpt lat="45.69013" lon="9.57445">
        <ele>0.0</ele>
    </trkpt>
    <trkpt lat="45.69106" lon="9.57628">
        <ele>0.0</ele>
    </trkpt>
    <trkpt lat="45.6918" lon="9.57784">
        <ele>0.0</ele>
    </trkpt>
    <trkpt lat="45.69183" lon="9.57819">
        <ele>0.0</ele>
    </trkpt>
    <trkpt lat="45.69182" lon="9.57819">
        <ele>0.0</ele>
    </trkpt>
    <trkpt lat="45.69182" lon="9.57823">
        <ele>0.0</ele>
    </trkpt>
    <trkpt lat="45.69181" lon="9.57824">
        <ele>0.0</ele>
    </trkpt>
    <trkpt lat="45.69181" lon="9.57834">
        <ele>0.0</ele>
    </trkpt>
    <trkpt lat="45.69182" lon="9.57836">
        <ele>0.0</ele>
    </trkpt>
    <trkpt lat="45.69182" lon="9.57837">
        <ele>0.0</ele>
    </trkpt>
    <trkpt lat="45.69184" lon="9.57842">
        <ele>0.0</ele>
    </trkpt>
    <trkpt lat="45.69184" lon="9.57843">
        <ele>0.0</ele>
    </trkpt>
    <trkpt lat="45.69186" lon="9.57845">
        <ele>0.0</ele>
    </trkpt>
    <trkpt lat="45.69187" lon="9.57847">
        <ele>0.0</ele>
    </trkpt>
    <trkpt lat="45.69192" lon="9.57852">
        <ele>0.0</ele>
    </trkpt>
    <trkpt lat="45.69195" lon="9.57852">
        <ele>0.0</ele>
    </trkpt>
    <trkpt lat="45.69195" lon="9.57853">
        <ele>0.0</ele>
    </trkpt>
    <trkpt lat="45.69203" lon="9.57853">
        <ele>0.0</ele>
    </trkpt>
    <trkpt lat="45.69205" lon="9.57852">
        <ele>0.0</ele>
    </trkpt>
    <trkpt lat="45.69206" lon="9.57851">
        <ele>0.0</ele>
    </trkpt>
    <trkpt lat="45.69207" lon="9.57851">
        <ele>0.0</ele>
    </trkpt>
    <trkpt lat="45.69208" lon="9.57849">
        <ele>0.0</ele>
    </trkpt>
    <trkpt lat="45.6921" lon="9.57847">
        <ele>0.0</ele>
    </trkpt>
    <trkpt lat="45.69211" lon="9.57847">
        <ele>0.0</ele>
    </trkpt>
    <trkpt lat="45.69211" lon="9.57846">
        <ele>0.0</ele>
    </trkpt>
    <trkpt lat="45.69212" lon="9.57844">
        <ele>0.0</ele>
    </trkpt>
    <trkpt lat="45.69212" lon="9.57843">
        <ele>0.0</ele>
    </trkpt>
    <trkpt lat="45.69237" lon="9.57834">
        <ele>0.0</ele>
    </trkpt>
    <trkpt lat="45.69256" lon="9.57846">
        <ele>0.0</ele>
    </trkpt>
    <trkpt lat="45.69278" lon="9.57856">
        <ele>0.0</ele>
    </trkpt>
    <trkpt lat="45.69299" lon="9.57864">
        <ele>0.0</ele>
    </trkpt>
    <trkpt lat="45.69318" lon="9.57869">
        <ele>0.0</ele>
    </trkpt>
    <trkpt lat="45.69324" lon="9.5787">
        <ele>0.0</ele>
    </trkpt>
    <trkpt lat="45.69332" lon="9.5787">
        <ele>0.0</ele>
    </trkpt>
    <trkpt lat="45.69337" lon="9.57871">
        <ele>0.0</ele>
    </trkpt>
    <trkpt lat="45.6935" lon="9.57884">
        <ele>0.0</ele>
    </trkpt>
    <trkpt lat="45.69351" lon="9.57887">
        <ele>0.0</ele>
    </trkpt>
    <trkpt lat="45.69351" lon="9.57892">
        <ele>0.0</ele>
    </trkpt>
    <trkpt lat="45.69357" lon="9.57905">
        <ele>0.0</ele>
    </trkpt>
    <trkpt lat="45.69359" lon="9.57906">
        <ele>0.0</ele>
    </trkpt>
    <trkpt lat="45.6936" lon="9.57908">
        <ele>0.0</ele>
    </trkpt>
    <trkpt lat="45.69362" lon="9.57909">
        <ele>0.0</ele>
    </trkpt>
    <trkpt lat="45.69363" lon="9.5791">
        <ele>0.0</ele>
    </trkpt>
    <trkpt lat="45.69365" lon="9.57911">
        <ele>0.0</ele>
    </trkpt>
    <trkpt lat="45.69367" lon="9.57911">
        <ele>0.0</ele>
    </trkpt>
    <trkpt lat="45.69369" lon="9.57912">
        <ele>0.0</ele>
    </trkpt>
    <trkpt lat="45.69374" lon="9.57912">
        <ele>0.0</ele>
    </trkpt>
    <trkpt lat="45.69375" lon="9.57911">
        <ele>0.0</ele>
    </trkpt>
    <trkpt lat="45.69376" lon="9.57911">
        <ele>0.0</ele>
    </trkpt>
    <trkpt lat="45.69377" lon="9.5791">
        <ele>0.0</ele>
    </trkpt>
    <trkpt lat="45.69378" lon="9.5791">
        <ele>0.0</ele>
    </trkpt>
    <trkpt lat="45.69379" lon="9.57909">
        <ele>0.0</ele>
    </trkpt>
    <trkpt lat="45.69381" lon="9.57908">
        <ele>0.0</ele>
    </trkpt>
    <trkpt lat="45.69383" lon="9.57908">
        <ele>0.0</ele>
    </trkpt>
    <trkpt lat="45.69387" lon="9.57904">
        <ele>0.0</ele>
    </trkpt>
    <trkpt lat="45.69388" lon="9.57902">
        <ele>0.0</ele>
    </trkpt>
    <trkpt lat="45.69389" lon="9.57901">
        <ele>0.0</ele>
    </trkpt>
    <trkpt lat="45.69391" lon="9.57897">
        <ele>0.0</ele>
    </trkpt>
    <trkpt lat="45.69391" lon="9.57895">
        <ele>0.0</ele>
    </trkpt>
    <trkpt lat="45.69392" lon="9.57893">
        <ele>0.0</ele>
    </trkpt>
    <trkpt lat="45.69392" lon="9.57887">
        <ele>0.0</ele>
    </trkpt>
    <trkpt lat="45.69405" lon="9.57875">
        <ele>0.0</ele>
    </trkpt>
    <trkpt lat="45.69413" lon="9.5787">
        <ele>0.0</ele>
    </trkpt>
    <trkpt lat="45.69427" lon="9.57866">
        <ele>0.0</ele>
    </trkpt>
    <trkpt lat="45.695" lon="9.57863">
        <ele>0.0</ele>
    </trkpt>
    <trkpt lat="45.6963" lon="9.57852">
        <ele>0.0</ele>
    </trkpt>
    <trkpt lat="45.69633" lon="9.57851">
        <ele>0.0</ele>
    </trkpt>
    <trkpt lat="45.69722" lon="9.57847">
        <ele>0.0</ele>
    </trkpt>
    <trkpt lat="45.69723" lon="9.57846">
        <ele>0.0</ele>
    </trkpt>
    <trkpt lat="45.69731" lon="9.57841">
        <ele>0.0</ele>
    </trkpt>
    <trkpt lat="45.69885" lon="9.57831">
        <ele>0.0</ele>
    </trkpt>
    <trkpt lat="45.69903" lon="9.57829">
        <ele>0.0</ele>
    </trkpt>
    <trkpt lat="45.69932" lon="9.57829">
        <ele>0.0</ele>
    </trkpt>
    <trkpt lat="45.69948" lon="9.57828">
        <ele>0.0</ele>
    </trkpt>
    <trkpt lat="45.69995" lon="9.57829">
        <ele>0.0</ele>
    </trkpt>
    <trkpt lat="45.69999" lon="9.57832">
        <ele>0.0</ele>
    </trkpt>
    <trkpt lat="45.70009" lon="9.57831">
        <ele>0.0</ele>
    </trkpt>
    <trkpt lat="45.70014" lon="9.57831">
        <ele>0.0</ele>
    </trkpt>
    <trkpt lat="45.70025" lon="9.57833">
        <ele>0.0</ele>
    </trkpt>
    <trkpt lat="45.70027" lon="9.57838">
        <ele>0.0</ele>
    </trkpt>
    <trkpt lat="45.70029" lon="9.57841">
        <ele>0.0</ele>
    </trkpt>
    <trkpt lat="45.7003" lon="9.57844">
        <ele>0.0</ele>
    </trkpt>
    <trkpt lat="45.70035" lon="9.57849">
        <ele>0.0</ele>
    </trkpt>
    <trkpt lat="45.70037" lon="9.5785">
        <ele>0.0</ele>
    </trkpt>
    <trkpt lat="45.70039" lon="9.57852">
        <ele>0.0</ele>
    </trkpt>
    <trkpt lat="45.70042" lon="9.57853">
        <ele>0.0</ele>
    </trkpt>
    <trkpt lat="45.70044" lon="9.57853">
        <ele>0.0</ele>
    </trkpt>
    <trkpt lat="45.70049" lon="9.57884">
        <ele>0.0</ele>
    </trkpt>
    <trkpt lat="45.70048" lon="9.57896">
        <ele>0.0</ele>
    </trkpt>
    <trkpt lat="45.70014" lon="9.58046">
        <ele>0.0</ele>
    </trkpt>
    <trkpt lat="45.70011" lon="9.58055">
        <ele>0.0</ele>
    </trkpt>
    <trkpt lat="45.70011" lon="9.58074">
        <ele>0.0</ele>
    </trkpt>
    <trkpt lat="45.70013" lon="9.58087">
        <ele>0.0</ele>
    </trkpt>
    <trkpt lat="45.70023" lon="9.58093">
        <ele>0.0</ele>
    </trkpt>
    <trkpt lat="45.70027" lon="9.58098">
        <ele>0.0</ele>
    </trkpt>
    <trkpt lat="45.70036" lon="9.58101">
        <ele>0.0</ele>
    </trkpt>
    <trkpt lat="45.70051" lon="9.58109">
        <ele>0.0</ele>
    </trkpt>
    <trkpt lat="45.70058" lon="9.58115">
        <ele>0.0</ele>
    </trkpt>
    <trkpt lat="45.70074" lon="9.58134">
        <ele>0.0</ele>
    </trkpt>
    <trkpt lat="45.70152" lon="9.58235">
        <ele>0.0</ele>
    </trkpt>
    <trkpt lat="45.70174" lon="9.58255">
        <ele>0.0</ele>
    </trkpt>
    <trkpt lat="45.70183" lon="9.5826">
        <ele>0.0</ele>
    </trkpt>
    <trkpt lat="45.702" lon="9.58268">
        <ele>0.0</ele>
    </trkpt>
    <trkpt lat="45.70219" lon="9.5828">
        <ele>0.0</ele>
    </trkpt>
    <trkpt lat="45.70232" lon="9.58286">
        <ele>0.0</ele>
    </trkpt>
    <trkpt lat="45.70243" lon="9.58297">
        <ele>0.0</ele>
    </trkpt>
    <trkpt lat="45.7025" lon="9.58306">
        <ele>0.0</ele>
    </trkpt>
    <trkpt lat="45.7026" lon="9.58316">
        <ele>0.0</ele>
    </trkpt>
    <trkpt lat="45.70261" lon="9.58319">
        <ele>0.0</ele>
    </trkpt>
    <trkpt lat="45.70261" lon="9.5832">
        <ele>0.0</ele>
    </trkpt>
    <trkpt lat="45.70262" lon="9.58321">
        <ele>0.0</ele>
    </trkpt>
    <trkpt lat="45.70263" lon="9.58323">
        <ele>0.0</ele>
    </trkpt>
    <trkpt lat="45.70264" lon="9.58324">
        <ele>0.0</ele>
    </trkpt>
    <trkpt lat="45.70264" lon="9.58325">
        <ele>0.0</ele>
    </trkpt>
    <trkpt lat="45.70268" lon="9.58329">
        <ele>0.0</ele>
    </trkpt>
    <trkpt lat="45.70269" lon="9.58329">
        <ele>0.0</ele>
    </trkpt>
    <trkpt lat="45.7027" lon="9.5833">
        <ele>0.0</ele>
    </trkpt>
    <trkpt lat="45.70271" lon="9.5833">
        <ele>0.0</ele>
    </trkpt>
    <trkpt lat="45.70272" lon="9.58331">
        <ele>0.0</ele>
    </trkpt>
    <trkpt lat="45.70278" lon="9.58331">
        <ele>0.0</ele>
    </trkpt>
    <trkpt lat="45.70279" lon="9.5833">
        <ele>0.0</ele>
    </trkpt>
    <trkpt lat="45.7028" lon="9.5833">
        <ele>0.0</ele>
    </trkpt>
    <trkpt lat="45.70282" lon="9.58329">
        <ele>0.0</ele>
    </trkpt>
    <trkpt lat="45.70283" lon="9.58329">
        <ele>0.0</ele>
    </trkpt>
    <trkpt lat="45.70285" lon="9.58327">
        <ele>0.0</ele>
    </trkpt>
    <trkpt lat="45.70285" lon="9.58326">
        <ele>0.0</ele>
    </trkpt>
    <trkpt lat="45.70287" lon="9.58324">
        <ele>0.0</ele>
    </trkpt>
    <trkpt lat="45.70288" lon="9.58322">
        <ele>0.0</ele>
    </trkpt>
    <trkpt lat="45.70299" lon="9.58317">
        <ele>0.0</ele>
    </trkpt>
    <trkpt lat="45.70302" lon="9.58317">
        <ele>0.0</ele>
    </trkpt>
    <trkpt lat="45.70333" lon="9.58322">
        <ele>0.0</ele>
    </trkpt>
    <trkpt lat="45.70345" lon="9.58325">
        <ele>0.0</ele>
    </trkpt>
    <trkpt lat="45.70356" lon="9.58322">
        <ele>0.0</ele>
    </trkpt>
    <trkpt lat="45.70431" lon="9.58328">
        <ele>0.0</ele>
    </trkpt>
    <trkpt lat="45.70569" lon="9.58354">
        <ele>0.0</ele>
    </trkpt>
    <trkpt lat="45.70646" lon="9.58374">
        <ele>0.0</ele>
    </trkpt>
    <trkpt lat="45.70659" lon="9.58375">
        <ele>0.0</ele>
    </trkpt>
    <trkpt lat="45.70766" lon="9.58376">
        <ele>0.0</ele>
    </trkpt>
    <trkpt lat="45.70791" lon="9.58375">
        <ele>0.0</ele>
    </trkpt>
    <trkpt lat="45.70793" lon="9.58374">
        <ele>0.0</ele>
    </trkpt>
    <trkpt lat="45.708" lon="9.58378">
        <ele>0.0</ele>
    </trkpt>
    <trkpt lat="45.70817" lon="9.58376">
        <ele>0.0</ele>
    </trkpt>
    <trkpt lat="45.70817" lon="9.58377">
        <ele>0.0</ele>
    </trkpt>
    <trkpt lat="45.70818" lon="9.58377">
        <ele>0.0</ele>
    </trkpt>
    <trkpt lat="45.70818" lon="9.58378">
        <ele>0.0</ele>
    </trkpt>
    <trkpt lat="45.7082" lon="9.5838">
        <ele>0.0</ele>
    </trkpt>
    <trkpt lat="45.70821" lon="9.5838">
        <ele>0.0</ele>
    </trkpt>
    <trkpt lat="45.70822" lon="9.58381">
        <ele>0.0</ele>
    </trkpt>
    <trkpt lat="45.70825" lon="9.58381">
        <ele>0.0</ele>
    </trkpt>
    <trkpt lat="45.70825" lon="9.58382">
        <ele>0.0</ele>
    </trkpt>
    <trkpt lat="45.70826" lon="9.58382">
        <ele>0.0</ele>
    </trkpt>
    <trkpt lat="45.70827" lon="9.58381">
        <ele>0.0</ele>
    </trkpt>
    <trkpt lat="45.7083" lon="9.58381">
        <ele>0.0</ele>
    </trkpt>
    <trkpt lat="45.7083" lon="9.5838">
        <ele>0.0</ele>
    </trkpt>
    <trkpt lat="45.70831" lon="9.5838">
        <ele>0.0</ele>
    </trkpt>
    <trkpt lat="45.70831" lon="9.58379">
        <ele>0.0</ele>
    </trkpt>
    <trkpt lat="45.70832" lon="9.58379">
        <ele>0.0</ele>
    </trkpt>
    <trkpt lat="45.70835" lon="9.58376">
        <ele>0.0</ele>
    </trkpt>
    <trkpt lat="45.70835" lon="9.58375">
        <ele>0.0</ele>
    </trkpt>
    <trkpt lat="45.70836" lon="9.58374">
        <ele>0.0</ele>
    </trkpt>
    <trkpt lat="45.70836" lon="9.58373">
        <ele>0.0</ele>
    </trkpt>
    <trkpt lat="45.70837" lon="9.58372">
        <ele>0.0</ele>
    </trkpt>
    <trkpt lat="45.70837" lon="9.5837">
        <ele>0.0</ele>
    </trkpt>
    <trkpt lat="45.70838" lon="9.58369">
        <ele>0.0</ele>
    </trkpt>
    <trkpt lat="45.70838" lon="9.5836">
        <ele>0.0</ele>
    </trkpt>
    <trkpt lat="45.7097" lon="9.58257">
        <ele>0.0</ele>
    </trkpt>
    <trkpt lat="45.71007" lon="9.58242">
        <ele>0.0</ele>
    </trkpt>
    <trkpt lat="45.71068" lon="9.58228">
        <ele>0.0</ele>
    </trkpt>
    <trkpt lat="45.71137" lon="9.5821">
        <ele>0.0</ele>
    </trkpt>
    <trkpt lat="45.71217" lon="9.58193">
        <ele>0.0</ele>
    </trkpt>
    <trkpt lat="45.7124" lon="9.58185">
        <ele>0.0</ele>
    </trkpt>
    <trkpt lat="45.71263" lon="9.58181">
        <ele>0.0</ele>
    </trkpt>
    <trkpt lat="45.71279" lon="9.58177">
        <ele>0.0</ele>
    </trkpt>
    <trkpt lat="45.71321" lon="9.58163">
        <ele>0.0</ele>
    </trkpt>
    <trkpt lat="45.71619" lon="9.5817">
        <ele>0.0</ele>
    </trkpt>
    <trkpt lat="45.71728" lon="9.58168">
        <ele>0.0</ele>
    </trkpt>
    <trkpt lat="45.71728" lon="9.58169">
        <ele>0.0</ele>
    </trkpt>
    <trkpt lat="45.71729" lon="9.5817">
        <ele>0.0</ele>
    </trkpt>
    <trkpt lat="45.71729" lon="9.58171">
        <ele>0.0</ele>
    </trkpt>
    <trkpt lat="45.7173" lon="9.58171">
        <ele>0.0</ele>
    </trkpt>
    <trkpt lat="45.7173" lon="9.58172">
        <ele>0.0</ele>
    </trkpt>
    <trkpt lat="45.71731" lon="9.58172">
        <ele>0.0</ele>
    </trkpt>
    <trkpt lat="45.71731" lon="9.58173">
        <ele>0.0</ele>
    </trkpt>
    <trkpt lat="45.71733" lon="9.58173">
        <ele>0.0</ele>
    </trkpt>
    <trkpt lat="45.71733" lon="9.58174">
        <ele>0.0</ele>
    </trkpt>
    <trkpt lat="45.71734" lon="9.58174">
        <ele>0.0</ele>
    </trkpt>
    <trkpt lat="45.71734" lon="9.58173">
        <ele>0.0</ele>
    </trkpt>
    <trkpt lat="45.71737" lon="9.58173">
        <ele>0.0</ele>
    </trkpt>
    <trkpt lat="45.71739" lon="9.58171">
        <ele>0.0</ele>
    </trkpt>
    <trkpt lat="45.71739" lon="9.5817">
        <ele>0.0</ele>
    </trkpt>
    <trkpt lat="45.7174" lon="9.5817">
        <ele>0.0</ele>
    </trkpt>
    <trkpt lat="45.7174" lon="9.58169">
        <ele>0.0</ele>
    </trkpt>
    <trkpt lat="45.71749" lon="9.58169">
        <ele>0.0</ele>
    </trkpt>
    <trkpt lat="45.71751" lon="9.58168">
        <ele>0.0</ele>
    </trkpt>
    <trkpt lat="45.71755" lon="9.58163">
        <ele>0.0</ele>
    </trkpt>
    <trkpt lat="45.71842" lon="9.58163">
        <ele>0.0</ele>
    </trkpt>
    <trkpt lat="45.71912" lon="9.58165">
        <ele>0.0</ele>
    </trkpt>
    <trkpt lat="45.71916" lon="9.58167">
        <ele>0.0</ele>
    </trkpt>
    <trkpt lat="45.71934" lon="9.58169">
        <ele>0.0</ele>
    </trkpt>
    <trkpt lat="45.71943" lon="9.58172">
        <ele>0.0</ele>
    </trkpt>
    <trkpt lat="45.71948" lon="9.58173">
        <ele>0.0</ele>
    </trkpt>
    <trkpt lat="45.71951" lon="9.58174">
        <ele>0.0</ele>
    </trkpt>
    <trkpt lat="45.71954" lon="9.58174">
        <ele>0.0</ele>
    </trkpt>
    <trkpt lat="45.71957" lon="9.58173">
        <ele>0.0</ele>
    </trkpt>
    <trkpt lat="45.71957" lon="9.58174">
        <ele>0.0</ele>
    </trkpt>
    <trkpt lat="45.71958" lon="9.58174">
        <ele>0.0</ele>
    </trkpt>
    <trkpt lat="45.7196" lon="9.58176">
        <ele>0.0</ele>
    </trkpt>
    <trkpt lat="45.71962" lon="9.58176">
        <ele>0.0</ele>
    </trkpt>
    <trkpt lat="45.71964" lon="9.58182">
        <ele>0.0</ele>
    </trkpt>
    <trkpt lat="45.71972" lon="9.58193">
        <ele>0.0</ele>
    </trkpt>
    <trkpt lat="45.71977" lon="9.58204">
        <ele>0.0</ele>
    </trkpt>
    <trkpt lat="45.71982" lon="9.58298">
        <ele>0.0</ele>
    </trkpt>
    <trkpt lat="45.71992" lon="9.58363">
        <ele>0.0</ele>
    </trkpt>
    <trkpt lat="45.71997" lon="9.5841">
        <ele>0.0</ele>
    </trkpt>
    <trkpt lat="45.71999" lon="9.5842">
        <ele>0.0</ele>
    </trkpt>
    <trkpt lat="45.72" lon="9.5843">
        <ele>0.0</ele>
    </trkpt>
    <trkpt lat="45.72003" lon="9.5844">
        <ele>0.0</ele>
    </trkpt>
    <trkpt lat="45.72005" lon="9.58444">
        <ele>0.0</ele>
    </trkpt>
    <trkpt lat="45.72011" lon="9.58447">
        <ele>0.0</ele>
    </trkpt>
    <trkpt lat="45.72018" lon="9.58446">
        <ele>0.0</ele>
    </trkpt>
    <trkpt lat="45.72022" lon="9.58443">
        <ele>0.0</ele>
    </trkpt>
    <trkpt lat="45.72215" lon="9.58421">
        <ele>0.0</ele>
    </trkpt>
    <trkpt lat="45.72252" lon="9.58414">
        <ele>0.0</ele>
    </trkpt>
    <trkpt lat="45.72574" lon="9.58376">
        <ele>0.0</ele>
    </trkpt>
    <trkpt lat="45.72578" lon="9.58375">
        <ele>0.0</ele>
    </trkpt>
    <trkpt lat="45.72599" lon="9.58365">
        <ele>0.0</ele>
    </trkpt>
    <trkpt lat="45.72611" lon="9.58358">
        <ele>0.0</ele>
    </trkpt>
    <trkpt lat="45.72611" lon="9.58359">
        <ele>0.0</ele>
    </trkpt>
    <trkpt lat="45.72612" lon="9.5836">
        <ele>0.0</ele>
    </trkpt>
    <trkpt lat="45.72613" lon="9.58362">
        <ele>0.0</ele>
    </trkpt>
    <trkpt lat="45.72617" lon="9.58366">
        <ele>0.0</ele>
    </trkpt>
    <trkpt lat="45.72619" lon="9.58367">
        <ele>0.0</ele>
    </trkpt>
    <trkpt lat="45.7262" lon="9.58367">
        <ele>0.0</ele>
    </trkpt>
    <trkpt lat="45.72621" lon="9.58368">
        <ele>0.0</ele>
    </trkpt>
    <trkpt lat="45.72629" lon="9.58368">
        <ele>0.0</ele>
    </trkpt>
    <trkpt lat="45.7263" lon="9.58367">
        <ele>0.0</ele>
    </trkpt>
    <trkpt lat="45.72631" lon="9.58367">
        <ele>0.0</ele>
    </trkpt>
    <trkpt lat="45.72633" lon="9.58365">
        <ele>0.0</ele>
    </trkpt>
    <trkpt lat="45.72635" lon="9.58364">
        <ele>0.0</ele>
    </trkpt>
    <trkpt lat="45.72637" lon="9.58362">
        <ele>0.0</ele>
    </trkpt>
    <trkpt lat="45.72637" lon="9.58361">
        <ele>0.0</ele>
    </trkpt>
    <trkpt lat="45.72638" lon="9.58359">
        <ele>0.0</ele>
    </trkpt>
    <trkpt lat="45.72639" lon="9.58358">
        <ele>0.0</ele>
    </trkpt>
    <trkpt lat="45.7264" lon="9.58356">
        <ele>0.0</ele>
    </trkpt>
    <trkpt lat="45.7264" lon="9.58355">
        <ele>0.0</ele>
    </trkpt>
    <trkpt lat="45.72652" lon="9.58362">
        <ele>0.0</ele>
    </trkpt>
    <trkpt lat="45.72661" lon="9.58364">
        <ele>0.0</ele>
    </trkpt>
    <trkpt lat="45.72877" lon="9.58341">
        <ele>0.0</ele>
    </trkpt>
    <trkpt lat="45.7288" lon="9.58341">
        <ele>0.0</ele>
    </trkpt>
    <trkpt lat="45.73026" lon="9.58322">
        <ele>0.0</ele>
    </trkpt>
    <trkpt lat="45.73026" lon="9.58327">
        <ele>0.0</ele>
    </trkpt>
    <trkpt lat="45.73027" lon="9.58327">
        <ele>0.0</ele>
    </trkpt>
    <trkpt lat="45.73027" lon="9.5833">
        <ele>0.0</ele>
    </trkpt>
    <trkpt lat="45.73028" lon="9.5833">
        <ele>0.0</ele>
    </trkpt>
    <trkpt lat="45.73028" lon="9.58331">
        <ele>0.0</ele>
    </trkpt>
    <trkpt lat="45.73029" lon="9.58332">
        <ele>0.0</ele>
    </trkpt>
    <trkpt lat="45.73029" lon="9.58333">
        <ele>0.0</ele>
    </trkpt>
    <trkpt lat="45.7303" lon="9.58333">
        <ele>0.0</ele>
    </trkpt>
    <trkpt lat="45.73031" lon="9.58334">
        <ele>0.0</ele>
    </trkpt>
    <trkpt lat="45.73033" lon="9.58334">
        <ele>0.0</ele>
    </trkpt>
    <trkpt lat="45.73033" lon="9.58335">
        <ele>0.0</ele>
    </trkpt>
    <trkpt lat="45.73035" lon="9.58335">
        <ele>0.0</ele>
    </trkpt>
    <trkpt lat="45.73035" lon="9.58334">
        <ele>0.0</ele>
    </trkpt>
    <trkpt lat="45.73037" lon="9.58334">
        <ele>0.0</ele>
    </trkpt>
    <trkpt lat="45.73037" lon="9.58333">
        <ele>0.0</ele>
    </trkpt>
    <trkpt lat="45.73038" lon="9.58333">
        <ele>0.0</ele>
    </trkpt>
    <trkpt lat="45.7304" lon="9.58331">
        <ele>0.0</ele>
    </trkpt>
    <trkpt lat="45.7304" lon="9.5833">
        <ele>0.0</ele>
    </trkpt>
    <trkpt lat="45.73041" lon="9.58329">
        <ele>0.0</ele>
    </trkpt>
    <trkpt lat="45.73041" lon="9.58327">
        <ele>0.0</ele>
    </trkpt>
    <trkpt lat="45.73042" lon="9.58327">
        <ele>0.0</ele>
    </trkpt>
    <trkpt lat="45.73042" lon="9.58322">
        <ele>0.0</ele>
    </trkpt>
    <trkpt lat="45.73177" lon="9.58306">
        <ele>0.0</ele>
    </trkpt>
    <trkpt lat="45.7321" lon="9.58304">
        <ele>0.0</ele>
    </trkpt>
    <trkpt lat="45.73265" lon="9.58296">
        <ele>0.0</ele>
    </trkpt>
    <trkpt lat="45.73311" lon="9.58283">
        <ele>0.0</ele>
    </trkpt>
    <trkpt lat="45.73396" lon="9.58255">
        <ele>0.0</ele>
    </trkpt>
    <trkpt lat="45.73599" lon="9.58205">
        <ele>0.0</ele>
    </trkpt>
    <trkpt lat="45.73633" lon="9.582">
        <ele>0.0</ele>
    </trkpt>
    <trkpt lat="45.73638" lon="9.582">
        <ele>0.0</ele>
    </trkpt>
    <trkpt lat="45.73645" lon="9.58204">
        <ele>0.0</ele>
    </trkpt>
    <trkpt lat="45.73654" lon="9.58213">
        <ele>0.0</ele>
    </trkpt>
    <trkpt lat="45.73654" lon="9.58216">
        <ele>0.0</ele>
    </trkpt>
    <trkpt lat="45.73655" lon="9.58219">
        <ele>0.0</ele>
    </trkpt>
    <trkpt lat="45.73655" lon="9.58223">
        <ele>0.0</ele>
    </trkpt>
    <trkpt lat="45.73657" lon="9.5823">
        <ele>0.0</ele>
    </trkpt>
    <trkpt lat="45.73659" lon="9.58234">
        <ele>0.0</ele>
    </trkpt>
    <trkpt lat="45.73661" lon="9.58237">
        <ele>0.0</ele>
    </trkpt>
    <trkpt lat="45.73663" lon="9.58239">
        <ele>0.0</ele>
    </trkpt>
    <trkpt lat="45.73663" lon="9.5824">
        <ele>0.0</ele>
    </trkpt>
    <trkpt lat="45.73665" lon="9.58241">
        <ele>0.0</ele>
    </trkpt>
    <trkpt lat="45.73668" lon="9.58244">
        <ele>0.0</ele>
    </trkpt>
    <trkpt lat="45.73676" lon="9.58247">
        <ele>0.0</ele>
    </trkpt>
    <trkpt lat="45.73678" lon="9.58247">
        <ele>0.0</ele>
    </trkpt>
    <trkpt lat="45.73681" lon="9.58246">
        <ele>0.0</ele>
    </trkpt>
    <trkpt lat="45.73684" lon="9.58246">
        <ele>0.0</ele>
    </trkpt>
    <trkpt lat="45.73692" lon="9.58241">
        <ele>0.0</ele>
    </trkpt>
    <trkpt lat="45.73696" lon="9.58235">
        <ele>0.0</ele>
    </trkpt>
    <trkpt lat="45.73714" lon="9.58245">
        <ele>0.0</ele>
    </trkpt>
    <trkpt lat="45.73722" lon="9.58247">
        <ele>0.0</ele>
    </trkpt>
    <trkpt lat="45.73726" lon="9.58247">
        <ele>0.0</ele>
    </trkpt>
    <trkpt lat="45.73735" lon="9.58256">
        <ele>0.0</ele>
    </trkpt>
    <trkpt lat="45.73757" lon="9.58282">
        <ele>0.0</ele>
    </trkpt>
    <trkpt lat="45.73805" lon="9.58348">
        <ele>0.0</ele>
    </trkpt>
    <trkpt lat="45.73824" lon="9.58377">
        <ele>0.0</ele>
    </trkpt>
    <trkpt lat="45.73825" lon="9.58379">
        <ele>0.0</ele>
    </trkpt>
    <trkpt lat="45.73895" lon="9.58485">
        <ele>0.0</ele>
    </trkpt>
    <trkpt lat="45.73896" lon="9.58485">
        <ele>0.0</ele>
    </trkpt>
    <trkpt lat="45.73953" lon="9.58573">
        <ele>0.0</ele>
    </trkpt>
    <trkpt lat="45.74016" lon="9.58664">
        <ele>0.0</ele>
    </trkpt>
    <trkpt lat="45.7414" lon="9.58864">
        <ele>0.0</ele>
    </trkpt>
    <trkpt lat="45.74143" lon="9.5887">
        <ele>0.0</ele>
    </trkpt>
    <trkpt lat="45.74151" lon="9.58892">
        <ele>0.0</ele>
    </trkpt>
    <trkpt lat="45.74154" lon="9.58918">
        <ele>0.0</ele>
    </trkpt>
    <trkpt lat="45.74154" lon="9.58968">
        <ele>0.0</ele>
    </trkpt>
    <trkpt lat="45.74135" lon="9.592">
        <ele>0.0</ele>
    </trkpt>
    <trkpt lat="45.74125" lon="9.59406">
        <ele>0.0</ele>
    </trkpt>
    <trkpt lat="45.74121" lon="9.59446">
        <ele>0.0</ele>
    </trkpt>
    <trkpt lat="45.74121" lon="9.59457">
        <ele>0.0</ele>
    </trkpt>
    <trkpt lat="45.74119" lon="9.59472">
        <ele>0.0</ele>
    </trkpt>
    <trkpt lat="45.74111" lon="9.59604">
        <ele>0.0</ele>
    </trkpt>
    <trkpt lat="45.74111" lon="9.59649">
        <ele>0.0</ele>
    </trkpt>
    <trkpt lat="45.74118" lon="9.59707">
        <ele>0.0</ele>
    </trkpt>
    <trkpt lat="45.74159" lon="9.59861">
        <ele>0.0</ele>
    </trkpt>
    <trkpt lat="45.74162" lon="9.59869">
        <ele>0.0</ele>
    </trkpt>
    <trkpt lat="45.74162" lon="9.59871">
        <ele>0.0</ele>
    </trkpt>
    <trkpt lat="45.74186" lon="9.59955">
        <ele>0.0</ele>
    </trkpt>
    <trkpt lat="45.74203" lon="9.59994">
        <ele>0.0</ele>
    </trkpt>
    <trkpt lat="45.74205" lon="9.59996">
        <ele>0.0</ele>
    </trkpt>
    <trkpt lat="45.74212" lon="9.60006">
        <ele>0.0</ele>
    </trkpt>
    <trkpt lat="45.74227" lon="9.6002">
        <ele>0.0</ele>
    </trkpt>
    <trkpt lat="45.74249" lon="9.60033">
        <ele>0.0</ele>
    </trkpt>
    <trkpt lat="45.74266" lon="9.60039">
        <ele>0.0</ele>
    </trkpt>
    <trkpt lat="45.74346" lon="9.60061">
        <ele>0.0</ele>
    </trkpt>
    <trkpt lat="45.74564" lon="9.60114">
        <ele>0.0</ele>
    </trkpt>
    <trkpt lat="45.74642" lon="9.60135">
        <ele>0.0</ele>
    </trkpt>
    <trkpt lat="45.74688" lon="9.60144">
        <ele>0.0</ele>
    </trkpt>
    <trkpt lat="45.74818" lon="9.60157">
        <ele>0.0</ele>
    </trkpt>
    <trkpt lat="45.74859" lon="9.60163">
        <ele>0.0</ele>
    </trkpt>
    <trkpt lat="45.74923" lon="9.60169">
        <ele>0.0</ele>
    </trkpt>
    <trkpt lat="45.74948" lon="9.60168">
        <ele>0.0</ele>
    </trkpt>
    <trkpt lat="45.74967" lon="9.60161">
        <ele>0.0</ele>
    </trkpt>
    <trkpt lat="45.74979" lon="9.60155">
        <ele>0.0</ele>
    </trkpt>
    <trkpt lat="45.7499" lon="9.60151">
        <ele>0.0</ele>
    </trkpt>
    <trkpt lat="45.75057" lon="9.60122">
        <ele>0.0</ele>
    </trkpt>
    <trkpt lat="45.75088" lon="9.60107">
        <ele>0.0</ele>
    </trkpt>
    <trkpt lat="45.75093" lon="9.60104">
        <ele>0.0</ele>
    </trkpt>
    <trkpt lat="45.75101" lon="9.60095">
        <ele>0.0</ele>
    </trkpt>
    <trkpt lat="45.751" lon="9.60074">
        <ele>0.0</ele>
    </trkpt>
    <trkpt lat="45.75098" lon="9.60064">
        <ele>0.0</ele>
    </trkpt>
    <trkpt lat="45.75076" lon="9.59998">
        <ele>0.0</ele>
    </trkpt>
    <trkpt lat="45.75069" lon="9.59961">
        <ele>0.0</ele>
    </trkpt>
    <trkpt lat="45.7507" lon="9.59948">
        <ele>0.0</ele>
    </trkpt>
    <trkpt lat="45.75072" lon="9.59938">
        <ele>0.0</ele>
    </trkpt>
    <trkpt lat="45.75073" lon="9.59935">
        <ele>0.0</ele>
    </trkpt>
    <trkpt lat="45.75075" lon="9.59931">
        <ele>0.0</ele>
    </trkpt>
    <trkpt lat="45.75079" lon="9.59926">
        <ele>0.0</ele>
    </trkpt>
    <trkpt lat="45.75086" lon="9.59921">
        <ele>0.0</ele>
    </trkpt>
    <trkpt lat="45.751" lon="9.59917">
        <ele>0.0</ele>
    </trkpt>
    <trkpt lat="45.75133" lon="9.59903">
        <ele>0.0</ele>
    </trkpt>
    <trkpt lat="45.75284" lon="9.59809">
        <ele>0.0</ele>
    </trkpt>
    <trkpt lat="45.75317" lon="9.59786">
        <ele>0.0</ele>
    </trkpt>
    <trkpt lat="45.75329" lon="9.59776">
        <ele>0.0</ele>
    </trkpt>
    <trkpt lat="45.7533" lon="9.59774">
        <ele>0.0</ele>
    </trkpt>
    <trkpt lat="45.75347" lon="9.59757">
        <ele>0.0</ele>
    </trkpt>
    <trkpt lat="45.75428" lon="9.59652">
        <ele>0.0</ele>
    </trkpt>
    <trkpt lat="45.75436" lon="9.5964">
        <ele>0.0</ele>
    </trkpt>
    <trkpt lat="45.75455" lon="9.59617">
        <ele>0.0</ele>
    </trkpt>
    <trkpt lat="45.75462" lon="9.5961">
        <ele>0.0</ele>
    </trkpt>
    <trkpt lat="45.75467" lon="9.59606">
        <ele>0.0</ele>
    </trkpt>
    <trkpt lat="45.7548" lon="9.59599">
        <ele>0.0</ele>
    </trkpt>
    <trkpt lat="45.75487" lon="9.59597">
        <ele>0.0</ele>
    </trkpt>
    <trkpt lat="45.75492" lon="9.59595">
        <ele>0.0</ele>
    </trkpt>
    <trkpt lat="45.75515" lon="9.5959">
        <ele>0.0</ele>
    </trkpt>
    <trkpt lat="45.75539" lon="9.59587">
        <ele>0.0</ele>
    </trkpt>
    <trkpt lat="45.75545" lon="9.59587">
        <ele>0.0</ele>
    </trkpt>
    <trkpt lat="45.75555" lon="9.59588">
        <ele>0.0</ele>
    </trkpt>
    <trkpt lat="45.75558" lon="9.59589">
        <ele>0.0</ele>
    </trkpt>
    <trkpt lat="45.7556" lon="9.59589">
        <ele>0.0</ele>
    </trkpt>
    <trkpt lat="45.75568" lon="9.59592">
        <ele>0.0</ele>
    </trkpt>
    <trkpt lat="45.75581" lon="9.59599">
        <ele>0.0</ele>
    </trkpt>
    <trkpt lat="45.75627" lon="9.59628">
        <ele>0.0</ele>
    </trkpt>
    <trkpt lat="45.75631" lon="9.5963">
        <ele>0.0</ele>
    </trkpt>
    <trkpt lat="45.75634" lon="9.59678">
        <ele>0.0</ele>
    </trkpt>
    <trkpt lat="45.75638" lon="9.59716">
        <ele>0.0</ele>
    </trkpt>
    <trkpt lat="45.75641" lon="9.59776">
        <ele>0.0</ele>
    </trkpt>
    <trkpt lat="45.75638" lon="9.598">
        <ele>0.0</ele>
    </trkpt>
    <trkpt lat="45.75638" lon="9.59803">
        <ele>0.0</ele>
    </trkpt>
    <trkpt lat="45.75634" lon="9.59823">
        <ele>0.0</ele>
    </trkpt>
    <trkpt lat="45.75633" lon="9.59825">
        <ele>0.0</ele>
    </trkpt>
    <trkpt lat="45.75625" lon="9.59848">
        <ele>0.0</ele>
    </trkpt>
    <trkpt lat="45.75621" lon="9.59863">
        <ele>0.0</ele>
    </trkpt>
    <trkpt lat="45.7561" lon="9.59892">
        <ele>0.0</ele>
    </trkpt>
    <trkpt lat="45.75602" lon="9.59917">
        <ele>0.0</ele>
    </trkpt>
    <trkpt lat="45.75601" lon="9.59918">
        <ele>0.0</ele>
    </trkpt>
    <trkpt lat="45.75597" lon="9.59934">
        <ele>0.0</ele>
    </trkpt>
    <trkpt lat="45.75595" lon="9.59956">
        <ele>0.0</ele>
    </trkpt>
    <trkpt lat="45.75595" lon="9.59972">
        <ele>0.0</ele>
    </trkpt>
    <trkpt lat="45.75598" lon="9.6001">
        <ele>0.0</ele>
    </trkpt>
    <trkpt lat="45.75599" lon="9.60013">
        <ele>0.0</ele>
    </trkpt>
    <trkpt lat="45.75601" lon="9.60035">
        <ele>0.0</ele>
    </trkpt>
    <trkpt lat="45.75602" lon="9.6004">
        <ele>0.0</ele>
    </trkpt>
    <trkpt lat="45.75603" lon="9.60063">
        <ele>0.0</ele>
    </trkpt>
    <trkpt lat="45.75606" lon="9.60081">
        <ele>0.0</ele>
    </trkpt>
    <trkpt lat="45.75608" lon="9.60086">
        <ele>0.0</ele>
    </trkpt>
    <trkpt lat="45.75611" lon="9.60097">
        <ele>0.0</ele>
    </trkpt>
    <trkpt lat="45.7564" lon="9.60147">
        <ele>0.0</ele>
    </trkpt>
    <trkpt lat="45.75646" lon="9.60155">
        <ele>0.0</ele>
    </trkpt>
    <trkpt lat="45.7567" lon="9.60194">
        <ele>0.0</ele>
    </trkpt>
    <trkpt lat="45.75671" lon="9.60195">
        <ele>0.0</ele>
    </trkpt>
    <trkpt lat="45.75681" lon="9.60213">
        <ele>0.0</ele>
    </trkpt>
    <trkpt lat="45.75689" lon="9.60225">
        <ele>0.0</ele>
    </trkpt>
    <trkpt lat="45.75709" lon="9.60259">
        <ele>0.0</ele>
    </trkpt>
    <trkpt lat="45.75717" lon="9.60271">
        <ele>0.0</ele>
    </trkpt>
    <trkpt lat="45.75718" lon="9.60273">
        <ele>0.0</ele>
    </trkpt>
    <trkpt lat="45.75741" lon="9.60308">
        <ele>0.0</ele>
    </trkpt>
    <trkpt lat="45.7576" lon="9.60325">
        <ele>0.0</ele>
    </trkpt>
    <trkpt lat="45.75781" lon="9.60337">
        <ele>0.0</ele>
    </trkpt>
    <trkpt lat="45.75789" lon="9.6034">
        <ele>0.0</ele>
    </trkpt>
    <trkpt lat="45.75792" lon="9.60342">
        <ele>0.0</ele>
    </trkpt>
    <trkpt lat="45.75806" lon="9.60348">
        <ele>0.0</ele>
    </trkpt>
    <trkpt lat="45.75826" lon="9.60358">
        <ele>0.0</ele>
    </trkpt>
    <trkpt lat="45.75836" lon="9.60362">
        <ele>0.0</ele>
    </trkpt>
    <trkpt lat="45.75849" lon="9.60369">
        <ele>0.0</ele>
    </trkpt>
    <trkpt lat="45.75853" lon="9.6037">
        <ele>0.0</ele>
    </trkpt>
    <trkpt lat="45.75858" lon="9.60373">
        <ele>0.0</ele>
    </trkpt>
    <trkpt lat="45.75863" lon="9.60375">
        <ele>0.0</ele>
    </trkpt>
    <trkpt lat="45.75869" lon="9.60376">
        <ele>0.0</ele>
    </trkpt>
    <trkpt lat="45.75873" lon="9.60376">
        <ele>0.0</ele>
    </trkpt>
    <trkpt lat="45.75947" lon="9.60352">
        <ele>0.0</ele>
    </trkpt>
    <trkpt lat="45.75952" lon="9.60349">
        <ele>0.0</ele>
    </trkpt>
    <trkpt lat="45.75953" lon="9.60349">
        <ele>0.0</ele>
    </trkpt>
    <trkpt lat="45.75959" lon="9.60344">
        <ele>0.0</ele>
    </trkpt>
    <trkpt lat="45.7596" lon="9.60342">
        <ele>0.0</ele>
    </trkpt>
    <trkpt lat="45.75966" lon="9.60334">
        <ele>0.0</ele>
    </trkpt>
    <trkpt lat="45.75996" lon="9.6027">
        <ele>0.0</ele>
    </trkpt>
    <trkpt lat="45.76005" lon="9.60248">
        <ele>0.0</ele>
    </trkpt>
    <trkpt lat="45.76011" lon="9.60239">
        <ele>0.0</ele>
    </trkpt>
    <trkpt lat="45.76015" lon="9.60234">
        <ele>0.0</ele>
    </trkpt>
    <trkpt lat="45.76019" lon="9.60233">
        <ele>0.0</ele>
    </trkpt>
    <trkpt lat="45.76026" lon="9.60233">
        <ele>0.0</ele>
    </trkpt>
    <trkpt lat="45.76038" lon="9.60234">
        <ele>0.0</ele>
    </trkpt>
    <trkpt lat="45.76087" lon="9.60248">
        <ele>0.0</ele>
    </trkpt>
    <trkpt lat="45.76103" lon="9.60251">
        <ele>0.0</ele>
    </trkpt>
    <trkpt lat="45.76108" lon="9.60254">
        <ele>0.0</ele>
    </trkpt>
    <trkpt lat="45.76125" lon="9.60262">
        <ele>0.0</ele>
    </trkpt>
    <trkpt lat="45.76127" lon="9.60264">
        <ele>0.0</ele>
    </trkpt>
    <trkpt lat="45.76139" lon="9.60271">
        <ele>0.0</ele>
    </trkpt>
    <trkpt lat="45.76141" lon="9.60271">
        <ele>0.0</ele>
    </trkpt>
    <trkpt lat="45.76142" lon="9.60272">
        <ele>0.0</ele>
    </trkpt>
    <trkpt lat="45.76144" lon="9.60273">
        <ele>0.0</ele>
    </trkpt>
    <trkpt lat="45.76146" lon="9.60275">
        <ele>0.0</ele>
    </trkpt>
    <trkpt lat="45.76148" lon="9.60276">
        <ele>0.0</ele>
    </trkpt>
    <trkpt lat="45.76151" lon="9.60276">
        <ele>0.0</ele>
    </trkpt>
    <trkpt lat="45.76168" lon="9.6028">
        <ele>0.0</ele>
    </trkpt>
    <trkpt lat="45.7624" lon="9.60289">
        <ele>0.0</ele>
    </trkpt>
    <trkpt lat="45.76251" lon="9.60291">
        <ele>0.0</ele>
    </trkpt>
    <trkpt lat="45.76257" lon="9.60294">
        <ele>0.0</ele>
    </trkpt>
    <trkpt lat="45.76263" lon="9.60296">
        <ele>0.0</ele>
    </trkpt>
    <trkpt lat="45.76276" lon="9.60304">
        <ele>0.0</ele>
    </trkpt>
    <trkpt lat="45.76277" lon="9.60305">
        <ele>0.0</ele>
    </trkpt>
    <trkpt lat="45.76288" lon="9.60312">
        <ele>0.0</ele>
    </trkpt>
    <trkpt lat="45.76301" lon="9.60322">
        <ele>0.0</ele>
    </trkpt>
    <trkpt lat="45.76314" lon="9.60334">
        <ele>0.0</ele>
    </trkpt>
    <trkpt lat="45.76322" lon="9.60338">
        <ele>0.0</ele>
    </trkpt>
    <trkpt lat="45.76325" lon="9.6034">
        <ele>0.0</ele>
    </trkpt>
    <trkpt lat="45.76373" lon="9.60362">
        <ele>0.0</ele>
    </trkpt>
    <trkpt lat="45.76412" lon="9.60386">
        <ele>0.0</ele>
    </trkpt>
    <trkpt lat="45.76416" lon="9.60387">
        <ele>0.0</ele>
    </trkpt>
    <trkpt lat="45.76417" lon="9.60387">
        <ele>0.0</ele>
    </trkpt>
    <trkpt lat="45.76426" lon="9.60385">
        <ele>0.0</ele>
    </trkpt>
    <trkpt lat="45.76427" lon="9.60384">
        <ele>0.0</ele>
    </trkpt>
    <trkpt lat="45.76429" lon="9.60384">
        <ele>0.0</ele>
    </trkpt>
    <trkpt lat="45.7644" lon="9.6038">
        <ele>0.0</ele>
    </trkpt>
    <trkpt lat="45.76445" lon="9.6038">
        <ele>0.0</ele>
    </trkpt>
    <trkpt lat="45.7645" lon="9.60381">
        <ele>0.0</ele>
    </trkpt>
    <trkpt lat="45.76459" lon="9.60387">
        <ele>0.0</ele>
    </trkpt>
    <trkpt lat="45.76461" lon="9.60388">
        <ele>0.0</ele>
    </trkpt>
    <trkpt lat="45.76467" lon="9.6039">
        <ele>0.0</ele>
    </trkpt>
    <trkpt lat="45.76468" lon="9.6039">
        <ele>0.0</ele>
    </trkpt>
    <trkpt lat="45.76473" lon="9.60391">
        <ele>0.0</ele>
    </trkpt>
    <trkpt lat="45.76479" lon="9.60391">
        <ele>0.0</ele>
    </trkpt>
    <trkpt lat="45.76491" lon="9.60388">
        <ele>0.0</ele>
    </trkpt>
    <trkpt lat="45.76496" lon="9.60386">
        <ele>0.0</ele>
    </trkpt>
    <trkpt lat="45.76497" lon="9.60386">
        <ele>0.0</ele>
    </trkpt>
    <trkpt lat="45.76504" lon="9.60383">
        <ele>0.0</ele>
    </trkpt>
    <trkpt lat="45.76513" lon="9.6038">
        <ele>0.0</ele>
    </trkpt>
    <trkpt lat="45.76514" lon="9.6038">
        <ele>0.0</ele>
    </trkpt>
    <trkpt lat="45.76521" lon="9.60376">
        <ele>0.0</ele>
    </trkpt>
    <trkpt lat="45.76542" lon="9.60368">
        <ele>0.0</ele>
    </trkpt>
    <trkpt lat="45.76548" lon="9.60365">
        <ele>0.0</ele>
    </trkpt>
    <trkpt lat="45.76549" lon="9.60365">
        <ele>0.0</ele>
    </trkpt>
    <trkpt lat="45.76552" lon="9.60363">
        <ele>0.0</ele>
    </trkpt>
    <trkpt lat="45.76558" lon="9.60363">
        <ele>0.0</ele>
    </trkpt>
    <trkpt lat="45.7658" lon="9.60371">
        <ele>0.0</ele>
    </trkpt>
    <trkpt lat="45.76593" lon="9.60372">
        <ele>0.0</ele>
    </trkpt>
    <trkpt lat="45.76601" lon="9.60374">
        <ele>0.0</ele>
    </trkpt>
    <trkpt lat="45.76602" lon="9.60375">
        <ele>0.0</ele>
    </trkpt>
    <trkpt lat="45.7661" lon="9.6038">
        <ele>0.0</ele>
    </trkpt>
    <trkpt lat="45.76632" lon="9.604">
        <ele>0.0</ele>
    </trkpt>
    <trkpt lat="45.76632" lon="9.60401">
        <ele>0.0</ele>
    </trkpt>
    <trkpt lat="45.76638" lon="9.60407">
        <ele>0.0</ele>
    </trkpt>
    <trkpt lat="45.76663" lon="9.60437">
        <ele>0.0</ele>
    </trkpt>
    <trkpt lat="45.76666" lon="9.6044">
        <ele>0.0</ele>
    </trkpt>
    <trkpt lat="45.76673" lon="9.6045">
        <ele>0.0</ele>
    </trkpt>
    <trkpt lat="45.76674" lon="9.6045">
        <ele>0.0</ele>
    </trkpt>
    <trkpt lat="45.76678" lon="9.60456">
        <ele>0.0</ele>
    </trkpt>
    <trkpt lat="45.76679" lon="9.60457">
        <ele>0.0</ele>
    </trkpt>
    <trkpt lat="45.76686" lon="9.60468">
        <ele>0.0</ele>
    </trkpt>
    <trkpt lat="45.76692" lon="9.60479">
        <ele>0.0</ele>
    </trkpt>
    <trkpt lat="45.76705" lon="9.6051">
        <ele>0.0</ele>
    </trkpt>
    <trkpt lat="45.76705" lon="9.60511">
        <ele>0.0</ele>
    </trkpt>
    <trkpt lat="45.76706" lon="9.60512">
        <ele>0.0</ele>
    </trkpt>
    <trkpt lat="45.76708" lon="9.60522">
        <ele>0.0</ele>
    </trkpt>
    <trkpt lat="45.7671" lon="9.60528">
        <ele>0.0</ele>
    </trkpt>
    <trkpt lat="45.76711" lon="9.60536">
        <ele>0.0</ele>
    </trkpt>
    <trkpt lat="45.76714" lon="9.60546">
        <ele>0.0</ele>
    </trkpt>
    <trkpt lat="45.76718" lon="9.6057">
        <ele>0.0</ele>
    </trkpt>
    <trkpt lat="45.76719" lon="9.60586">
        <ele>0.0</ele>
    </trkpt>
    <trkpt lat="45.76716" lon="9.60605">
        <ele>0.0</ele>
    </trkpt>
    <trkpt lat="45.76708" lon="9.60634">
        <ele>0.0</ele>
    </trkpt>
    <trkpt lat="45.76707" lon="9.60635">
        <ele>0.0</ele>
    </trkpt>
    <trkpt lat="45.76702" lon="9.60659">
        <ele>0.0</ele>
    </trkpt>
    <trkpt lat="45.76701" lon="9.6067">
        <ele>0.0</ele>
    </trkpt>
    <trkpt lat="45.76697" lon="9.60695">
        <ele>0.0</ele>
    </trkpt>
    <trkpt lat="45.76697" lon="9.60719">
        <ele>0.0</ele>
    </trkpt>
    <trkpt lat="45.76698" lon="9.60736">
        <ele>0.0</ele>
    </trkpt>
    <trkpt lat="45.76699" lon="9.60742">
        <ele>0.0</ele>
    </trkpt>
    <trkpt lat="45.76699" lon="9.60747">
        <ele>0.0</ele>
    </trkpt>
    <trkpt lat="45.76702" lon="9.60761">
        <ele>0.0</ele>
    </trkpt>
    <trkpt lat="45.76703" lon="9.60773">
        <ele>0.0</ele>
    </trkpt>
    <trkpt lat="45.7671" lon="9.60795">
        <ele>0.0</ele>
    </trkpt>
    <trkpt lat="45.76719" lon="9.60817">
        <ele>0.0</ele>
    </trkpt>
    <trkpt lat="45.76724" lon="9.60826">
        <ele>0.0</ele>
    </trkpt>
    <trkpt lat="45.76726" lon="9.60832">
        <ele>0.0</ele>
    </trkpt>
    <trkpt lat="45.76729" lon="9.60836">
        <ele>0.0</ele>
    </trkpt>
    <trkpt lat="45.7673" lon="9.60838">
        <ele>0.0</ele>
    </trkpt>
    <trkpt lat="45.76739" lon="9.60846">
        <ele>0.0</ele>
    </trkpt>
    <trkpt lat="45.76763" lon="9.60859">
        <ele>0.0</ele>
    </trkpt>
    <trkpt lat="45.76763" lon="9.6086">
        <ele>0.0</ele>
    </trkpt>
    <trkpt lat="45.76776" lon="9.60865">
        <ele>0.0</ele>
    </trkpt>
    <trkpt lat="45.76781" lon="9.60865">
        <ele>0.0</ele>
    </trkpt>
    <trkpt lat="45.76787" lon="9.60866">
        <ele>0.0</ele>
    </trkpt>
    <trkpt lat="45.7679" lon="9.60867">
        <ele>0.0</ele>
    </trkpt>
    <trkpt lat="45.76799" lon="9.60868">
        <ele>0.0</ele>
    </trkpt>
    <trkpt lat="45.76812" lon="9.60872">
        <ele>0.0</ele>
    </trkpt>
    <trkpt lat="45.76816" lon="9.60872">
        <ele>0.0</ele>
    </trkpt>
    <trkpt lat="45.76818" lon="9.60873">
        <ele>0.0</ele>
    </trkpt>
    <trkpt lat="45.76831" lon="9.60873">
        <ele>0.0</ele>
    </trkpt>
    <trkpt lat="45.76834" lon="9.60872">
        <ele>0.0</ele>
    </trkpt>
    <trkpt lat="45.76854" lon="9.60872">
        <ele>0.0</ele>
    </trkpt>
    <trkpt lat="45.76859" lon="9.60873">
        <ele>0.0</ele>
    </trkpt>
    <trkpt lat="45.7687" lon="9.60877">
        <ele>0.0</ele>
    </trkpt>
    <trkpt lat="45.76877" lon="9.60882">
        <ele>0.0</ele>
    </trkpt>
    <trkpt lat="45.76895" lon="9.6089">
        <ele>0.0</ele>
    </trkpt>
    <trkpt lat="45.76914" lon="9.60894">
        <ele>0.0</ele>
    </trkpt>
    <trkpt lat="45.76927" lon="9.60898">
        <ele>0.0</ele>
    </trkpt>
    <trkpt lat="45.76931" lon="9.60898">
        <ele>0.0</ele>
    </trkpt>
    <trkpt lat="45.76967" lon="9.60907">
        <ele>0.0</ele>
    </trkpt>
    <trkpt lat="45.76968" lon="9.60908">
        <ele>0.0</ele>
    </trkpt>
    <trkpt lat="45.76974" lon="9.60912">
        <ele>0.0</ele>
    </trkpt>
    <trkpt lat="45.7698" lon="9.60919">
        <ele>0.0</ele>
    </trkpt>
    <trkpt lat="45.76991" lon="9.60938">
        <ele>0.0</ele>
    </trkpt>
    <trkpt lat="45.76994" lon="9.6094">
        <ele>0.0</ele>
    </trkpt>
    <trkpt lat="45.77" lon="9.60946">
        <ele>0.0</ele>
    </trkpt>
    <trkpt lat="45.77008" lon="9.60949">
        <ele>0.0</ele>
    </trkpt>
    <trkpt lat="45.77013" lon="9.60949">
        <ele>0.0</ele>
    </trkpt>
    <trkpt lat="45.7702" lon="9.60948">
        <ele>0.0</ele>
    </trkpt>
    <trkpt lat="45.77028" lon="9.60945">
        <ele>0.0</ele>
    </trkpt>
    <trkpt lat="45.77032" lon="9.60943">
        <ele>0.0</ele>
    </trkpt>
    <trkpt lat="45.77049" lon="9.60939">
        <ele>0.0</ele>
    </trkpt>
    <trkpt lat="45.77054" lon="9.60939">
        <ele>0.0</ele>
    </trkpt>
    <trkpt lat="45.7706" lon="9.6094">
        <ele>0.0</ele>
    </trkpt>
    <trkpt lat="45.77093" lon="9.6095">
        <ele>0.0</ele>
    </trkpt>
    <trkpt lat="45.77133" lon="9.60959">
        <ele>0.0</ele>
    </trkpt>
    <trkpt lat="45.77134" lon="9.60959">
        <ele>0.0</ele>
    </trkpt>
    <trkpt lat="45.77239" lon="9.60992">
        <ele>0.0</ele>
    </trkpt>
    <trkpt lat="45.77255" lon="9.60998">
        <ele>0.0</ele>
    </trkpt>
    <trkpt lat="45.77327" lon="9.6102">
        <ele>0.0</ele>
    </trkpt>
    <trkpt lat="45.77337" lon="9.61022">
        <ele>0.0</ele>
    </trkpt>
    <trkpt lat="45.7737" lon="9.61032">
        <ele>0.0</ele>
    </trkpt>
    <trkpt lat="45.77372" lon="9.61032">
        <ele>0.0</ele>
    </trkpt>
    <trkpt lat="45.77383" lon="9.61034">
        <ele>0.0</ele>
    </trkpt>
    <trkpt lat="45.7739" lon="9.61033">
        <ele>0.0</ele>
    </trkpt>
    <trkpt lat="45.77395" lon="9.61033">
        <ele>0.0</ele>
    </trkpt>
    <trkpt lat="45.77409" lon="9.61025">
        <ele>0.0</ele>
    </trkpt>
    <trkpt lat="45.77441" lon="9.60997">
        <ele>0.0</ele>
    </trkpt>
    <trkpt lat="45.77478" lon="9.60967">
        <ele>0.0</ele>
    </trkpt>
    <trkpt lat="45.77485" lon="9.60963">
        <ele>0.0</ele>
    </trkpt>
    <trkpt lat="45.77496" lon="9.60955">
        <ele>0.0</ele>
    </trkpt>
    <trkpt lat="45.77501" lon="9.60952">
        <ele>0.0</ele>
    </trkpt>
    <trkpt lat="45.77502" lon="9.60951">
        <ele>0.0</ele>
    </trkpt>
    <trkpt lat="45.77509" lon="9.60949">
        <ele>0.0</ele>
    </trkpt>
    <trkpt lat="45.7751" lon="9.60949">
        <ele>0.0</ele>
    </trkpt>
    <trkpt lat="45.77537" lon="9.60943">
        <ele>0.0</ele>
    </trkpt>
    <trkpt lat="45.77539" lon="9.60943">
        <ele>0.0</ele>
    </trkpt>
    <trkpt lat="45.77557" lon="9.60938">
        <ele>0.0</ele>
    </trkpt>
    <trkpt lat="45.77631" lon="9.60899">
        <ele>0.0</ele>
    </trkpt>
    <trkpt lat="45.77641" lon="9.60895">
        <ele>0.0</ele>
    </trkpt>
    <trkpt lat="45.77646" lon="9.60894">
        <ele>0.0</ele>
    </trkpt>
    <trkpt lat="45.77648" lon="9.60894">
        <ele>0.0</ele>
    </trkpt>
    <trkpt lat="45.77651" lon="9.60893">
        <ele>0.0</ele>
    </trkpt>
    <trkpt lat="45.77658" lon="9.60893">
        <ele>0.0</ele>
    </trkpt>
    <trkpt lat="45.77668" lon="9.60892">
        <ele>0.0</ele>
    </trkpt>
    <trkpt lat="45.77673" lon="9.60891">
        <ele>0.0</ele>
    </trkpt>
    <trkpt lat="45.77692" lon="9.60883">
        <ele>0.0</ele>
    </trkpt>
    <trkpt lat="45.77719" lon="9.60874">
        <ele>0.0</ele>
    </trkpt>
    <trkpt lat="45.77721" lon="9.60873">
        <ele>0.0</ele>
    </trkpt>
    <trkpt lat="45.77728" lon="9.60873">
        <ele>0.0</ele>
    </trkpt>
    <trkpt lat="45.77734" lon="9.60874">
        <ele>0.0</ele>
    </trkpt>
    <trkpt lat="45.77737" lon="9.60876">
        <ele>0.0</ele>
    </trkpt>
    <trkpt lat="45.77738" lon="9.60876">
        <ele>0.0</ele>
    </trkpt>
    <trkpt lat="45.77742" lon="9.60878">
        <ele>0.0</ele>
    </trkpt>
    <trkpt lat="45.77749" lon="9.60886">
        <ele>0.0</ele>
    </trkpt>
    <trkpt lat="45.77754" lon="9.60893">
        <ele>0.0</ele>
    </trkpt>
    <trkpt lat="45.77755" lon="9.60896">
        <ele>0.0</ele>
    </trkpt>
    <trkpt lat="45.77757" lon="9.60899">
        <ele>0.0</ele>
    </trkpt>
    <trkpt lat="45.7776" lon="9.60902">
        <ele>0.0</ele>
    </trkpt>
    <trkpt lat="45.77765" lon="9.60906">
        <ele>0.0</ele>
    </trkpt>
    <trkpt lat="45.77766" lon="9.60908">
        <ele>0.0</ele>
    </trkpt>
    <trkpt lat="45.77812" lon="9.60933">
        <ele>0.0</ele>
    </trkpt>
    <trkpt lat="45.77817" lon="9.60937">
        <ele>0.0</ele>
    </trkpt>
    <trkpt lat="45.77821" lon="9.60943">
        <ele>0.0</ele>
    </trkpt>
    <trkpt lat="45.77821" lon="9.60944">
        <ele>0.0</ele>
    </trkpt>
    <trkpt lat="45.77828" lon="9.60953">
        <ele>0.0</ele>
    </trkpt>
    <trkpt lat="45.77834" lon="9.60962">
        <ele>0.0</ele>
    </trkpt>
    <trkpt lat="45.77844" lon="9.60973">
        <ele>0.0</ele>
    </trkpt>
    <trkpt lat="45.77866" lon="9.61">
        <ele>0.0</ele>
    </trkpt>
    <trkpt lat="45.77868" lon="9.61004">
        <ele>0.0</ele>
    </trkpt>
    <trkpt lat="45.77875" lon="9.61012">
        <ele>0.0</ele>
    </trkpt>
    <trkpt lat="45.77902" lon="9.61047">
        <ele>0.0</ele>
    </trkpt>
    <trkpt lat="45.77902" lon="9.61048">
        <ele>0.0</ele>
    </trkpt>
    <trkpt lat="45.77915" lon="9.61057">
        <ele>0.0</ele>
    </trkpt>
    <trkpt lat="45.77923" lon="9.6106">
        <ele>0.0</ele>
    </trkpt>
    <trkpt lat="45.77927" lon="9.61061">
        <ele>0.0</ele>
    </trkpt>
    <trkpt lat="45.77929" lon="9.61062">
        <ele>0.0</ele>
    </trkpt>
    <trkpt lat="45.77935" lon="9.61064">
        <ele>0.0</ele>
    </trkpt>
    <trkpt lat="45.77951" lon="9.61073">
        <ele>0.0</ele>
    </trkpt>
    <trkpt lat="45.77955" lon="9.61076">
        <ele>0.0</ele>
    </trkpt>
    <trkpt lat="45.7796" lon="9.61078">
        <ele>0.0</ele>
    </trkpt>
    <trkpt lat="45.77961" lon="9.61079">
        <ele>0.0</ele>
    </trkpt>
    <trkpt lat="45.77967" lon="9.61081">
        <ele>0.0</ele>
    </trkpt>
    <trkpt lat="45.77968" lon="9.61082">
        <ele>0.0</ele>
    </trkpt>
    <trkpt lat="45.77969" lon="9.61082">
        <ele>0.0</ele>
    </trkpt>
    <trkpt lat="45.77977" lon="9.61086">
        <ele>0.0</ele>
    </trkpt>
    <trkpt lat="45.77978" lon="9.61086">
        <ele>0.0</ele>
    </trkpt>
    <trkpt lat="45.77985" lon="9.61091">
        <ele>0.0</ele>
    </trkpt>
    <trkpt lat="45.77985" lon="9.61092">
        <ele>0.0</ele>
    </trkpt>
    <trkpt lat="45.77996" lon="9.61103">
        <ele>0.0</ele>
    </trkpt>
    <trkpt lat="45.78" lon="9.61106">
        <ele>0.0</ele>
    </trkpt>
    <trkpt lat="45.78004" lon="9.6111">
        <ele>0.0</ele>
    </trkpt>
    <trkpt lat="45.78007" lon="9.61112">
        <ele>0.0</ele>
    </trkpt>
    <trkpt lat="45.78008" lon="9.61112">
        <ele>0.0</ele>
    </trkpt>
    <trkpt lat="45.78011" lon="9.61113">
        <ele>0.0</ele>
    </trkpt>
    <trkpt lat="45.78017" lon="9.61113">
        <ele>0.0</ele>
    </trkpt>
    <trkpt lat="45.78021" lon="9.61114">
        <ele>0.0</ele>
    </trkpt>
    <trkpt lat="45.78033" lon="9.61115">
        <ele>0.0</ele>
    </trkpt>
    <trkpt lat="45.78047" lon="9.61119">
        <ele>0.0</ele>
    </trkpt>
    <trkpt lat="45.78055" lon="9.61124">
        <ele>0.0</ele>
    </trkpt>
    <trkpt lat="45.78075" lon="9.61144">
        <ele>0.0</ele>
    </trkpt>
    <trkpt lat="45.78081" lon="9.61151">
        <ele>0.0</ele>
    </trkpt>
    <trkpt lat="45.78082" lon="9.61151">
        <ele>0.0</ele>
    </trkpt>
    <trkpt lat="45.78087" lon="9.61156">
        <ele>0.0</ele>
    </trkpt>
    <trkpt lat="45.78089" lon="9.61159">
        <ele>0.0</ele>
    </trkpt>
    <trkpt lat="45.78093" lon="9.61163">
        <ele>0.0</ele>
    </trkpt>
    <trkpt lat="45.78096" lon="9.61168">
        <ele>0.0</ele>
    </trkpt>
    <trkpt lat="45.78097" lon="9.61169">
        <ele>0.0</ele>
    </trkpt>
    <trkpt lat="45.78101" lon="9.61177">
        <ele>0.0</ele>
    </trkpt>
    <trkpt lat="45.78101" lon="9.61178">
        <ele>0.0</ele>
    </trkpt>
    <trkpt lat="45.78104" lon="9.61189">
        <ele>0.0</ele>
    </trkpt>
    <trkpt lat="45.78104" lon="9.6119">
        <ele>0.0</ele>
    </trkpt>
    <trkpt lat="45.7811" lon="9.61222">
        <ele>0.0</ele>
    </trkpt>
    <trkpt lat="45.78112" lon="9.61228">
        <ele>0.0</ele>
    </trkpt>
    <trkpt lat="45.78114" lon="9.61238">
        <ele>0.0</ele>
    </trkpt>
    <trkpt lat="45.78115" lon="9.61239">
        <ele>0.0</ele>
    </trkpt>
    <trkpt lat="45.7812" lon="9.61262">
        <ele>0.0</ele>
    </trkpt>
    <trkpt lat="45.7812" lon="9.61264">
        <ele>0.0</ele>
    </trkpt>
    <trkpt lat="45.78121" lon="9.6127">
        <ele>0.0</ele>
    </trkpt>
    <trkpt lat="45.78122" lon="9.61273">
        <ele>0.0</ele>
    </trkpt>
    <trkpt lat="45.78123" lon="9.61279">
        <ele>0.0</ele>
    </trkpt>
    <trkpt lat="45.78127" lon="9.61288">
        <ele>0.0</ele>
    </trkpt>
    <trkpt lat="45.78127" lon="9.61289">
        <ele>0.0</ele>
    </trkpt>
    <trkpt lat="45.78138" lon="9.61308">
        <ele>0.0</ele>
    </trkpt>
    <trkpt lat="45.7814" lon="9.61313">
        <ele>0.0</ele>
    </trkpt>
    <trkpt lat="45.78149" lon="9.61328">
        <ele>0.0</ele>
    </trkpt>
    <trkpt lat="45.7815" lon="9.61331">
        <ele>0.0</ele>
    </trkpt>
    <trkpt lat="45.78152" lon="9.61333">
        <ele>0.0</ele>
    </trkpt>
    <trkpt lat="45.7816" lon="9.61348">
        <ele>0.0</ele>
    </trkpt>
    <trkpt lat="45.78161" lon="9.61349">
        <ele>0.0</ele>
    </trkpt>
    <trkpt lat="45.78163" lon="9.61353">
        <ele>0.0</ele>
    </trkpt>
    <trkpt lat="45.78169" lon="9.61361">
        <ele>0.0</ele>
    </trkpt>
    <trkpt lat="45.78176" lon="9.61367">
        <ele>0.0</ele>
    </trkpt>
    <trkpt lat="45.78178" lon="9.61368">
        <ele>0.0</ele>
    </trkpt>
    <trkpt lat="45.7818" lon="9.6137">
        <ele>0.0</ele>
    </trkpt>
    <trkpt lat="45.78185" lon="9.61373">
        <ele>0.0</ele>
    </trkpt>
    <trkpt lat="45.7819" lon="9.61374">
        <ele>0.0</ele>
    </trkpt>
    <trkpt lat="45.78202" lon="9.61379">
        <ele>0.0</ele>
    </trkpt>
    <trkpt lat="45.78214" lon="9.61385">
        <ele>0.0</ele>
    </trkpt>
    <trkpt lat="45.78224" lon="9.61393">
        <ele>0.0</ele>
    </trkpt>
    <trkpt lat="45.78228" lon="9.61398">
        <ele>0.0</ele>
    </trkpt>
    <trkpt lat="45.78231" lon="9.61403">
        <ele>0.0</ele>
    </trkpt>
    <trkpt lat="45.78234" lon="9.61411">
        <ele>0.0</ele>
    </trkpt>
    <trkpt lat="45.78235" lon="9.61417">
        <ele>0.0</ele>
    </trkpt>
    <trkpt lat="45.78236" lon="9.61419">
        <ele>0.0</ele>
    </trkpt>
    <trkpt lat="45.78237" lon="9.61427">
        <ele>0.0</ele>
    </trkpt>
    <trkpt lat="45.78237" lon="9.61436">
        <ele>0.0</ele>
    </trkpt>
    <trkpt lat="45.78235" lon="9.61451">
        <ele>0.0</ele>
    </trkpt>
    <trkpt lat="45.78234" lon="9.61453">
        <ele>0.0</ele>
    </trkpt>
    <trkpt lat="45.78232" lon="9.61463">
        <ele>0.0</ele>
    </trkpt>
    <trkpt lat="45.78227" lon="9.61481">
        <ele>0.0</ele>
    </trkpt>
    <trkpt lat="45.7822" lon="9.61501">
        <ele>0.0</ele>
    </trkpt>
    <trkpt lat="45.78216" lon="9.61515">
        <ele>0.0</ele>
    </trkpt>
    <trkpt lat="45.78214" lon="9.61525">
        <ele>0.0</ele>
    </trkpt>
    <trkpt lat="45.7821" lon="9.61537">
        <ele>0.0</ele>
    </trkpt>
    <trkpt lat="45.78208" lon="9.61549">
        <ele>0.0</ele>
    </trkpt>
    <trkpt lat="45.78202" lon="9.61571">
        <ele>0.0</ele>
    </trkpt>
    <trkpt lat="45.78202" lon="9.61574">
        <ele>0.0</ele>
    </trkpt>
    <trkpt lat="45.78203" lon="9.61578">
        <ele>0.0</ele>
    </trkpt>
    <trkpt lat="45.78203" lon="9.61581">
        <ele>0.0</ele>
    </trkpt>
    <trkpt lat="45.78204" lon="9.61584">
        <ele>0.0</ele>
    </trkpt>
    <trkpt lat="45.78206" lon="9.61595">
        <ele>0.0</ele>
    </trkpt>
    <trkpt lat="45.78206" lon="9.61603">
        <ele>0.0</ele>
    </trkpt>
    <trkpt lat="45.78208" lon="9.61629">
        <ele>0.0</ele>
    </trkpt>
    <trkpt lat="45.78206" lon="9.61662">
        <ele>0.0</ele>
    </trkpt>
    <trkpt lat="45.78206" lon="9.61781">
        <ele>0.0</ele>
    </trkpt>
    <trkpt lat="45.78207" lon="9.61789">
        <ele>0.0</ele>
    </trkpt>
    <trkpt lat="45.78207" lon="9.61885">
        <ele>0.0</ele>
    </trkpt>
    <trkpt lat="45.78208" lon="9.61892">
        <ele>0.0</ele>
    </trkpt>
    <trkpt lat="45.78208" lon="9.61896">
        <ele>0.0</ele>
    </trkpt>
    <trkpt lat="45.78209" lon="9.61902">
        <ele>0.0</ele>
    </trkpt>
    <trkpt lat="45.7821" lon="9.61918">
        <ele>0.0</ele>
    </trkpt>
    <trkpt lat="45.78211" lon="9.61922">
        <ele>0.0</ele>
    </trkpt>
    <trkpt lat="45.78211" lon="9.61947">
        <ele>0.0</ele>
    </trkpt>
    <trkpt lat="45.7821" lon="9.61951">
        <ele>0.0</ele>
    </trkpt>
    <trkpt lat="45.7821" lon="9.6196">
        <ele>0.0</ele>
    </trkpt>
    <trkpt lat="45.78212" lon="9.61967">
        <ele>0.0</ele>
    </trkpt>
    <trkpt lat="45.78214" lon="9.61972">
        <ele>0.0</ele>
    </trkpt>
    <trkpt lat="45.78214" lon="9.61974">
        <ele>0.0</ele>
    </trkpt>
    <trkpt lat="45.78223" lon="9.61994">
        <ele>0.0</ele>
    </trkpt>
    <trkpt lat="45.78224" lon="9.61995">
        <ele>0.0</ele>
    </trkpt>
    <trkpt lat="45.78228" lon="9.62003">
        <ele>0.0</ele>
    </trkpt>
    <trkpt lat="45.78233" lon="9.62016">
        <ele>0.0</ele>
    </trkpt>
    <trkpt lat="45.78243" lon="9.62062">
        <ele>0.0</ele>
    </trkpt>
    <trkpt lat="45.78249" lon="9.62084">
        <ele>0.0</ele>
    </trkpt>
    <trkpt lat="45.7825" lon="9.62093">
        <ele>0.0</ele>
    </trkpt>
    <trkpt lat="45.78255" lon="9.62113">
        <ele>0.0</ele>
    </trkpt>
    <trkpt lat="45.78257" lon="9.62117">
        <ele>0.0</ele>
    </trkpt>
    <trkpt lat="45.78262" lon="9.62141">
        <ele>0.0</ele>
    </trkpt>
    <trkpt lat="45.78269" lon="9.62165">
        <ele>0.0</ele>
    </trkpt>
    <trkpt lat="45.78279" lon="9.62182">
        <ele>0.0</ele>
    </trkpt>
    <trkpt lat="45.78284" lon="9.62189">
        <ele>0.0</ele>
    </trkpt>
    <trkpt lat="45.78289" lon="9.62198">
        <ele>0.0</ele>
    </trkpt>
    <trkpt lat="45.78292" lon="9.62205">
        <ele>0.0</ele>
    </trkpt>
    <trkpt lat="45.78292" lon="9.62208">
        <ele>0.0</ele>
    </trkpt>
    <trkpt lat="45.78299" lon="9.62232">
        <ele>0.0</ele>
    </trkpt>
    <trkpt lat="45.783" lon="9.62233">
        <ele>0.0</ele>
    </trkpt>
    <trkpt lat="45.78302" lon="9.62236">
        <ele>0.0</ele>
    </trkpt>
    <trkpt lat="45.78306" lon="9.6224">
        <ele>0.0</ele>
    </trkpt>
    <trkpt lat="45.78312" lon="9.62244">
        <ele>0.0</ele>
    </trkpt>
    <trkpt lat="45.78323" lon="9.62248">
        <ele>0.0</ele>
    </trkpt>
    <trkpt lat="45.78332" lon="9.62254">
        <ele>0.0</ele>
    </trkpt>
    <trkpt lat="45.7834" lon="9.62261">
        <ele>0.0</ele>
    </trkpt>
    <trkpt lat="45.78344" lon="9.62271">
        <ele>0.0</ele>
    </trkpt>
    <trkpt lat="45.78346" lon="9.62273">
        <ele>0.0</ele>
    </trkpt>
    <trkpt lat="45.78362" lon="9.62325">
        <ele>0.0</ele>
    </trkpt>
    <trkpt lat="45.78368" lon="9.62341">
        <ele>0.0</ele>
    </trkpt>
    <trkpt lat="45.78374" lon="9.62351">
        <ele>0.0</ele>
    </trkpt>
    <trkpt lat="45.7838" lon="9.62358">
        <ele>0.0</ele>
    </trkpt>
    <trkpt lat="45.78387" lon="9.62362">
        <ele>0.0</ele>
    </trkpt>
    <trkpt lat="45.78391" lon="9.62366">
        <ele>0.0</ele>
    </trkpt>
    <trkpt lat="45.78395" lon="9.62371">
        <ele>0.0</ele>
    </trkpt>
    <trkpt lat="45.78397" lon="9.62376">
        <ele>0.0</ele>
    </trkpt>
    <trkpt lat="45.78398" lon="9.62377">
        <ele>0.0</ele>
    </trkpt>
    <trkpt lat="45.78412" lon="9.62434">
        <ele>0.0</ele>
    </trkpt>
    <trkpt lat="45.78413" lon="9.6244">
        <ele>0.0</ele>
    </trkpt>
    <trkpt lat="45.78415" lon="9.62445">
        <ele>0.0</ele>
    </trkpt>
    <trkpt lat="45.78416" lon="9.62446">
        <ele>0.0</ele>
    </trkpt>
    <trkpt lat="45.78417" lon="9.6245">
        <ele>0.0</ele>
    </trkpt>
    <trkpt lat="45.78427" lon="9.62471">
        <ele>0.0</ele>
    </trkpt>
    <trkpt lat="45.7843" lon="9.62481">
        <ele>0.0</ele>
    </trkpt>
    <trkpt lat="45.78436" lon="9.62511">
        <ele>0.0</ele>
    </trkpt>
    <trkpt lat="45.78438" lon="9.62517">
        <ele>0.0</ele>
    </trkpt>
    <trkpt lat="45.7844" lon="9.62528">
        <ele>0.0</ele>
    </trkpt>
    <trkpt lat="45.78442" lon="9.62532">
        <ele>0.0</ele>
    </trkpt>
    <trkpt lat="45.78445" lon="9.6254">
        <ele>0.0</ele>
    </trkpt>
    <trkpt lat="45.78456" lon="9.62562">
        <ele>0.0</ele>
    </trkpt>
    <trkpt lat="45.78459" lon="9.62566">
        <ele>0.0</ele>
    </trkpt>
    <trkpt lat="45.78459" lon="9.62567">
        <ele>0.0</ele>
    </trkpt>
    <trkpt lat="45.78463" lon="9.62576">
        <ele>0.0</ele>
    </trkpt>
    <trkpt lat="45.78464" lon="9.62577">
        <ele>0.0</ele>
    </trkpt>
    <trkpt lat="45.78465" lon="9.62581">
        <ele>0.0</ele>
    </trkpt>
    <trkpt lat="45.78466" lon="9.6259">
        <ele>0.0</ele>
    </trkpt>
    <trkpt lat="45.78467" lon="9.62593">
        <ele>0.0</ele>
    </trkpt>
    <trkpt lat="45.78467" lon="9.62599">
        <ele>0.0</ele>
    </trkpt>
    <trkpt lat="45.78468" lon="9.62606">
        <ele>0.0</ele>
    </trkpt>
    <trkpt lat="45.78468" lon="9.62614">
        <ele>0.0</ele>
    </trkpt>
    <trkpt lat="45.78469" lon="9.62616">
        <ele>0.0</ele>
    </trkpt>
    <trkpt lat="45.78469" lon="9.62618">
        <ele>0.0</ele>
    </trkpt>
    <trkpt lat="45.78473" lon="9.62629">
        <ele>0.0</ele>
    </trkpt>
    <trkpt lat="45.78475" lon="9.62632">
        <ele>0.0</ele>
    </trkpt>
    <trkpt lat="45.78482" lon="9.62639">
        <ele>0.0</ele>
    </trkpt>
    <trkpt lat="45.78486" lon="9.62642">
        <ele>0.0</ele>
    </trkpt>
    <trkpt lat="45.78491" lon="9.62645">
        <ele>0.0</ele>
    </trkpt>
    <trkpt lat="45.785" lon="9.62648">
        <ele>0.0</ele>
    </trkpt>
    <trkpt lat="45.78503" lon="9.6265">
        <ele>0.0</ele>
    </trkpt>
    <trkpt lat="45.78507" lon="9.62651">
        <ele>0.0</ele>
    </trkpt>
    <trkpt lat="45.78509" lon="9.62652">
        <ele>0.0</ele>
    </trkpt>
    <trkpt lat="45.78519" lon="9.62662">
        <ele>0.0</ele>
    </trkpt>
    <trkpt lat="45.78522" lon="9.62666">
        <ele>0.0</ele>
    </trkpt>
    <trkpt lat="45.78523" lon="9.62668">
        <ele>0.0</ele>
    </trkpt>
    <trkpt lat="45.7853" lon="9.62677">
        <ele>0.0</ele>
    </trkpt>
    <trkpt lat="45.78536" lon="9.62687">
        <ele>0.0</ele>
    </trkpt>
    <trkpt lat="45.78537" lon="9.62688">
        <ele>0.0</ele>
    </trkpt>
    <trkpt lat="45.78554" lon="9.62719">
        <ele>0.0</ele>
    </trkpt>
    <trkpt lat="45.7857" lon="9.62752">
        <ele>0.0</ele>
    </trkpt>
    <trkpt lat="45.78575" lon="9.62765">
        <ele>0.0</ele>
    </trkpt>
    <trkpt lat="45.78576" lon="9.62771">
        <ele>0.0</ele>
    </trkpt>
    <trkpt lat="45.78577" lon="9.62773">
        <ele>0.0</ele>
    </trkpt>
    <trkpt lat="45.78577" lon="9.62782">
        <ele>0.0</ele>
    </trkpt>
    <trkpt lat="45.78574" lon="9.62807">
        <ele>0.0</ele>
    </trkpt>
    <trkpt lat="45.78571" lon="9.62821">
        <ele>0.0</ele>
    </trkpt>
    <trkpt lat="45.78563" lon="9.62842">
        <ele>0.0</ele>
    </trkpt>
    <trkpt lat="45.78554" lon="9.62856">
        <ele>0.0</ele>
    </trkpt>
    <trkpt lat="45.78544" lon="9.62877">
        <ele>0.0</ele>
    </trkpt>
    <trkpt lat="45.78539" lon="9.6289">
        <ele>0.0</ele>
    </trkpt>
    <trkpt lat="45.78539" lon="9.62892">
        <ele>0.0</ele>
    </trkpt>
    <trkpt lat="45.78537" lon="9.62897">
        <ele>0.0</ele>
    </trkpt>
    <trkpt lat="45.78535" lon="9.629">
        <ele>0.0</ele>
    </trkpt>
    <trkpt lat="45.78535" lon="9.62901">
        <ele>0.0</ele>
    </trkpt>
    <trkpt lat="45.78531" lon="9.62912">
        <ele>0.0</ele>
    </trkpt>
    <trkpt lat="45.78556" lon="9.62935">
        <ele>0.0</ele>
    </trkpt>
    <trkpt lat="45.78586" lon="9.62959">
        <ele>0.0</ele>
    </trkpt>
    <trkpt lat="45.78659" lon="9.63034">
        <ele>0.0</ele>
    </trkpt>
    <trkpt lat="45.78673" lon="9.6305">
        <ele>0.0</ele>
    </trkpt>
    <trkpt lat="45.78688" lon="9.63065">
        <ele>0.0</ele>
    </trkpt>
    <trkpt lat="45.78706" lon="9.63085">
        <ele>0.0</ele>
    </trkpt>
    <trkpt lat="45.78712" lon="9.63098">
        <ele>0.0</ele>
    </trkpt>
    <trkpt lat="45.78722" lon="9.63133">
        <ele>0.0</ele>
    </trkpt>
    <trkpt lat="45.78727" lon="9.63159">
        <ele>0.0</ele>
    </trkpt>
    <trkpt lat="45.78727" lon="9.63161">
        <ele>0.0</ele>
    </trkpt>
    <trkpt lat="45.78728" lon="9.63164">
        <ele>0.0</ele>
    </trkpt>
    <trkpt lat="45.78728" lon="9.6317">
        <ele>0.0</ele>
    </trkpt>
    <trkpt lat="45.78729" lon="9.63177">
        <ele>0.0</ele>
    </trkpt>
    <trkpt lat="45.78729" lon="9.632">
        <ele>0.0</ele>
    </trkpt>
    <trkpt lat="45.7873" lon="9.6321">
        <ele>0.0</ele>
    </trkpt>
    <trkpt lat="45.7873" lon="9.63223">
        <ele>0.0</ele>
    </trkpt>
    <trkpt lat="45.78731" lon="9.63227">
        <ele>0.0</ele>
    </trkpt>
    <trkpt lat="45.78733" lon="9.63242">
        <ele>0.0</ele>
    </trkpt>
    <trkpt lat="45.78736" lon="9.63252">
        <ele>0.0</ele>
    </trkpt>
    <trkpt lat="45.78752" lon="9.63325">
        <ele>0.0</ele>
    </trkpt>
    <trkpt lat="45.78752" lon="9.63327">
        <ele>0.0</ele>
    </trkpt>
    <trkpt lat="45.78761" lon="9.63381">
        <ele>0.0</ele>
    </trkpt>
    <trkpt lat="45.78763" lon="9.63387">
        <ele>0.0</ele>
    </trkpt>
    <trkpt lat="45.78771" lon="9.63424">
        <ele>0.0</ele>
    </trkpt>
    <trkpt lat="45.78782" lon="9.63451">
        <ele>0.0</ele>
    </trkpt>
    <trkpt lat="45.78782" lon="9.63452">
        <ele>0.0</ele>
    </trkpt>
    <trkpt lat="45.78795" lon="9.63479">
        <ele>0.0</ele>
    </trkpt>
    <trkpt lat="45.78804" lon="9.63492">
        <ele>0.0</ele>
    </trkpt>
    <trkpt lat="45.78824" lon="9.63585">
        <ele>0.0</ele>
    </trkpt>
    <trkpt lat="45.78842" lon="9.63644">
        <ele>0.0</ele>
    </trkpt>
    <trkpt lat="45.78851" lon="9.63662">
        <ele>0.0</ele>
    </trkpt>
    <trkpt lat="45.78853" lon="9.63665">
        <ele>0.0</ele>
    </trkpt>
    <trkpt lat="45.78879" lon="9.63718">
        <ele>0.0</ele>
    </trkpt>
    <trkpt lat="45.78903" lon="9.63761">
        <ele>0.0</ele>
    </trkpt>
    <trkpt lat="45.78926" lon="9.6381">
        <ele>0.0</ele>
    </trkpt>
    <trkpt lat="45.7893" lon="9.63826">
        <ele>0.0</ele>
    </trkpt>
    <trkpt lat="45.78928" lon="9.63852">
        <ele>0.0</ele>
    </trkpt>
    <trkpt lat="45.78928" lon="9.6386">
        <ele>0.0</ele>
    </trkpt>
    <trkpt lat="45.78927" lon="9.63861">
        <ele>0.0</ele>
    </trkpt>
    <trkpt lat="45.78926" lon="9.63863">
        <ele>0.0</ele>
    </trkpt>
    <trkpt lat="45.78926" lon="9.63864">
        <ele>0.0</ele>
    </trkpt>
    <trkpt lat="45.78924" lon="9.63868">
        <ele>0.0</ele>
    </trkpt>
    <trkpt lat="45.78924" lon="9.6387">
        <ele>0.0</ele>
    </trkpt>
    <trkpt lat="45.78923" lon="9.63871">
        <ele>0.0</ele>
    </trkpt>
    <trkpt lat="45.78923" lon="9.63873">
        <ele>0.0</ele>
    </trkpt>
    <trkpt lat="45.78922" lon="9.63875">
        <ele>0.0</ele>
    </trkpt>
    <trkpt lat="45.78922" lon="9.63883">
        <ele>0.0</ele>
    </trkpt>
    <trkpt lat="45.78923" lon="9.63885">
        <ele>0.0</ele>
    </trkpt>
    <trkpt lat="45.78923" lon="9.63889">
        <ele>0.0</ele>
    </trkpt>
    <trkpt lat="45.78924" lon="9.63891">
        <ele>0.0</ele>
    </trkpt>
    <trkpt lat="45.78925" lon="9.63892">
        <ele>0.0</ele>
    </trkpt>
    <trkpt lat="45.78925" lon="9.63894">
        <ele>0.0</ele>
    </trkpt>
    <trkpt lat="45.78926" lon="9.63896">
        <ele>0.0</ele>
    </trkpt>
    <trkpt lat="45.78928" lon="9.63898">
        <ele>0.0</ele>
    </trkpt>
    <trkpt lat="45.78928" lon="9.63899">
        <ele>0.0</ele>
    </trkpt>
    <trkpt lat="45.7893" lon="9.63901">
        <ele>0.0</ele>
    </trkpt>
    <trkpt lat="45.78932" lon="9.63902">
        <ele>0.0</ele>
    </trkpt>
    <trkpt lat="45.78933" lon="9.63903">
        <ele>0.0</ele>
    </trkpt>
    <trkpt lat="45.78935" lon="9.63904">
        <ele>0.0</ele>
    </trkpt>
    <trkpt lat="45.78937" lon="9.63904">
        <ele>0.0</ele>
    </trkpt>
    <trkpt lat="45.78938" lon="9.63905">
        <ele>0.0</ele>
    </trkpt>
    <trkpt lat="45.78941" lon="9.63905">
        <ele>0.0</ele>
    </trkpt>
    <trkpt lat="45.78942" lon="9.63904">
        <ele>0.0</ele>
    </trkpt>
    <trkpt lat="45.78945" lon="9.63904">
        <ele>0.0</ele>
    </trkpt>
    <trkpt lat="45.78946" lon="9.63903">
        <ele>0.0</ele>
    </trkpt>
    <trkpt lat="45.78948" lon="9.63902">
        <ele>0.0</ele>
    </trkpt>
    <trkpt lat="45.78952" lon="9.63898">
        <ele>0.0</ele>
    </trkpt>
    <trkpt lat="45.78952" lon="9.63897">
        <ele>0.0</ele>
    </trkpt>
    <trkpt lat="45.7897" lon="9.63902">
        <ele>0.0</ele>
    </trkpt>
    <trkpt lat="45.7898" lon="9.63904">
        <ele>0.0</ele>
    </trkpt>
    <trkpt lat="45.78987" lon="9.63904">
        <ele>0.0</ele>
    </trkpt>
    <trkpt lat="45.79027" lon="9.63928">
        <ele>0.0</ele>
    </trkpt>
    <trkpt lat="45.7917" lon="9.63981">
        <ele>0.0</ele>
    </trkpt>
    <trkpt lat="45.79171" lon="9.63982">
        <ele>0.0</ele>
    </trkpt>
    <trkpt lat="45.79222" lon="9.64003">
        <ele>0.0</ele>
    </trkpt>
    <trkpt lat="45.79246" lon="9.64023">
        <ele>0.0</ele>
    </trkpt>
    <trkpt lat="45.79253" lon="9.64028">
        <ele>0.0</ele>
    </trkpt>
    <trkpt lat="45.79283" lon="9.64056">
        <ele>0.0</ele>
    </trkpt>
    <trkpt lat="45.79284" lon="9.64058">
        <ele>0.0</ele>
    </trkpt>
    <trkpt lat="45.79297" lon="9.64072">
        <ele>0.0</ele>
    </trkpt>
    <trkpt lat="45.79316" lon="9.64095">
        <ele>0.0</ele>
    </trkpt>
    <trkpt lat="45.79336" lon="9.64126">
        <ele>0.0</ele>
    </trkpt>
    <trkpt lat="45.79347" lon="9.64146">
        <ele>0.0</ele>
    </trkpt>
    <trkpt lat="45.79357" lon="9.64161">
        <ele>0.0</ele>
    </trkpt>
    <trkpt lat="45.79388" lon="9.64231">
        <ele>0.0</ele>
    </trkpt>
    <trkpt lat="45.7941" lon="9.64309">
        <ele>0.0</ele>
    </trkpt>
    <trkpt lat="45.7942" lon="9.64381">
        <ele>0.0</ele>
    </trkpt>
    <trkpt lat="45.79422" lon="9.64403">
        <ele>0.0</ele>
    </trkpt>
    <trkpt lat="45.79424" lon="9.64447">
        <ele>0.0</ele>
    </trkpt>
    <trkpt lat="45.79423" lon="9.645">
        <ele>0.0</ele>
    </trkpt>
    <trkpt lat="45.79412" lon="9.64663">
        <ele>0.0</ele>
    </trkpt>
    <trkpt lat="45.79411" lon="9.64668">
        <ele>0.0</ele>
    </trkpt>
    <trkpt lat="45.79413" lon="9.6479">
        <ele>0.0</ele>
    </trkpt>
    <trkpt lat="45.79416" lon="9.64839">
        <ele>0.0</ele>
    </trkpt>
    <trkpt lat="45.79417" lon="9.64841">
        <ele>0.0</ele>
    </trkpt>
    <trkpt lat="45.79417" lon="9.6485">
        <ele>0.0</ele>
    </trkpt>
    <trkpt lat="45.79419" lon="9.64875">
        <ele>0.0</ele>
    </trkpt>
    <trkpt lat="45.79443" lon="9.6502">
        <ele>0.0</ele>
    </trkpt>
    <trkpt lat="45.79467" lon="9.65091">
        <ele>0.0</ele>
    </trkpt>
    <trkpt lat="45.79469" lon="9.65095">
        <ele>0.0</ele>
    </trkpt>
    <trkpt lat="45.79489" lon="9.65156">
        <ele>0.0</ele>
    </trkpt>
    <trkpt lat="45.79493" lon="9.65164">
        <ele>0.0</ele>
    </trkpt>
    <trkpt lat="45.79596" lon="9.65314">
        <ele>0.0</ele>
    </trkpt>
    <trkpt lat="45.79606" lon="9.6533">
        <ele>0.0</ele>
    </trkpt>
    <trkpt lat="45.7973" lon="9.6551">
        <ele>0.0</ele>
    </trkpt>
    <trkpt lat="45.79733" lon="9.65513">
        <ele>0.0</ele>
    </trkpt>
    <trkpt lat="45.79745" lon="9.65532">
        <ele>0.0</ele>
    </trkpt>
    <trkpt lat="45.79757" lon="9.65548">
        <ele>0.0</ele>
    </trkpt>
    <trkpt lat="45.79846" lon="9.65679">
        <ele>0.0</ele>
    </trkpt>
    <trkpt lat="45.7986" lon="9.65697">
        <ele>0.0</ele>
    </trkpt>
    <trkpt lat="45.80011" lon="9.65917">
        <ele>0.0</ele>
    </trkpt>
    <trkpt lat="45.80015" lon="9.65921">
        <ele>0.0</ele>
    </trkpt>
    <trkpt lat="45.80111" lon="9.6606">
        <ele>0.0</ele>
    </trkpt>
    <trkpt lat="45.8016" lon="9.6614">
        <ele>0.0</ele>
    </trkpt>
    <trkpt lat="45.8016" lon="9.66141">
        <ele>0.0</ele>
    </trkpt>
    <trkpt lat="45.80179" lon="9.66175">
        <ele>0.0</ele>
    </trkpt>
    <trkpt lat="45.80192" lon="9.66203">
        <ele>0.0</ele>
    </trkpt>
    <trkpt lat="45.80203" lon="9.66224">
        <ele>0.0</ele>
    </trkpt>
    <trkpt lat="45.80203" lon="9.66225">
        <ele>0.0</ele>
    </trkpt>
    <trkpt lat="45.80215" lon="9.66248">
        <ele>0.0</ele>
    </trkpt>
    <trkpt lat="45.8024" lon="9.6631">
        <ele>0.0</ele>
    </trkpt>
    <trkpt lat="45.80241" lon="9.66311">
        <ele>0.0</ele>
    </trkpt>
    <trkpt lat="45.80249" lon="9.66333">
        <ele>0.0</ele>
    </trkpt>
    <trkpt lat="45.8025" lon="9.66334">
        <ele>0.0</ele>
    </trkpt>
    <trkpt lat="45.80263" lon="9.66368">
        <ele>0.0</ele>
    </trkpt>
    <trkpt lat="45.80268" lon="9.66378">
        <ele>0.0</ele>
    </trkpt>
    <trkpt lat="45.80276" lon="9.664">
        <ele>0.0</ele>
    </trkpt>
    <trkpt lat="45.8032" lon="9.66507">
        <ele>0.0</ele>
    </trkpt>
    <trkpt lat="45.80332" lon="9.66533">
        <ele>0.0</ele>
    </trkpt>
    <trkpt lat="45.80339" lon="9.66552">
        <ele>0.0</ele>
    </trkpt>
    <trkpt lat="45.8035" lon="9.66575">
        <ele>0.0</ele>
    </trkpt>
    <trkpt lat="45.80379" lon="9.66643">
        <ele>0.0</ele>
    </trkpt>
    <trkpt lat="45.80379" lon="9.66644">
        <ele>0.0</ele>
    </trkpt>
    <trkpt lat="45.80407" lon="9.66708">
        <ele>0.0</ele>
    </trkpt>
    <trkpt lat="45.80407" lon="9.66709">
        <ele>0.0</ele>
    </trkpt>
    <trkpt lat="45.80424" lon="9.66749">
        <ele>0.0</ele>
    </trkpt>
    <trkpt lat="45.80425" lon="9.66754">
        <ele>0.0</ele>
    </trkpt>
    <trkpt lat="45.80426" lon="9.66754">
        <ele>0.0</ele>
    </trkpt>
    <trkpt lat="45.80441" lon="9.66788">
        <ele>0.0</ele>
    </trkpt>
    <trkpt lat="45.80444" lon="9.66797">
        <ele>0.0</ele>
    </trkpt>
    <trkpt lat="45.80445" lon="9.66798">
        <ele>0.0</ele>
    </trkpt>
    <trkpt lat="45.80463" lon="9.66842">
        <ele>0.0</ele>
    </trkpt>
    <trkpt lat="45.80473" lon="9.66863">
        <ele>0.0</ele>
    </trkpt>
    <trkpt lat="45.80473" lon="9.66864">
        <ele>0.0</ele>
    </trkpt>
    <trkpt lat="45.80501" lon="9.66929">
        <ele>0.0</ele>
    </trkpt>
    <trkpt lat="45.80501" lon="9.6693">
        <ele>0.0</ele>
    </trkpt>
    <trkpt lat="45.80542" lon="9.67028">
        <ele>0.0</ele>
    </trkpt>
    <trkpt lat="45.80548" lon="9.6704">
        <ele>0.0</ele>
    </trkpt>
    <trkpt lat="45.80584" lon="9.67125">
        <ele>0.0</ele>
    </trkpt>
    <trkpt lat="45.80616" lon="9.67211">
        <ele>0.0</ele>
    </trkpt>
    <trkpt lat="45.80632" lon="9.67262">
        <ele>0.0</ele>
    </trkpt>
    <trkpt lat="45.80633" lon="9.67264">
        <ele>0.0</ele>
    </trkpt>
    <trkpt lat="45.80643" lon="9.673">
        <ele>0.0</ele>
    </trkpt>
    <trkpt lat="45.8066" lon="9.67373">
        <ele>0.0</ele>
    </trkpt>
    <trkpt lat="45.80674" lon="9.67454">
        <ele>0.0</ele>
    </trkpt>
    <trkpt lat="45.80677" lon="9.6748">
        <ele>0.0</ele>
    </trkpt>
    <trkpt lat="45.80679" lon="9.67486">
        <ele>0.0</ele>
    </trkpt>
    <trkpt lat="45.80684" lon="9.6751">
        <ele>0.0</ele>
    </trkpt>
    <trkpt lat="45.807" lon="9.67561">
        <ele>0.0</ele>
    </trkpt>
    <trkpt lat="45.80712" lon="9.67586">
        <ele>0.0</ele>
    </trkpt>
    <trkpt lat="45.80732" lon="9.67619">
        <ele>0.0</ele>
    </trkpt>
    <trkpt lat="45.80742" lon="9.67632">
        <ele>0.0</ele>
    </trkpt>
    <trkpt lat="45.80742" lon="9.67633">
        <ele>0.0</ele>
    </trkpt>
    <trkpt lat="45.80751" lon="9.67643">
        <ele>0.0</ele>
    </trkpt>
    <trkpt lat="45.80779" lon="9.67666">
        <ele>0.0</ele>
    </trkpt>
    <trkpt lat="45.80798" lon="9.6768">
        <ele>0.0</ele>
    </trkpt>
    <trkpt lat="45.80815" lon="9.67689">
        <ele>0.0</ele>
    </trkpt>
    <trkpt lat="45.80832" lon="9.67691">
        <ele>0.0</ele>
    </trkpt>
    <trkpt lat="45.80844" lon="9.67691">
        <ele>0.0</ele>
    </trkpt>
    <trkpt lat="45.80854" lon="9.6769">
        <ele>0.0</ele>
    </trkpt>
    <trkpt lat="45.8088" lon="9.67685">
        <ele>0.0</ele>
    </trkpt>
    <trkpt lat="45.80897" lon="9.67678">
        <ele>0.0</ele>
    </trkpt>
    <trkpt lat="45.80909" lon="9.67672">
        <ele>0.0</ele>
    </trkpt>
    <trkpt lat="45.80928" lon="9.6766">
        <ele>0.0</ele>
    </trkpt>
    <trkpt lat="45.80944" lon="9.67645">
        <ele>0.0</ele>
    </trkpt>
    <trkpt lat="45.80967" lon="9.67618">
        <ele>0.0</ele>
    </trkpt>
    <trkpt lat="45.81047" lon="9.67534">
        <ele>0.0</ele>
    </trkpt>
    <trkpt lat="45.81064" lon="9.67519">
        <ele>0.0</ele>
    </trkpt>
    <trkpt lat="45.81092" lon="9.67497">
        <ele>0.0</ele>
    </trkpt>
    <trkpt lat="45.81104" lon="9.67489">
        <ele>0.0</ele>
    </trkpt>
    <trkpt lat="45.81108" lon="9.67487">
        <ele>0.0</ele>
    </trkpt>
    <trkpt lat="45.81109" lon="9.67487">
        <ele>0.0</ele>
    </trkpt>
    <trkpt lat="45.81207" lon="9.67442">
        <ele>0.0</ele>
    </trkpt>
    <trkpt lat="45.81223" lon="9.67451">
        <ele>0.0</ele>
    </trkpt>
    <trkpt lat="45.81224" lon="9.67452">
        <ele>0.0</ele>
    </trkpt>
    <trkpt lat="45.81224" lon="9.67454">
        <ele>0.0</ele>
    </trkpt>
    <trkpt lat="45.81225" lon="9.67457">
        <ele>0.0</ele>
    </trkpt>
    <trkpt lat="45.81229" lon="9.67465">
        <ele>0.0</ele>
    </trkpt>
    <trkpt lat="45.81232" lon="9.67468">
        <ele>0.0</ele>
    </trkpt>
    <trkpt lat="45.81233" lon="9.67468">
        <ele>0.0</ele>
    </trkpt>
    <trkpt lat="45.81233" lon="9.67469">
        <ele>0.0</ele>
    </trkpt>
    <trkpt lat="45.81234" lon="9.6747">
        <ele>0.0</ele>
    </trkpt>
    <trkpt lat="45.81236" lon="9.67471">
        <ele>0.0</ele>
    </trkpt>
    <trkpt lat="45.81238" lon="9.67471">
        <ele>0.0</ele>
    </trkpt>
    <trkpt lat="45.81239" lon="9.67472">
        <ele>0.0</ele>
    </trkpt>
    <trkpt lat="45.81246" lon="9.67472">
        <ele>0.0</ele>
    </trkpt>
    <trkpt lat="45.81246" lon="9.67471">
        <ele>0.0</ele>
    </trkpt>
    <trkpt lat="45.81247" lon="9.67471">
        <ele>0.0</ele>
    </trkpt>
    <trkpt lat="45.81249" lon="9.6747">
        <ele>0.0</ele>
    </trkpt>
    <trkpt lat="45.8125" lon="9.67469">
        <ele>0.0</ele>
    </trkpt>
    <trkpt lat="45.81252" lon="9.67468">
        <ele>0.0</ele>
    </trkpt>
    <trkpt lat="45.81256" lon="9.67464">
        <ele>0.0</ele>
    </trkpt>
    <trkpt lat="45.81259" lon="9.67458">
        <ele>0.0</ele>
    </trkpt>
    <trkpt lat="45.81259" lon="9.67456">
        <ele>0.0</ele>
    </trkpt>
    <trkpt lat="45.8126" lon="9.67454">
        <ele>0.0</ele>
    </trkpt>
    <trkpt lat="45.8126" lon="9.67452">
        <ele>0.0</ele>
    </trkpt>
    <trkpt lat="45.81268" lon="9.67444">
        <ele>0.0</ele>
    </trkpt>
    <trkpt lat="45.81271" lon="9.6744">
        <ele>0.0</ele>
    </trkpt>
    <trkpt lat="45.81274" lon="9.67437">
        <ele>0.0</ele>
    </trkpt>
    <trkpt lat="45.81278" lon="9.67431">
        <ele>0.0</ele>
    </trkpt>
    <trkpt lat="45.81279" lon="9.67431">
        <ele>0.0</ele>
    </trkpt>
    <trkpt lat="45.81281" lon="9.67429">
        <ele>0.0</ele>
    </trkpt>
    <trkpt lat="45.81297" lon="9.6742">
        <ele>0.0</ele>
    </trkpt>
    <trkpt lat="45.81332" lon="9.67404">
        <ele>0.0</ele>
    </trkpt>
    <trkpt lat="45.81346" lon="9.67399">
        <ele>0.0</ele>
    </trkpt>
    <trkpt lat="45.81367" lon="9.67394">
        <ele>0.0</ele>
    </trkpt>
    <trkpt lat="45.8138" lon="9.67392">
        <ele>0.0</ele>
    </trkpt>
    <trkpt lat="45.81398" lon="9.67388">
        <ele>0.0</ele>
    </trkpt>
    <trkpt lat="45.81414" lon="9.6738">
        <ele>0.0</ele>
    </trkpt>
    <trkpt lat="45.8142" lon="9.67378">
        <ele>0.0</ele>
    </trkpt>
    <trkpt lat="45.81424" lon="9.67376">
        <ele>0.0</ele>
    </trkpt>
    <trkpt lat="45.8145" lon="9.67359">
        <ele>0.0</ele>
    </trkpt>
    <trkpt lat="45.81531" lon="9.67294">
        <ele>0.0</ele>
    </trkpt>
    <trkpt lat="45.81537" lon="9.6729">
        <ele>0.0</ele>
    </trkpt>
    <trkpt lat="45.81538" lon="9.67289">
        <ele>0.0</ele>
    </trkpt>
    <trkpt lat="45.81548" lon="9.67282">
        <ele>0.0</ele>
    </trkpt>
    <trkpt lat="45.81559" lon="9.67278">
        <ele>0.0</ele>
    </trkpt>
    <trkpt lat="45.81563" lon="9.67276">
        <ele>0.0</ele>
    </trkpt>
    <trkpt lat="45.81566" lon="9.67274">
        <ele>0.0</ele>
    </trkpt>
    <trkpt lat="45.81575" lon="9.67273">
        <ele>0.0</ele>
    </trkpt>
    <trkpt lat="45.816" lon="9.67273">
        <ele>0.0</ele>
    </trkpt>
    <trkpt lat="45.8162" lon="9.67276">
        <ele>0.0</ele>
    </trkpt>
    <trkpt lat="45.81634" lon="9.67279">
        <ele>0.0</ele>
    </trkpt>
    <trkpt lat="45.81636" lon="9.67279">
        <ele>0.0</ele>
    </trkpt>
    <trkpt lat="45.81671" lon="9.67288">
        <ele>0.0</ele>
    </trkpt>
    <trkpt lat="45.81705" lon="9.67295">
        <ele>0.0</ele>
    </trkpt>
    <trkpt lat="45.81714" lon="9.67294">
        <ele>0.0</ele>
    </trkpt>
    <trkpt lat="45.81744" lon="9.67294">
        <ele>0.0</ele>
    </trkpt>
    <trkpt lat="45.81759" lon="9.67292">
        <ele>0.0</ele>
    </trkpt>
    <trkpt lat="45.81763" lon="9.67292">
        <ele>0.0</ele>
    </trkpt>
    <trkpt lat="45.81788" lon="9.67289">
        <ele>0.0</ele>
    </trkpt>
    <trkpt lat="45.81798" lon="9.67289">
        <ele>0.0</ele>
    </trkpt>
    <trkpt lat="45.81801" lon="9.6729">
        <ele>0.0</ele>
    </trkpt>
    <trkpt lat="45.81807" lon="9.67291">
        <ele>0.0</ele>
    </trkpt>
    <trkpt lat="45.81814" lon="9.67293">
        <ele>0.0</ele>
    </trkpt>
    <trkpt lat="45.81847" lon="9.67309">
        <ele>0.0</ele>
    </trkpt>
    <trkpt lat="45.81905" lon="9.6734">
        <ele>0.0</ele>
    </trkpt>
    <trkpt lat="45.81916" lon="9.67345">
        <ele>0.0</ele>
    </trkpt>
    <trkpt lat="45.81929" lon="9.67349">
        <ele>0.0</ele>
    </trkpt>
    <trkpt lat="45.81975" lon="9.67352">
        <ele>0.0</ele>
    </trkpt>
    <trkpt lat="45.81983" lon="9.67352">
        <ele>0.0</ele>
    </trkpt>
    <trkpt lat="45.81985" lon="9.67353">
        <ele>0.0</ele>
    </trkpt>
    <trkpt lat="45.82145" lon="9.67361">
        <ele>0.0</ele>
    </trkpt>
    <trkpt lat="45.82151" lon="9.67362">
        <ele>0.0</ele>
    </trkpt>
    <trkpt lat="45.82311" lon="9.6737">
        <ele>0.0</ele>
    </trkpt>
    <trkpt lat="45.82327" lon="9.67372">
        <ele>0.0</ele>
    </trkpt>
    <trkpt lat="45.82334" lon="9.67372">
        <ele>0.0</ele>
    </trkpt>
    <trkpt lat="45.82347" lon="9.67369">
        <ele>0.0</ele>
    </trkpt>
    <trkpt lat="45.82346" lon="9.67371">
        <ele>0.0</ele>
    </trkpt>
    <trkpt lat="45.82346" lon="9.67372">
        <ele>0.0</ele>
    </trkpt>
    <trkpt lat="45.82345" lon="9.67374">
        <ele>0.0</ele>
    </trkpt>
    <trkpt lat="45.82345" lon="9.67389">
        <ele>0.0</ele>
    </trkpt>
    <trkpt lat="45.82346" lon="9.6739">
        <ele>0.0</ele>
    </trkpt>
    <trkpt lat="45.82346" lon="9.67391">
        <ele>0.0</ele>
    </trkpt>
    <trkpt lat="45.82347" lon="9.67393">
        <ele>0.0</ele>
    </trkpt>
    <trkpt lat="45.82347" lon="9.67394">
        <ele>0.0</ele>
    </trkpt>
    <trkpt lat="45.82348" lon="9.67395">
        <ele>0.0</ele>
    </trkpt>
    <trkpt lat="45.82348" lon="9.67396">
        <ele>0.0</ele>
    </trkpt>
    <trkpt lat="45.82349" lon="9.67397">
        <ele>0.0</ele>
    </trkpt>
    <trkpt lat="45.8235" lon="9.67399">
        <ele>0.0</ele>
    </trkpt>
    <trkpt lat="45.82353" lon="9.67402">
        <ele>0.0</ele>
    </trkpt>
    <trkpt lat="45.82353" lon="9.67403">
        <ele>0.0</ele>
    </trkpt>
    <trkpt lat="45.82354" lon="9.67403">
        <ele>0.0</ele>
    </trkpt>
    <trkpt lat="45.82355" lon="9.67404">
        <ele>0.0</ele>
    </trkpt>
    <trkpt lat="45.82356" lon="9.67404">
        <ele>0.0</ele>
    </trkpt>
    <trkpt lat="45.82357" lon="9.67405">
        <ele>0.0</ele>
    </trkpt>
    <trkpt lat="45.82363" lon="9.67405">
        <ele>0.0</ele>
    </trkpt>
    <trkpt lat="45.82364" lon="9.67404">
        <ele>0.0</ele>
    </trkpt>
    <trkpt lat="45.82365" lon="9.67404">
        <ele>0.0</ele>
    </trkpt>
    <trkpt lat="45.82366" lon="9.67403">
        <ele>0.0</ele>
    </trkpt>
    <trkpt lat="45.82367" lon="9.67403">
        <ele>0.0</ele>
    </trkpt>
    <trkpt lat="45.82367" lon="9.67402">
        <ele>0.0</ele>
    </trkpt>
    <trkpt lat="45.82368" lon="9.67401">
        <ele>0.0</ele>
    </trkpt>
    <trkpt lat="45.82369" lon="9.67401">
        <ele>0.0</ele>
    </trkpt>
    <trkpt lat="45.8237" lon="9.674">
        <ele>0.0</ele>
    </trkpt>
    <trkpt lat="45.8237" lon="9.67399">
        <ele>0.0</ele>
    </trkpt>
    <trkpt lat="45.82371" lon="9.67398">
        <ele>0.0</ele>
    </trkpt>
    <trkpt lat="45.82371" lon="9.67397">
        <ele>0.0</ele>
    </trkpt>
    <trkpt lat="45.82372" lon="9.67396">
        <ele>0.0</ele>
    </trkpt>
    <trkpt lat="45.82372" lon="9.67394">
        <ele>0.0</ele>
    </trkpt>
    <trkpt lat="45.82373" lon="9.67393">
        <ele>0.0</ele>
    </trkpt>
    <trkpt lat="45.82373" lon="9.67379">
        <ele>0.0</ele>
    </trkpt>
    <trkpt lat="45.82372" lon="9.67377">
        <ele>0.0</ele>
    </trkpt>
    <trkpt lat="45.82372" lon="9.67374">
        <ele>0.0</ele>
    </trkpt>
    <trkpt lat="45.82371" lon="9.67372">
        <ele>0.0</ele>
    </trkpt>
    <trkpt lat="45.82371" lon="9.67371">
        <ele>0.0</ele>
    </trkpt>
    <trkpt lat="45.8237" lon="9.67369">
        <ele>0.0</ele>
    </trkpt>
    <trkpt lat="45.8237" lon="9.67368">
        <ele>0.0</ele>
    </trkpt>
    <trkpt lat="45.82369" lon="9.67366">
        <ele>0.0</ele>
    </trkpt>
    <trkpt lat="45.82368" lon="9.67365">
        <ele>0.0</ele>
    </trkpt>
    <trkpt lat="45.82368" lon="9.67364">
        <ele>0.0</ele>
    </trkpt>
    <trkpt lat="45.82365" lon="9.67361">
        <ele>0.0</ele>
    </trkpt>
    <trkpt lat="45.82366" lon="9.67358">
        <ele>0.0</ele>
    </trkpt>
    <trkpt lat="45.82368" lon="9.67354">
        <ele>0.0</ele>
    </trkpt>
    <trkpt lat="45.82375" lon="9.67345">
        <ele>0.0</ele>
    </trkpt>
    <trkpt lat="45.8238" lon="9.6734">
        <ele>0.0</ele>
    </trkpt>
    <trkpt lat="45.82428" lon="9.67304">
        <ele>0.0</ele>
    </trkpt>
    <trkpt lat="45.82436" lon="9.67299">
        <ele>0.0</ele>
    </trkpt>
    <trkpt lat="45.82514" lon="9.67232">
        <ele>0.0</ele>
    </trkpt>
    <trkpt lat="45.82525" lon="9.67221">
        <ele>0.0</ele>
    </trkpt>
    <trkpt lat="45.82526" lon="9.67221">
        <ele>0.0</ele>
    </trkpt>
    <trkpt lat="45.82592" lon="9.67122">
        <ele>0.0</ele>
    </trkpt>
    <trkpt lat="45.82592" lon="9.67121">
        <ele>0.0</ele>
    </trkpt>
    <trkpt lat="45.826" lon="9.67111">
        <ele>0.0</ele>
    </trkpt>
    <trkpt lat="45.82707" lon="9.66961">
        <ele>0.0</ele>
    </trkpt>
    <trkpt lat="45.82733" lon="9.66916">
        <ele>0.0</ele>
    </trkpt>
    <trkpt lat="45.82778" lon="9.6682">
        <ele>0.0</ele>
    </trkpt>
    <trkpt lat="45.82779" lon="9.66819">
        <ele>0.0</ele>
    </trkpt>
    <trkpt lat="45.82794" lon="9.6679">
        <ele>0.0</ele>
    </trkpt>
    <trkpt lat="45.82808" lon="9.66767">
        <ele>0.0</ele>
    </trkpt>
    <trkpt lat="45.82823" lon="9.66748">
        <ele>0.0</ele>
    </trkpt>
    <trkpt lat="45.82834" lon="9.66736">
        <ele>0.0</ele>
    </trkpt>
    <trkpt lat="45.8285" lon="9.66723">
        <ele>0.0</ele>
    </trkpt>
    <trkpt lat="45.82883" lon="9.66703">
        <ele>0.0</ele>
    </trkpt>
    <trkpt lat="45.82901" lon="9.66696">
        <ele>0.0</ele>
    </trkpt>
    <trkpt lat="45.82935" lon="9.66689">
        <ele>0.0</ele>
    </trkpt>
    <trkpt lat="45.82947" lon="9.66688">
        <ele>0.0</ele>
    </trkpt>
    <trkpt lat="45.82965" lon="9.66688">
        <ele>0.0</ele>
    </trkpt>
    <trkpt lat="45.83019" lon="9.66691">
        <ele>0.0</ele>
    </trkpt>
    <trkpt lat="45.83035" lon="9.66691">
        <ele>0.0</ele>
    </trkpt>
    <trkpt lat="45.83043" lon="9.66692">
        <ele>0.0</ele>
    </trkpt>
    <trkpt lat="45.83069" lon="9.66691">
        <ele>0.0</ele>
    </trkpt>
    <trkpt lat="45.83105" lon="9.66683">
        <ele>0.0</ele>
    </trkpt>
    <trkpt lat="45.83109" lon="9.66681">
        <ele>0.0</ele>
    </trkpt>
    <trkpt lat="45.83145" lon="9.66669">
        <ele>0.0</ele>
    </trkpt>
    <trkpt lat="45.83173" lon="9.66657">
        <ele>0.0</ele>
    </trkpt>
    <trkpt lat="45.83202" lon="9.66643">
        <ele>0.0</ele>
    </trkpt>
    <trkpt lat="45.83242" lon="9.6662">
        <ele>0.0</ele>
    </trkpt>
    <trkpt lat="45.83264" lon="9.66606">
        <ele>0.0</ele>
    </trkpt>
    <trkpt lat="45.83279" lon="9.66594">
        <ele>0.0</ele>
    </trkpt>
    <trkpt lat="45.83292" lon="9.66582">
        <ele>0.0</ele>
    </trkpt>
    <trkpt lat="45.83384" lon="9.66482">
        <ele>0.0</ele>
    </trkpt>
    <trkpt lat="45.83414" lon="9.66455">
        <ele>0.0</ele>
    </trkpt>
    <trkpt lat="45.83414" lon="9.66454">
        <ele>0.0</ele>
    </trkpt>
    <trkpt lat="45.83524" lon="9.66367">
        <ele>0.0</ele>
    </trkpt>
    <trkpt lat="45.83542" lon="9.66356">
        <ele>0.0</ele>
    </trkpt>
    <trkpt lat="45.83544" lon="9.66354">
        <ele>0.0</ele>
    </trkpt>
    <trkpt lat="45.83561" lon="9.66346">
        <ele>0.0</ele>
    </trkpt>
    <trkpt lat="45.83599" lon="9.66334">
        <ele>0.0</ele>
    </trkpt>
    <trkpt lat="45.8365" lon="9.66331">
        <ele>0.0</ele>
    </trkpt>
    <trkpt lat="45.83659" lon="9.66333">
        <ele>0.0</ele>
    </trkpt>
    <trkpt lat="45.83662" lon="9.66335">
        <ele>0.0</ele>
    </trkpt>
    <trkpt lat="45.83669" lon="9.66338">
        <ele>0.0</ele>
    </trkpt>
    <trkpt lat="45.83703" lon="9.66357">
        <ele>0.0</ele>
    </trkpt>
    <trkpt lat="45.83722" lon="9.66366">
        <ele>0.0</ele>
    </trkpt>
    <trkpt lat="45.83725" lon="9.66367">
        <ele>0.0</ele>
    </trkpt>
    <trkpt lat="45.83727" lon="9.66369">
        <ele>0.0</ele>
    </trkpt>
    <trkpt lat="45.83773" lon="9.66398">
        <ele>0.0</ele>
    </trkpt>
    <trkpt lat="45.83839" lon="9.66454">
        <ele>0.0</ele>
    </trkpt>
    <trkpt lat="45.83846" lon="9.66459">
        <ele>0.0</ele>
    </trkpt>
    <trkpt lat="45.83859" lon="9.66466">
        <ele>0.0</ele>
    </trkpt>
    <trkpt lat="45.83922" lon="9.66505">
        <ele>0.0</ele>
    </trkpt>
    <trkpt lat="45.83932" lon="9.66512">
        <ele>0.0</ele>
    </trkpt>
    <trkpt lat="45.83967" lon="9.66533">
        <ele>0.0</ele>
    </trkpt>
    <trkpt lat="45.84005" lon="9.66558">
        <ele>0.0</ele>
    </trkpt>
    <trkpt lat="45.84033" lon="9.66578">
        <ele>0.0</ele>
    </trkpt>
    <trkpt lat="45.84089" lon="9.66626">
        <ele>0.0</ele>
    </trkpt>
    <trkpt lat="45.84124" lon="9.66651">
        <ele>0.0</ele>
    </trkpt>
    <trkpt lat="45.84244" lon="9.66719">
        <ele>0.0</ele>
    </trkpt>
    <trkpt lat="45.84256" lon="9.66725">
        <ele>0.0</ele>
    </trkpt>
    <trkpt lat="45.84261" lon="9.66729">
        <ele>0.0</ele>
    </trkpt>
    <trkpt lat="45.84306" lon="9.66747">
        <ele>0.0</ele>
    </trkpt>
    <trkpt lat="45.84326" lon="9.66752">
        <ele>0.0</ele>
    </trkpt>
    <trkpt lat="45.84468" lon="9.66778">
        <ele>0.0</ele>
    </trkpt>
    <trkpt lat="45.8447" lon="9.66778">
        <ele>0.0</ele>
    </trkpt>
    <trkpt lat="45.84491" lon="9.66783">
        <ele>0.0</ele>
    </trkpt>
    <trkpt lat="45.84541" lon="9.6679">
        <ele>0.0</ele>
    </trkpt>
    <trkpt lat="45.84569" lon="9.66792">
        <ele>0.0</ele>
    </trkpt>
    <trkpt lat="45.84591" lon="9.66792">
        <ele>0.0</ele>
    </trkpt>
    <trkpt lat="45.84607" lon="9.6679">
        <ele>0.0</ele>
    </trkpt>
    <trkpt lat="45.84627" lon="9.66785">
        <ele>0.0</ele>
    </trkpt>
    <trkpt lat="45.84652" lon="9.66775">
        <ele>0.0</ele>
    </trkpt>
    <trkpt lat="45.84715" lon="9.66745">
        <ele>0.0</ele>
    </trkpt>
    <trkpt lat="45.84721" lon="9.66743">
        <ele>0.0</ele>
    </trkpt>
    <trkpt lat="45.84787" lon="9.66706">
        <ele>0.0</ele>
    </trkpt>
    <trkpt lat="45.84804" lon="9.66694">
        <ele>0.0</ele>
    </trkpt>
    <trkpt lat="45.8481" lon="9.66689">
        <ele>0.0</ele>
    </trkpt>
    <trkpt lat="45.8482" lon="9.66683">
        <ele>0.0</ele>
    </trkpt>
    <trkpt lat="45.8483" lon="9.66676">
        <ele>0.0</ele>
    </trkpt>
    <trkpt lat="45.85079" lon="9.66463">
        <ele>0.0</ele>
    </trkpt>
    <trkpt lat="45.85144" lon="9.66401">
        <ele>0.0</ele>
    </trkpt>
    <trkpt lat="45.85151" lon="9.66396">
        <ele>0.0</ele>
    </trkpt>
    <trkpt lat="45.8516" lon="9.66388">
        <ele>0.0</ele>
    </trkpt>
    <trkpt lat="45.85165" lon="9.66385">
        <ele>0.0</ele>
    </trkpt>
    <trkpt lat="45.85169" lon="9.66382">
        <ele>0.0</ele>
    </trkpt>
    <trkpt lat="45.85179" lon="9.66376">
        <ele>0.0</ele>
    </trkpt>
    <trkpt lat="45.8518" lon="9.66375">
        <ele>0.0</ele>
    </trkpt>
    <trkpt lat="45.85186" lon="9.66373">
        <ele>0.0</ele>
    </trkpt>
    <trkpt lat="45.85203" lon="9.66365">
        <ele>0.0</ele>
    </trkpt>
    <trkpt lat="45.85224" lon="9.66359">
        <ele>0.0</ele>
    </trkpt>
    <trkpt lat="45.85333" lon="9.66323">
        <ele>0.0</ele>
    </trkpt>
    <trkpt lat="45.85349" lon="9.66325">
        <ele>0.0</ele>
    </trkpt>
    <trkpt lat="45.85388" lon="9.66336">
        <ele>0.0</ele>
    </trkpt>
    <trkpt lat="45.85397" lon="9.66336">
        <ele>0.0</ele>
    </trkpt>
    <trkpt lat="45.85402" lon="9.66335">
        <ele>0.0</ele>
    </trkpt>
    <trkpt lat="45.85406" lon="9.66333">
        <ele>0.0</ele>
    </trkpt>
    <trkpt lat="45.85445" lon="9.663">
        <ele>0.0</ele>
    </trkpt>
    <trkpt lat="45.85469" lon="9.66284">
        <ele>0.0</ele>
    </trkpt>
    <trkpt lat="45.85483" lon="9.66277">
        <ele>0.0</ele>
    </trkpt>
    <trkpt lat="45.85508" lon="9.66261">
        <ele>0.0</ele>
    </trkpt>
    <trkpt lat="45.85508" lon="9.6626">
        <ele>0.0</ele>
    </trkpt>
    <trkpt lat="45.85517" lon="9.6625">
        <ele>0.0</ele>
    </trkpt>
    <trkpt lat="45.85571" lon="9.66228">
        <ele>0.0</ele>
    </trkpt>
    <trkpt lat="45.85587" lon="9.66217">
        <ele>0.0</ele>
    </trkpt>
    <trkpt lat="45.85589" lon="9.66215">
        <ele>0.0</ele>
    </trkpt>
    <trkpt lat="45.85606" lon="9.66202">
        <ele>0.0</ele>
    </trkpt>
    <trkpt lat="45.85618" lon="9.66191">
        <ele>0.0</ele>
    </trkpt>
    <trkpt lat="45.8562" lon="9.6619">
        <ele>0.0</ele>
    </trkpt>
    <trkpt lat="45.85645" lon="9.66162">
        <ele>0.0</ele>
    </trkpt>
    <trkpt lat="45.85686" lon="9.6612">
        <ele>0.0</ele>
    </trkpt>
    <trkpt lat="45.85735" lon="9.66083">
        <ele>0.0</ele>
    </trkpt>
    <trkpt lat="45.8577" lon="9.66064">
        <ele>0.0</ele>
    </trkpt>
    <trkpt lat="45.85826" lon="9.6604">
        <ele>0.0</ele>
    </trkpt>
    <trkpt lat="45.85831" lon="9.66039">
        <ele>0.0</ele>
    </trkpt>
    <trkpt lat="45.85862" lon="9.66025">
        <ele>0.0</ele>
    </trkpt>
    <trkpt lat="45.85867" lon="9.66022">
        <ele>0.0</ele>
    </trkpt>
    <trkpt lat="45.85872" lon="9.6602">
        <ele>0.0</ele>
    </trkpt>
    <trkpt lat="45.85876" lon="9.66017">
        <ele>0.0</ele>
    </trkpt>
    <trkpt lat="45.85886" lon="9.66012">
        <ele>0.0</ele>
    </trkpt>
    <trkpt lat="45.8589" lon="9.66009">
        <ele>0.0</ele>
    </trkpt>
    <trkpt lat="45.85918" lon="9.65993">
        <ele>0.0</ele>
    </trkpt>
    <trkpt lat="45.85922" lon="9.6599">
        <ele>0.0</ele>
    </trkpt>
    <trkpt lat="45.85927" lon="9.65988">
        <ele>0.0</ele>
    </trkpt>
    <trkpt lat="45.85951" lon="9.65973">
        <ele>0.0</ele>
    </trkpt>
    <trkpt lat="45.85955" lon="9.65971">
        <ele>0.0</ele>
    </trkpt>
    <trkpt lat="45.85958" lon="9.6597">
        <ele>0.0</ele>
    </trkpt>
    <trkpt lat="45.8597" lon="9.65962">
        <ele>0.0</ele>
    </trkpt>
    <trkpt lat="45.86004" lon="9.65943">
        <ele>0.0</ele>
    </trkpt>
    <trkpt lat="45.86009" lon="9.65939">
        <ele>0.0</ele>
    </trkpt>
    <trkpt lat="45.86044" lon="9.65919">
        <ele>0.0</ele>
    </trkpt>
    <trkpt lat="45.86092" lon="9.65894">
        <ele>0.0</ele>
    </trkpt>
    <trkpt lat="45.86123" lon="9.65881">
        <ele>0.0</ele>
    </trkpt>
    <trkpt lat="45.86166" lon="9.65858">
        <ele>0.0</ele>
    </trkpt>
    <trkpt lat="45.86167" lon="9.65858">
        <ele>0.0</ele>
    </trkpt>
    <trkpt lat="45.86173" lon="9.65855">
        <ele>0.0</ele>
    </trkpt>
    <trkpt lat="45.86174" lon="9.65855">
        <ele>0.0</ele>
    </trkpt>
    <trkpt lat="45.8618" lon="9.65853">
        <ele>0.0</ele>
    </trkpt>
    <trkpt lat="45.86187" lon="9.65852">
        <ele>0.0</ele>
    </trkpt>
    <trkpt lat="45.86196" lon="9.65852">
        <ele>0.0</ele>
    </trkpt>
    <trkpt lat="45.86201" lon="9.65853">
        <ele>0.0</ele>
    </trkpt>
    <trkpt lat="45.8621" lon="9.65856">
        <ele>0.0</ele>
    </trkpt>
    <trkpt lat="45.86217" lon="9.6586">
        <ele>0.0</ele>
    </trkpt>
    <trkpt lat="45.86222" lon="9.65864">
        <ele>0.0</ele>
    </trkpt>
    <trkpt lat="45.86227" lon="9.65867">
        <ele>0.0</ele>
    </trkpt>
    <trkpt lat="45.86237" lon="9.65875">
        <ele>0.0</ele>
    </trkpt>
    <trkpt lat="45.86239" lon="9.65876">
        <ele>0.0</ele>
    </trkpt>
    <trkpt lat="45.8624" lon="9.65878">
        <ele>0.0</ele>
    </trkpt>
    <trkpt lat="45.86248" lon="9.65883">
        <ele>0.0</ele>
    </trkpt>
    <trkpt lat="45.86253" lon="9.65887">
        <ele>0.0</ele>
    </trkpt>
    <trkpt lat="45.8627" lon="9.65892">
        <ele>0.0</ele>
    </trkpt>
    <trkpt lat="45.86284" lon="9.65895">
        <ele>0.0</ele>
    </trkpt>
    <trkpt lat="45.86296" lon="9.65896">
        <ele>0.0</ele>
    </trkpt>
    <trkpt lat="45.86319" lon="9.65894">
        <ele>0.0</ele>
    </trkpt>
    <trkpt lat="45.86337" lon="9.65888">
        <ele>0.0</ele>
    </trkpt>
    <trkpt lat="45.86345" lon="9.65884">
        <ele>0.0</ele>
    </trkpt>
    <trkpt lat="45.86355" lon="9.65881">
        <ele>0.0</ele>
    </trkpt>
    <trkpt lat="45.86409" lon="9.65858">
        <ele>0.0</ele>
    </trkpt>
    <trkpt lat="45.8641" lon="9.65858">
        <ele>0.0</ele>
    </trkpt>
    <trkpt lat="45.86446" lon="9.65843">
        <ele>0.0</ele>
    </trkpt>
    <trkpt lat="45.86448" lon="9.65843">
        <ele>0.0</ele>
    </trkpt>
    <trkpt lat="45.86461" lon="9.65838">
        <ele>0.0</ele>
    </trkpt>
    <trkpt lat="45.86464" lon="9.65836">
        <ele>0.0</ele>
    </trkpt>
    <trkpt lat="45.86479" lon="9.65831">
        <ele>0.0</ele>
    </trkpt>
    <trkpt lat="45.86519" lon="9.65814">
        <ele>0.0</ele>
    </trkpt>
    <trkpt lat="45.86531" lon="9.6581">
        <ele>0.0</ele>
    </trkpt>
    <trkpt lat="45.86653" lon="9.65761">
        <ele>0.0</ele>
    </trkpt>
    <trkpt lat="45.86676" lon="9.65749">
        <ele>0.0</ele>
    </trkpt>
    <trkpt lat="45.86684" lon="9.65743">
        <ele>0.0</ele>
    </trkpt>
    <trkpt lat="45.86696" lon="9.65732">
        <ele>0.0</ele>
    </trkpt>
    <trkpt lat="45.86711" lon="9.6572">
        <ele>0.0</ele>
    </trkpt>
    <trkpt lat="45.86719" lon="9.65712">
        <ele>0.0</ele>
    </trkpt>
    <trkpt lat="45.86725" lon="9.65705">
        <ele>0.0</ele>
    </trkpt>
    <trkpt lat="45.86738" lon="9.65687">
        <ele>0.0</ele>
    </trkpt>
    <trkpt lat="45.86784" lon="9.6561">
        <ele>0.0</ele>
    </trkpt>
    <trkpt lat="45.86795" lon="9.65582">
        <ele>0.0</ele>
    </trkpt>
    <trkpt lat="45.86798" lon="9.6556">
        <ele>0.0</ele>
    </trkpt>
    <trkpt lat="45.86799" lon="9.65559">
        <ele>0.0</ele>
    </trkpt>
    <trkpt lat="45.86802" lon="9.65534">
        <ele>0.0</ele>
    </trkpt>
    <trkpt lat="45.86817" lon="9.65461">
        <ele>0.0</ele>
    </trkpt>
    <trkpt lat="45.86818" lon="9.65461">
        <ele>0.0</ele>
    </trkpt>
    <trkpt lat="45.86818" lon="9.6546">
        <ele>0.0</ele>
    </trkpt>
    <trkpt lat="45.86829" lon="9.65419">
        <ele>0.0</ele>
    </trkpt>
    <trkpt lat="45.8684" lon="9.65384">
        <ele>0.0</ele>
    </trkpt>
    <trkpt lat="45.86847" lon="9.65369">
        <ele>0.0</ele>
    </trkpt>
    <trkpt lat="45.86848" lon="9.65368">
        <ele>0.0</ele>
    </trkpt>
    <trkpt lat="45.86848" lon="9.65367">
        <ele>0.0</ele>
    </trkpt>
    <trkpt lat="45.86855" lon="9.65356">
        <ele>0.0</ele>
    </trkpt>
    <trkpt lat="45.86882" lon="9.65322">
        <ele>0.0</ele>
    </trkpt>
    <trkpt lat="45.86894" lon="9.65309">
        <ele>0.0</ele>
    </trkpt>
    <trkpt lat="45.86907" lon="9.65297">
        <ele>0.0</ele>
    </trkpt>
    <trkpt lat="45.86936" lon="9.65281">
        <ele>0.0</ele>
    </trkpt>
    <trkpt lat="45.86947" lon="9.65276">
        <ele>0.0</ele>
    </trkpt>
    <trkpt lat="45.87022" lon="9.65226">
        <ele>0.0</ele>
    </trkpt>
    <trkpt lat="45.87093" lon="9.65187">
        <ele>0.0</ele>
    </trkpt>
    <trkpt lat="45.87128" lon="9.65163">
        <ele>0.0</ele>
    </trkpt>
    <trkpt lat="45.87148" lon="9.65151">
        <ele>0.0</ele>
    </trkpt>
    <trkpt lat="45.87155" lon="9.6515">
        <ele>0.0</ele>
    </trkpt>
    <trkpt lat="45.87163" lon="9.6515">
        <ele>0.0</ele>
    </trkpt>
    <trkpt lat="45.87171" lon="9.65151">
        <ele>0.0</ele>
    </trkpt>
    <trkpt lat="45.8718" lon="9.65156">
        <ele>0.0</ele>
    </trkpt>
    <trkpt lat="45.87189" lon="9.65162">
        <ele>0.0</ele>
    </trkpt>
    <trkpt lat="45.87223" lon="9.65198">
        <ele>0.0</ele>
    </trkpt>
    <trkpt lat="45.87252" lon="9.65232">
        <ele>0.0</ele>
    </trkpt>
    <trkpt lat="45.87269" lon="9.65249">
        <ele>0.0</ele>
    </trkpt>
    <trkpt lat="45.87277" lon="9.65256">
        <ele>0.0</ele>
    </trkpt>
    <trkpt lat="45.87289" lon="9.65265">
        <ele>0.0</ele>
    </trkpt>
    <trkpt lat="45.87291" lon="9.65267">
        <ele>0.0</ele>
    </trkpt>
    <trkpt lat="45.873" lon="9.65272">
        <ele>0.0</ele>
    </trkpt>
    <trkpt lat="45.87313" lon="9.65277">
        <ele>0.0</ele>
    </trkpt>
    <trkpt lat="45.87316" lon="9.65279">
        <ele>0.0</ele>
    </trkpt>
    <trkpt lat="45.87337" lon="9.65283">
        <ele>0.0</ele>
    </trkpt>
    <trkpt lat="45.87366" lon="9.65285">
        <ele>0.0</ele>
    </trkpt>
    <trkpt lat="45.87392" lon="9.65281">
        <ele>0.0</ele>
    </trkpt>
    <trkpt lat="45.874" lon="9.65281">
        <ele>0.0</ele>
    </trkpt>
    <trkpt lat="45.87411" lon="9.6528">
        <ele>0.0</ele>
    </trkpt>
    <trkpt lat="45.87466" lon="9.65283">
        <ele>0.0</ele>
    </trkpt>
    <trkpt lat="45.87482" lon="9.65283">
        <ele>0.0</ele>
    </trkpt>
    <trkpt lat="45.87497" lon="9.65282">
        <ele>0.0</ele>
    </trkpt>
    <trkpt lat="45.87506" lon="9.65283">
        <ele>0.0</ele>
    </trkpt>
    <trkpt lat="45.87523" lon="9.65283">
        <ele>0.0</ele>
    </trkpt>
    <trkpt lat="45.87531" lon="9.65281">
        <ele>0.0</ele>
    </trkpt>
    <trkpt lat="45.87541" lon="9.65274">
        <ele>0.0</ele>
    </trkpt>
    <trkpt lat="45.87552" lon="9.65268">
        <ele>0.0</ele>
    </trkpt>
    <trkpt lat="45.87592" lon="9.65233">
        <ele>0.0</ele>
    </trkpt>
    <trkpt lat="45.87682" lon="9.65176">
        <ele>0.0</ele>
    </trkpt>
    <trkpt lat="45.87683" lon="9.65176">
        <ele>0.0</ele>
    </trkpt>
    <trkpt lat="45.8769" lon="9.65173">
        <ele>0.0</ele>
    </trkpt>
    <trkpt lat="45.87705" lon="9.65169">
        <ele>0.0</ele>
    </trkpt>
    <trkpt lat="45.87753" lon="9.6516">
        <ele>0.0</ele>
    </trkpt>
    <trkpt lat="45.87768" lon="9.65154">
        <ele>0.0</ele>
    </trkpt>
    <trkpt lat="45.87809" lon="9.65145">
        <ele>0.0</ele>
    </trkpt>
    <trkpt lat="45.87856" lon="9.65125">
        <ele>0.0</ele>
    </trkpt>
    <trkpt lat="45.87879" lon="9.65112">
        <ele>0.0</ele>
    </trkpt>
    <trkpt lat="45.87898" lon="9.65109">
        <ele>0.0</ele>
    </trkpt>
    <trkpt lat="45.87916" lon="9.65109">
        <ele>0.0</ele>
    </trkpt>
    <trkpt lat="45.87931" lon="9.65124">
        <ele>0.0</ele>
    </trkpt>
    <trkpt lat="45.87931" lon="9.65127">
        <ele>0.0</ele>
    </trkpt>
    <trkpt lat="45.87933" lon="9.65129">
        <ele>0.0</ele>
    </trkpt>
    <trkpt lat="45.87933" lon="9.6513">
        <ele>0.0</ele>
    </trkpt>
    <trkpt lat="45.87935" lon="9.65132">
        <ele>0.0</ele>
    </trkpt>
    <trkpt lat="45.87935" lon="9.65133">
        <ele>0.0</ele>
    </trkpt>
    <trkpt lat="45.87937" lon="9.65135">
        <ele>0.0</ele>
    </trkpt>
    <trkpt lat="45.87938" lon="9.65135">
        <ele>0.0</ele>
    </trkpt>
    <trkpt lat="45.87938" lon="9.65136">
        <ele>0.0</ele>
    </trkpt>
    <trkpt lat="45.87939" lon="9.65136">
        <ele>0.0</ele>
    </trkpt>
    <trkpt lat="45.8794" lon="9.65137">
        <ele>0.0</ele>
    </trkpt>
    <trkpt lat="45.87941" lon="9.65137">
        <ele>0.0</ele>
    </trkpt>
    <trkpt lat="45.87942" lon="9.65138">
        <ele>0.0</ele>
    </trkpt>
    <trkpt lat="45.87946" lon="9.65138">
        <ele>0.0</ele>
    </trkpt>
    <trkpt lat="45.87947" lon="9.65137">
        <ele>0.0</ele>
    </trkpt>
    <trkpt lat="45.87949" lon="9.65137">
        <ele>0.0</ele>
    </trkpt>
    <trkpt lat="45.87951" lon="9.65135">
        <ele>0.0</ele>
    </trkpt>
    <trkpt lat="45.87951" lon="9.65134">
        <ele>0.0</ele>
    </trkpt>
    <trkpt lat="45.87952" lon="9.65134">
        <ele>0.0</ele>
    </trkpt>
    <trkpt lat="45.87953" lon="9.65133">
        <ele>0.0</ele>
    </trkpt>
    <trkpt lat="45.87953" lon="9.65132">
        <ele>0.0</ele>
    </trkpt>
    <trkpt lat="45.87954" lon="9.65132">
        <ele>0.0</ele>
    </trkpt>
    <trkpt lat="45.87954" lon="9.65131">
        <ele>0.0</ele>
    </trkpt>
    <trkpt lat="45.87955" lon="9.6513">
        <ele>0.0</ele>
    </trkpt>
    <trkpt lat="45.87955" lon="9.65128">
        <ele>0.0</ele>
    </trkpt>
    <trkpt lat="45.87956" lon="9.65127">
        <ele>0.0</ele>
    </trkpt>
    <trkpt lat="45.87956" lon="9.65126">
        <ele>0.0</ele>
    </trkpt>
    <trkpt lat="45.87967" lon="9.65122">
        <ele>0.0</ele>
    </trkpt>
    <trkpt lat="45.87968" lon="9.65122">
        <ele>0.0</ele>
    </trkpt>
    <trkpt lat="45.87971" lon="9.65119">
        <ele>0.0</ele>
    </trkpt>
    <trkpt lat="45.87975" lon="9.6512">
        <ele>0.0</ele>
    </trkpt>
    <trkpt lat="45.87979" lon="9.65124">
        <ele>0.0</ele>
    </trkpt>
    <trkpt lat="45.87985" lon="9.65128">
        <ele>0.0</ele>
    </trkpt>
    <trkpt lat="45.88031" lon="9.6517">
        <ele>0.0</ele>
    </trkpt>
    <trkpt lat="45.88037" lon="9.65177">
        <ele>0.0</ele>
    </trkpt>
    <trkpt lat="45.88068" lon="9.65206">
        <ele>0.0</ele>
    </trkpt>
    <trkpt lat="45.88075" lon="9.65211">
        <ele>0.0</ele>
    </trkpt>
    <trkpt lat="45.8809" lon="9.65224">
        <ele>0.0</ele>
    </trkpt>
    <trkpt lat="45.88098" lon="9.65229">
        <ele>0.0</ele>
    </trkpt>
    <trkpt lat="45.88099" lon="9.65229">
        <ele>0.0</ele>
    </trkpt>
    <trkpt lat="45.88106" lon="9.65231">
        <ele>0.0</ele>
    </trkpt>
    <trkpt lat="45.88107" lon="9.65232">
        <ele>0.0</ele>
    </trkpt>
    <trkpt lat="45.88109" lon="9.65232">
        <ele>0.0</ele>
    </trkpt>
    <trkpt lat="45.88128" lon="9.65239">
        <ele>0.0</ele>
    </trkpt>
    <trkpt lat="45.88158" lon="9.65243">
        <ele>0.0</ele>
    </trkpt>
    <trkpt lat="45.8816" lon="9.65243">
        <ele>0.0</ele>
    </trkpt>
    <trkpt lat="45.88196" lon="9.65249">
        <ele>0.0</ele>
    </trkpt>
    <trkpt lat="45.88198" lon="9.65249">
        <ele>0.0</ele>
    </trkpt>
    <trkpt lat="45.8825" lon="9.65257">
        <ele>0.0</ele>
    </trkpt>
    <trkpt lat="45.88302" lon="9.65268">
        <ele>0.0</ele>
    </trkpt>
    <trkpt lat="45.88312" lon="9.65271">
        <ele>0.0</ele>
    </trkpt>
    <trkpt lat="45.88433" lon="9.653">
        <ele>0.0</ele>
    </trkpt>
    <trkpt lat="45.88449" lon="9.65306">
        <ele>0.0</ele>
    </trkpt>
    <trkpt lat="45.88494" lon="9.65331">
        <ele>0.0</ele>
    </trkpt>
    <trkpt lat="45.88494" lon="9.65332">
        <ele>0.0</ele>
    </trkpt>
    <trkpt lat="45.88504" lon="9.65333">
        <ele>0.0</ele>
    </trkpt>
    <trkpt lat="45.88509" lon="9.65334">
        <ele>0.0</ele>
    </trkpt>
    <trkpt lat="45.88636" lon="9.65341">
        <ele>0.0</ele>
    </trkpt>
    <trkpt lat="45.88714" lon="9.65339">
        <ele>0.0</ele>
    </trkpt>
    <trkpt lat="45.88738" lon="9.65335">
        <ele>0.0</ele>
    </trkpt>
    <trkpt lat="45.8874" lon="9.65335">
        <ele>0.0</ele>
    </trkpt>
    <trkpt lat="45.88754" lon="9.65333">
        <ele>0.0</ele>
    </trkpt>
    <trkpt lat="45.88791" lon="9.65322">
        <ele>0.0</ele>
    </trkpt>
    <trkpt lat="45.88809" lon="9.65318">
        <ele>0.0</ele>
    </trkpt>
    <trkpt lat="45.88832" lon="9.65307">
        <ele>0.0</ele>
    </trkpt>
    <trkpt lat="45.88876" lon="9.65293">
        <ele>0.0</ele>
    </trkpt>
    <trkpt lat="45.88903" lon="9.65283">
        <ele>0.0</ele>
    </trkpt>
    <trkpt lat="45.88911" lon="9.65282">
        <ele>0.0</ele>
    </trkpt>
    <trkpt lat="45.88947" lon="9.65274">
        <ele>0.0</ele>
    </trkpt>
    <trkpt lat="45.8895" lon="9.65273">
        <ele>0.0</ele>
    </trkpt>
    <trkpt lat="45.88983" lon="9.65266">
        <ele>0.0</ele>
    </trkpt>
    <trkpt lat="45.88985" lon="9.65266">
        <ele>0.0</ele>
    </trkpt>
    <trkpt lat="45.89" lon="9.65262">
        <ele>0.0</ele>
    </trkpt>
    <trkpt lat="45.89013" lon="9.6526">
        <ele>0.0</ele>
    </trkpt>
    <trkpt lat="45.89018" lon="9.65258">
        <ele>0.0</ele>
    </trkpt>
    <trkpt lat="45.89021" lon="9.65258">
        <ele>0.0</ele>
    </trkpt>
    <trkpt lat="45.89045" lon="9.65251">
        <ele>0.0</ele>
    </trkpt>
    <trkpt lat="45.89054" lon="9.6525">
        <ele>0.0</ele>
    </trkpt>
    <trkpt lat="45.89092" lon="9.65241">
        <ele>0.0</ele>
    </trkpt>
    <trkpt lat="45.8911" lon="9.65239">
        <ele>0.0</ele>
    </trkpt>
    <trkpt lat="45.89149" lon="9.65238">
        <ele>0.0</ele>
    </trkpt>
    <trkpt lat="45.89165" lon="9.65239">
        <ele>0.0</ele>
    </trkpt>
    <trkpt lat="45.8919" lon="9.65242">
        <ele>0.0</ele>
    </trkpt>
    <trkpt lat="45.89224" lon="9.65253">
        <ele>0.0</ele>
    </trkpt>
    <trkpt lat="45.89283" lon="9.65281">
        <ele>0.0</ele>
    </trkpt>
    <trkpt lat="45.89285" lon="9.65283">
        <ele>0.0</ele>
    </trkpt>
    <trkpt lat="45.893" lon="9.65289">
        <ele>0.0</ele>
    </trkpt>
    <trkpt lat="45.89487" lon="9.65381">
        <ele>0.0</ele>
    </trkpt>
    <trkpt lat="45.8949" lon="9.65382">
        <ele>0.0</ele>
    </trkpt>
    <trkpt lat="45.89504" lon="9.6539">
        <ele>0.0</ele>
    </trkpt>
    <trkpt lat="45.89507" lon="9.65391">
        <ele>0.0</ele>
    </trkpt>
    <trkpt lat="45.89538" lon="9.65407">
        <ele>0.0</ele>
    </trkpt>
    <trkpt lat="45.89541" lon="9.65408">
        <ele>0.0</ele>
    </trkpt>
    <trkpt lat="45.89572" lon="9.65424">
        <ele>0.0</ele>
    </trkpt>
    <trkpt lat="45.89575" lon="9.65425">
        <ele>0.0</ele>
    </trkpt>
    <trkpt lat="45.89693" lon="9.65485">
        <ele>0.0</ele>
    </trkpt>
    <trkpt lat="45.89767" lon="9.65519">
        <ele>0.0</ele>
    </trkpt>
    <trkpt lat="45.8981" lon="9.65541">
        <ele>0.0</ele>
    </trkpt>
    <trkpt lat="45.89813" lon="9.65543">
        <ele>0.0</ele>
    </trkpt>
    <trkpt lat="45.89829" lon="9.65551">
        <ele>0.0</ele>
    </trkpt>
    <trkpt lat="45.8983" lon="9.65551">
        <ele>0.0</ele>
    </trkpt>
    <trkpt lat="45.89892" lon="9.65586">
        <ele>0.0</ele>
    </trkpt>
    <trkpt lat="45.89937" lon="9.65622">
        <ele>0.0</ele>
    </trkpt>
    <trkpt lat="45.89961" lon="9.65648">
        <ele>0.0</ele>
    </trkpt>
    <trkpt lat="45.89981" lon="9.65678">
        <ele>0.0</ele>
    </trkpt>
    <trkpt lat="45.89983" lon="9.6568">
        <ele>0.0</ele>
    </trkpt>
    <trkpt lat="45.90072" lon="9.65809">
        <ele>0.0</ele>
    </trkpt>
    <trkpt lat="45.90079" lon="9.65823">
        <ele>0.0</ele>
    </trkpt>
    <trkpt lat="45.90091" lon="9.65844">
        <ele>0.0</ele>
    </trkpt>
    <trkpt lat="45.90127" lon="9.65901">
        <ele>0.0</ele>
    </trkpt>
    <trkpt lat="45.90129" lon="9.65903">
        <ele>0.0</ele>
    </trkpt>
    <trkpt lat="45.90137" lon="9.65915">
        <ele>0.0</ele>
    </trkpt>
    <trkpt lat="45.90152" lon="9.65933">
        <ele>0.0</ele>
    </trkpt>
    <trkpt lat="45.90173" lon="9.65953">
        <ele>0.0</ele>
    </trkpt>
    <trkpt lat="45.90189" lon="9.65965">
        <ele>0.0</ele>
    </trkpt>
    <trkpt lat="45.90207" lon="9.65976">
        <ele>0.0</ele>
    </trkpt>
    <trkpt lat="45.90212" lon="9.65978">
        <ele>0.0</ele>
    </trkpt>
    <trkpt lat="45.90213" lon="9.65979">
        <ele>0.0</ele>
    </trkpt>
    <trkpt lat="45.90228" lon="9.65986">
        <ele>0.0</ele>
    </trkpt>
    <trkpt lat="45.90237" lon="9.65989">
        <ele>0.0</ele>
    </trkpt>
    <trkpt lat="45.90246" lon="9.65993">
        <ele>0.0</ele>
    </trkpt>
    <trkpt lat="45.90313" lon="9.65999">
        <ele>0.0</ele>
    </trkpt>
    <trkpt lat="45.90345" lon="9.65998">
        <ele>0.0</ele>
    </trkpt>
    <trkpt lat="45.9037" lon="9.65992">
        <ele>0.0</ele>
    </trkpt>
    <trkpt lat="45.90372" lon="9.65992">
        <ele>0.0</ele>
    </trkpt>
    <trkpt lat="45.90389" lon="9.65986">
        <ele>0.0</ele>
    </trkpt>
    <trkpt lat="45.904" lon="9.65983">
        <ele>0.0</ele>
    </trkpt>
    <trkpt lat="45.90431" lon="9.65969">
        <ele>0.0</ele>
    </trkpt>
    <trkpt lat="45.90499" lon="9.65946">
        <ele>0.0</ele>
    </trkpt>
    <trkpt lat="45.90568" lon="9.65917">
        <ele>0.0</ele>
    </trkpt>
    <trkpt lat="45.90578" lon="9.65912">
        <ele>0.0</ele>
    </trkpt>
    <trkpt lat="45.90625" lon="9.65896">
        <ele>0.0</ele>
    </trkpt>
    <trkpt lat="45.90638" lon="9.65894">
        <ele>0.0</ele>
    </trkpt>
    <trkpt lat="45.90655" lon="9.65889">
        <ele>0.0</ele>
    </trkpt>
    <trkpt lat="45.90663" lon="9.65888">
        <ele>0.0</ele>
    </trkpt>
    <trkpt lat="45.90668" lon="9.65884">
        <ele>0.0</ele>
    </trkpt>
    <trkpt lat="45.90673" lon="9.65881">
        <ele>0.0</ele>
    </trkpt>
    <trkpt lat="45.9068" lon="9.65878">
        <ele>0.0</ele>
    </trkpt>
    <trkpt lat="45.90687" lon="9.65876">
        <ele>0.0</ele>
    </trkpt>
    <trkpt lat="45.90693" lon="9.65875">
        <ele>0.0</ele>
    </trkpt>
    <trkpt lat="45.90698" lon="9.65875">
        <ele>0.0</ele>
    </trkpt>
    <trkpt lat="45.90708" lon="9.65877">
        <ele>0.0</ele>
    </trkpt>
    <trkpt lat="45.90714" lon="9.65877">
        <ele>0.0</ele>
    </trkpt>
    <trkpt lat="45.90718" lon="9.65878">
        <ele>0.0</ele>
    </trkpt>
    <trkpt lat="45.90719" lon="9.65878">
        <ele>0.0</ele>
    </trkpt>
    <trkpt lat="45.90742" lon="9.65885">
        <ele>0.0</ele>
    </trkpt>
    <trkpt lat="45.90753" lon="9.6589">
        <ele>0.0</ele>
    </trkpt>
    <trkpt lat="45.90798" lon="9.65933">
        <ele>0.0</ele>
    </trkpt>
    <trkpt lat="45.90799" lon="9.65935">
        <ele>0.0</ele>
    </trkpt>
    <trkpt lat="45.9088" lon="9.66018">
        <ele>0.0</ele>
    </trkpt>
    <trkpt lat="45.909" lon="9.66042">
        <ele>0.0</ele>
    </trkpt>
    <trkpt lat="45.90954" lon="9.66115">
        <ele>0.0</ele>
    </trkpt>
    <trkpt lat="45.90966" lon="9.66133">
        <ele>0.0</ele>
    </trkpt>
    <trkpt lat="45.90967" lon="9.66134">
        <ele>0.0</ele>
    </trkpt>
    <trkpt lat="45.90991" lon="9.6617">
        <ele>0.0</ele>
    </trkpt>
    <trkpt lat="45.90992" lon="9.66171">
        <ele>0.0</ele>
    </trkpt>
    <trkpt lat="45.91088" lon="9.66311">
        <ele>0.0</ele>
    </trkpt>
    <trkpt lat="45.91092" lon="9.66316">
        <ele>0.0</ele>
    </trkpt>
    <trkpt lat="45.91142" lon="9.66389">
        <ele>0.0</ele>
    </trkpt>
    <trkpt lat="45.91144" lon="9.66391">
        <ele>0.0</ele>
    </trkpt>
    <trkpt lat="45.91155" lon="9.66407">
        <ele>0.0</ele>
    </trkpt>
    <trkpt lat="45.91157" lon="9.66409">
        <ele>0.0</ele>
    </trkpt>
    <trkpt lat="45.91169" lon="9.66424">
        <ele>0.0</ele>
    </trkpt>
    <trkpt lat="45.9117" lon="9.66426">
        <ele>0.0</ele>
    </trkpt>
    <trkpt lat="45.91193" lon="9.66454">
        <ele>0.0</ele>
    </trkpt>
    <trkpt lat="45.91269" lon="9.66534">
        <ele>0.0</ele>
    </trkpt>
    <trkpt lat="45.91283" lon="9.66547">
        <ele>0.0</ele>
    </trkpt>
    <trkpt lat="45.91298" lon="9.66559">
        <ele>0.0</ele>
    </trkpt>
    <trkpt lat="45.91327" lon="9.66571">
        <ele>0.0</ele>
    </trkpt>
    <trkpt lat="45.91374" lon="9.66587">
        <ele>0.0</ele>
    </trkpt>
    <trkpt lat="45.9142" lon="9.66599">
        <ele>0.0</ele>
    </trkpt>
    <trkpt lat="45.91426" lon="9.666">
        <ele>0.0</ele>
    </trkpt>
    <trkpt lat="45.91444" lon="9.66605">
        <ele>0.0</ele>
    </trkpt>
    <trkpt lat="45.9145" lon="9.66606">
        <ele>0.0</ele>
    </trkpt>
    <trkpt lat="45.91456" lon="9.66606">
        <ele>0.0</ele>
    </trkpt>
    <trkpt lat="45.9146" lon="9.66607">
        <ele>0.0</ele>
    </trkpt>
    <trkpt lat="45.9148" lon="9.66607">
        <ele>0.0</ele>
    </trkpt>
    <trkpt lat="45.9159" lon="9.66612">
        <ele>0.0</ele>
    </trkpt>
    <trkpt lat="45.91627" lon="9.66615">
        <ele>0.0</ele>
    </trkpt>
    <trkpt lat="45.9164" lon="9.66617">
        <ele>0.0</ele>
    </trkpt>
    <trkpt lat="45.91681" lon="9.66619">
        <ele>0.0</ele>
    </trkpt>
    <trkpt lat="45.91711" lon="9.66622">
        <ele>0.0</ele>
    </trkpt>
    <trkpt lat="45.91944" lon="9.66659">
        <ele>0.0</ele>
    </trkpt>
    <trkpt lat="45.91996" lon="9.66669">
        <ele>0.0</ele>
    </trkpt>
    <trkpt lat="45.92102" lon="9.66686">
        <ele>0.0</ele>
    </trkpt>
    <trkpt lat="45.92109" lon="9.66688">
        <ele>0.0</ele>
    </trkpt>
    <trkpt lat="45.92285" lon="9.6672">
        <ele>0.0</ele>
    </trkpt>
    <trkpt lat="45.923" lon="9.66722">
        <ele>0.0</ele>
    </trkpt>
    <trkpt lat="45.92321" lon="9.66723">
        <ele>0.0</ele>
    </trkpt>
    <trkpt lat="45.92336" lon="9.66721">
        <ele>0.0</ele>
    </trkpt>
    <trkpt lat="45.92357" lon="9.66715">
        <ele>0.0</ele>
    </trkpt>
    <trkpt lat="45.92389" lon="9.66703">
        <ele>0.0</ele>
    </trkpt>
    <trkpt lat="45.92404" lon="9.66699">
        <ele>0.0</ele>
    </trkpt>
    <trkpt lat="45.92412" lon="9.66698">
        <ele>0.0</ele>
    </trkpt>
    <trkpt lat="45.9242" lon="9.66699">
        <ele>0.0</ele>
    </trkpt>
    <trkpt lat="45.92428" lon="9.66699">
        <ele>0.0</ele>
    </trkpt>
    <trkpt lat="45.92436" lon="9.66702">
        <ele>0.0</ele>
    </trkpt>
    <trkpt lat="45.92445" lon="9.66704">
        <ele>0.0</ele>
    </trkpt>
    <trkpt lat="45.92451" lon="9.66706">
        <ele>0.0</ele>
    </trkpt>
    <trkpt lat="45.92592" lon="9.66771">
        <ele>0.0</ele>
    </trkpt>
    <trkpt lat="45.92604" lon="9.66775">
        <ele>0.0</ele>
    </trkpt>
    <trkpt lat="45.92615" lon="9.66777">
        <ele>0.0</ele>
    </trkpt>
    <trkpt lat="45.92625" lon="9.66778">
        <ele>0.0</ele>
    </trkpt>
    <trkpt lat="45.92663" lon="9.66777">
        <ele>0.0</ele>
    </trkpt>
    <trkpt lat="45.92907" lon="9.66762">
        <ele>0.0</ele>
    </trkpt>
    <trkpt lat="45.92933" lon="9.66762">
        <ele>0.0</ele>
    </trkpt>
    <trkpt lat="45.93067" lon="9.66753">
        <ele>0.0</ele>
    </trkpt>
    <trkpt lat="45.93086" lon="9.6675">
        <ele>0.0</ele>
    </trkpt>
    <trkpt lat="45.93092" lon="9.6675">
        <ele>0.0</ele>
    </trkpt>
    <trkpt lat="45.93124" lon="9.66744">
        <ele>0.0</ele>
    </trkpt>
    <trkpt lat="45.9313" lon="9.66742">
        <ele>0.0</ele>
    </trkpt>
    <trkpt lat="45.93139" lon="9.6674">
        <ele>0.0</ele>
    </trkpt>
    <trkpt lat="45.93153" lon="9.66735">
        <ele>0.0</ele>
    </trkpt>
    <trkpt lat="45.9317" lon="9.66727">
        <ele>0.0</ele>
    </trkpt>
    <trkpt lat="45.93175" lon="9.66724">
        <ele>0.0</ele>
    </trkpt>
    <trkpt lat="45.93182" lon="9.66721">
        <ele>0.0</ele>
    </trkpt>
    <trkpt lat="45.932" lon="9.66709">
        <ele>0.0</ele>
    </trkpt>
    <trkpt lat="45.93203" lon="9.66706">
        <ele>0.0</ele>
    </trkpt>
    <trkpt lat="45.93208" lon="9.66703">
        <ele>0.0</ele>
    </trkpt>
    <trkpt lat="45.93211" lon="9.667">
        <ele>0.0</ele>
    </trkpt>
    <trkpt lat="45.93214" lon="9.66698">
        <ele>0.0</ele>
    </trkpt>
    <trkpt lat="45.93225" lon="9.66687">
        <ele>0.0</ele>
    </trkpt>
    <trkpt lat="45.93228" lon="9.66685">
        <ele>0.0</ele>
    </trkpt>
    <trkpt lat="45.93243" lon="9.66669">
        <ele>0.0</ele>
    </trkpt>
    <trkpt lat="45.93259" lon="9.66649">
        <ele>0.0</ele>
    </trkpt>
    <trkpt lat="45.93269" lon="9.66634">
        <ele>0.0</ele>
    </trkpt>
    <trkpt lat="45.93274" lon="9.66628">
        <ele>0.0</ele>
    </trkpt>
    <trkpt lat="45.93286" lon="9.6661">
        <ele>0.0</ele>
    </trkpt>
    <trkpt lat="45.93291" lon="9.66604">
        <ele>0.0</ele>
    </trkpt>
    <trkpt lat="45.93292" lon="9.66602">
        <ele>0.0</ele>
    </trkpt>
    <trkpt lat="45.93297" lon="9.66596">
        <ele>0.0</ele>
    </trkpt>
    <trkpt lat="45.93326" lon="9.66554">
        <ele>0.0</ele>
    </trkpt>
    <trkpt lat="45.9333" lon="9.6655">
        <ele>0.0</ele>
    </trkpt>
    <trkpt lat="45.93333" lon="9.66546">
        <ele>0.0</ele>
    </trkpt>
    <trkpt lat="45.93339" lon="9.66536">
        <ele>0.0</ele>
    </trkpt>
    <trkpt lat="45.93344" lon="9.66531">
        <ele>0.0</ele>
    </trkpt>
    <trkpt lat="45.93346" lon="9.66527">
        <ele>0.0</ele>
    </trkpt>
    <trkpt lat="45.9335" lon="9.66521">
        <ele>0.0</ele>
    </trkpt>
    <trkpt lat="45.93355" lon="9.66515">
        <ele>0.0</ele>
    </trkpt>
    <trkpt lat="45.93358" lon="9.6651">
        <ele>0.0</ele>
    </trkpt>
    <trkpt lat="45.9337" lon="9.66494">
        <ele>0.0</ele>
    </trkpt>
    <trkpt lat="45.93375" lon="9.66486">
        <ele>0.0</ele>
    </trkpt>
    <trkpt lat="45.93381" lon="9.66479">
        <ele>0.0</ele>
    </trkpt>
    <trkpt lat="45.93385" lon="9.66472">
        <ele>0.0</ele>
    </trkpt>
    <trkpt lat="45.93394" lon="9.66461">
        <ele>0.0</ele>
    </trkpt>
    <trkpt lat="45.93398" lon="9.66454">
        <ele>0.0</ele>
    </trkpt>
    <trkpt lat="45.93406" lon="9.66444">
        <ele>0.0</ele>
    </trkpt>
    <trkpt lat="45.93413" lon="9.66433">
        <ele>0.0</ele>
    </trkpt>
    <trkpt lat="45.93424" lon="9.66418">
        <ele>0.0</ele>
    </trkpt>
    <trkpt lat="45.93428" lon="9.66414">
        <ele>0.0</ele>
    </trkpt>
    <trkpt lat="45.93437" lon="9.664">
        <ele>0.0</ele>
    </trkpt>
    <trkpt lat="45.93442" lon="9.66394">
        <ele>0.0</ele>
    </trkpt>
    <trkpt lat="45.93446" lon="9.66387">
        <ele>0.0</ele>
    </trkpt>
    <trkpt lat="45.93487" lon="9.66332">
        <ele>0.0</ele>
    </trkpt>
    <trkpt lat="45.93493" lon="9.66322">
        <ele>0.0</ele>
    </trkpt>
    <trkpt lat="45.93503" lon="9.6631">
        <ele>0.0</ele>
    </trkpt>
    <trkpt lat="45.93509" lon="9.66301">
        <ele>0.0</ele>
    </trkpt>
    <trkpt lat="45.93521" lon="9.66287">
        <ele>0.0</ele>
    </trkpt>
    <trkpt lat="45.93568" lon="9.66241">
        <ele>0.0</ele>
    </trkpt>
    <trkpt lat="45.93606" lon="9.66212">
        <ele>0.0</ele>
    </trkpt>
    <trkpt lat="45.93644" lon="9.66188">
        <ele>0.0</ele>
    </trkpt>
    <trkpt lat="45.93693" lon="9.66167">
        <ele>0.0</ele>
    </trkpt>
    <trkpt lat="45.93713" lon="9.66161">
        <ele>0.0</ele>
    </trkpt>
    <trkpt lat="45.93744" lon="9.66154">
        <ele>0.0</ele>
    </trkpt>
    <trkpt lat="45.93774" lon="9.6615">
        <ele>0.0</ele>
    </trkpt>
    <trkpt lat="45.93805" lon="9.66149">
        <ele>0.0</ele>
    </trkpt>
    <trkpt lat="45.94139" lon="9.66158">
        <ele>0.0</ele>
    </trkpt>
    <trkpt lat="45.94152" lon="9.66159">
        <ele>0.0</ele>
    </trkpt>
    <trkpt lat="45.9447" lon="9.66167">
        <ele>0.0</ele>
    </trkpt>
    <trkpt lat="45.9451" lon="9.66172">
        <ele>0.0</ele>
    </trkpt>
    <trkpt lat="45.9456" lon="9.66184">
        <ele>0.0</ele>
    </trkpt>
    <trkpt lat="45.94576" lon="9.6619">
        <ele>0.0</ele>
    </trkpt>
    <trkpt lat="45.94601" lon="9.66202">
        <ele>0.0</ele>
    </trkpt>
    <trkpt lat="45.94618" lon="9.66208">
        <ele>0.0</ele>
    </trkpt>
    <trkpt lat="45.94621" lon="9.6621">
        <ele>0.0</ele>
    </trkpt>
    <trkpt lat="45.94622" lon="9.66211">
        <ele>0.0</ele>
    </trkpt>
    <trkpt lat="45.94631" lon="9.66216">
        <ele>0.0</ele>
    </trkpt>
    <trkpt lat="45.94648" lon="9.66227">
        <ele>0.0</ele>
    </trkpt>
    <trkpt lat="45.94672" lon="9.66245">
        <ele>0.0</ele>
    </trkpt>
    <trkpt lat="45.94707" lon="9.66277">
        <ele>0.0</ele>
    </trkpt>
    <trkpt lat="45.94741" lon="9.66315">
        <ele>0.0</ele>
    </trkpt>
    <trkpt lat="45.9476" lon="9.66339">
        <ele>0.0</ele>
    </trkpt>
    <trkpt lat="45.94776" lon="9.66362">
        <ele>0.0</ele>
    </trkpt>
    <trkpt lat="45.94802" lon="9.66405">
        <ele>0.0</ele>
    </trkpt>
    <trkpt lat="45.94866" lon="9.6654">
        <ele>0.0</ele>
    </trkpt>
    <trkpt lat="45.94875" lon="9.66562">
        <ele>0.0</ele>
    </trkpt>
    <trkpt lat="45.94899" lon="9.66601">
        <ele>0.0</ele>
    </trkpt>
    <trkpt lat="45.94902" lon="9.66607">
        <ele>0.0</ele>
    </trkpt>
    <trkpt lat="45.94912" lon="9.66622">
        <ele>0.0</ele>
    </trkpt>
    <trkpt lat="45.94914" lon="9.66627">
        <ele>0.0</ele>
    </trkpt>
    <trkpt lat="45.94915" lon="9.66628">
        <ele>0.0</ele>
    </trkpt>
    <trkpt lat="45.94921" lon="9.66637">
        <ele>0.0</ele>
    </trkpt>
    <trkpt lat="45.94927" lon="9.66648">
        <ele>0.0</ele>
    </trkpt>
    <trkpt lat="45.9493" lon="9.66656">
        <ele>0.0</ele>
    </trkpt>
    <trkpt lat="45.94938" lon="9.6667">
        <ele>0.0</ele>
    </trkpt>
    <trkpt lat="45.94942" lon="9.66675">
        <ele>0.0</ele>
    </trkpt>
    <trkpt lat="45.94944" lon="9.66679">
        <ele>0.0</ele>
    </trkpt>
    <trkpt lat="45.9495" lon="9.66687">
        <ele>0.0</ele>
    </trkpt>
    <trkpt lat="45.94958" lon="9.66694">
        <ele>0.0</ele>
    </trkpt>
    <trkpt lat="45.94966" lon="9.66699">
        <ele>0.0</ele>
    </trkpt>
    <trkpt lat="45.94974" lon="9.66703">
        <ele>0.0</ele>
    </trkpt>
    <trkpt lat="45.9498" lon="9.66705">
        <ele>0.0</ele>
    </trkpt>
    <trkpt lat="45.94996" lon="9.66707">
        <ele>0.0</ele>
    </trkpt>
    <trkpt lat="45.94999" lon="9.66708">
        <ele>0.0</ele>
    </trkpt>
    <trkpt lat="45.95017" lon="9.66708">
        <ele>0.0</ele>
    </trkpt>
    <trkpt lat="45.95033" lon="9.66701">
        <ele>0.0</ele>
    </trkpt>
    <trkpt lat="45.95051" lon="9.66689">
        <ele>0.0</ele>
    </trkpt>
    <trkpt lat="45.95053" lon="9.66687">
        <ele>0.0</ele>
    </trkpt>
    <trkpt lat="45.95067" lon="9.66678">
        <ele>0.0</ele>
    </trkpt>
    <trkpt lat="45.95077" lon="9.66673">
        <ele>0.0</ele>
    </trkpt>
    <trkpt lat="45.95085" lon="9.6667">
        <ele>0.0</ele>
    </trkpt>
    <trkpt lat="45.95088" lon="9.6667">
        <ele>0.0</ele>
    </trkpt>
    <trkpt lat="45.95091" lon="9.66669">
        <ele>0.0</ele>
    </trkpt>
    <trkpt lat="45.95097" lon="9.66668">
        <ele>0.0</ele>
    </trkpt>
    <trkpt lat="45.95107" lon="9.66668">
        <ele>0.0</ele>
    </trkpt>
    <trkpt lat="45.95116" lon="9.66667">
        <ele>0.0</ele>
    </trkpt>
    <trkpt lat="45.95181" lon="9.66675">
        <ele>0.0</ele>
    </trkpt>
    <trkpt lat="45.95203" lon="9.66679">
        <ele>0.0</ele>
    </trkpt>
    <trkpt lat="45.95276" lon="9.66687">
        <ele>0.0</ele>
    </trkpt>
    <trkpt lat="45.9531" lon="9.66682">
        <ele>0.0</ele>
    </trkpt>
    <trkpt lat="45.95359" lon="9.66657">
        <ele>0.0</ele>
    </trkpt>
    <trkpt lat="45.95389" lon="9.66647">
        <ele>0.0</ele>
    </trkpt>
    <trkpt lat="45.95394" lon="9.66644">
        <ele>0.0</ele>
    </trkpt>
    <trkpt lat="45.95442" lon="9.66626">
        <ele>0.0</ele>
    </trkpt>
    <trkpt lat="45.95461" lon="9.66622">
        <ele>0.0</ele>
    </trkpt>
    <trkpt lat="45.95466" lon="9.66622">
        <ele>0.0</ele>
    </trkpt>
    <trkpt lat="45.95472" lon="9.66623">
        <ele>0.0</ele>
    </trkpt>
    <trkpt lat="45.95474" lon="9.66624">
        <ele>0.0</ele>
    </trkpt>
    <trkpt lat="45.95476" lon="9.66624">
        <ele>0.0</ele>
    </trkpt>
    <trkpt lat="45.95482" lon="9.66626">
        <ele>0.0</ele>
    </trkpt>
    <trkpt lat="45.95484" lon="9.66628">
        <ele>0.0</ele>
    </trkpt>
    <trkpt lat="45.95496" lon="9.66631">
        <ele>0.0</ele>
    </trkpt>
    <trkpt lat="45.9551" lon="9.66631">
        <ele>0.0</ele>
    </trkpt>
    <trkpt lat="45.95512" lon="9.6663">
        <ele>0.0</ele>
    </trkpt>
    <trkpt lat="45.95516" lon="9.66629">
        <ele>0.0</ele>
    </trkpt>
    <trkpt lat="45.95517" lon="9.66628">
        <ele>0.0</ele>
    </trkpt>
    <trkpt lat="45.95529" lon="9.66621">
        <ele>0.0</ele>
    </trkpt>
    <trkpt lat="45.9553" lon="9.6662">
        <ele>0.0</ele>
    </trkpt>
    <trkpt lat="45.95533" lon="9.66618">
        <ele>0.0</ele>
    </trkpt>
    <trkpt lat="45.95534" lon="9.66618">
        <ele>0.0</ele>
    </trkpt>
    <trkpt lat="45.95543" lon="9.66612">
        <ele>0.0</ele>
    </trkpt>
    <trkpt lat="45.95555" lon="9.666">
        <ele>0.0</ele>
    </trkpt>
    <trkpt lat="45.95562" lon="9.66592">
        <ele>0.0</ele>
    </trkpt>
    <trkpt lat="45.95572" lon="9.66577">
        <ele>0.0</ele>
    </trkpt>
    <trkpt lat="45.95575" lon="9.66571">
        <ele>0.0</ele>
    </trkpt>
    <trkpt lat="45.95586" lon="9.66553">
        <ele>0.0</ele>
    </trkpt>
    <trkpt lat="45.95597" lon="9.6653">
        <ele>0.0</ele>
    </trkpt>
    <trkpt lat="45.95597" lon="9.66529">
        <ele>0.0</ele>
    </trkpt>
    <trkpt lat="45.95604" lon="9.66515">
        <ele>0.0</ele>
    </trkpt>
    <trkpt lat="45.95608" lon="9.66509">
        <ele>0.0</ele>
    </trkpt>
    <trkpt lat="45.95608" lon="9.66508">
        <ele>0.0</ele>
    </trkpt>
    <trkpt lat="45.95628" lon="9.66466">
        <ele>0.0</ele>
    </trkpt>
    <trkpt lat="45.95629" lon="9.66466">
        <ele>0.0</ele>
    </trkpt>
    <trkpt lat="45.95655" lon="9.66411">
        <ele>0.0</ele>
    </trkpt>
    <trkpt lat="45.95695" lon="9.66341">
        <ele>0.0</ele>
    </trkpt>
    <trkpt lat="45.95736" lon="9.66284">
        <ele>0.0</ele>
    </trkpt>
    <trkpt lat="45.95742" lon="9.66278">
        <ele>0.0</ele>
    </trkpt>
    <trkpt lat="45.95743" lon="9.66278">
        <ele>0.0</ele>
    </trkpt>
    <trkpt lat="45.95746" lon="9.66276">
        <ele>0.0</ele>
    </trkpt>
    <trkpt lat="45.95747" lon="9.66275">
        <ele>0.0</ele>
    </trkpt>
    <trkpt lat="45.95749" lon="9.66275">
        <ele>0.0</ele>
    </trkpt>
    <trkpt lat="45.95751" lon="9.66274">
        <ele>0.0</ele>
    </trkpt>
    <trkpt lat="45.95775" lon="9.66269">
        <ele>0.0</ele>
    </trkpt>
    <trkpt lat="45.95808" lon="9.66258">
        <ele>0.0</ele>
    </trkpt>
    <trkpt lat="45.9583" lon="9.66248">
        <ele>0.0</ele>
    </trkpt>
    <trkpt lat="45.95835" lon="9.66245">
        <ele>0.0</ele>
    </trkpt>
    <trkpt lat="45.95878" lon="9.66224">
        <ele>0.0</ele>
    </trkpt>
    <trkpt lat="45.9588" lon="9.66222">
        <ele>0.0</ele>
    </trkpt>
    <trkpt lat="45.95896" lon="9.6621">
        <ele>0.0</ele>
    </trkpt>
    <trkpt lat="45.95901" lon="9.66207">
        <ele>0.0</ele>
    </trkpt>
    <trkpt lat="45.95942" lon="9.66169">
        <ele>0.0</ele>
    </trkpt>
    <trkpt lat="45.95947" lon="9.66165">
        <ele>0.0</ele>
    </trkpt>
    <trkpt lat="45.95947" lon="9.66164">
        <ele>0.0</ele>
    </trkpt>
    <trkpt lat="45.96019" lon="9.66102">
        <ele>0.0</ele>
    </trkpt>
    <trkpt lat="45.96024" lon="9.66099">
        <ele>0.0</ele>
    </trkpt>
    <trkpt lat="45.96095" lon="9.66038">
        <ele>0.0</ele>
    </trkpt>
    <trkpt lat="45.961" lon="9.66035">
        <ele>0.0</ele>
    </trkpt>
    <trkpt lat="45.96122" lon="9.66013">
        <ele>0.0</ele>
    </trkpt>
    <trkpt lat="45.96126" lon="9.66007">
        <ele>0.0</ele>
    </trkpt>
    <trkpt lat="45.96131" lon="9.66001">
        <ele>0.0</ele>
    </trkpt>
    <trkpt lat="45.96144" lon="9.65982">
        <ele>0.0</ele>
    </trkpt>
    <trkpt lat="45.962" lon="9.65878">
        <ele>0.0</ele>
    </trkpt>
    <trkpt lat="45.96208" lon="9.65865">
        <ele>0.0</ele>
    </trkpt>
    <trkpt lat="45.96211" lon="9.65858">
        <ele>0.0</ele>
    </trkpt>
    <trkpt lat="45.96221" lon="9.6584">
        <ele>0.0</ele>
    </trkpt>
    <trkpt lat="45.96236" lon="9.65808">
        <ele>0.0</ele>
    </trkpt>
    <trkpt lat="45.96243" lon="9.6579">
        <ele>0.0</ele>
    </trkpt>
    <trkpt lat="45.9625" lon="9.65766">
        <ele>0.0</ele>
    </trkpt>
    <trkpt lat="45.96254" lon="9.65727">
        <ele>0.0</ele>
    </trkpt>
    <trkpt lat="45.96265" lon="9.65683">
        <ele>0.0</ele>
    </trkpt>
    <trkpt lat="45.96268" lon="9.65676">
        <ele>0.0</ele>
    </trkpt>
    <trkpt lat="45.96278" lon="9.65661">
        <ele>0.0</ele>
    </trkpt>
    <trkpt lat="45.96295" lon="9.65645">
        <ele>0.0</ele>
    </trkpt>
    <trkpt lat="45.96311" lon="9.65624">
        <ele>0.0</ele>
    </trkpt>
    <trkpt lat="45.96311" lon="9.65623">
        <ele>0.0</ele>
    </trkpt>
    <trkpt lat="45.96322" lon="9.65604">
        <ele>0.0</ele>
    </trkpt>
    <trkpt lat="45.96328" lon="9.65596">
        <ele>0.0</ele>
    </trkpt>
    <trkpt lat="45.96336" lon="9.65587">
        <ele>0.0</ele>
    </trkpt>
    <trkpt lat="45.96336" lon="9.65586">
        <ele>0.0</ele>
    </trkpt>
    <trkpt lat="45.96364" lon="9.65564">
        <ele>0.0</ele>
    </trkpt>
    <trkpt lat="45.96387" lon="9.65548">
        <ele>0.0</ele>
    </trkpt>
    <trkpt lat="45.96403" lon="9.65534">
        <ele>0.0</ele>
    </trkpt>
    <trkpt lat="45.96421" lon="9.65514">
        <ele>0.0</ele>
    </trkpt>
    <trkpt lat="45.96422" lon="9.65514">
        <ele>0.0</ele>
    </trkpt>
    <trkpt lat="45.96468" lon="9.65453">
        <ele>0.0</ele>
    </trkpt>
    <trkpt lat="45.9647" lon="9.65451">
        <ele>0.0</ele>
    </trkpt>
    <trkpt lat="45.96473" lon="9.65446">
        <ele>0.0</ele>
    </trkpt>
    <trkpt lat="45.96477" lon="9.65435">
        <ele>0.0</ele>
    </trkpt>
    <trkpt lat="45.96479" lon="9.65426">
        <ele>0.0</ele>
    </trkpt>
    <trkpt lat="45.96481" lon="9.65411">
        <ele>0.0</ele>
    </trkpt>
    <trkpt lat="45.96481" lon="9.65407">
        <ele>0.0</ele>
    </trkpt>
    <trkpt lat="45.96484" lon="9.65389">
        <ele>0.0</ele>
    </trkpt>
    <trkpt lat="45.96484" lon="9.65381">
        <ele>0.0</ele>
    </trkpt>
    <trkpt lat="45.96485" lon="9.65373">
        <ele>0.0</ele>
    </trkpt>
    <trkpt lat="45.96484" lon="9.65322">
        <ele>0.0</ele>
    </trkpt>
    <trkpt lat="45.96483" lon="9.6531">
        <ele>0.0</ele>
    </trkpt>
    <trkpt lat="45.96484" lon="9.65301">
        <ele>0.0</ele>
    </trkpt>
    <trkpt lat="45.96484" lon="9.65296">
        <ele>0.0</ele>
    </trkpt>
    <trkpt lat="45.96487" lon="9.6527">
        <ele>0.0</ele>
    </trkpt>
    <trkpt lat="45.96496" lon="9.6522">
        <ele>0.0</ele>
    </trkpt>
    <trkpt lat="45.96497" lon="9.65218">
        <ele>0.0</ele>
    </trkpt>
    <trkpt lat="45.96497" lon="9.65214">
        <ele>0.0</ele>
    </trkpt>
    <trkpt lat="45.965" lon="9.65203">
        <ele>0.0</ele>
    </trkpt>
    <trkpt lat="45.96501" lon="9.65196">
        <ele>0.0</ele>
    </trkpt>
    <trkpt lat="45.96514" lon="9.65138">
        <ele>0.0</ele>
    </trkpt>
    <trkpt lat="45.96522" lon="9.65108">
        <ele>0.0</ele>
    </trkpt>
    <trkpt lat="45.96539" lon="9.6506">
        <ele>0.0</ele>
    </trkpt>
    <trkpt lat="45.96558" lon="9.65019">
        <ele>0.0</ele>
    </trkpt>
    <trkpt lat="45.96573" lon="9.64996">
        <ele>0.0</ele>
    </trkpt>
    <trkpt lat="45.96582" lon="9.64985">
        <ele>0.0</ele>
    </trkpt>
    <trkpt lat="45.96602" lon="9.64964">
        <ele>0.0</ele>
    </trkpt>
    <trkpt lat="45.96623" lon="9.64949">
        <ele>0.0</ele>
    </trkpt>
    <trkpt lat="45.96638" lon="9.64943">
        <ele>0.0</ele>
    </trkpt>
    <trkpt lat="45.96782" lon="9.64912">
        <ele>0.0</ele>
    </trkpt>
    <trkpt lat="45.96865" lon="9.64891">
        <ele>0.0</ele>
    </trkpt>
    <trkpt lat="45.97043" lon="9.64855">
        <ele>0.0</ele>
    </trkpt>
    <trkpt lat="45.97056" lon="9.64855">
        <ele>0.0</ele>
    </trkpt>
    <trkpt lat="45.97065" lon="9.64856">
        <ele>0.0</ele>
    </trkpt>
    <trkpt lat="45.97068" lon="9.64858">
        <ele>0.0</ele>
    </trkpt>
    <trkpt lat="45.97071" lon="9.64859">
        <ele>0.0</ele>
    </trkpt>
    <trkpt lat="45.97073" lon="9.64861">
        <ele>0.0</ele>
    </trkpt>
    <trkpt lat="45.9708" lon="9.64865">
        <ele>0.0</ele>
    </trkpt>
    <trkpt lat="45.97093" lon="9.64874">
        <ele>0.0</ele>
    </trkpt>
    <trkpt lat="45.97118" lon="9.64894">
        <ele>0.0</ele>
    </trkpt>
    <trkpt lat="45.97121" lon="9.64897">
        <ele>0.0</ele>
    </trkpt>
    <trkpt lat="45.97249" lon="9.64995">
        <ele>0.0</ele>
    </trkpt>
    <trkpt lat="45.97257" lon="9.65">
        <ele>0.0</ele>
    </trkpt>
    <trkpt lat="45.97258" lon="9.65001">
        <ele>0.0</ele>
    </trkpt>
    <trkpt lat="45.97263" lon="9.65004">
        <ele>0.0</ele>
    </trkpt>
    <trkpt lat="45.97271" lon="9.6501">
        <ele>0.0</ele>
    </trkpt>
    <trkpt lat="45.97283" lon="9.65017">
        <ele>0.0</ele>
    </trkpt>
    <trkpt lat="45.97289" lon="9.65023">
        <ele>0.0</ele>
    </trkpt>
    <trkpt lat="45.9729" lon="9.65023">
        <ele>0.0</ele>
    </trkpt>
    <trkpt lat="45.97295" lon="9.65029">
        <ele>0.0</ele>
    </trkpt>
    <trkpt lat="45.97301" lon="9.65038">
        <ele>0.0</ele>
    </trkpt>
    <trkpt lat="45.97312" lon="9.65063">
        <ele>0.0</ele>
    </trkpt>
    <trkpt lat="45.97312" lon="9.65064">
        <ele>0.0</ele>
    </trkpt>
    <trkpt lat="45.97315" lon="9.65071">
        <ele>0.0</ele>
    </trkpt>
    <trkpt lat="45.97319" lon="9.65083">
        <ele>0.0</ele>
    </trkpt>
    <trkpt lat="45.97326" lon="9.65129">
        <ele>0.0</ele>
    </trkpt>
    <trkpt lat="45.97328" lon="9.65157">
        <ele>0.0</ele>
    </trkpt>
    <trkpt lat="45.97328" lon="9.65187">
        <ele>0.0</ele>
    </trkpt>
    <trkpt lat="45.9733" lon="9.65205">
        <ele>0.0</ele>
    </trkpt>
    <trkpt lat="45.97337" lon="9.65235">
        <ele>0.0</ele>
    </trkpt>
    <trkpt lat="45.97357" lon="9.65292">
        <ele>0.0</ele>
    </trkpt>
    <trkpt lat="45.97371" lon="9.65327">
        <ele>0.0</ele>
    </trkpt>
    <trkpt lat="45.97406" lon="9.65389">
        <ele>0.0</ele>
    </trkpt>
    <trkpt lat="45.97476" lon="9.65506">
        <ele>0.0</ele>
    </trkpt>
    <trkpt lat="45.9753" lon="9.65591">
        <ele>0.0</ele>
    </trkpt>
    <trkpt lat="45.97532" lon="9.65593">
        <ele>0.0</ele>
    </trkpt>
    <trkpt lat="45.97569" lon="9.65645">
        <ele>0.0</ele>
    </trkpt>
    <trkpt lat="45.97641" lon="9.6576">
        <ele>0.0</ele>
    </trkpt>
    <trkpt lat="45.97647" lon="9.65768">
        <ele>0.0</ele>
    </trkpt>
    <trkpt lat="45.97658" lon="9.65786">
        <ele>0.0</ele>
    </trkpt>
    <trkpt lat="45.977" lon="9.65837">
        <ele>0.0</ele>
    </trkpt>
    <trkpt lat="45.97748" lon="9.659">
        <ele>0.0</ele>
    </trkpt>
    <trkpt lat="45.9776" lon="9.65922">
        <ele>0.0</ele>
    </trkpt>
    <trkpt lat="45.97769" lon="9.65952">
        <ele>0.0</ele>
    </trkpt>
    <trkpt lat="45.9777" lon="9.65953">
        <ele>0.0</ele>
    </trkpt>
    <trkpt lat="45.97777" lon="9.66004">
        <ele>0.0</ele>
    </trkpt>
    <trkpt lat="45.97778" lon="9.66018">
        <ele>0.0</ele>
    </trkpt>
    <trkpt lat="45.97781" lon="9.6604">
        <ele>0.0</ele>
    </trkpt>
    <trkpt lat="45.97782" lon="9.66041">
        <ele>0.0</ele>
    </trkpt>
    <trkpt lat="45.97792" lon="9.661">
        <ele>0.0</ele>
    </trkpt>
    <trkpt lat="45.97804" lon="9.66144">
        <ele>0.0</ele>
    </trkpt>
    <trkpt lat="45.97809" lon="9.66158">
        <ele>0.0</ele>
    </trkpt>
    <trkpt lat="45.97817" lon="9.66174">
        <ele>0.0</ele>
    </trkpt>
    <trkpt lat="45.97822" lon="9.66187">
        <ele>0.0</ele>
    </trkpt>
    <trkpt lat="45.97823" lon="9.66188">
        <ele>0.0</ele>
    </trkpt>
    <trkpt lat="45.97868" lon="9.66268">
        <ele>0.0</ele>
    </trkpt>
    <trkpt lat="45.97873" lon="9.66275">
        <ele>0.0</ele>
    </trkpt>
    <trkpt lat="45.97878" lon="9.66285">
        <ele>0.0</ele>
    </trkpt>
    <trkpt lat="45.97925" lon="9.66346">
        <ele>0.0</ele>
    </trkpt>
    <trkpt lat="45.97953" lon="9.66386">
        <ele>0.0</ele>
    </trkpt>
    <trkpt lat="45.98049" lon="9.66512">
        <ele>0.0</ele>
    </trkpt>
    <trkpt lat="45.98081" lon="9.66551">
        <ele>0.0</ele>
    </trkpt>
    <trkpt lat="45.98091" lon="9.66561">
        <ele>0.0</ele>
    </trkpt>
    <trkpt lat="45.98092" lon="9.66563">
        <ele>0.0</ele>
    </trkpt>
    <trkpt lat="45.98105" lon="9.66578">
        <ele>0.0</ele>
    </trkpt>
    <trkpt lat="45.98123" lon="9.66595">
        <ele>0.0</ele>
    </trkpt>
    <trkpt lat="45.98133" lon="9.66599">
        <ele>0.0</ele>
    </trkpt>
    <trkpt lat="45.98139" lon="9.66604">
        <ele>0.0</ele>
    </trkpt>
    <trkpt lat="45.98156" lon="9.66615">
        <ele>0.0</ele>
    </trkpt>
    <trkpt lat="45.98161" lon="9.66619">
        <ele>0.0</ele>
    </trkpt>
    <trkpt lat="45.98175" lon="9.66636">
        <ele>0.0</ele>
    </trkpt>
    <trkpt lat="45.98183" lon="9.66653">
        <ele>0.0</ele>
    </trkpt>
    <trkpt lat="45.9819" lon="9.66674">
        <ele>0.0</ele>
    </trkpt>
    <trkpt lat="45.98197" lon="9.66703">
        <ele>0.0</ele>
    </trkpt>
    <trkpt lat="45.98199" lon="9.6673">
        <ele>0.0</ele>
    </trkpt>
    <trkpt lat="45.98199" lon="9.66739">
        <ele>0.0</ele>
    </trkpt>
    <trkpt lat="45.982" lon="9.66743">
        <ele>0.0</ele>
    </trkpt>
    <trkpt lat="45.982" lon="9.66765">
        <ele>0.0</ele>
    </trkpt>
    <trkpt lat="45.98201" lon="9.66782">
        <ele>0.0</ele>
    </trkpt>
    <trkpt lat="45.98205" lon="9.66814">
        <ele>0.0</ele>
    </trkpt>
    <trkpt lat="45.98205" lon="9.66817">
        <ele>0.0</ele>
    </trkpt>
    <trkpt lat="45.98209" lon="9.66853">
        <ele>0.0</ele>
    </trkpt>
    <trkpt lat="45.98217" lon="9.66907">
        <ele>0.0</ele>
    </trkpt>
    <trkpt lat="45.98218" lon="9.66908">
        <ele>0.0</ele>
    </trkpt>
    <trkpt lat="45.98219" lon="9.66913">
        <ele>0.0</ele>
    </trkpt>
    <trkpt lat="45.98228" lon="9.6693">
        <ele>0.0</ele>
    </trkpt>
    <trkpt lat="45.98237" lon="9.66941">
        <ele>0.0</ele>
    </trkpt>
    <trkpt lat="45.98242" lon="9.66944">
        <ele>0.0</ele>
    </trkpt>
    <trkpt lat="45.98243" lon="9.66945">
        <ele>0.0</ele>
    </trkpt>
    <trkpt lat="45.98249" lon="9.66947">
        <ele>0.0</ele>
    </trkpt>
    <trkpt lat="45.98255" lon="9.66952">
        <ele>0.0</ele>
    </trkpt>
    <trkpt lat="45.98262" lon="9.66955">
        <ele>0.0</ele>
    </trkpt>
    <trkpt lat="45.98265" lon="9.66957">
        <ele>0.0</ele>
    </trkpt>
    <trkpt lat="45.98272" lon="9.6696">
        <ele>0.0</ele>
    </trkpt>
    <trkpt lat="45.9828" lon="9.66961">
        <ele>0.0</ele>
    </trkpt>
    <trkpt lat="45.98283" lon="9.66961">
        <ele>0.0</ele>
    </trkpt>
    <trkpt lat="45.98291" lon="9.66963">
        <ele>0.0</ele>
    </trkpt>
    <trkpt lat="45.98298" lon="9.66963">
        <ele>0.0</ele>
    </trkpt>
    <trkpt lat="45.983" lon="9.66962">
        <ele>0.0</ele>
    </trkpt>
    <trkpt lat="45.98313" lon="9.66961">
        <ele>0.0</ele>
    </trkpt>
    <trkpt lat="45.98321" lon="9.66958">
        <ele>0.0</ele>
    </trkpt>
    <trkpt lat="45.98327" lon="9.66954">
        <ele>0.0</ele>
    </trkpt>
    <trkpt lat="45.98328" lon="9.66953">
        <ele>0.0</ele>
    </trkpt>
    <trkpt lat="45.98334" lon="9.66949">
        <ele>0.0</ele>
    </trkpt>
    <trkpt lat="45.98335" lon="9.66949">
        <ele>0.0</ele>
    </trkpt>
    <trkpt lat="45.98339" lon="9.66945">
        <ele>0.0</ele>
    </trkpt>
    <trkpt lat="45.98344" lon="9.66942">
        <ele>0.0</ele>
    </trkpt>
    <trkpt lat="45.98345" lon="9.66942">
        <ele>0.0</ele>
    </trkpt>
    <trkpt lat="45.98351" lon="9.6694">
        <ele>0.0</ele>
    </trkpt>
    <trkpt lat="45.98355" lon="9.66938">
        <ele>0.0</ele>
    </trkpt>
    <trkpt lat="45.9836" lon="9.66937">
        <ele>0.0</ele>
    </trkpt>
    <trkpt lat="45.98363" lon="9.66937">
        <ele>0.0</ele>
    </trkpt>
    <trkpt lat="45.98373" lon="9.66941">
        <ele>0.0</ele>
    </trkpt>
    <trkpt lat="45.98378" lon="9.66944">
        <ele>0.0</ele>
    </trkpt>
    <trkpt lat="45.98393" lon="9.66958">
        <ele>0.0</ele>
    </trkpt>
    <trkpt lat="45.98394" lon="9.6696">
        <ele>0.0</ele>
    </trkpt>
    <trkpt lat="45.98412" lon="9.66982">
        <ele>0.0</ele>
    </trkpt>
    <trkpt lat="45.98431" lon="9.67013">
        <ele>0.0</ele>
    </trkpt>
    <trkpt lat="45.98436" lon="9.6702">
        <ele>0.0</ele>
    </trkpt>
    <trkpt lat="45.98443" lon="9.67032">
        <ele>0.0</ele>
    </trkpt>
    <trkpt lat="45.9845" lon="9.67042">
        <ele>0.0</ele>
    </trkpt>
    <trkpt lat="45.98507" lon="9.67108">
        <ele>0.0</ele>
    </trkpt>
    <trkpt lat="45.98526" lon="9.67122">
        <ele>0.0</ele>
    </trkpt>
    <trkpt lat="45.98529" lon="9.67122">
        <ele>0.0</ele>
    </trkpt>
    <trkpt lat="45.98532" lon="9.67124">
        <ele>0.0</ele>
    </trkpt>
    <trkpt lat="45.98546" lon="9.67129">
        <ele>0.0</ele>
    </trkpt>
    <trkpt lat="45.98552" lon="9.67132">
        <ele>0.0</ele>
    </trkpt>
    <trkpt lat="45.98553" lon="9.67132">
        <ele>0.0</ele>
    </trkpt>
    <trkpt lat="45.9857" lon="9.67141">
        <ele>0.0</ele>
    </trkpt>
    <trkpt lat="45.98576" lon="9.67147">
        <ele>0.0</ele>
    </trkpt>
    <trkpt lat="45.9858" lon="9.67153">
        <ele>0.0</ele>
    </trkpt>
    <trkpt lat="45.98585" lon="9.67166">
        <ele>0.0</ele>
    </trkpt>
    <trkpt lat="45.98593" lon="9.67181">
        <ele>0.0</ele>
    </trkpt>
    <trkpt lat="45.98597" lon="9.67185">
        <ele>0.0</ele>
    </trkpt>
    <trkpt lat="45.98602" lon="9.67188">
        <ele>0.0</ele>
    </trkpt>
    <trkpt lat="45.98615" lon="9.67188">
        <ele>0.0</ele>
    </trkpt>
    <trkpt lat="45.98619" lon="9.67187">
        <ele>0.0</ele>
    </trkpt>
    <trkpt lat="45.98712" lon="9.67138">
        <ele>0.0</ele>
    </trkpt>
    <trkpt lat="45.98722" lon="9.67131">
        <ele>0.0</ele>
    </trkpt>
    <trkpt lat="45.98739" lon="9.67122">
        <ele>0.0</ele>
    </trkpt>
    <trkpt lat="45.98742" lon="9.6712">
        <ele>0.0</ele>
    </trkpt>
    <trkpt lat="45.98753" lon="9.67115">
        <ele>0.0</ele>
    </trkpt>
    <trkpt lat="45.98764" lon="9.67112">
        <ele>0.0</ele>
    </trkpt>
    <trkpt lat="45.98776" lon="9.67111">
        <ele>0.0</ele>
    </trkpt>
    <trkpt lat="45.98823" lon="9.67111">
        <ele>0.0</ele>
    </trkpt>
    <trkpt lat="45.98828" lon="9.67112">
        <ele>0.0</ele>
    </trkpt>
    <trkpt lat="45.98832" lon="9.67114">
        <ele>0.0</ele>
    </trkpt>
    <trkpt lat="45.98849" lon="9.6712">
        <ele>0.0</ele>
    </trkpt>
    <trkpt lat="45.98855" lon="9.67127">
        <ele>0.0</ele>
    </trkpt>
    <trkpt lat="45.98862" lon="9.67138">
        <ele>0.0</ele>
    </trkpt>
    <trkpt lat="45.98872" lon="9.67176">
        <ele>0.0</ele>
    </trkpt>
    <trkpt lat="45.98874" lon="9.67186">
        <ele>0.0</ele>
    </trkpt>
    <trkpt lat="45.98875" lon="9.67248">
        <ele>0.0</ele>
    </trkpt>
    <trkpt lat="45.98877" lon="9.6726">
        <ele>0.0</ele>
    </trkpt>
    <trkpt lat="45.98884" lon="9.67279">
        <ele>0.0</ele>
    </trkpt>
    <trkpt lat="45.98889" lon="9.67287">
        <ele>0.0</ele>
    </trkpt>
    <trkpt lat="45.98894" lon="9.67293">
        <ele>0.0</ele>
    </trkpt>
    <trkpt lat="45.989" lon="9.67299">
        <ele>0.0</ele>
    </trkpt>
    <trkpt lat="45.98911" lon="9.67302">
        <ele>0.0</ele>
    </trkpt>
    <trkpt lat="45.98916" lon="9.67301">
        <ele>0.0</ele>
    </trkpt>
    <trkpt lat="45.98918" lon="9.67301">
        <ele>0.0</ele>
    </trkpt>
    <trkpt lat="45.98933" lon="9.67298">
        <ele>0.0</ele>
    </trkpt>
    <trkpt lat="45.98951" lon="9.67288">
        <ele>0.0</ele>
    </trkpt>
    <trkpt lat="45.98962" lon="9.67284">
        <ele>0.0</ele>
    </trkpt>
    <trkpt lat="45.98974" lon="9.67283">
        <ele>0.0</ele>
    </trkpt>
    <trkpt lat="45.98983" lon="9.67284">
        <ele>0.0</ele>
    </trkpt>
    <trkpt lat="45.98985" lon="9.67285">
        <ele>0.0</ele>
    </trkpt>
    <trkpt lat="45.99015" lon="9.67294">
        <ele>0.0</ele>
    </trkpt>
    <trkpt lat="45.99037" lon="9.67304">
        <ele>0.0</ele>
    </trkpt>
    <trkpt lat="45.99052" lon="9.67312">
        <ele>0.0</ele>
    </trkpt>
    <trkpt lat="45.99054" lon="9.67314">
        <ele>0.0</ele>
    </trkpt>
    <trkpt lat="45.99071" lon="9.67324">
        <ele>0.0</ele>
    </trkpt>
    <trkpt lat="45.99086" lon="9.67334">
        <ele>0.0</ele>
    </trkpt>
    <trkpt lat="45.99105" lon="9.67345">
        <ele>0.0</ele>
    </trkpt>
    <trkpt lat="45.99105" lon="9.67346">
        <ele>0.0</ele>
    </trkpt>
    <trkpt lat="45.99117" lon="9.67353">
        <ele>0.0</ele>
    </trkpt>
    <trkpt lat="45.9912" lon="9.67354">
        <ele>0.0</ele>
    </trkpt>
    <trkpt lat="45.99122" lon="9.67356">
        <ele>0.0</ele>
    </trkpt>
    <trkpt lat="45.99152" lon="9.67378">
        <ele>0.0</ele>
    </trkpt>
    <trkpt lat="45.99154" lon="9.67379">
        <ele>0.0</ele>
    </trkpt>
    <trkpt lat="45.99155" lon="9.6738">
        <ele>0.0</ele>
    </trkpt>
    <trkpt lat="45.99169" lon="9.6739">
        <ele>0.0</ele>
    </trkpt>
    <trkpt lat="45.9926" lon="9.67449">
        <ele>0.0</ele>
    </trkpt>
    <trkpt lat="45.99281" lon="9.6746">
        <ele>0.0</ele>
    </trkpt>
    <trkpt lat="45.99285" lon="9.67461">
        <ele>0.0</ele>
    </trkpt>
    <trkpt lat="45.99295" lon="9.67465">
        <ele>0.0</ele>
    </trkpt>
    <trkpt lat="45.99337" lon="9.67471">
        <ele>0.0</ele>
    </trkpt>
    <trkpt lat="45.99341" lon="9.67472">
        <ele>0.0</ele>
    </trkpt>
    <trkpt lat="45.99397" lon="9.67465">
        <ele>0.0</ele>
    </trkpt>
    <trkpt lat="45.99439" lon="9.67448">
        <ele>0.0</ele>
    </trkpt>
    <trkpt lat="45.99457" lon="9.67434">
        <ele>0.0</ele>
    </trkpt>
    <trkpt lat="45.9947" lon="9.67421">
        <ele>0.0</ele>
    </trkpt>
    <trkpt lat="45.99489" lon="9.67408">
        <ele>0.0</ele>
    </trkpt>
    <trkpt lat="45.99525" lon="9.6739">
        <ele>0.0</ele>
    </trkpt>
    <trkpt lat="45.99545" lon="9.67386">
        <ele>0.0</ele>
    </trkpt>
    <trkpt lat="45.99577" lon="9.67378">
        <ele>0.0</ele>
    </trkpt>
    <trkpt lat="45.99598" lon="9.67375">
        <ele>0.0</ele>
    </trkpt>
    <trkpt lat="45.99602" lon="9.67374">
        <ele>0.0</ele>
    </trkpt>
    <trkpt lat="45.99616" lon="9.67369">
        <ele>0.0</ele>
    </trkpt>
    <trkpt lat="45.99633" lon="9.6736">
        <ele>0.0</ele>
    </trkpt>
    <trkpt lat="45.99636" lon="9.67359">
        <ele>0.0</ele>
    </trkpt>
    <trkpt lat="45.99645" lon="9.67352">
        <ele>0.0</ele>
    </trkpt>
    <trkpt lat="45.99655" lon="9.67343">
        <ele>0.0</ele>
    </trkpt>
    <trkpt lat="45.99668" lon="9.67325">
        <ele>0.0</ele>
    </trkpt>
    <trkpt lat="45.99674" lon="9.67314">
        <ele>0.0</ele>
    </trkpt>
    <trkpt lat="45.99688" lon="9.67296">
        <ele>0.0</ele>
    </trkpt>
    <trkpt lat="45.997" lon="9.67283">
        <ele>0.0</ele>
    </trkpt>
    <trkpt lat="45.99717" lon="9.6727">
        <ele>0.0</ele>
    </trkpt>
    <trkpt lat="45.99728" lon="9.67265">
        <ele>0.0</ele>
    </trkpt>
    <trkpt lat="45.99748" lon="9.67258">
        <ele>0.0</ele>
    </trkpt>
    <trkpt lat="45.99754" lon="9.67258">
        <ele>0.0</ele>
    </trkpt>
    <trkpt lat="45.99772" lon="9.67255">
        <ele>0.0</ele>
    </trkpt>
    <trkpt lat="45.99797" lon="9.67254">
        <ele>0.0</ele>
    </trkpt>
    <trkpt lat="45.99808" lon="9.67255">
        <ele>0.0</ele>
    </trkpt>
    <trkpt lat="45.99813" lon="9.67255">
        <ele>0.0</ele>
    </trkpt>
    <trkpt lat="45.99825" lon="9.67257">
        <ele>0.0</ele>
    </trkpt>
    <trkpt lat="45.99879" lon="9.67279">
        <ele>0.0</ele>
    </trkpt>
    <trkpt lat="45.99891" lon="9.67286">
        <ele>0.0</ele>
    </trkpt>
    <trkpt lat="45.99926" lon="9.67299">
        <ele>0.0</ele>
    </trkpt>
    <trkpt lat="45.99956" lon="9.67312">
        <ele>0.0</ele>
    </trkpt>
    <trkpt lat="45.99973" lon="9.67317">
        <ele>0.0</ele>
    </trkpt>
    <trkpt lat="45.99978" lon="9.6732">
        <ele>0.0</ele>
    </trkpt>
    <trkpt lat="45.99986" lon="9.67323">
        <ele>0.0</ele>
    </trkpt>
    <trkpt lat="46.00017" lon="9.6733">
        <ele>0.0</ele>
    </trkpt>
    <trkpt lat="46.00025" lon="9.67329">
        <ele>0.0</ele>
    </trkpt>
    <trkpt lat="46.00035" lon="9.67326">
        <ele>0.0</ele>
    </trkpt>
    <trkpt lat="46.00047" lon="9.67315">
        <ele>0.0</ele>
    </trkpt>
    <trkpt lat="46.0006" lon="9.67298">
        <ele>0.0</ele>
    </trkpt>
    <trkpt lat="46.00105" lon="9.67252">
        <ele>0.0</ele>
    </trkpt>
    <trkpt lat="46.00159" lon="9.67202">
        <ele>0.0</ele>
    </trkpt>
    <trkpt lat="46.00164" lon="9.67196">
        <ele>0.0</ele>
    </trkpt>
    <trkpt lat="46.0019" lon="9.67172">
        <ele>0.0</ele>
    </trkpt>
    <trkpt lat="46.00208" lon="9.67162">
        <ele>0.0</ele>
    </trkpt>
    <trkpt lat="46.00222" lon="9.67159">
        <ele>0.0</ele>
    </trkpt>
    <trkpt lat="46.00233" lon="9.67159">
        <ele>0.0</ele>
    </trkpt>
    <trkpt lat="46.00268" lon="9.67169">
        <ele>0.0</ele>
    </trkpt>
    <trkpt lat="46.00286" lon="9.67181">
        <ele>0.0</ele>
    </trkpt>
    <trkpt lat="46.00291" lon="9.67186">
        <ele>0.0</ele>
    </trkpt>
    <trkpt lat="46.00298" lon="9.6719">
        <ele>0.0</ele>
    </trkpt>
    <trkpt lat="46.00305" lon="9.67192">
        <ele>0.0</ele>
    </trkpt>
    <trkpt lat="46.00311" lon="9.67193">
        <ele>0.0</ele>
    </trkpt>
    <trkpt lat="46.00316" lon="9.67192">
        <ele>0.0</ele>
    </trkpt>
    <trkpt lat="46.00319" lon="9.67192">
        <ele>0.0</ele>
    </trkpt>
    <trkpt lat="46.00323" lon="9.6719">
        <ele>0.0</ele>
    </trkpt>
    <trkpt lat="46.00329" lon="9.67189">
        <ele>0.0</ele>
    </trkpt>
    <trkpt lat="46.00333" lon="9.67186">
        <ele>0.0</ele>
    </trkpt>
    <trkpt lat="46.0034" lon="9.67179">
        <ele>0.0</ele>
    </trkpt>
    <trkpt lat="46.00344" lon="9.67174">
        <ele>0.0</ele>
    </trkpt>
    <trkpt lat="46.00346" lon="9.67169">
        <ele>0.0</ele>
    </trkpt>
    <trkpt lat="46.0039" lon="9.67097">
        <ele>0.0</ele>
    </trkpt>
    <trkpt lat="46.00465" lon="9.67006">
        <ele>0.0</ele>
    </trkpt>
    <trkpt lat="46.00559" lon="9.66913">
        <ele>0.0</ele>
    </trkpt>
    <trkpt lat="46.00576" lon="9.66894">
        <ele>0.0</ele>
    </trkpt>
    <trkpt lat="46.00589" lon="9.66882">
        <ele>0.0</ele>
    </trkpt>
    <trkpt lat="46.00596" lon="9.66877">
        <ele>0.0</ele>
    </trkpt>
    <trkpt lat="46.00611" lon="9.6687">
        <ele>0.0</ele>
    </trkpt>
    <trkpt lat="46.00651" lon="9.66864">
        <ele>0.0</ele>
    </trkpt>
    <trkpt lat="46.007" lon="9.66837">
        <ele>0.0</ele>
    </trkpt>
    <trkpt lat="46.00703" lon="9.66836">
        <ele>0.0</ele>
    </trkpt>
    <trkpt lat="46.00736" lon="9.66818">
        <ele>0.0</ele>
    </trkpt>
    <trkpt lat="46.00758" lon="9.66809">
        <ele>0.0</ele>
    </trkpt>
    <trkpt lat="46.00767" lon="9.66804">
        <ele>0.0</ele>
    </trkpt>
    <trkpt lat="46.00783" lon="9.66789">
        <ele>0.0</ele>
    </trkpt>
    <trkpt lat="46.00797" lon="9.66773">
        <ele>0.0</ele>
    </trkpt>
    <trkpt lat="46.00805" lon="9.66765">
        <ele>0.0</ele>
    </trkpt>
    <trkpt lat="46.00827" lon="9.66746">
        <ele>0.0</ele>
    </trkpt>
    <trkpt lat="46.00835" lon="9.66743">
        <ele>0.0</ele>
    </trkpt>
    <trkpt lat="46.00841" lon="9.66742">
        <ele>0.0</ele>
    </trkpt>
    <trkpt lat="46.00845" lon="9.66743">
        <ele>0.0</ele>
    </trkpt>
    <trkpt lat="46.00849" lon="9.66743">
        <ele>0.0</ele>
    </trkpt>
    <trkpt lat="46.00856" lon="9.66744">
        <ele>0.0</ele>
    </trkpt>
    <trkpt lat="46.00863" lon="9.66744">
        <ele>0.0</ele>
    </trkpt>
    <trkpt lat="46.00875" lon="9.66743">
        <ele>0.0</ele>
    </trkpt>
    <trkpt lat="46.00884" lon="9.66741">
        <ele>0.0</ele>
    </trkpt>
    <trkpt lat="46.00919" lon="9.66729">
        <ele>0.0</ele>
    </trkpt>
    <trkpt lat="46.0093" lon="9.66727">
        <ele>0.0</ele>
    </trkpt>
    <trkpt lat="46.00948" lon="9.66729">
        <ele>0.0</ele>
    </trkpt>
    <trkpt lat="46.01023" lon="9.66749">
        <ele>0.0</ele>
    </trkpt>
    <trkpt lat="46.01034" lon="9.66751">
        <ele>0.0</ele>
    </trkpt>
    <trkpt lat="46.0104" lon="9.66753">
        <ele>0.0</ele>
    </trkpt>
    <trkpt lat="46.01047" lon="9.66753">
        <ele>0.0</ele>
    </trkpt>
    <trkpt lat="46.01052" lon="9.66752">
        <ele>0.0</ele>
    </trkpt>
    <trkpt lat="46.01055" lon="9.66751">
        <ele>0.0</ele>
    </trkpt>
    <trkpt lat="46.01058" lon="9.66749">
        <ele>0.0</ele>
    </trkpt>
    <trkpt lat="46.0106" lon="9.66744">
        <ele>0.0</ele>
    </trkpt>
    <trkpt lat="46.01061" lon="9.66743">
        <ele>0.0</ele>
    </trkpt>
    <trkpt lat="46.01061" lon="9.66732">
        <ele>0.0</ele>
    </trkpt>
    <trkpt lat="46.0106" lon="9.6673">
        <ele>0.0</ele>
    </trkpt>
    <trkpt lat="46.0106" lon="9.66729">
        <ele>0.0</ele>
    </trkpt>
    <trkpt lat="46.01057" lon="9.66726">
        <ele>0.0</ele>
    </trkpt>
    <trkpt lat="46.01049" lon="9.6672">
        <ele>0.0</ele>
    </trkpt>
    <trkpt lat="46.01039" lon="9.66716">
        <ele>0.0</ele>
    </trkpt>
    <trkpt lat="46.0102" lon="9.66705">
        <ele>0.0</ele>
    </trkpt>
    <trkpt lat="46.01008" lon="9.66696">
        <ele>0.0</ele>
    </trkpt>
    <trkpt lat="46.01006" lon="9.66694">
        <ele>0.0</ele>
    </trkpt>
    <trkpt lat="46.00988" lon="9.66686">
        <ele>0.0</ele>
    </trkpt>
    <trkpt lat="46.00981" lon="9.66684">
        <ele>0.0</ele>
    </trkpt>
    <trkpt lat="46.00963" lon="9.66684">
        <ele>0.0</ele>
    </trkpt>
    <trkpt lat="46.00955" lon="9.66685">
        <ele>0.0</ele>
    </trkpt>
    <trkpt lat="46.00952" lon="9.66685">
        <ele>0.0</ele>
    </trkpt>
    <trkpt lat="46.00938" lon="9.66687">
        <ele>0.0</ele>
    </trkpt>
    <trkpt lat="46.00937" lon="9.66688">
        <ele>0.0</ele>
    </trkpt>
    <trkpt lat="46.00898" lon="9.66695">
        <ele>0.0</ele>
    </trkpt>
    <trkpt lat="46.00881" lon="9.667">
        <ele>0.0</ele>
    </trkpt>
    <trkpt lat="46.00875" lon="9.667">
        <ele>0.0</ele>
    </trkpt>
    <trkpt lat="46.00871" lon="9.66699">
        <ele>0.0</ele>
    </trkpt>
    <trkpt lat="46.00869" lon="9.66699">
        <ele>0.0</ele>
    </trkpt>
    <trkpt lat="46.00867" lon="9.66698">
        <ele>0.0</ele>
    </trkpt>
    <trkpt lat="46.00866" lon="9.66697">
        <ele>0.0</ele>
    </trkpt>
    <trkpt lat="46.00861" lon="9.66695">
        <ele>0.0</ele>
    </trkpt>
    <trkpt lat="46.00854" lon="9.66689">
        <ele>0.0</ele>
    </trkpt>
    <trkpt lat="46.00849" lon="9.66683">
        <ele>0.0</ele>
    </trkpt>
    <trkpt lat="46.00847" lon="9.6668">
        <ele>0.0</ele>
    </trkpt>
    <trkpt lat="46.00846" lon="9.66677">
        <ele>0.0</ele>
    </trkpt>
    <trkpt lat="46.00843" lon="9.66671">
        <ele>0.0</ele>
    </trkpt>
    <trkpt lat="46.0084" lon="9.66663">
        <ele>0.0</ele>
    </trkpt>
    <trkpt lat="46.00839" lon="9.66653">
        <ele>0.0</ele>
    </trkpt>
    <trkpt lat="46.00839" lon="9.66634">
        <ele>0.0</ele>
    </trkpt>
    <trkpt lat="46.00847" lon="9.66587">
        <ele>0.0</ele>
    </trkpt>
    <trkpt lat="46.00847" lon="9.66584">
        <ele>0.0</ele>
    </trkpt>
    <trkpt lat="46.00849" lon="9.66577">
        <ele>0.0</ele>
    </trkpt>
    <trkpt lat="46.00849" lon="9.66575">
        <ele>0.0</ele>
    </trkpt>
    <trkpt lat="46.0085" lon="9.66573">
        <ele>0.0</ele>
    </trkpt>
    <trkpt lat="46.00851" lon="9.66572">
        <ele>0.0</ele>
    </trkpt>
    <trkpt lat="46.00851" lon="9.6657">
        <ele>0.0</ele>
    </trkpt>
    <trkpt lat="46.00853" lon="9.66569">
        <ele>0.0</ele>
    </trkpt>
    <trkpt lat="46.00854" lon="9.66568">
        <ele>0.0</ele>
    </trkpt>
    <trkpt lat="46.00858" lon="9.66568">
        <ele>0.0</ele>
    </trkpt>
    <trkpt lat="46.0086" lon="9.6657">
        <ele>0.0</ele>
    </trkpt>
    <trkpt lat="46.0086" lon="9.66572">
        <ele>0.0</ele>
    </trkpt>
    <trkpt lat="46.00861" lon="9.66574">
        <ele>0.0</ele>
    </trkpt>
    <trkpt lat="46.00861" lon="9.6658">
        <ele>0.0</ele>
    </trkpt>
    <trkpt lat="46.0086" lon="9.66583">
        <ele>0.0</ele>
    </trkpt>
    <trkpt lat="46.00855" lon="9.66624">
        <ele>0.0</ele>
    </trkpt>
    <trkpt lat="46.00854" lon="9.66649">
        <ele>0.0</ele>
    </trkpt>
    <trkpt lat="46.00856" lon="9.66658">
        <ele>0.0</ele>
    </trkpt>
    <trkpt lat="46.00859" lon="9.66667">
        <ele>0.0</ele>
    </trkpt>
    <trkpt lat="46.00862" lon="9.6667">
        <ele>0.0</ele>
    </trkpt>
    <trkpt lat="46.00872" lon="9.66673">
        <ele>0.0</ele>
    </trkpt>
    <trkpt lat="46.00876" lon="9.66673">
        <ele>0.0</ele>
    </trkpt>
    <trkpt lat="46.00889" lon="9.6667">
        <ele>0.0</ele>
    </trkpt>
    <trkpt lat="46.00904" lon="9.66664">
        <ele>0.0</ele>
    </trkpt>
    <trkpt lat="46.00911" lon="9.66659">
        <ele>0.0</ele>
    </trkpt>
    <trkpt lat="46.00913" lon="9.66658">
        <ele>0.0</ele>
    </trkpt>
    <trkpt lat="46.00928" lon="9.66647">
        <ele>0.0</ele>
    </trkpt>
    <trkpt lat="46.00971" lon="9.66611">
        <ele>0.0</ele>
    </trkpt>
    <trkpt lat="46.00974" lon="9.66609">
        <ele>0.0</ele>
    </trkpt>
    <trkpt lat="46.00987" lon="9.66598">
        <ele>0.0</ele>
    </trkpt>
    <trkpt lat="46.01004" lon="9.66581">
        <ele>0.0</ele>
    </trkpt>
    <trkpt lat="46.01004" lon="9.6658">
        <ele>0.0</ele>
    </trkpt>
    <trkpt lat="46.01062" lon="9.66526">
        <ele>0.0</ele>
    </trkpt>
    <trkpt lat="46.01076" lon="9.6651">
        <ele>0.0</ele>
    </trkpt>
    <trkpt lat="46.01083" lon="9.66504">
        <ele>0.0</ele>
    </trkpt>
    <trkpt lat="46.01093" lon="9.66497">
        <ele>0.0</ele>
    </trkpt>
    <trkpt lat="46.01097" lon="9.66495">
        <ele>0.0</ele>
    </trkpt>
    <trkpt lat="46.01101" lon="9.66495">
        <ele>0.0</ele>
    </trkpt>
    <trkpt lat="46.01166" lon="9.66487">
        <ele>0.0</ele>
    </trkpt>
    <trkpt lat="46.01193" lon="9.66488">
        <ele>0.0</ele>
    </trkpt>
    <trkpt lat="46.01215" lon="9.66492">
        <ele>0.0</ele>
    </trkpt>
    <trkpt lat="46.01233" lon="9.66498">
        <ele>0.0</ele>
    </trkpt>
    <trkpt lat="46.01255" lon="9.66501">
        <ele>0.0</ele>
    </trkpt>
    <trkpt lat="46.01262" lon="9.66501">
        <ele>0.0</ele>
    </trkpt>
    <trkpt lat="46.01267" lon="9.665">
        <ele>0.0</ele>
    </trkpt>
    <trkpt lat="46.01278" lon="9.665">
        <ele>0.0</ele>
    </trkpt>
    <trkpt lat="46.0128" lon="9.66499">
        <ele>0.0</ele>
    </trkpt>
    <trkpt lat="46.01294" lon="9.66497">
        <ele>0.0</ele>
    </trkpt>
    <trkpt lat="46.01303" lon="9.66497">
        <ele>0.0</ele>
    </trkpt>
    <trkpt lat="46.01314" lon="9.66496">
        <ele>0.0</ele>
    </trkpt>
    <trkpt lat="46.01319" lon="9.66496">
        <ele>0.0</ele>
    </trkpt>
    <trkpt lat="46.01329" lon="9.66498">
        <ele>0.0</ele>
    </trkpt>
    <trkpt lat="46.01335" lon="9.665">
        <ele>0.0</ele>
    </trkpt>
    <trkpt lat="46.01343" lon="9.66505">
        <ele>0.0</ele>
    </trkpt>
    <trkpt lat="46.01366" lon="9.66516">
        <ele>0.0</ele>
    </trkpt>
    <trkpt lat="46.01418" lon="9.66535">
        <ele>0.0</ele>
    </trkpt>
    <trkpt lat="46.01427" lon="9.66537">
        <ele>0.0</ele>
    </trkpt>
    <trkpt lat="46.01436" lon="9.6654">
        <ele>0.0</ele>
    </trkpt>
    <trkpt lat="46.0147" lon="9.66549">
        <ele>0.0</ele>
    </trkpt>
    <trkpt lat="46.01524" lon="9.6655">
        <ele>0.0</ele>
    </trkpt>
    <trkpt lat="46.01525" lon="9.66551">
        <ele>0.0</ele>
    </trkpt>
    <trkpt lat="46.01528" lon="9.66551">
        <ele>0.0</ele>
    </trkpt>
    <trkpt lat="46.01531" lon="9.66552">
        <ele>0.0</ele>
    </trkpt>
    <trkpt lat="46.01535" lon="9.66555">
        <ele>0.0</ele>
    </trkpt>
    <trkpt lat="46.0154" lon="9.6656">
        <ele>0.0</ele>
    </trkpt>
    <trkpt lat="46.0155" lon="9.66575">
        <ele>0.0</ele>
    </trkpt>
    <trkpt lat="46.01554" lon="9.6658">
        <ele>0.0</ele>
    </trkpt>
    <trkpt lat="46.01555" lon="9.66582">
        <ele>0.0</ele>
    </trkpt>
    <trkpt lat="46.01561" lon="9.66591">
        <ele>0.0</ele>
    </trkpt>
    <trkpt lat="46.01575" lon="9.66604">
        <ele>0.0</ele>
    </trkpt>
    <trkpt lat="46.01583" lon="9.66608">
        <ele>0.0</ele>
    </trkpt>
    <trkpt lat="46.01601" lon="9.66614">
        <ele>0.0</ele>
    </trkpt>
    <trkpt lat="46.01602" lon="9.66614">
        <ele>0.0</ele>
    </trkpt>
    <trkpt lat="46.01644" lon="9.66631">
        <ele>0.0</ele>
    </trkpt>
    <trkpt lat="46.0169" lon="9.66644">
        <ele>0.0</ele>
    </trkpt>
    <trkpt lat="46.01766" lon="9.66651">
        <ele>0.0</ele>
    </trkpt>
    <trkpt lat="46.01783" lon="9.66655">
        <ele>0.0</ele>
    </trkpt>
    <trkpt lat="46.01802" lon="9.66662">
        <ele>0.0</ele>
    </trkpt>
    <trkpt lat="46.0181" lon="9.66664">
        <ele>0.0</ele>
    </trkpt>
    <trkpt lat="46.0182" lon="9.66664">
        <ele>0.0</ele>
    </trkpt>
    <trkpt lat="46.01823" lon="9.66662">
        <ele>0.0</ele>
    </trkpt>
    <trkpt lat="46.01824" lon="9.66662">
        <ele>0.0</ele>
    </trkpt>
    <trkpt lat="46.01826" lon="9.66657">
        <ele>0.0</ele>
    </trkpt>
    <trkpt lat="46.01826" lon="9.66655">
        <ele>0.0</ele>
    </trkpt>
    <trkpt lat="46.01827" lon="9.66653">
        <ele>0.0</ele>
    </trkpt>
    <trkpt lat="46.01827" lon="9.66637">
        <ele>0.0</ele>
    </trkpt>
    <trkpt lat="46.01826" lon="9.66634">
        <ele>0.0</ele>
    </trkpt>
    <trkpt lat="46.01826" lon="9.66631">
        <ele>0.0</ele>
    </trkpt>
    <trkpt lat="46.01825" lon="9.66628">
        <ele>0.0</ele>
    </trkpt>
    <trkpt lat="46.01825" lon="9.66627">
        <ele>0.0</ele>
    </trkpt>
    <trkpt lat="46.01824" lon="9.66626">
        <ele>0.0</ele>
    </trkpt>
    <trkpt lat="46.01824" lon="9.66625">
        <ele>0.0</ele>
    </trkpt>
    <trkpt lat="46.01823" lon="9.66624">
        <ele>0.0</ele>
    </trkpt>
    <trkpt lat="46.01821" lon="9.66623">
        <ele>0.0</ele>
    </trkpt>
    <trkpt lat="46.0182" lon="9.66622">
        <ele>0.0</ele>
    </trkpt>
    <trkpt lat="46.01817" lon="9.66622">
        <ele>0.0</ele>
    </trkpt>
    <trkpt lat="46.01816" lon="9.66621">
        <ele>0.0</ele>
    </trkpt>
    <trkpt lat="46.01779" lon="9.66619">
        <ele>0.0</ele>
    </trkpt>
    <trkpt lat="46.01764" lon="9.66616">
        <ele>0.0</ele>
    </trkpt>
    <trkpt lat="46.0175" lon="9.66612">
        <ele>0.0</ele>
    </trkpt>
    <trkpt lat="46.01749" lon="9.66612">
        <ele>0.0</ele>
    </trkpt>
    <trkpt lat="46.01733" lon="9.66605">
        <ele>0.0</ele>
    </trkpt>
    <trkpt lat="46.01676" lon="9.66572">
        <ele>0.0</ele>
    </trkpt>
    <trkpt lat="46.0161" lon="9.66524">
        <ele>0.0</ele>
    </trkpt>
    <trkpt lat="46.01607" lon="9.6652">
        <ele>0.0</ele>
    </trkpt>
    <trkpt lat="46.01559" lon="9.66475">
        <ele>0.0</ele>
    </trkpt>
    <trkpt lat="46.01545" lon="9.6646">
        <ele>0.0</ele>
    </trkpt>
    <trkpt lat="46.015" lon="9.66416">
        <ele>0.0</ele>
    </trkpt>
    <trkpt lat="46.0148" lon="9.66389">
        <ele>0.0</ele>
    </trkpt>
    <trkpt lat="46.01462" lon="9.66361">
        <ele>0.0</ele>
    </trkpt>
    <trkpt lat="46.0145" lon="9.66337">
        <ele>0.0</ele>
    </trkpt>
    <trkpt lat="46.01447" lon="9.66332">
        <ele>0.0</ele>
    </trkpt>
    <trkpt lat="46.01444" lon="9.66322">
        <ele>0.0</ele>
    </trkpt>
    <trkpt lat="46.01443" lon="9.6632">
        <ele>0.0</ele>
    </trkpt>
    <trkpt lat="46.01443" lon="9.66312">
        <ele>0.0</ele>
    </trkpt>
    <trkpt lat="46.01444" lon="9.6631">
        <ele>0.0</ele>
    </trkpt>
    <trkpt lat="46.01444" lon="9.66309">
        <ele>0.0</ele>
    </trkpt>
    <trkpt lat="46.01445" lon="9.66309">
        <ele>0.0</ele>
    </trkpt>
    <trkpt lat="46.01447" lon="9.66307">
        <ele>0.0</ele>
    </trkpt>
    <trkpt lat="46.01448" lon="9.66307">
        <ele>0.0</ele>
    </trkpt>
    <trkpt lat="46.01449" lon="9.66306">
        <ele>0.0</ele>
    </trkpt>
    <trkpt lat="46.01451" lon="9.66306">
        <ele>0.0</ele>
    </trkpt>
    <trkpt lat="46.01452" lon="9.66307">
        <ele>0.0</ele>
    </trkpt>
    <trkpt lat="46.01453" lon="9.66307">
        <ele>0.0</ele>
    </trkpt>
    <trkpt lat="46.01455" lon="9.66309">
        <ele>0.0</ele>
    </trkpt>
    <trkpt lat="46.01473" lon="9.6634">
        <ele>0.0</ele>
    </trkpt>
    <trkpt lat="46.01521" lon="9.6639">
        <ele>0.0</ele>
    </trkpt>
    <trkpt lat="46.01556" lon="9.66422">
        <ele>0.0</ele>
    </trkpt>
    <trkpt lat="46.01585" lon="9.66446">
        <ele>0.0</ele>
    </trkpt>
    <trkpt lat="46.01605" lon="9.66459">
        <ele>0.0</ele>
    </trkpt>
    <trkpt lat="46.01618" lon="9.66463">
        <ele>0.0</ele>
    </trkpt>
    <trkpt lat="46.01618" lon="9.66464">
        <ele>0.0</ele>
    </trkpt>
    <trkpt lat="46.01629" lon="9.66467">
        <ele>0.0</ele>
    </trkpt>
    <trkpt lat="46.01641" lon="9.66469">
        <ele>0.0</ele>
    </trkpt>
    <trkpt lat="46.01654" lon="9.66469">
        <ele>0.0</ele>
    </trkpt>
    <trkpt lat="46.01663" lon="9.6647">
        <ele>0.0</ele>
    </trkpt>
    <trkpt lat="46.01676" lon="9.66469">
        <ele>0.0</ele>
    </trkpt>
    <trkpt lat="46.01711" lon="9.66462">
        <ele>0.0</ele>
    </trkpt>
    <trkpt lat="46.01726" lon="9.66461">
        <ele>0.0</ele>
    </trkpt>
    <trkpt lat="46.01729" lon="9.6646">
        <ele>0.0</ele>
    </trkpt>
    <trkpt lat="46.0177" lon="9.66464">
        <ele>0.0</ele>
    </trkpt>
    <trkpt lat="46.01784" lon="9.66462">
        <ele>0.0</ele>
    </trkpt>
    <trkpt lat="46.01807" lon="9.66456">
        <ele>0.0</ele>
    </trkpt>
    <trkpt lat="46.01843" lon="9.66438">
        <ele>0.0</ele>
    </trkpt>
    <trkpt lat="46.01848" lon="9.66434">
        <ele>0.0</ele>
    </trkpt>
    <trkpt lat="46.01887" lon="9.66409">
        <ele>0.0</ele>
    </trkpt>
    <trkpt lat="46.01898" lon="9.66401">
        <ele>0.0</ele>
    </trkpt>
    <trkpt lat="46.01909" lon="9.66391">
        <ele>0.0</ele>
    </trkpt>
    <trkpt lat="46.01912" lon="9.66387">
        <ele>0.0</ele>
    </trkpt>
    <trkpt lat="46.01923" lon="9.66375">
        <ele>0.0</ele>
    </trkpt>
    <trkpt lat="46.01927" lon="9.66372">
        <ele>0.0</ele>
    </trkpt>
    <trkpt lat="46.01948" lon="9.66351">
        <ele>0.0</ele>
    </trkpt>
    <trkpt lat="46.01984" lon="9.66323">
        <ele>0.0</ele>
    </trkpt>
    <trkpt lat="46.02055" lon="9.6628">
        <ele>0.0</ele>
    </trkpt>
    <trkpt lat="46.02069" lon="9.66274">
        <ele>0.0</ele>
    </trkpt>
    <trkpt lat="46.0207" lon="9.66274">
        <ele>0.0</ele>
    </trkpt>
    <trkpt lat="46.02077" lon="9.66269">
        <ele>0.0</ele>
    </trkpt>
    <trkpt lat="46.02083" lon="9.66258">
        <ele>0.0</ele>
    </trkpt>
    <trkpt lat="46.02083" lon="9.66257">
        <ele>0.0</ele>
    </trkpt>
    <trkpt lat="46.02092" lon="9.66235">
        <ele>0.0</ele>
    </trkpt>
    <trkpt lat="46.02096" lon="9.66222">
        <ele>0.0</ele>
    </trkpt>
    <trkpt lat="46.02107" lon="9.66198">
        <ele>0.0</ele>
    </trkpt>
    <trkpt lat="46.02109" lon="9.66195">
        <ele>0.0</ele>
    </trkpt>
    <trkpt lat="46.02114" lon="9.66192">
        <ele>0.0</ele>
    </trkpt>
    <trkpt lat="46.02117" lon="9.66191">
        <ele>0.0</ele>
    </trkpt>
    <trkpt lat="46.0212" lon="9.66191">
        <ele>0.0</ele>
    </trkpt>
    <trkpt lat="46.02126" lon="9.66193">
        <ele>0.0</ele>
    </trkpt>
    <trkpt lat="46.0213" lon="9.66195">
        <ele>0.0</ele>
    </trkpt>
    <trkpt lat="46.02133" lon="9.66197">
        <ele>0.0</ele>
    </trkpt>
    <trkpt lat="46.02141" lon="9.66201">
        <ele>0.0</ele>
    </trkpt>
    <trkpt lat="46.02151" lon="9.66205">
        <ele>0.0</ele>
    </trkpt>
    <trkpt lat="46.0216" lon="9.66207">
        <ele>0.0</ele>
    </trkpt>
    <trkpt lat="46.02179" lon="9.66207">
        <ele>0.0</ele>
    </trkpt>
    <trkpt lat="46.02182" lon="9.66206">
        <ele>0.0</ele>
    </trkpt>
    <trkpt lat="46.02185" lon="9.66206">
        <ele>0.0</ele>
    </trkpt>
    <trkpt lat="46.02236" lon="9.66198">
        <ele>0.0</ele>
    </trkpt>
    <trkpt lat="46.0224" lon="9.66198">
        <ele>0.0</ele>
    </trkpt>
    <trkpt lat="46.02272" lon="9.66192">
        <ele>0.0</ele>
    </trkpt>
    <trkpt lat="46.0229" lon="9.6619">
        <ele>0.0</ele>
    </trkpt>
    <trkpt lat="46.02295" lon="9.66189">
        <ele>0.0</ele>
    </trkpt>
    <trkpt lat="46.02301" lon="9.66186">
        <ele>0.0</ele>
    </trkpt>
    <trkpt lat="46.02307" lon="9.66182">
        <ele>0.0</ele>
    </trkpt>
    <trkpt lat="46.02316" lon="9.66172">
        <ele>0.0</ele>
    </trkpt>
    <trkpt lat="46.02318" lon="9.66167">
        <ele>0.0</ele>
    </trkpt>
    <trkpt lat="46.02322" lon="9.6616">
        <ele>0.0</ele>
    </trkpt>
    <trkpt lat="46.02332" lon="9.66146">
        <ele>0.0</ele>
    </trkpt>
    <trkpt lat="46.02333" lon="9.66145">
        <ele>0.0</ele>
    </trkpt>
    <trkpt lat="46.0234" lon="9.66135">
        <ele>0.0</ele>
    </trkpt>
    <trkpt lat="46.02352" lon="9.66124">
        <ele>0.0</ele>
    </trkpt>
    <trkpt lat="46.02362" lon="9.66117">
        <ele>0.0</ele>
    </trkpt>
    <trkpt lat="46.02363" lon="9.66117">
        <ele>0.0</ele>
    </trkpt>
    <trkpt lat="46.0237" lon="9.6611">
        <ele>0.0</ele>
    </trkpt>
    <trkpt lat="46.02377" lon="9.66104">
        <ele>0.0</ele>
    </trkpt>
    <trkpt lat="46.02383" lon="9.661">
        <ele>0.0</ele>
    </trkpt>
    <trkpt lat="46.02391" lon="9.66091">
        <ele>0.0</ele>
    </trkpt>
    <trkpt lat="46.02418" lon="9.66054">
        <ele>0.0</ele>
    </trkpt>
    <trkpt lat="46.02422" lon="9.6605">
        <ele>0.0</ele>
    </trkpt>
    <trkpt lat="46.02426" lon="9.66044">
        <ele>0.0</ele>
    </trkpt>
    <trkpt lat="46.02442" lon="9.6603">
        <ele>0.0</ele>
    </trkpt>
    <trkpt lat="46.02463" lon="9.66015">
        <ele>0.0</ele>
    </trkpt>
    <trkpt lat="46.02494" lon="9.65984">
        <ele>0.0</ele>
    </trkpt>
    <trkpt lat="46.0255" lon="9.65921">
        <ele>0.0</ele>
    </trkpt>
    <trkpt lat="46.0255" lon="9.6592">
        <ele>0.0</ele>
    </trkpt>
    <trkpt lat="46.02564" lon="9.65903">
        <ele>0.0</ele>
    </trkpt>
    <trkpt lat="46.0259" lon="9.65868">
        <ele>0.0</ele>
    </trkpt>
    <trkpt lat="46.02591" lon="9.65867">
        <ele>0.0</ele>
    </trkpt>
    <trkpt lat="46.02637" lon="9.65791">
        <ele>0.0</ele>
    </trkpt>
    <trkpt lat="46.02638" lon="9.6579">
        <ele>0.0</ele>
    </trkpt>
    <trkpt lat="46.02648" lon="9.65769">
        <ele>0.0</ele>
    </trkpt>
    <trkpt lat="46.02671" lon="9.65698">
        <ele>0.0</ele>
    </trkpt>
    <trkpt lat="46.02672" lon="9.65693">
        <ele>0.0</ele>
    </trkpt>
    <trkpt lat="46.02691" lon="9.65637">
        <ele>0.0</ele>
    </trkpt>
    <trkpt lat="46.02705" lon="9.65608">
        <ele>0.0</ele>
    </trkpt>
    <trkpt lat="46.02709" lon="9.65601">
        <ele>0.0</ele>
    </trkpt>
    <trkpt lat="46.02732" lon="9.65574">
        <ele>0.0</ele>
    </trkpt>
    <trkpt lat="46.02774" lon="9.65505">
        <ele>0.0</ele>
    </trkpt>
    <trkpt lat="46.02805" lon="9.6546">
        <ele>0.0</ele>
    </trkpt>
    <trkpt lat="46.02816" lon="9.65447">
        <ele>0.0</ele>
    </trkpt>
    <trkpt lat="46.0282" lon="9.65444">
        <ele>0.0</ele>
    </trkpt>
    <trkpt lat="46.02829" lon="9.65439">
        <ele>0.0</ele>
    </trkpt>
    <trkpt lat="46.02837" lon="9.65436">
        <ele>0.0</ele>
    </trkpt>
    <trkpt lat="46.02842" lon="9.65435">
        <ele>0.0</ele>
    </trkpt>
    <trkpt lat="46.0285" lon="9.65431">
        <ele>0.0</ele>
    </trkpt>
    <trkpt lat="46.02862" lon="9.65428">
        <ele>0.0</ele>
    </trkpt>
    <trkpt lat="46.02872" lon="9.65424">
        <ele>0.0</ele>
    </trkpt>
    <trkpt lat="46.02874" lon="9.65424">
        <ele>0.0</ele>
    </trkpt>
    <trkpt lat="46.02896" lon="9.65411">
        <ele>0.0</ele>
    </trkpt>
    <trkpt lat="46.02906" lon="9.65401">
        <ele>0.0</ele>
    </trkpt>
    <trkpt lat="46.02911" lon="9.65394">
        <ele>0.0</ele>
    </trkpt>
    <trkpt lat="46.0292" lon="9.65377">
        <ele>0.0</ele>
    </trkpt>
    <trkpt lat="46.02935" lon="9.65339">
        <ele>0.0</ele>
    </trkpt>
    <trkpt lat="46.02962" lon="9.65288">
        <ele>0.0</ele>
    </trkpt>
    <trkpt lat="46.02977" lon="9.65265">
        <ele>0.0</ele>
    </trkpt>
    <trkpt lat="46.02982" lon="9.6526">
        <ele>0.0</ele>
    </trkpt>
    <trkpt lat="46.02985" lon="9.65255">
        <ele>0.0</ele>
    </trkpt>
    <trkpt lat="46.02997" lon="9.65246">
        <ele>0.0</ele>
    </trkpt>
    <trkpt lat="46.02999" lon="9.65245">
        <ele>0.0</ele>
    </trkpt>
    <trkpt lat="46.03015" lon="9.65233">
        <ele>0.0</ele>
    </trkpt>
    <trkpt lat="46.03048" lon="9.6519">
        <ele>0.0</ele>
    </trkpt>
    <trkpt lat="46.03081" lon="9.65151">
        <ele>0.0</ele>
    </trkpt>
    <trkpt lat="46.03084" lon="9.6515">
        <ele>0.0</ele>
    </trkpt>
    <trkpt lat="46.03088" lon="9.6515">
        <ele>0.0</ele>
    </trkpt>
    <trkpt lat="46.03096" lon="9.65155">
        <ele>0.0</ele>
    </trkpt>
    <trkpt lat="46.031" lon="9.65159">
        <ele>0.0</ele>
    </trkpt>
    <trkpt lat="46.03104" lon="9.65165">
        <ele>0.0</ele>
    </trkpt>
    <trkpt lat="46.03106" lon="9.65169">
        <ele>0.0</ele>
    </trkpt>
    <trkpt lat="46.03107" lon="9.65173">
        <ele>0.0</ele>
    </trkpt>
    <trkpt lat="46.03107" lon="9.65182">
        <ele>0.0</ele>
    </trkpt>
    <trkpt lat="46.03103" lon="9.65209">
        <ele>0.0</ele>
    </trkpt>
    <trkpt lat="46.03082" lon="9.65274">
        <ele>0.0</ele>
    </trkpt>
    <trkpt lat="46.03081" lon="9.65276">
        <ele>0.0</ele>
    </trkpt>
    <trkpt lat="46.03074" lon="9.65298">
        <ele>0.0</ele>
    </trkpt>
    <trkpt lat="46.03067" lon="9.65313">
        <ele>0.0</ele>
    </trkpt>
    <trkpt lat="46.03064" lon="9.65318">
        <ele>0.0</ele>
    </trkpt>
    <trkpt lat="46.03064" lon="9.65319">
        <ele>0.0</ele>
    </trkpt>
    <trkpt lat="46.03063" lon="9.65323">
        <ele>0.0</ele>
    </trkpt>
    <trkpt lat="46.03061" lon="9.65327">
        <ele>0.0</ele>
    </trkpt>
    <trkpt lat="46.03061" lon="9.65338">
        <ele>0.0</ele>
    </trkpt>
    <trkpt lat="46.03062" lon="9.6534">
        <ele>0.0</ele>
    </trkpt>
    <trkpt lat="46.03064" lon="9.65342">
        <ele>0.0</ele>
    </trkpt>
    <trkpt lat="46.03066" lon="9.65343">
        <ele>0.0</ele>
    </trkpt>
    <trkpt lat="46.03071" lon="9.65343">
        <ele>0.0</ele>
    </trkpt>
    <trkpt lat="46.03074" lon="9.6534">
        <ele>0.0</ele>
    </trkpt>
    <trkpt lat="46.03084" lon="9.65318">
        <ele>0.0</ele>
    </trkpt>
    <trkpt lat="46.03089" lon="9.6531">
        <ele>0.0</ele>
    </trkpt>
    <trkpt lat="46.03091" lon="9.65305">
        <ele>0.0</ele>
    </trkpt>
    <trkpt lat="46.03101" lon="9.65291">
        <ele>0.0</ele>
    </trkpt>
    <trkpt lat="46.03102" lon="9.65288">
        <ele>0.0</ele>
    </trkpt>
    <trkpt lat="46.03111" lon="9.65277">
        <ele>0.0</ele>
    </trkpt>
    <trkpt lat="46.03137" lon="9.65233">
        <ele>0.0</ele>
    </trkpt>
    <trkpt lat="46.03138" lon="9.6523">
        <ele>0.0</ele>
    </trkpt>
    <trkpt lat="46.03147" lon="9.65212">
        <ele>0.0</ele>
    </trkpt>
    <trkpt lat="46.0315" lon="9.65203">
        <ele>0.0</ele>
    </trkpt>
    <trkpt lat="46.03161" lon="9.65183">
        <ele>0.0</ele>
    </trkpt>
    <trkpt lat="46.03167" lon="9.65161">
        <ele>0.0</ele>
    </trkpt>
    <trkpt lat="46.03168" lon="9.65152">
        <ele>0.0</ele>
    </trkpt>
    <trkpt lat="46.03168" lon="9.65134">
        <ele>0.0</ele>
    </trkpt>
    <trkpt lat="46.03164" lon="9.65117">
        <ele>0.0</ele>
    </trkpt>
    <trkpt lat="46.03162" lon="9.65112">
        <ele>0.0</ele>
    </trkpt>
    <trkpt lat="46.03157" lon="9.65094">
        <ele>0.0</ele>
    </trkpt>
    <trkpt lat="46.03147" lon="9.65071">
        <ele>0.0</ele>
    </trkpt>
    <trkpt lat="46.0314" lon="9.65048">
        <ele>0.0</ele>
    </trkpt>
    <trkpt lat="46.03139" lon="9.65047">
        <ele>0.0</ele>
    </trkpt>
    <trkpt lat="46.03136" lon="9.65035">
        <ele>0.0</ele>
    </trkpt>
    <trkpt lat="46.03136" lon="9.65028">
        <ele>0.0</ele>
    </trkpt>
    <trkpt lat="46.03141" lon="9.65012">
        <ele>0.0</ele>
    </trkpt>
    <trkpt lat="46.03144" lon="9.65005">
        <ele>0.0</ele>
    </trkpt>
    <trkpt lat="46.03153" lon="9.64989">
        <ele>0.0</ele>
    </trkpt>
    <trkpt lat="46.03161" lon="9.64977">
        <ele>0.0</ele>
    </trkpt>
    <trkpt lat="46.03163" lon="9.64973">
        <ele>0.0</ele>
    </trkpt>
    <trkpt lat="46.03181" lon="9.6495">
        <ele>0.0</ele>
    </trkpt>
    <trkpt lat="46.03191" lon="9.64941">
        <ele>0.0</ele>
    </trkpt>
    <trkpt lat="46.03196" lon="9.64938">
        <ele>0.0</ele>
    </trkpt>
    <trkpt lat="46.03202" lon="9.64937">
        <ele>0.0</ele>
    </trkpt>
    <trkpt lat="46.03207" lon="9.64935">
        <ele>0.0</ele>
    </trkpt>
    <trkpt lat="46.03232" lon="9.64937">
        <ele>0.0</ele>
    </trkpt>
    <trkpt lat="46.03253" lon="9.64934">
        <ele>0.0</ele>
    </trkpt>
    <trkpt lat="46.03264" lon="9.64927">
        <ele>0.0</ele>
    </trkpt>
    <trkpt lat="46.03274" lon="9.64918">
        <ele>0.0</ele>
    </trkpt>
    <trkpt lat="46.03287" lon="9.64904">
        <ele>0.0</ele>
    </trkpt>
    <trkpt lat="46.03289" lon="9.64903">
        <ele>0.0</ele>
    </trkpt>
    <trkpt lat="46.033" lon="9.64893">
        <ele>0.0</ele>
    </trkpt>
    <trkpt lat="46.03307" lon="9.64888">
        <ele>0.0</ele>
    </trkpt>
    <trkpt lat="46.03314" lon="9.64885">
        <ele>0.0</ele>
    </trkpt>
    <trkpt lat="46.0332" lon="9.64884">
        <ele>0.0</ele>
    </trkpt>
    <trkpt lat="46.03322" lon="9.64884">
        <ele>0.0</ele>
    </trkpt>
    <trkpt lat="46.03342" lon="9.64889">
        <ele>0.0</ele>
    </trkpt>
    <trkpt lat="46.03384" lon="9.64896">
        <ele>0.0</ele>
    </trkpt>
    <trkpt lat="46.03412" lon="9.64898">
        <ele>0.0</ele>
    </trkpt>
    <trkpt lat="46.03444" lon="9.64904">
        <ele>0.0</ele>
    </trkpt>
    <trkpt lat="46.03446" lon="9.64905">
        <ele>0.0</ele>
    </trkpt>
    <trkpt lat="46.03452" lon="9.64907">
        <ele>0.0</ele>
    </trkpt>
    <trkpt lat="46.03465" lon="9.64914">
        <ele>0.0</ele>
    </trkpt>
    <trkpt lat="46.03481" lon="9.6492">
        <ele>0.0</ele>
    </trkpt>
    <trkpt lat="46.03523" lon="9.6494">
        <ele>0.0</ele>
    </trkpt>
    <trkpt lat="46.03532" lon="9.64946">
        <ele>0.0</ele>
    </trkpt>
    <trkpt lat="46.03536" lon="9.64948">
        <ele>0.0</ele>
    </trkpt>
    <trkpt lat="46.03562" lon="9.64967">
        <ele>0.0</ele>
    </trkpt>
    <trkpt lat="46.03564" lon="9.64969">
        <ele>0.0</ele>
    </trkpt>
    <trkpt lat="46.03625" lon="9.65017">
        <ele>0.0</ele>
    </trkpt>
    <trkpt lat="46.03657" lon="9.65048">
        <ele>0.0</ele>
    </trkpt>
    <trkpt lat="46.03694" lon="9.65093">
        <ele>0.0</ele>
    </trkpt>
    <trkpt lat="46.03724" lon="9.65135">
        <ele>0.0</ele>
    </trkpt>
    <trkpt lat="46.0373" lon="9.65145">
        <ele>0.0</ele>
    </trkpt>
    <trkpt lat="46.0377" lon="9.65191">
        <ele>0.0</ele>
    </trkpt>
    <trkpt lat="46.0378" lon="9.65199">
        <ele>0.0</ele>
    </trkpt>
    <trkpt lat="46.03797" lon="9.65209">
        <ele>0.0</ele>
    </trkpt>
    <trkpt lat="46.03814" lon="9.65217">
        <ele>0.0</ele>
    </trkpt>
    <trkpt lat="46.03816" lon="9.65217">
        <ele>0.0</ele>
    </trkpt>
    <trkpt lat="46.03831" lon="9.65223">
        <ele>0.0</ele>
    </trkpt>
    <trkpt lat="46.03849" lon="9.65229">
        <ele>0.0</ele>
    </trkpt>
    <trkpt lat="46.03872" lon="9.65238">
        <ele>0.0</ele>
    </trkpt>
    <trkpt lat="46.03884" lon="9.65241">
        <ele>0.0</ele>
    </trkpt>
    <trkpt lat="46.03936" lon="9.65257">
        <ele>0.0</ele>
    </trkpt>
    <trkpt lat="46.03937" lon="9.65257">
        <ele>0.0</ele>
    </trkpt>
    <trkpt lat="46.03948" lon="9.65262">
        <ele>0.0</ele>
    </trkpt>
    <trkpt lat="46.03953" lon="9.65266">
        <ele>0.0</ele>
    </trkpt>
    <trkpt lat="46.03962" lon="9.65278">
        <ele>0.0</ele>
    </trkpt>
    <trkpt lat="46.03976" lon="9.65318">
        <ele>0.0</ele>
    </trkpt>
    <trkpt lat="46.03978" lon="9.65326">
        <ele>0.0</ele>
    </trkpt>
    <trkpt lat="46.03982" lon="9.65335">
        <ele>0.0</ele>
    </trkpt>
    <trkpt lat="46.03985" lon="9.65345">
        <ele>0.0</ele>
    </trkpt>
    <trkpt lat="46.03999" lon="9.65366">
        <ele>0.0</ele>
    </trkpt>
    <trkpt lat="46.04001" lon="9.65367">
        <ele>0.0</ele>
    </trkpt>
    <trkpt lat="46.04003" lon="9.65369">
        <ele>0.0</ele>
    </trkpt>
    <trkpt lat="46.04025" lon="9.65381">
        <ele>0.0</ele>
    </trkpt>
    <trkpt lat="46.0405" lon="9.65399">
        <ele>0.0</ele>
    </trkpt>
    <trkpt lat="46.04056" lon="9.65404">
        <ele>0.0</ele>
    </trkpt>
    <trkpt lat="46.04083" lon="9.6542">
        <ele>0.0</ele>
    </trkpt>
    <trkpt lat="46.0408" lon="9.65408">
        <ele>0.0</ele>
    </trkpt>
    <trkpt lat="46.04079" lon="9.654">
        <ele>0.0</ele>
    </trkpt>
    <trkpt lat="46.04079" lon="9.65395">
        <ele>0.0</ele>
    </trkpt>
    <trkpt lat="46.04078" lon="9.65393">
        <ele>0.0</ele>
    </trkpt>
    <trkpt lat="46.04077" lon="9.65364">
        <ele>0.0</ele>
    </trkpt>
    <trkpt lat="46.04085" lon="9.65292">
        <ele>0.0</ele>
    </trkpt>
    <trkpt lat="46.04087" lon="9.6524">
        <ele>0.0</ele>
    </trkpt>
    <trkpt lat="46.04088" lon="9.6523">
        <ele>0.0</ele>
    </trkpt>
    <trkpt lat="46.04088" lon="9.65226">
        <ele>0.0</ele>
    </trkpt>
    <trkpt lat="46.04089" lon="9.65224">
        <ele>0.0</ele>
    </trkpt>
    <trkpt lat="46.04089" lon="9.65222">
        <ele>0.0</ele>
    </trkpt>
    <trkpt lat="46.0409" lon="9.6522">
        <ele>0.0</ele>
    </trkpt>
    <trkpt lat="46.04092" lon="9.65219">
        <ele>0.0</ele>
    </trkpt>
    <trkpt lat="46.04093" lon="9.65218">
        <ele>0.0</ele>
    </trkpt>
    <trkpt lat="46.04094" lon="9.65218">
        <ele>0.0</ele>
    </trkpt>
    <trkpt lat="46.04099" lon="9.65215">
        <ele>0.0</ele>
    </trkpt>
    <trkpt lat="46.04101" lon="9.65215">
        <ele>0.0</ele>
    </trkpt>
    <trkpt lat="46.04103" lon="9.65217">
        <ele>0.0</ele>
    </trkpt>
    <trkpt lat="46.04106" lon="9.65219">
        <ele>0.0</ele>
    </trkpt>
    <trkpt lat="46.04109" lon="9.65223">
        <ele>0.0</ele>
    </trkpt>
    <trkpt lat="46.0411" lon="9.65223">
        <ele>0.0</ele>
    </trkpt>
    <trkpt lat="46.04112" lon="9.65227">
        <ele>0.0</ele>
    </trkpt>
    <trkpt lat="46.04115" lon="9.6523">
        <ele>0.0</ele>
    </trkpt>
    <trkpt lat="46.04125" lon="9.65245">
        <ele>0.0</ele>
    </trkpt>
    <trkpt lat="46.04149" lon="9.65271">
        <ele>0.0</ele>
    </trkpt>
    <trkpt lat="46.04156" lon="9.65276">
        <ele>0.0</ele>
    </trkpt>
    <trkpt lat="46.04162" lon="9.65279">
        <ele>0.0</ele>
    </trkpt>
    <trkpt lat="46.04165" lon="9.6528">
        <ele>0.0</ele>
    </trkpt>
    <trkpt lat="46.04167" lon="9.6528">
        <ele>0.0</ele>
    </trkpt>
    <trkpt lat="46.04168" lon="9.65281">
        <ele>0.0</ele>
    </trkpt>
    <trkpt lat="46.0417" lon="9.65281">
        <ele>0.0</ele>
    </trkpt>
    <trkpt lat="46.04171" lon="9.6528">
        <ele>0.0</ele>
    </trkpt>
    <trkpt lat="46.04172" lon="9.6528">
        <ele>0.0</ele>
    </trkpt>
    <trkpt lat="46.04174" lon="9.65276">
        <ele>0.0</ele>
    </trkpt>
    <trkpt lat="46.04176" lon="9.65269">
        <ele>0.0</ele>
    </trkpt>
    <trkpt lat="46.0417" lon="9.65244">
        <ele>0.0</ele>
    </trkpt>
    <trkpt lat="46.04166" lon="9.65231">
        <ele>0.0</ele>
    </trkpt>
    <trkpt lat="46.04164" lon="9.6522">
        <ele>0.0</ele>
    </trkpt>
    <trkpt lat="46.04158" lon="9.65196">
        <ele>0.0</ele>
    </trkpt>
    <trkpt lat="46.04157" lon="9.65184">
        <ele>0.0</ele>
    </trkpt>
    <trkpt lat="46.04152" lon="9.65171">
        <ele>0.0</ele>
    </trkpt>
    <trkpt lat="46.04152" lon="9.6517">
        <ele>0.0</ele>
    </trkpt>
    <trkpt lat="46.04139" lon="9.65154">
        <ele>0.0</ele>
    </trkpt>
    <trkpt lat="46.04132" lon="9.6515">
        <ele>0.0</ele>
    </trkpt>
    <trkpt lat="46.04075" lon="9.65136">
        <ele>0.0</ele>
    </trkpt>
    <trkpt lat="46.04038" lon="9.65132">
        <ele>0.0</ele>
    </trkpt>
    <trkpt lat="46.04033" lon="9.65131">
        <ele>0.0</ele>
    </trkpt>
    <trkpt lat="46.04023" lon="9.65127">
        <ele>0.0</ele>
    </trkpt>
    <trkpt lat="46.04018" lon="9.65124">
        <ele>0.0</ele>
    </trkpt>
    <trkpt lat="46.04011" lon="9.65115">
        <ele>0.0</ele>
    </trkpt>
    <trkpt lat="46.04009" lon="9.65111">
        <ele>0.0</ele>
    </trkpt>
    <trkpt lat="46.04008" lon="9.65107">
        <ele>0.0</ele>
    </trkpt>
    <trkpt lat="46.04008" lon="9.65103">
        <ele>0.0</ele>
    </trkpt>
    <trkpt lat="46.04007" lon="9.651">
        <ele>0.0</ele>
    </trkpt>
    <trkpt lat="46.04008" lon="9.65096">
        <ele>0.0</ele>
    </trkpt>
    <trkpt lat="46.04008" lon="9.65092">
        <ele>0.0</ele>
    </trkpt>
    <trkpt lat="46.04012" lon="9.65062">
        <ele>0.0</ele>
    </trkpt>
    <trkpt lat="46.04012" lon="9.65057">
        <ele>0.0</ele>
    </trkpt>
    <trkpt lat="46.0401" lon="9.65049">
        <ele>0.0</ele>
    </trkpt>
    <trkpt lat="46.0401" lon="9.65048">
        <ele>0.0</ele>
    </trkpt>
    <trkpt lat="46.04009" lon="9.65044">
        <ele>0.0</ele>
    </trkpt>
    <trkpt lat="46.04007" lon="9.6504">
        <ele>0.0</ele>
    </trkpt>
    <trkpt lat="46.04004" lon="9.65036">
        <ele>0.0</ele>
    </trkpt>
    <trkpt lat="46.04003" lon="9.65034">
        <ele>0.0</ele>
    </trkpt>
    <trkpt lat="46.03984" lon="9.65017">
        <ele>0.0</ele>
    </trkpt>
    <trkpt lat="46.03971" lon="9.64999">
        <ele>0.0</ele>
    </trkpt>
    <trkpt lat="46.03971" lon="9.64998">
        <ele>0.0</ele>
    </trkpt>
    <trkpt lat="46.03947" lon="9.64973">
        <ele>0.0</ele>
    </trkpt>
    <trkpt lat="46.03946" lon="9.64971">
        <ele>0.0</ele>
    </trkpt>
    <trkpt lat="46.03921" lon="9.64954">
        <ele>0.0</ele>
    </trkpt>
    <trkpt lat="46.03906" lon="9.64947">
        <ele>0.0</ele>
    </trkpt>
    <trkpt lat="46.03904" lon="9.64945">
        <ele>0.0</ele>
    </trkpt>
    <trkpt lat="46.03903" lon="9.64943">
        <ele>0.0</ele>
    </trkpt>
    <trkpt lat="46.03903" lon="9.64935">
        <ele>0.0</ele>
    </trkpt>
    <trkpt lat="46.03904" lon="9.64933">
        <ele>0.0</ele>
    </trkpt>
    <trkpt lat="46.03904" lon="9.64931">
        <ele>0.0</ele>
    </trkpt>
    <trkpt lat="46.03905" lon="9.6493">
        <ele>0.0</ele>
    </trkpt>
    <trkpt lat="46.03907" lon="9.64929">
        <ele>0.0</ele>
    </trkpt>
    <trkpt lat="46.03908" lon="9.64928">
        <ele>0.0</ele>
    </trkpt>
    <trkpt lat="46.03912" lon="9.64928">
        <ele>0.0</ele>
    </trkpt>
    <trkpt lat="46.03921" lon="9.64932">
        <ele>0.0</ele>
    </trkpt>
    <trkpt lat="46.03957" lon="9.64954">
        <ele>0.0</ele>
    </trkpt>
    <trkpt lat="46.03991" lon="9.64971">
        <ele>0.0</ele>
    </trkpt>
    <trkpt lat="46.04072" lon="9.64994">
        <ele>0.0</ele>
    </trkpt>
    <trkpt lat="46.04147" lon="9.64999">
        <ele>0.0</ele>
    </trkpt>
    <trkpt lat="46.04151" lon="9.65">
        <ele>0.0</ele>
    </trkpt>
    <trkpt lat="46.04161" lon="9.64999">
        <ele>0.0</ele>
    </trkpt>
    <trkpt lat="46.04179" lon="9.64995">
        <ele>0.0</ele>
    </trkpt>
    <trkpt lat="46.0418" lon="9.64994">
        <ele>0.0</ele>
    </trkpt>
    <trkpt lat="46.04187" lon="9.64991">
        <ele>0.0</ele>
    </trkpt>
    <trkpt lat="46.04188" lon="9.64991">
        <ele>0.0</ele>
    </trkpt>
    <trkpt lat="46.04214" lon="9.64974">
        <ele>0.0</ele>
    </trkpt>
    <trkpt lat="46.0422" lon="9.64972">
        <ele>0.0</ele>
    </trkpt>
    <trkpt lat="46.04254" lon="9.64957">
        <ele>0.0</ele>
    </trkpt>
    <trkpt lat="46.04267" lon="9.64955">
        <ele>0.0</ele>
    </trkpt>
    <trkpt lat="46.0429" lon="9.6495">
        <ele>0.0</ele>
    </trkpt>
    <trkpt lat="46.04297" lon="9.64949">
        <ele>0.0</ele>
    </trkpt>
    <trkpt lat="46.04319" lon="9.64943">
        <ele>0.0</ele>
    </trkpt>
    <trkpt lat="46.04325" lon="9.64942">
        <ele>0.0</ele>
    </trkpt>
    <trkpt lat="46.0433" lon="9.64943">
        <ele>0.0</ele>
    </trkpt>
    <trkpt lat="46.04335" lon="9.64946">
        <ele>0.0</ele>
    </trkpt>
    <trkpt lat="46.0434" lon="9.6495">
        <ele>0.0</ele>
    </trkpt>
    <trkpt lat="46.04349" lon="9.64959">
        <ele>0.0</ele>
    </trkpt>
    <trkpt lat="46.04354" lon="9.64966">
        <ele>0.0</ele>
    </trkpt>
    <trkpt lat="46.04356" lon="9.64968">
        <ele>0.0</ele>
    </trkpt>
    <trkpt lat="46.04362" lon="9.64982">
        <ele>0.0</ele>
    </trkpt>
    <trkpt lat="46.04365" lon="9.64987">
        <ele>0.0</ele>
    </trkpt>
    <trkpt lat="46.0437" lon="9.65005">
        <ele>0.0</ele>
    </trkpt>
    <trkpt lat="46.04373" lon="9.65013">
        <ele>0.0</ele>
    </trkpt>
    <trkpt lat="46.04374" lon="9.65017">
        <ele>0.0</ele>
    </trkpt>
    <trkpt lat="46.04375" lon="9.65017">
        <ele>0.0</ele>
    </trkpt>
    <trkpt lat="46.04376" lon="9.65018">
        <ele>0.0</ele>
    </trkpt>
    <trkpt lat="46.04383" lon="9.65023">
        <ele>0.0</ele>
    </trkpt>
    <trkpt lat="46.04384" lon="9.65023">
        <ele>0.0</ele>
    </trkpt>
    <trkpt lat="46.04387" lon="9.65021">
        <ele>0.0</ele>
    </trkpt>
    <trkpt lat="46.04388" lon="9.6502">
        <ele>0.0</ele>
    </trkpt>
    <trkpt lat="46.04389" lon="9.6502">
        <ele>0.0</ele>
    </trkpt>
    <trkpt lat="46.04392" lon="9.65016">
        <ele>0.0</ele>
    </trkpt>
    <trkpt lat="46.04393" lon="9.65013">
        <ele>0.0</ele>
    </trkpt>
    <trkpt lat="46.04393" lon="9.65007">
        <ele>0.0</ele>
    </trkpt>
    <trkpt lat="46.04394" lon="9.65004">
        <ele>0.0</ele>
    </trkpt>
    <trkpt lat="46.04393" lon="9.64999">
        <ele>0.0</ele>
    </trkpt>
    <trkpt lat="46.04393" lon="9.64998">
        <ele>0.0</ele>
    </trkpt>
    <trkpt lat="46.04392" lon="9.64993">
        <ele>0.0</ele>
    </trkpt>
    <trkpt lat="46.04388" lon="9.64987">
        <ele>0.0</ele>
    </trkpt>
    <trkpt lat="46.04364" lon="9.64945">
        <ele>0.0</ele>
    </trkpt>
    <trkpt lat="46.04364" lon="9.64944">
        <ele>0.0</ele>
    </trkpt>
    <trkpt lat="46.04361" lon="9.64935">
        <ele>0.0</ele>
    </trkpt>
    <trkpt lat="46.04361" lon="9.64933">
        <ele>0.0</ele>
    </trkpt>
    <trkpt lat="46.0436" lon="9.64928">
        <ele>0.0</ele>
    </trkpt>
    <trkpt lat="46.04362" lon="9.64917">
        <ele>0.0</ele>
    </trkpt>
    <trkpt lat="46.04362" lon="9.64908">
        <ele>0.0</ele>
    </trkpt>
    <trkpt lat="46.04357" lon="9.64887">
        <ele>0.0</ele>
    </trkpt>
    <trkpt lat="46.04356" lon="9.64885">
        <ele>0.0</ele>
    </trkpt>
    <trkpt lat="46.04352" lon="9.6488">
        <ele>0.0</ele>
    </trkpt>
    <trkpt lat="46.04338" lon="9.64874">
        <ele>0.0</ele>
    </trkpt>
    <trkpt lat="46.0433" lon="9.64873">
        <ele>0.0</ele>
    </trkpt>
    <trkpt lat="46.04322" lon="9.64875">
        <ele>0.0</ele>
    </trkpt>
    <trkpt lat="46.04321" lon="9.64875">
        <ele>0.0</ele>
    </trkpt>
    <trkpt lat="46.04311" lon="9.64879">
        <ele>0.0</ele>
    </trkpt>
    <trkpt lat="46.04307" lon="9.64879">
        <ele>0.0</ele>
    </trkpt>
    <trkpt lat="46.04304" lon="9.6488">
        <ele>0.0</ele>
    </trkpt>
    <trkpt lat="46.04303" lon="9.6488">
        <ele>0.0</ele>
    </trkpt>
    <trkpt lat="46.04293" lon="9.64877">
        <ele>0.0</ele>
    </trkpt>
    <trkpt lat="46.04284" lon="9.64871">
        <ele>0.0</ele>
    </trkpt>
    <trkpt lat="46.04273" lon="9.64858">
        <ele>0.0</ele>
    </trkpt>
    <trkpt lat="46.04264" lon="9.64849">
        <ele>0.0</ele>
    </trkpt>
    <trkpt lat="46.04258" lon="9.64844">
        <ele>0.0</ele>
    </trkpt>
    <trkpt lat="46.04256" lon="9.64843">
        <ele>0.0</ele>
    </trkpt>
    <trkpt lat="46.04249" lon="9.64842">
        <ele>0.0</ele>
    </trkpt>
    <trkpt lat="46.0424" lon="9.64842">
        <ele>0.0</ele>
    </trkpt>
    <trkpt lat="46.04222" lon="9.64844">
        <ele>0.0</ele>
    </trkpt>
    <trkpt lat="46.04211" lon="9.64844">
        <ele>0.0</ele>
    </trkpt>
    <trkpt lat="46.04156" lon="9.6486">
        <ele>0.0</ele>
    </trkpt>
    <trkpt lat="46.04147" lon="9.64862">
        <ele>0.0</ele>
    </trkpt>
    <trkpt lat="46.04144" lon="9.64862">
        <ele>0.0</ele>
    </trkpt>
    <trkpt lat="46.04144" lon="9.64861">
        <ele>0.0</ele>
    </trkpt>
    <trkpt lat="46.04143" lon="9.64861">
        <ele>0.0</ele>
    </trkpt>
    <trkpt lat="46.04143" lon="9.6486">
        <ele>0.0</ele>
    </trkpt>
    <trkpt lat="46.04142" lon="9.64858">
        <ele>0.0</ele>
    </trkpt>
    <trkpt lat="46.04142" lon="9.64855">
        <ele>0.0</ele>
    </trkpt>
    <trkpt lat="46.04143" lon="9.64855">
        <ele>0.0</ele>
    </trkpt>
    <trkpt lat="46.04143" lon="9.64853">
        <ele>0.0</ele>
    </trkpt>
    <trkpt lat="46.04145" lon="9.64848">
        <ele>0.0</ele>
    </trkpt>
    <trkpt lat="46.04145" lon="9.64847">
        <ele>0.0</ele>
    </trkpt>
    <trkpt lat="46.04148" lon="9.64844">
        <ele>0.0</ele>
    </trkpt>
    <trkpt lat="46.04158" lon="9.64841">
        <ele>0.0</ele>
    </trkpt>
    <trkpt lat="46.04173" lon="9.64833">
        <ele>0.0</ele>
    </trkpt>
    <trkpt lat="46.04207" lon="9.64808">
        <ele>0.0</ele>
    </trkpt>
    <trkpt lat="46.04325" lon="9.6476">
        <ele>0.0</ele>
    </trkpt>
    <trkpt lat="46.04331" lon="9.64757">
        <ele>0.0</ele>
    </trkpt>
    <trkpt lat="46.04354" lon="9.64748">
        <ele>0.0</ele>
    </trkpt>
    <trkpt lat="46.04399" lon="9.64738">
        <ele>0.0</ele>
    </trkpt>
    <trkpt lat="46.04401" lon="9.64737">
        <ele>0.0</ele>
    </trkpt>
    <trkpt lat="46.04402" lon="9.64737">
        <ele>0.0</ele>
    </trkpt>
    <trkpt lat="46.04406" lon="9.64733">
        <ele>0.0</ele>
    </trkpt>
    <trkpt lat="46.04406" lon="9.64732">
        <ele>0.0</ele>
    </trkpt>
    <trkpt lat="46.04407" lon="9.64731">
        <ele>0.0</ele>
    </trkpt>
    <trkpt lat="46.04407" lon="9.64727">
        <ele>0.0</ele>
    </trkpt>
    <trkpt lat="46.04405" lon="9.6472">
        <ele>0.0</ele>
    </trkpt>
    <trkpt lat="46.04403" lon="9.64716">
        <ele>0.0</ele>
    </trkpt>
    <trkpt lat="46.04402" lon="9.64716">
        <ele>0.0</ele>
    </trkpt>
    <trkpt lat="46.04397" lon="9.64712">
        <ele>0.0</ele>
    </trkpt>
    <trkpt lat="46.04362" lon="9.64698">
        <ele>0.0</ele>
    </trkpt>
    <trkpt lat="46.04331" lon="9.64692">
        <ele>0.0</ele>
    </trkpt>
    <trkpt lat="46.0432" lon="9.64691">
        <ele>0.0</ele>
    </trkpt>
    <trkpt lat="46.04315" lon="9.64691">
        <ele>0.0</ele>
    </trkpt>
    <trkpt lat="46.04309" lon="9.6469">
        <ele>0.0</ele>
    </trkpt>
    <trkpt lat="46.04297" lon="9.64692">
        <ele>0.0</ele>
    </trkpt>
    <trkpt lat="46.04266" lon="9.64694">
        <ele>0.0</ele>
    </trkpt>
    <trkpt lat="46.04214" lon="9.64703">
        <ele>0.0</ele>
    </trkpt>
    <trkpt lat="46.04208" lon="9.64705">
        <ele>0.0</ele>
    </trkpt>
    <trkpt lat="46.04167" lon="9.64712">
        <ele>0.0</ele>
    </trkpt>
    <trkpt lat="46.04161" lon="9.64714">
        <ele>0.0</ele>
    </trkpt>
    <trkpt lat="46.04155" lon="9.64717">
        <ele>0.0</ele>
    </trkpt>
    <trkpt lat="46.04136" lon="9.64724">
        <ele>0.0</ele>
    </trkpt>
    <trkpt lat="46.04127" lon="9.64725">
        <ele>0.0</ele>
    </trkpt>
    <trkpt lat="46.04119" lon="9.64724">
        <ele>0.0</ele>
    </trkpt>
    <trkpt lat="46.04114" lon="9.64724">
        <ele>0.0</ele>
    </trkpt>
    <trkpt lat="46.04109" lon="9.64721">
        <ele>0.0</ele>
    </trkpt>
    <trkpt lat="46.04072" lon="9.64692">
        <ele>0.0</ele>
    </trkpt>
    <trkpt lat="46.04072" lon="9.64689">
        <ele>0.0</ele>
    </trkpt>
    <trkpt lat="46.04071" lon="9.64687">
        <ele>0.0</ele>
    </trkpt>
    <trkpt lat="46.04071" lon="9.64678">
        <ele>0.0</ele>
    </trkpt>
    <trkpt lat="46.04073" lon="9.64678">
        <ele>0.0</ele>
    </trkpt>
    <trkpt lat="46.04074" lon="9.64679">
        <ele>0.0</ele>
    </trkpt>
    <trkpt lat="46.04075" lon="9.64679">
        <ele>0.0</ele>
    </trkpt>
    <trkpt lat="46.04079" lon="9.64681">
        <ele>0.0</ele>
    </trkpt>
    <trkpt lat="46.04088" lon="9.6469">
        <ele>0.0</ele>
    </trkpt>
    <trkpt lat="46.0409" lon="9.64691">
        <ele>0.0</ele>
    </trkpt>
    <trkpt lat="46.04095" lon="9.64695">
        <ele>0.0</ele>
    </trkpt>
    <trkpt lat="46.04096" lon="9.64695">
        <ele>0.0</ele>
    </trkpt>
    <trkpt lat="46.04105" lon="9.64698">
        <ele>0.0</ele>
    </trkpt>
    <trkpt lat="46.04107" lon="9.64698">
        <ele>0.0</ele>
    </trkpt>
    <trkpt lat="46.04114" lon="9.64699">
        <ele>0.0</ele>
    </trkpt>
    <trkpt lat="46.04121" lon="9.64698">
        <ele>0.0</ele>
    </trkpt>
    <trkpt lat="46.0413" lon="9.64694">
        <ele>0.0</ele>
    </trkpt>
    <trkpt lat="46.04131" lon="9.64693">
        <ele>0.0</ele>
    </trkpt>
    <trkpt lat="46.04137" lon="9.64689">
        <ele>0.0</ele>
    </trkpt>
    <trkpt lat="46.04144" lon="9.64683">
        <ele>0.0</ele>
    </trkpt>
    <trkpt lat="46.04147" lon="9.64681">
        <ele>0.0</ele>
    </trkpt>
    <trkpt lat="46.04152" lon="9.64676">
        <ele>0.0</ele>
    </trkpt>
    <trkpt lat="46.04168" lon="9.64657">
        <ele>0.0</ele>
    </trkpt>
    <trkpt lat="46.04178" lon="9.64649">
        <ele>0.0</ele>
    </trkpt>
    <trkpt lat="46.04204" lon="9.64633">
        <ele>0.0</ele>
    </trkpt>
    <trkpt lat="46.04222" lon="9.64619">
        <ele>0.0</ele>
    </trkpt>
    <trkpt lat="46.04225" lon="9.64618">
        <ele>0.0</ele>
    </trkpt>
    <trkpt lat="46.04236" lon="9.64612">
        <ele>0.0</ele>
    </trkpt>
    <trkpt lat="46.04259" lon="9.64603">
        <ele>0.0</ele>
    </trkpt>
    <trkpt lat="46.04277" lon="9.64598">
        <ele>0.0</ele>
    </trkpt>
    <trkpt lat="46.04289" lon="9.64589">
        <ele>0.0</ele>
    </trkpt>
    <trkpt lat="46.043" lon="9.64576">
        <ele>0.0</ele>
    </trkpt>
    <trkpt lat="46.0432" lon="9.64556">
        <ele>0.0</ele>
    </trkpt>
    <trkpt lat="46.04331" lon="9.64548">
        <ele>0.0</ele>
    </trkpt>
    <trkpt lat="46.04342" lon="9.64542">
        <ele>0.0</ele>
    </trkpt>
    <trkpt lat="46.04349" lon="9.6454">
        <ele>0.0</ele>
    </trkpt>
    <trkpt lat="46.04352" lon="9.64538">
        <ele>0.0</ele>
    </trkpt>
    <trkpt lat="46.04355" lon="9.64538">
        <ele>0.0</ele>
    </trkpt>
    <trkpt lat="46.04409" lon="9.64529">
        <ele>0.0</ele>
    </trkpt>
    <trkpt lat="46.0443" lon="9.64529">
        <ele>0.0</ele>
    </trkpt>
    <trkpt lat="46.04442" lon="9.6453">
        <ele>0.0</ele>
    </trkpt>
    <trkpt lat="46.04453" lon="9.6453">
        <ele>0.0</ele>
    </trkpt>
    <trkpt lat="46.04463" lon="9.64532">
        <ele>0.0</ele>
    </trkpt>
    <trkpt lat="46.04467" lon="9.64532">
        <ele>0.0</ele>
    </trkpt>
    <trkpt lat="46.04468" lon="9.64531">
        <ele>0.0</ele>
    </trkpt>
    <trkpt lat="46.04469" lon="9.64531">
        <ele>0.0</ele>
    </trkpt>
    <trkpt lat="46.04471" lon="9.64527">
        <ele>0.0</ele>
    </trkpt>
    <trkpt lat="46.04472" lon="9.64523">
        <ele>0.0</ele>
    </trkpt>
    <trkpt lat="46.04472" lon="9.64517">
        <ele>0.0</ele>
    </trkpt>
    <trkpt lat="46.0447" lon="9.64512">
        <ele>0.0</ele>
    </trkpt>
    <trkpt lat="46.04469" lon="9.64511">
        <ele>0.0</ele>
    </trkpt>
    <trkpt lat="46.04467" lon="9.6451">
        <ele>0.0</ele>
    </trkpt>
    <trkpt lat="46.04466" lon="9.6451">
        <ele>0.0</ele>
    </trkpt>
    <trkpt lat="46.04462" lon="9.64509">
        <ele>0.0</ele>
    </trkpt>
    <trkpt lat="46.04459" lon="9.64509">
        <ele>0.0</ele>
    </trkpt>
    <trkpt lat="46.04423" lon="9.64504">
        <ele>0.0</ele>
    </trkpt>
    <trkpt lat="46.04413" lon="9.64501">
        <ele>0.0</ele>
    </trkpt>
    <trkpt lat="46.04407" lon="9.645">
        <ele>0.0</ele>
    </trkpt>
    <trkpt lat="46.04405" lon="9.64499">
        <ele>0.0</ele>
    </trkpt>
    <trkpt lat="46.04396" lon="9.64492">
        <ele>0.0</ele>
    </trkpt>
    <trkpt lat="46.04385" lon="9.64486">
        <ele>0.0</ele>
    </trkpt>
    <trkpt lat="46.0436" lon="9.64479">
        <ele>0.0</ele>
    </trkpt>
    <trkpt lat="46.04282" lon="9.64471">
        <ele>0.0</ele>
    </trkpt>
    <trkpt lat="46.04278" lon="9.6447">
        <ele>0.0</ele>
    </trkpt>
    <trkpt lat="46.04256" lon="9.64469">
        <ele>0.0</ele>
    </trkpt>
    <trkpt lat="46.0425" lon="9.64468">
        <ele>0.0</ele>
    </trkpt>
    <trkpt lat="46.04249" lon="9.64466">
        <ele>0.0</ele>
    </trkpt>
    <trkpt lat="46.04247" lon="9.64464">
        <ele>0.0</ele>
    </trkpt>
    <trkpt lat="46.04243" lon="9.64454">
        <ele>0.0</ele>
    </trkpt>
    <trkpt lat="46.04243" lon="9.6445">
        <ele>0.0</ele>
    </trkpt>
    <trkpt lat="46.04242" lon="9.64445">
        <ele>0.0</ele>
    </trkpt>
    <trkpt lat="46.04242" lon="9.64413">
        <ele>0.0</ele>
    </trkpt>
    <trkpt lat="46.04243" lon="9.64402">
        <ele>0.0</ele>
    </trkpt>
    <trkpt lat="46.04241" lon="9.64389">
        <ele>0.0</ele>
    </trkpt>
    <trkpt lat="46.04238" lon="9.64381">
        <ele>0.0</ele>
    </trkpt>
    <trkpt lat="46.04234" lon="9.64373">
        <ele>0.0</ele>
    </trkpt>
    <trkpt lat="46.0423" lon="9.64368">
        <ele>0.0</ele>
    </trkpt>
    <trkpt lat="46.04221" lon="9.6435">
        <ele>0.0</ele>
    </trkpt>
    <trkpt lat="46.04209" lon="9.64333">
        <ele>0.0</ele>
    </trkpt>
    <trkpt lat="46.04197" lon="9.64321">
        <ele>0.0</ele>
    </trkpt>
    <trkpt lat="46.04174" lon="9.64306">
        <ele>0.0</ele>
    </trkpt>
    <trkpt lat="46.04164" lon="9.64295">
        <ele>0.0</ele>
    </trkpt>
    <trkpt lat="46.04158" lon="9.64286">
        <ele>0.0</ele>
    </trkpt>
    <trkpt lat="46.04153" lon="9.64277">
        <ele>0.0</ele>
    </trkpt>
    <trkpt lat="46.04149" lon="9.64261">
        <ele>0.0</ele>
    </trkpt>
    <trkpt lat="46.04148" lon="9.64252">
        <ele>0.0</ele>
    </trkpt>
    <trkpt lat="46.04147" lon="9.64248">
        <ele>0.0</ele>
    </trkpt>
    <trkpt lat="46.04141" lon="9.64177">
        <ele>0.0</ele>
    </trkpt>
    <trkpt lat="46.04141" lon="9.64155">
        <ele>0.0</ele>
    </trkpt>
    <trkpt lat="46.04142" lon="9.64149">
        <ele>0.0</ele>
    </trkpt>
    <trkpt lat="46.04142" lon="9.64143">
        <ele>0.0</ele>
    </trkpt>
    <trkpt lat="46.04144" lon="9.64124">
        <ele>0.0</ele>
    </trkpt>
    <trkpt lat="46.04144" lon="9.64114">
        <ele>0.0</ele>
    </trkpt>
    <trkpt lat="46.04146" lon="9.64106">
        <ele>0.0</ele>
    </trkpt>
    <trkpt lat="46.04146" lon="9.64103">
        <ele>0.0</ele>
    </trkpt>
    <trkpt lat="46.04143" lon="9.641">
        <ele>0.0</ele>
    </trkpt>
    <trkpt lat="46.04134" lon="9.641">
        <ele>0.0</ele>
    </trkpt>
    <trkpt lat="46.04127" lon="9.64101">
        <ele>0.0</ele>
    </trkpt>
    <trkpt lat="46.04125" lon="9.64101">
        <ele>0.0</ele>
    </trkpt>
    <trkpt lat="46.04119" lon="9.64102">
        <ele>0.0</ele>
    </trkpt>
    <trkpt lat="46.04116" lon="9.64102">
        <ele>0.0</ele>
    </trkpt>
    <trkpt lat="46.04111" lon="9.641">
        <ele>0.0</ele>
    </trkpt>
    <trkpt lat="46.0411" lon="9.64099">
        <ele>0.0</ele>
    </trkpt>
    <trkpt lat="46.04107" lon="9.64093">
        <ele>0.0</ele>
    </trkpt>
    <trkpt lat="46.04106" lon="9.64088">
        <ele>0.0</ele>
    </trkpt>
    <trkpt lat="46.04106" lon="9.64082">
        <ele>0.0</ele>
    </trkpt>
    <trkpt lat="46.04109" lon="9.64071">
        <ele>0.0</ele>
    </trkpt>
    <trkpt lat="46.04109" lon="9.64068">
        <ele>0.0</ele>
    </trkpt>
    <trkpt lat="46.04121" lon="9.64038">
        <ele>0.0</ele>
    </trkpt>
    <trkpt lat="46.04122" lon="9.64032">
        <ele>0.0</ele>
    </trkpt>
    <trkpt lat="46.04121" lon="9.64027">
        <ele>0.0</ele>
    </trkpt>
    <trkpt lat="46.04121" lon="9.64024">
        <ele>0.0</ele>
    </trkpt>
    <trkpt lat="46.0412" lon="9.64023">
        <ele>0.0</ele>
    </trkpt>
    <trkpt lat="46.04118" lon="9.64018">
        <ele>0.0</ele>
    </trkpt>
    <trkpt lat="46.04116" lon="9.64015">
        <ele>0.0</ele>
    </trkpt>
    <trkpt lat="46.04113" lon="9.64015">
        <ele>0.0</ele>
    </trkpt>
    <trkpt lat="46.04111" lon="9.64014">
        <ele>0.0</ele>
    </trkpt>
    <trkpt lat="46.04107" lon="9.64014">
        <ele>0.0</ele>
    </trkpt>
    <trkpt lat="46.04106" lon="9.64015">
        <ele>0.0</ele>
    </trkpt>
    <trkpt lat="46.04105" lon="9.64015">
        <ele>0.0</ele>
    </trkpt>
    <trkpt lat="46.04078" lon="9.64026">
        <ele>0.0</ele>
    </trkpt>
    <trkpt lat="46.04071" lon="9.64028">
        <ele>0.0</ele>
    </trkpt>
    <trkpt lat="46.04065" lon="9.64027">
        <ele>0.0</ele>
    </trkpt>
    <trkpt lat="46.04059" lon="9.64023">
        <ele>0.0</ele>
    </trkpt>
    <trkpt lat="46.04041" lon="9.63985">
        <ele>0.0</ele>
    </trkpt>
    <trkpt lat="46.04033" lon="9.63965">
        <ele>0.0</ele>
    </trkpt>
    <trkpt lat="46.0403" lon="9.63959">
        <ele>0.0</ele>
    </trkpt>
    <trkpt lat="46.04024" lon="9.63956">
        <ele>0.0</ele>
    </trkpt>
    <trkpt lat="46.04023" lon="9.63955">
        <ele>0.0</ele>
    </trkpt>
    <trkpt lat="46.04017" lon="9.63953">
        <ele>0.0</ele>
    </trkpt>
    <trkpt lat="46.04012" lon="9.63953">
        <ele>0.0</ele>
    </trkpt>
    <trkpt lat="46.04001" lon="9.63952">
        <ele>0.0</ele>
    </trkpt>
    <trkpt lat="46.0399" lon="9.63956">
        <ele>0.0</ele>
    </trkpt>
    <trkpt lat="46.03989" lon="9.63957">
        <ele>0.0</ele>
    </trkpt>
    <trkpt lat="46.03972" lon="9.63965">
        <ele>0.0</ele>
    </trkpt>
    <trkpt lat="46.03972" lon="9.63966">
        <ele>0.0</ele>
    </trkpt>
    <trkpt lat="46.0395" lon="9.63972">
        <ele>0.0</ele>
    </trkpt>
    <trkpt lat="46.03926" lon="9.63973">
        <ele>0.0</ele>
    </trkpt>
    <trkpt lat="46.03914" lon="9.63976">
        <ele>0.0</ele>
    </trkpt>
    <trkpt lat="46.03901" lon="9.63982">
        <ele>0.0</ele>
    </trkpt>
    <trkpt lat="46.03869" lon="9.63994">
        <ele>0.0</ele>
    </trkpt>
    <trkpt lat="46.03863" lon="9.63994">
        <ele>0.0</ele>
    </trkpt>
    <trkpt lat="46.03857" lon="9.63993">
        <ele>0.0</ele>
    </trkpt>
    <trkpt lat="46.03851" lon="9.63991">
        <ele>0.0</ele>
    </trkpt>
    <trkpt lat="46.03849" lon="9.63988">
        <ele>0.0</ele>
    </trkpt>
    <trkpt lat="46.0384" lon="9.6398">
        <ele>0.0</ele>
    </trkpt>
    <trkpt lat="46.03834" lon="9.63973">
        <ele>0.0</ele>
    </trkpt>
    <trkpt lat="46.03829" lon="9.63966">
        <ele>0.0</ele>
    </trkpt>
    <trkpt lat="46.03823" lon="9.63959">
        <ele>0.0</ele>
    </trkpt>
    <trkpt lat="46.03821" lon="9.63956">
        <ele>0.0</ele>
    </trkpt>
    <trkpt lat="46.03746" lon="9.63885">
        <ele>0.0</ele>
    </trkpt>
    <trkpt lat="46.03744" lon="9.63884">
        <ele>0.0</ele>
    </trkpt>
    <trkpt lat="46.03724" lon="9.63862">
        <ele>0.0</ele>
    </trkpt>
    <trkpt lat="46.03717" lon="9.63851">
        <ele>0.0</ele>
    </trkpt>
    <trkpt lat="46.03716" lon="9.63846">
        <ele>0.0</ele>
    </trkpt>
    <trkpt lat="46.03715" lon="9.63843">
        <ele>0.0</ele>
    </trkpt>
    <trkpt lat="46.03714" lon="9.63837">
        <ele>0.0</ele>
    </trkpt>
    <trkpt lat="46.03714" lon="9.63824">
        <ele>0.0</ele>
    </trkpt>
    <trkpt lat="46.03715" lon="9.6382">
        <ele>0.0</ele>
    </trkpt>
    <trkpt lat="46.03723" lon="9.63805">
        <ele>0.0</ele>
    </trkpt>
    <trkpt lat="46.03747" lon="9.63747">
        <ele>0.0</ele>
    </trkpt>
    <trkpt lat="46.03763" lon="9.6372">
        <ele>0.0</ele>
    </trkpt>
    <trkpt lat="46.03776" lon="9.63692">
        <ele>0.0</ele>
    </trkpt>
    <trkpt lat="46.03787" lon="9.63651">
        <ele>0.0</ele>
    </trkpt>
    <trkpt lat="46.03813" lon="9.63588">
        <ele>0.0</ele>
    </trkpt>
    <trkpt lat="46.03816" lon="9.63577">
        <ele>0.0</ele>
    </trkpt>
    <trkpt lat="46.03816" lon="9.63569">
        <ele>0.0</ele>
    </trkpt>
    <trkpt lat="46.03815" lon="9.63562">
        <ele>0.0</ele>
    </trkpt>
    <trkpt lat="46.03778" lon="9.63493">
        <ele>0.0</ele>
    </trkpt>
    <trkpt lat="46.03761" lon="9.63452">
        <ele>0.0</ele>
    </trkpt>
    <trkpt lat="46.03752" lon="9.63433">
        <ele>0.0</ele>
    </trkpt>
    <trkpt lat="46.03748" lon="9.63422">
        <ele>0.0</ele>
    </trkpt>
    <trkpt lat="46.03745" lon="9.63408">
        <ele>0.0</ele>
    </trkpt>
    <trkpt lat="46.03744" lon="9.63407">
        <ele>0.0</ele>
    </trkpt>
    <trkpt lat="46.03742" lon="9.63387">
        <ele>0.0</ele>
    </trkpt>
    <trkpt lat="46.03741" lon="9.6332">
        <ele>0.0</ele>
    </trkpt>
    <trkpt lat="46.0374" lon="9.63311">
        <ele>0.0</ele>
    </trkpt>
    <trkpt lat="46.03737" lon="9.63296">
        <ele>0.0</ele>
    </trkpt>
    <trkpt lat="46.03732" lon="9.63256">
        <ele>0.0</ele>
    </trkpt>
    <trkpt lat="46.03731" lon="9.63229">
        <ele>0.0</ele>
    </trkpt>
    <trkpt lat="46.03728" lon="9.63206">
        <ele>0.0</ele>
    </trkpt>
    <trkpt lat="46.03728" lon="9.63203">
        <ele>0.0</ele>
    </trkpt>
    <trkpt lat="46.03724" lon="9.63193">
        <ele>0.0</ele>
    </trkpt>
    <trkpt lat="46.03721" lon="9.63188">
        <ele>0.0</ele>
    </trkpt>
    <trkpt lat="46.03705" lon="9.6317">
        <ele>0.0</ele>
    </trkpt>
    <trkpt lat="46.03703" lon="9.63167">
        <ele>0.0</ele>
    </trkpt>
    <trkpt lat="46.03696" lon="9.63159">
        <ele>0.0</ele>
    </trkpt>
    <trkpt lat="46.03658" lon="9.63125">
        <ele>0.0</ele>
    </trkpt>
    <trkpt lat="46.03655" lon="9.63123">
        <ele>0.0</ele>
    </trkpt>
    <trkpt lat="46.03645" lon="9.63107">
        <ele>0.0</ele>
    </trkpt>
    <trkpt lat="46.03622" lon="9.63064">
        <ele>0.0</ele>
    </trkpt>
    <trkpt lat="46.03618" lon="9.6306">
        <ele>0.0</ele>
    </trkpt>
    <trkpt lat="46.03614" lon="9.63057">
        <ele>0.0</ele>
    </trkpt>
    <trkpt lat="46.03609" lon="9.63054">
        <ele>0.0</ele>
    </trkpt>
    <trkpt lat="46.03598" lon="9.63049">
        <ele>0.0</ele>
    </trkpt>
    <trkpt lat="46.0359" lon="9.63048">
        <ele>0.0</ele>
    </trkpt>
    <trkpt lat="46.03589" lon="9.63047">
        <ele>0.0</ele>
    </trkpt>
    <trkpt lat="46.0358" lon="9.63046">
        <ele>0.0</ele>
    </trkpt>
    <trkpt lat="46.03556" lon="9.63045">
        <ele>0.0</ele>
    </trkpt>
    <trkpt lat="46.0355" lon="9.63044">
        <ele>0.0</ele>
    </trkpt>
    <trkpt lat="46.03546" lon="9.63042">
        <ele>0.0</ele>
    </trkpt>
    <trkpt lat="46.03545" lon="9.63041">
        <ele>0.0</ele>
    </trkpt>
    <trkpt lat="46.03544" lon="9.63039">
        <ele>0.0</ele>
    </trkpt>
    <trkpt lat="46.03544" lon="9.63038">
        <ele>0.0</ele>
    </trkpt>
    <trkpt lat="46.03543" lon="9.63036">
        <ele>0.0</ele>
    </trkpt>
    <trkpt lat="46.03542" lon="9.63032">
        <ele>0.0</ele>
    </trkpt>
    <trkpt lat="46.03542" lon="9.6303">
        <ele>0.0</ele>
    </trkpt>
    <trkpt lat="46.03541" lon="9.63027">
        <ele>0.0</ele>
    </trkpt>
    <trkpt lat="46.03541" lon="9.63024">
        <ele>0.0</ele>
    </trkpt>
    <trkpt lat="46.03542" lon="9.63022">
        <ele>0.0</ele>
    </trkpt>
    <trkpt lat="46.03542" lon="9.63021">
        <ele>0.0</ele>
    </trkpt>
    <trkpt lat="46.03549" lon="9.63014">
        <ele>0.0</ele>
    </trkpt>
    <trkpt lat="46.03552" lon="9.63013">
        <ele>0.0</ele>
    </trkpt>
    <trkpt lat="46.03556" lon="9.63011">
        <ele>0.0</ele>
    </trkpt>
    <trkpt lat="46.03574" lon="9.63011">
        <ele>0.0</ele>
    </trkpt>
    <trkpt lat="46.03578" lon="9.63012">
        <ele>0.0</ele>
    </trkpt>
    <trkpt lat="46.03581" lon="9.63012">
        <ele>0.0</ele>
    </trkpt>
    <trkpt lat="46.03585" lon="9.63014">
        <ele>0.0</ele>
    </trkpt>
    <trkpt lat="46.03587" lon="9.63014">
        <ele>0.0</ele>
    </trkpt>
    <trkpt lat="46.03608" lon="9.63019">
        <ele>0.0</ele>
    </trkpt>
    <trkpt lat="46.0363" lon="9.63026">
        <ele>0.0</ele>
    </trkpt>
    <trkpt lat="46.03647" lon="9.63033">
        <ele>0.0</ele>
    </trkpt>
    <trkpt lat="46.03655" lon="9.63037">
        <ele>0.0</ele>
    </trkpt>
    <trkpt lat="46.03666" lon="9.63041">
        <ele>0.0</ele>
    </trkpt>
    <trkpt lat="46.0367" lon="9.63041">
        <ele>0.0</ele>
    </trkpt>
    <trkpt lat="46.03676" lon="9.63039">
        <ele>0.0</ele>
    </trkpt>
    <trkpt lat="46.0368" lon="9.63037">
        <ele>0.0</ele>
    </trkpt>
    <trkpt lat="46.03693" lon="9.63028">
        <ele>0.0</ele>
    </trkpt>
    <trkpt lat="46.037" lon="9.63022">
        <ele>0.0</ele>
    </trkpt>
    <trkpt lat="46.03713" lon="9.63013">
        <ele>0.0</ele>
    </trkpt>
    <trkpt lat="46.0372" lon="9.63007">
        <ele>0.0</ele>
    </trkpt>
    <trkpt lat="46.0373" lon="9.63">
        <ele>0.0</ele>
    </trkpt>
    <trkpt lat="46.03741" lon="9.62997">
        <ele>0.0</ele>
    </trkpt>
    <trkpt lat="46.03756" lon="9.62994">
        <ele>0.0</ele>
    </trkpt>
    <trkpt lat="46.03791" lon="9.62991">
        <ele>0.0</ele>
    </trkpt>
    <trkpt lat="46.0381" lon="9.62991">
        <ele>0.0</ele>
    </trkpt>
    <trkpt lat="46.0382" lon="9.62992">
        <ele>0.0</ele>
    </trkpt>
    <trkpt lat="46.03826" lon="9.62994">
        <ele>0.0</ele>
    </trkpt>
    <trkpt lat="46.03827" lon="9.62994">
        <ele>0.0</ele>
    </trkpt>
    <trkpt lat="46.03839" lon="9.62999">
        <ele>0.0</ele>
    </trkpt>
    <trkpt lat="46.03843" lon="9.63002">
        <ele>0.0</ele>
    </trkpt>
    <trkpt lat="46.03844" lon="9.63002">
        <ele>0.0</ele>
    </trkpt>
    <trkpt lat="46.03846" lon="9.63003">
        <ele>0.0</ele>
    </trkpt>
    <trkpt lat="46.03851" lon="9.63008">
        <ele>0.0</ele>
    </trkpt>
    <trkpt lat="46.03854" lon="9.63013">
        <ele>0.0</ele>
    </trkpt>
    <trkpt lat="46.03859" lon="9.63028">
        <ele>0.0</ele>
    </trkpt>
    <trkpt lat="46.0386" lon="9.63033">
        <ele>0.0</ele>
    </trkpt>
    <trkpt lat="46.0386" lon="9.63049">
        <ele>0.0</ele>
    </trkpt>
    <trkpt lat="46.03863" lon="9.63067">
        <ele>0.0</ele>
    </trkpt>
    <trkpt lat="46.03865" lon="9.6307">
        <ele>0.0</ele>
    </trkpt>
    <trkpt lat="46.03866" lon="9.63074">
        <ele>0.0</ele>
    </trkpt>
    <trkpt lat="46.03874" lon="9.63092">
        <ele>0.0</ele>
    </trkpt>
    <trkpt lat="46.03877" lon="9.63096">
        <ele>0.0</ele>
    </trkpt>
    <trkpt lat="46.03885" lon="9.63113">
        <ele>0.0</ele>
    </trkpt>
    <trkpt lat="46.03885" lon="9.63115">
        <ele>0.0</ele>
    </trkpt>
    <trkpt lat="46.03887" lon="9.63118">
        <ele>0.0</ele>
    </trkpt>
    <trkpt lat="46.03892" lon="9.63123">
        <ele>0.0</ele>
    </trkpt>
    <trkpt lat="46.03894" lon="9.63124">
        <ele>0.0</ele>
    </trkpt>
    <trkpt lat="46.039" lon="9.63124">
        <ele>0.0</ele>
    </trkpt>
    <trkpt lat="46.03901" lon="9.63123">
        <ele>0.0</ele>
    </trkpt>
    <trkpt lat="46.03904" lon="9.63123">
        <ele>0.0</ele>
    </trkpt>
    <trkpt lat="46.03907" lon="9.63121">
        <ele>0.0</ele>
    </trkpt>
    <trkpt lat="46.03909" lon="9.63119">
        <ele>0.0</ele>
    </trkpt>
    <trkpt lat="46.0391" lon="9.63115">
        <ele>0.0</ele>
    </trkpt>
    <trkpt lat="46.03911" lon="9.63113">
        <ele>0.0</ele>
    </trkpt>
    <trkpt lat="46.03911" lon="9.631">
        <ele>0.0</ele>
    </trkpt>
    <trkpt lat="46.03904" lon="9.63057">
        <ele>0.0</ele>
    </trkpt>
    <trkpt lat="46.03903" lon="9.63046">
        <ele>0.0</ele>
    </trkpt>
    <trkpt lat="46.03895" lon="9.63022">
        <ele>0.0</ele>
    </trkpt>
    <trkpt lat="46.03885" lon="9.62997">
        <ele>0.0</ele>
    </trkpt>
    <trkpt lat="46.03868" lon="9.6297">
        <ele>0.0</ele>
    </trkpt>
    <trkpt lat="46.03834" lon="9.62928">
        <ele>0.0</ele>
    </trkpt>
    <trkpt lat="46.0383" lon="9.62918">
        <ele>0.0</ele>
    </trkpt>
    <trkpt lat="46.0383" lon="9.62916">
        <ele>0.0</ele>
    </trkpt>
    <trkpt lat="46.03829" lon="9.62914">
        <ele>0.0</ele>
    </trkpt>
    <trkpt lat="46.03829" lon="9.62905">
        <ele>0.0</ele>
    </trkpt>
    <trkpt lat="46.03831" lon="9.62902">
        <ele>0.0</ele>
    </trkpt>
    <trkpt lat="46.03833" lon="9.62898">
        <ele>0.0</ele>
    </trkpt>
    <trkpt lat="46.03836" lon="9.62895">
        <ele>0.0</ele>
    </trkpt>
    <trkpt lat="46.03837" lon="9.62895">
        <ele>0.0</ele>
    </trkpt>
    <trkpt lat="46.0384" lon="9.62891">
        <ele>0.0</ele>
    </trkpt>
    <trkpt lat="46.03846" lon="9.62887">
        <ele>0.0</ele>
    </trkpt>
    <trkpt lat="46.03846" lon="9.62886">
        <ele>0.0</ele>
    </trkpt>
    <trkpt lat="46.0385" lon="9.62885">
        <ele>0.0</ele>
    </trkpt>
    <trkpt lat="46.03853" lon="9.62885">
        <ele>0.0</ele>
    </trkpt>
    <trkpt lat="46.03856" lon="9.62886">
        <ele>0.0</ele>
    </trkpt>
    <trkpt lat="46.03858" lon="9.62888">
        <ele>0.0</ele>
    </trkpt>
    <trkpt lat="46.03863" lon="9.62891">
        <ele>0.0</ele>
    </trkpt>
    <trkpt lat="46.03875" lon="9.62903">
        <ele>0.0</ele>
    </trkpt>
    <trkpt lat="46.03886" lon="9.62918">
        <ele>0.0</ele>
    </trkpt>
    <trkpt lat="46.03908" lon="9.6294">
        <ele>0.0</ele>
    </trkpt>
    <trkpt lat="46.03921" lon="9.62951">
        <ele>0.0</ele>
    </trkpt>
    <trkpt lat="46.03954" lon="9.62973">
        <ele>0.0</ele>
    </trkpt>
    <trkpt lat="46.03955" lon="9.62973">
        <ele>0.0</ele>
    </trkpt>
    <trkpt lat="46.03982" lon="9.62993">
        <ele>0.0</ele>
    </trkpt>
    <trkpt lat="46.03984" lon="9.62995">
        <ele>0.0</ele>
    </trkpt>
    <trkpt lat="46.03985" lon="9.62998">
        <ele>0.0</ele>
    </trkpt>
    <trkpt lat="46.03987" lon="9.63002">
        <ele>0.0</ele>
    </trkpt>
    <trkpt lat="46.03987" lon="9.63023">
        <ele>0.0</ele>
    </trkpt>
    <trkpt lat="46.03986" lon="9.63039">
        <ele>0.0</ele>
    </trkpt>
    <trkpt lat="46.03986" lon="9.63075">
        <ele>0.0</ele>
    </trkpt>
    <trkpt lat="46.0399" lon="9.631">
        <ele>0.0</ele>
    </trkpt>
    <trkpt lat="46.03997" lon="9.63122">
        <ele>0.0</ele>
    </trkpt>
    <trkpt lat="46.03997" lon="9.63124">
        <ele>0.0</ele>
    </trkpt>
    <trkpt lat="46.04005" lon="9.63145">
        <ele>0.0</ele>
    </trkpt>
    <trkpt lat="46.04005" lon="9.63147">
        <ele>0.0</ele>
    </trkpt>
    <trkpt lat="46.04031" lon="9.63203">
        <ele>0.0</ele>
    </trkpt>
    <trkpt lat="46.04035" lon="9.63214">
        <ele>0.0</ele>
    </trkpt>
    <trkpt lat="46.04037" lon="9.63224">
        <ele>0.0</ele>
    </trkpt>
    <trkpt lat="46.04035" lon="9.63263">
        <ele>0.0</ele>
    </trkpt>
    <trkpt lat="46.0403" lon="9.63306">
        <ele>0.0</ele>
    </trkpt>
    <trkpt lat="46.04023" lon="9.63334">
        <ele>0.0</ele>
    </trkpt>
    <trkpt lat="46.04019" lon="9.63356">
        <ele>0.0</ele>
    </trkpt>
    <trkpt lat="46.04018" lon="9.63371">
        <ele>0.0</ele>
    </trkpt>
    <trkpt lat="46.0402" lon="9.63384">
        <ele>0.0</ele>
    </trkpt>
    <trkpt lat="46.04022" lon="9.63389">
        <ele>0.0</ele>
    </trkpt>
    <trkpt lat="46.04023" lon="9.63394">
        <ele>0.0</ele>
    </trkpt>
    <trkpt lat="46.04031" lon="9.63411">
        <ele>0.0</ele>
    </trkpt>
    <trkpt lat="46.04033" lon="9.63418">
        <ele>0.0</ele>
    </trkpt>
    <trkpt lat="46.04048" lon="9.63454">
        <ele>0.0</ele>
    </trkpt>
    <trkpt lat="46.04055" lon="9.63467">
        <ele>0.0</ele>
    </trkpt>
    <trkpt lat="46.04062" lon="9.63473">
        <ele>0.0</ele>
    </trkpt>
    <trkpt lat="46.04066" lon="9.63474">
        <ele>0.0</ele>
    </trkpt>
    <trkpt lat="46.04068" lon="9.63475">
        <ele>0.0</ele>
    </trkpt>
    <trkpt lat="46.04072" lon="9.63475">
        <ele>0.0</ele>
    </trkpt>
    <trkpt lat="46.04074" lon="9.63473">
        <ele>0.0</ele>
    </trkpt>
    <trkpt lat="46.04077" lon="9.63467">
        <ele>0.0</ele>
    </trkpt>
    <trkpt lat="46.04077" lon="9.63463">
        <ele>0.0</ele>
    </trkpt>
    <trkpt lat="46.04078" lon="9.63462">
        <ele>0.0</ele>
    </trkpt>
    <trkpt lat="46.04078" lon="9.6346">
        <ele>0.0</ele>
    </trkpt>
    <trkpt lat="46.04077" lon="9.63457">
        <ele>0.0</ele>
    </trkpt>
    <trkpt lat="46.04074" lon="9.63452">
        <ele>0.0</ele>
    </trkpt>
    <trkpt lat="46.04072" lon="9.6345">
        <ele>0.0</ele>
    </trkpt>
    <trkpt lat="46.04068" lon="9.63447">
        <ele>0.0</ele>
    </trkpt>
    <trkpt lat="46.04063" lon="9.63442">
        <ele>0.0</ele>
    </trkpt>
    <trkpt lat="46.04058" lon="9.63436">
        <ele>0.0</ele>
    </trkpt>
    <trkpt lat="46.04056" lon="9.63431">
        <ele>0.0</ele>
    </trkpt>
    <trkpt lat="46.04055" lon="9.6343">
        <ele>0.0</ele>
    </trkpt>
    <trkpt lat="46.04054" lon="9.63426">
        <ele>0.0</ele>
    </trkpt>
    <trkpt lat="46.04051" lon="9.6342">
        <ele>0.0</ele>
    </trkpt>
    <trkpt lat="46.04048" lon="9.63406">
        <ele>0.0</ele>
    </trkpt>
    <trkpt lat="46.04048" lon="9.6338">
        <ele>0.0</ele>
    </trkpt>
    <trkpt lat="46.04055" lon="9.63357">
        <ele>0.0</ele>
    </trkpt>
    <trkpt lat="46.04074" lon="9.63312">
        <ele>0.0</ele>
    </trkpt>
    <trkpt lat="46.04107" lon="9.63223">
        <ele>0.0</ele>
    </trkpt>
    <trkpt lat="46.04127" lon="9.63177">
        <ele>0.0</ele>
    </trkpt>
    <trkpt lat="46.04135" lon="9.63154">
        <ele>0.0</ele>
    </trkpt>
    <trkpt lat="46.04138" lon="9.63147">
        <ele>0.0</ele>
    </trkpt>
    <trkpt lat="46.04145" lon="9.63123">
        <ele>0.0</ele>
    </trkpt>
    <trkpt lat="46.04148" lon="9.63106">
        <ele>0.0</ele>
    </trkpt>
    <trkpt lat="46.04148" lon="9.63104">
        <ele>0.0</ele>
    </trkpt>
    <trkpt lat="46.04155" lon="9.63057">
        <ele>0.0</ele>
    </trkpt>
    <trkpt lat="46.04157" lon="9.63053">
        <ele>0.0</ele>
    </trkpt>
    <trkpt lat="46.0416" lon="9.63045">
        <ele>0.0</ele>
    </trkpt>
    <trkpt lat="46.04163" lon="9.63042">
        <ele>0.0</ele>
    </trkpt>
    <trkpt lat="46.04169" lon="9.6304">
        <ele>0.0</ele>
    </trkpt>
    <trkpt lat="46.04171" lon="9.63041">
        <ele>0.0</ele>
    </trkpt>
    <trkpt lat="46.04201" lon="9.63045">
        <ele>0.0</ele>
    </trkpt>
    <trkpt lat="46.0422" lon="9.63045">
        <ele>0.0</ele>
    </trkpt>
    <trkpt lat="46.04223" lon="9.63044">
        <ele>0.0</ele>
    </trkpt>
    <trkpt lat="46.04231" lon="9.63043">
        <ele>0.0</ele>
    </trkpt>
    <trkpt lat="46.04241" lon="9.6304">
        <ele>0.0</ele>
    </trkpt>
    <trkpt lat="46.04242" lon="9.6304">
        <ele>0.0</ele>
    </trkpt>
    <trkpt lat="46.04253" lon="9.63037">
        <ele>0.0</ele>
    </trkpt>
    <trkpt lat="46.04258" lon="9.63035">
        <ele>0.0</ele>
    </trkpt>
    <trkpt lat="46.04259" lon="9.63034">
        <ele>0.0</ele>
    </trkpt>
    <trkpt lat="46.04274" lon="9.63031">
        <ele>0.0</ele>
    </trkpt>
    <trkpt lat="46.0429" lon="9.63031">
        <ele>0.0</ele>
    </trkpt>
    <trkpt lat="46.04306" lon="9.63029">
        <ele>0.0</ele>
    </trkpt>
    <trkpt lat="46.04329" lon="9.63021">
        <ele>0.0</ele>
    </trkpt>
    <trkpt lat="46.04341" lon="9.63015">
        <ele>0.0</ele>
    </trkpt>
    <trkpt lat="46.04349" lon="9.6301">
        <ele>0.0</ele>
    </trkpt>
    <trkpt lat="46.04355" lon="9.63007">
        <ele>0.0</ele>
    </trkpt>
    <trkpt lat="46.0436" lon="9.63003">
        <ele>0.0</ele>
    </trkpt>
    <trkpt lat="46.04363" lon="9.63002">
        <ele>0.0</ele>
    </trkpt>
    <trkpt lat="46.04369" lon="9.62998">
        <ele>0.0</ele>
    </trkpt>
    <trkpt lat="46.04402" lon="9.62983">
        <ele>0.0</ele>
    </trkpt>
    <trkpt lat="46.04417" lon="9.62974">
        <ele>0.0</ele>
    </trkpt>
    <trkpt lat="46.04423" lon="9.62969">
        <ele>0.0</ele>
    </trkpt>
    <trkpt lat="46.04428" lon="9.62962">
        <ele>0.0</ele>
    </trkpt>
    <trkpt lat="46.0444" lon="9.62939">
        <ele>0.0</ele>
    </trkpt>
    <trkpt lat="46.04448" lon="9.62926">
        <ele>0.0</ele>
    </trkpt>
    <trkpt lat="46.04451" lon="9.62923">
        <ele>0.0</ele>
    </trkpt>
    <trkpt lat="46.04451" lon="9.62922">
        <ele>0.0</ele>
    </trkpt>
    <trkpt lat="46.04463" lon="9.62915">
        <ele>0.0</ele>
    </trkpt>
    <trkpt lat="46.04495" lon="9.62905">
        <ele>0.0</ele>
    </trkpt>
    <trkpt lat="46.045" lon="9.62901">
        <ele>0.0</ele>
    </trkpt>
    <trkpt lat="46.04505" lon="9.62896">
        <ele>0.0</ele>
    </trkpt>
    <trkpt lat="46.04508" lon="9.62892">
        <ele>0.0</ele>
    </trkpt>
    <trkpt lat="46.04514" lon="9.62879">
        <ele>0.0</ele>
    </trkpt>
    <trkpt lat="46.04562" lon="9.62708">
        <ele>0.0</ele>
    </trkpt>
    <trkpt lat="46.04566" lon="9.62676">
        <ele>0.0</ele>
    </trkpt>
    <trkpt lat="46.04565" lon="9.6266">
        <ele>0.0</ele>
    </trkpt>
    <trkpt lat="46.04566" lon="9.62624">
        <ele>0.0</ele>
    </trkpt>
    <trkpt lat="46.04571" lon="9.62583">
        <ele>0.0</ele>
    </trkpt>
    <trkpt lat="46.04581" lon="9.62534">
        <ele>0.0</ele>
    </trkpt>
    <trkpt lat="46.04581" lon="9.62533">
        <ele>0.0</ele>
    </trkpt>
    <trkpt lat="46.04585" lon="9.62516">
        <ele>0.0</ele>
    </trkpt>
    <trkpt lat="46.04589" lon="9.62492">
        <ele>0.0</ele>
    </trkpt>
    <trkpt lat="46.04592" lon="9.62484">
        <ele>0.0</ele>
    </trkpt>
    <trkpt lat="46.04592" lon="9.62483">
        <ele>0.0</ele>
    </trkpt>
    <trkpt lat="46.04599" lon="9.62466">
        <ele>0.0</ele>
    </trkpt>
    <trkpt lat="46.04602" lon="9.62462">
        <ele>0.0</ele>
    </trkpt>
    <trkpt lat="46.04605" lon="9.62456">
        <ele>0.0</ele>
    </trkpt>
    <trkpt lat="46.04615" lon="9.62443">
        <ele>0.0</ele>
    </trkpt>
    <trkpt lat="46.04634" lon="9.62414">
        <ele>0.0</ele>
    </trkpt>
    <trkpt lat="46.04645" lon="9.62395">
        <ele>0.0</ele>
    </trkpt>
    <trkpt lat="46.04647" lon="9.62389">
        <ele>0.0</ele>
    </trkpt>
    <trkpt lat="46.04649" lon="9.62385">
        <ele>0.0</ele>
    </trkpt>
    <trkpt lat="46.04657" lon="9.62361">
        <ele>0.0</ele>
    </trkpt>
    <trkpt lat="46.04666" lon="9.6234">
        <ele>0.0</ele>
    </trkpt>
    <trkpt lat="46.04685" lon="9.62308">
        <ele>0.0</ele>
    </trkpt>
    <trkpt lat="46.04706" lon="9.62285">
        <ele>0.0</ele>
    </trkpt>
    <trkpt lat="46.04713" lon="9.6228">
        <ele>0.0</ele>
    </trkpt>
    <trkpt lat="46.04716" lon="9.62279">
        <ele>0.0</ele>
    </trkpt>
    <trkpt lat="46.04718" lon="9.62279">
        <ele>0.0</ele>
    </trkpt>
    <trkpt lat="46.04721" lon="9.6228">
        <ele>0.0</ele>
    </trkpt>
    <trkpt lat="46.04722" lon="9.62281">
        <ele>0.0</ele>
    </trkpt>
    <trkpt lat="46.04724" lon="9.62284">
        <ele>0.0</ele>
    </trkpt>
    <trkpt lat="46.04726" lon="9.6229">
        <ele>0.0</ele>
    </trkpt>
    <trkpt lat="46.04726" lon="9.62292">
        <ele>0.0</ele>
    </trkpt>
    <trkpt lat="46.04727" lon="9.62294">
        <ele>0.0</ele>
    </trkpt>
    <trkpt lat="46.04728" lon="9.62304">
        <ele>0.0</ele>
    </trkpt>
    <trkpt lat="46.04728" lon="9.62322">
        <ele>0.0</ele>
    </trkpt>
    <trkpt lat="46.0473" lon="9.62343">
        <ele>0.0</ele>
    </trkpt>
    <trkpt lat="46.0473" lon="9.62347">
        <ele>0.0</ele>
    </trkpt>
    <trkpt lat="46.04736" lon="9.62384">
        <ele>0.0</ele>
    </trkpt>
    <trkpt lat="46.04737" lon="9.62394">
        <ele>0.0</ele>
    </trkpt>
    <trkpt lat="46.04738" lon="9.62396">
        <ele>0.0</ele>
    </trkpt>
    <trkpt lat="46.04741" lon="9.62408">
        <ele>0.0</ele>
    </trkpt>
    <trkpt lat="46.04743" lon="9.62413">
        <ele>0.0</ele>
    </trkpt>
    <trkpt lat="46.04746" lon="9.62418">
        <ele>0.0</ele>
    </trkpt>
    <trkpt lat="46.04752" lon="9.62424">
        <ele>0.0</ele>
    </trkpt>
    <trkpt lat="46.04755" lon="9.62426">
        <ele>0.0</ele>
    </trkpt>
    <trkpt lat="46.04758" lon="9.62427">
        <ele>0.0</ele>
    </trkpt>
    <trkpt lat="46.04762" lon="9.62427">
        <ele>0.0</ele>
    </trkpt>
    <trkpt lat="46.04771" lon="9.62425">
        <ele>0.0</ele>
    </trkpt>
    <trkpt lat="46.04775" lon="9.62423">
        <ele>0.0</ele>
    </trkpt>
    <trkpt lat="46.04785" lon="9.62416">
        <ele>0.0</ele>
    </trkpt>
    <trkpt lat="46.04795" lon="9.62411">
        <ele>0.0</ele>
    </trkpt>
    <trkpt lat="46.04796" lon="9.6241">
        <ele>0.0</ele>
    </trkpt>
    <trkpt lat="46.04806" lon="9.62407">
        <ele>0.0</ele>
    </trkpt>
    <trkpt lat="46.04831" lon="9.62404">
        <ele>0.0</ele>
    </trkpt>
    <trkpt lat="46.04833" lon="9.62403">
        <ele>0.0</ele>
    </trkpt>
    <trkpt lat="46.04853" lon="9.62399">
        <ele>0.0</ele>
    </trkpt>
    <trkpt lat="46.0486" lon="9.62399">
        <ele>0.0</ele>
    </trkpt>
    <trkpt lat="46.04865" lon="9.624">
        <ele>0.0</ele>
    </trkpt>
    <trkpt lat="46.04866" lon="9.624">
        <ele>0.0</ele>
    </trkpt>
    <trkpt lat="46.04874" lon="9.62403">
        <ele>0.0</ele>
    </trkpt>
    <trkpt lat="46.04883" lon="9.62408">
        <ele>0.0</ele>
    </trkpt>
    <trkpt lat="46.04883" lon="9.62409">
        <ele>0.0</ele>
    </trkpt>
    <trkpt lat="46.04892" lon="9.62415">
        <ele>0.0</ele>
    </trkpt>
    <trkpt lat="46.04965" lon="9.62455">
        <ele>0.0</ele>
    </trkpt>
    <trkpt lat="46.04967" lon="9.62455">
        <ele>0.0</ele>
    </trkpt>
    <trkpt lat="46.04969" lon="9.62456">
        <ele>0.0</ele>
    </trkpt>
    <trkpt lat="46.04973" lon="9.62457">
        <ele>0.0</ele>
    </trkpt>
    <trkpt lat="46.04974" lon="9.62456">
        <ele>0.0</ele>
    </trkpt>
    <trkpt lat="46.0498" lon="9.62452">
        <ele>0.0</ele>
    </trkpt>
    <trkpt lat="46.04982" lon="9.6245">
        <ele>0.0</ele>
    </trkpt>
    <trkpt lat="46.04997" lon="9.62425">
        <ele>0.0</ele>
    </trkpt>
    <trkpt lat="46.05004" lon="9.62417">
        <ele>0.0</ele>
    </trkpt>
    <trkpt lat="46.0501" lon="9.62412">
        <ele>0.0</ele>
    </trkpt>
    <trkpt lat="46.05013" lon="9.62408">
        <ele>0.0</ele>
    </trkpt>
    <trkpt lat="46.05018" lon="9.62404">
        <ele>0.0</ele>
    </trkpt>
    <trkpt lat="46.05049" lon="9.62384">
        <ele>0.0</ele>
    </trkpt>
    <trkpt lat="46.05061" lon="9.6237">
        <ele>0.0</ele>
    </trkpt>
    <trkpt lat="46.05067" lon="9.62365">
        <ele>0.0</ele>
    </trkpt>
    <trkpt lat="46.05071" lon="9.62363">
        <ele>0.0</ele>
    </trkpt>
    <trkpt lat="46.05072" lon="9.62362">
        <ele>0.0</ele>
    </trkpt>
    <trkpt lat="46.05081" lon="9.6236">
        <ele>0.0</ele>
    </trkpt>
    <trkpt lat="46.05087" lon="9.6236">
        <ele>0.0</ele>
    </trkpt>
    <trkpt lat="46.05089" lon="9.62361">
        <ele>0.0</ele>
    </trkpt>
    <trkpt lat="46.05092" lon="9.62361">
        <ele>0.0</ele>
    </trkpt>
    <trkpt lat="46.05099" lon="9.62363">
        <ele>0.0</ele>
    </trkpt>
    <trkpt lat="46.0512" lon="9.62374">
        <ele>0.0</ele>
    </trkpt>
    <trkpt lat="46.05141" lon="9.62383">
        <ele>0.0</ele>
    </trkpt>
    <trkpt lat="46.05156" lon="9.62388">
        <ele>0.0</ele>
    </trkpt>
    <trkpt lat="46.05169" lon="9.62387">
        <ele>0.0</ele>
    </trkpt>
    <trkpt lat="46.05188" lon="9.62384">
        <ele>0.0</ele>
    </trkpt>
    <trkpt lat="46.05229" lon="9.62384">
        <ele>0.0</ele>
    </trkpt>
    <trkpt lat="46.05238" lon="9.62382">
        <ele>0.0</ele>
    </trkpt>
    <trkpt lat="46.05246" lon="9.62381">
        <ele>0.0</ele>
    </trkpt>
    <trkpt lat="46.05255" lon="9.62376">
        <ele>0.0</ele>
    </trkpt>
    <trkpt lat="46.0526" lon="9.62374">
        <ele>0.0</ele>
    </trkpt>
    <trkpt lat="46.05263" lon="9.62374">
        <ele>0.0</ele>
    </trkpt>
    <trkpt lat="46.05265" lon="9.62373">
        <ele>0.0</ele>
    </trkpt>
    <trkpt lat="46.05269" lon="9.62372">
        <ele>0.0</ele>
    </trkpt>
    <trkpt lat="46.05273" lon="9.62374">
        <ele>0.0</ele>
    </trkpt>
    <trkpt lat="46.05274" lon="9.62374">
        <ele>0.0</ele>
    </trkpt>
    <trkpt lat="46.05278" lon="9.62382">
        <ele>0.0</ele>
    </trkpt>
    <trkpt lat="46.05279" lon="9.62385">
        <ele>0.0</ele>
    </trkpt>
    <trkpt lat="46.05285" lon="9.62398">
        <ele>0.0</ele>
    </trkpt>
    <trkpt lat="46.05293" lon="9.62422">
        <ele>0.0</ele>
    </trkpt>
    <trkpt lat="46.05304" lon="9.62465">
        <ele>0.0</ele>
    </trkpt>
    <trkpt lat="46.05306" lon="9.62488">
        <ele>0.0</ele>
    </trkpt>
    <trkpt lat="46.05309" lon="9.62506">
        <ele>0.0</ele>
    </trkpt>
    <trkpt lat="46.05308" lon="9.62519">
        <ele>0.0</ele>
    </trkpt>
    <trkpt lat="46.05308" lon="9.62532">
        <ele>0.0</ele>
    </trkpt>
    <trkpt lat="46.05307" lon="9.62533">
        <ele>0.0</ele>
    </trkpt>
    <trkpt lat="46.05305" lon="9.62539">
        <ele>0.0</ele>
    </trkpt>
    <trkpt lat="46.05303" lon="9.62542">
        <ele>0.0</ele>
    </trkpt>
    <trkpt lat="46.05301" lon="9.62544">
        <ele>0.0</ele>
    </trkpt>
    <trkpt lat="46.05297" lon="9.62547">
        <ele>0.0</ele>
    </trkpt>
    <trkpt lat="46.0529" lon="9.62554">
        <ele>0.0</ele>
    </trkpt>
    <trkpt lat="46.05254" lon="9.62586">
        <ele>0.0</ele>
    </trkpt>
    <trkpt lat="46.05252" lon="9.62589">
        <ele>0.0</ele>
    </trkpt>
    <trkpt lat="46.05239" lon="9.62604">
        <ele>0.0</ele>
    </trkpt>
    <trkpt lat="46.05227" lon="9.62626">
        <ele>0.0</ele>
    </trkpt>
    <trkpt lat="46.05226" lon="9.62629">
        <ele>0.0</ele>
    </trkpt>
    <trkpt lat="46.05223" lon="9.62635">
        <ele>0.0</ele>
    </trkpt>
    <trkpt lat="46.05217" lon="9.62652">
        <ele>0.0</ele>
    </trkpt>
    <trkpt lat="46.05217" lon="9.62658">
        <ele>0.0</ele>
    </trkpt>
    <trkpt lat="46.05216" lon="9.62664">
        <ele>0.0</ele>
    </trkpt>
    <trkpt lat="46.05217" lon="9.62707">
        <ele>0.0</ele>
    </trkpt>
    <trkpt lat="46.05216" lon="9.62718">
        <ele>0.0</ele>
    </trkpt>
    <trkpt lat="46.05211" lon="9.62751">
        <ele>0.0</ele>
    </trkpt>
    <trkpt lat="46.05211" lon="9.62755">
        <ele>0.0</ele>
    </trkpt>
    <trkpt lat="46.0521" lon="9.62759">
        <ele>0.0</ele>
    </trkpt>
    <trkpt lat="46.05209" lon="9.6278">
        <ele>0.0</ele>
    </trkpt>
    <trkpt lat="46.05208" lon="9.62786">
        <ele>0.0</ele>
    </trkpt>
    <trkpt lat="46.0521" lon="9.62813">
        <ele>0.0</ele>
    </trkpt>
    <trkpt lat="46.05209" lon="9.62833">
        <ele>0.0</ele>
    </trkpt>
    <trkpt lat="46.05206" lon="9.62844">
        <ele>0.0</ele>
    </trkpt>
    <trkpt lat="46.05204" lon="9.62861">
        <ele>0.0</ele>
    </trkpt>
    <trkpt lat="46.05204" lon="9.62883">
        <ele>0.0</ele>
    </trkpt>
    <trkpt lat="46.05205" lon="9.62885">
        <ele>0.0</ele>
    </trkpt>
    <trkpt lat="46.05204" lon="9.62899">
        <ele>0.0</ele>
    </trkpt>
    <trkpt lat="46.05202" lon="9.62904">
        <ele>0.0</ele>
    </trkpt>
    <trkpt lat="46.05201" lon="9.62908">
        <ele>0.0</ele>
    </trkpt>
    <trkpt lat="46.05196" lon="9.62922">
        <ele>0.0</ele>
    </trkpt>
    <trkpt lat="46.05195" lon="9.62928">
        <ele>0.0</ele>
    </trkpt>
    <trkpt lat="46.05195" lon="9.6293">
        <ele>0.0</ele>
    </trkpt>
    <trkpt lat="46.05196" lon="9.62937">
        <ele>0.0</ele>
    </trkpt>
    <trkpt lat="46.05198" lon="9.62944">
        <ele>0.0</ele>
    </trkpt>
    <trkpt lat="46.05206" lon="9.62965">
        <ele>0.0</ele>
    </trkpt>
    <trkpt lat="46.0521" lon="9.62979">
        <ele>0.0</ele>
    </trkpt>
    <trkpt lat="46.05213" lon="9.62997">
        <ele>0.0</ele>
    </trkpt>
    <trkpt lat="46.05212" lon="9.63">
        <ele>0.0</ele>
    </trkpt>
    <trkpt lat="46.05212" lon="9.63006">
        <ele>0.0</ele>
    </trkpt>
    <trkpt lat="46.05211" lon="9.63009">
        <ele>0.0</ele>
    </trkpt>
    <trkpt lat="46.05209" lon="9.63012">
        <ele>0.0</ele>
    </trkpt>
    <trkpt lat="46.05201" lon="9.63017">
        <ele>0.0</ele>
    </trkpt>
    <trkpt lat="46.05186" lon="9.63031">
        <ele>0.0</ele>
    </trkpt>
    <trkpt lat="46.05182" lon="9.63037">
        <ele>0.0</ele>
    </trkpt>
    <trkpt lat="46.0517" lon="9.63074">
        <ele>0.0</ele>
    </trkpt>
    <trkpt lat="46.0517" lon="9.63129">
        <ele>0.0</ele>
    </trkpt>
    <trkpt lat="46.05171" lon="9.63144">
        <ele>0.0</ele>
    </trkpt>
    <trkpt lat="46.05173" lon="9.63152">
        <ele>0.0</ele>
    </trkpt>
    <trkpt lat="46.05175" lon="9.63157">
        <ele>0.0</ele>
    </trkpt>
    <trkpt lat="46.05175" lon="9.63158">
        <ele>0.0</ele>
    </trkpt>
    <trkpt lat="46.05181" lon="9.63171">
        <ele>0.0</ele>
    </trkpt>
    <trkpt lat="46.05185" lon="9.63176">
        <ele>0.0</ele>
    </trkpt>
    <trkpt lat="46.0519" lon="9.63179">
        <ele>0.0</ele>
    </trkpt>
    <trkpt lat="46.05202" lon="9.63182">
        <ele>0.0</ele>
    </trkpt>
    <trkpt lat="46.05222" lon="9.63183">
        <ele>0.0</ele>
    </trkpt>
    <trkpt lat="46.05237" lon="9.63185">
        <ele>0.0</ele>
    </trkpt>
    <trkpt lat="46.0524" lon="9.63185">
        <ele>0.0</ele>
    </trkpt>
    <trkpt lat="46.05249" lon="9.6319">
        <ele>0.0</ele>
    </trkpt>
    <trkpt lat="46.05263" lon="9.63202">
        <ele>0.0</ele>
    </trkpt>
    <trkpt lat="46.05275" lon="9.63209">
        <ele>0.0</ele>
    </trkpt>
    <trkpt lat="46.05287" lon="9.63212">
        <ele>0.0</ele>
    </trkpt>
    <trkpt lat="46.05288" lon="9.63213">
        <ele>0.0</ele>
    </trkpt>
    <trkpt lat="46.05305" lon="9.63216">
        <ele>0.0</ele>
    </trkpt>
    <trkpt lat="46.05307" lon="9.63217">
        <ele>0.0</ele>
    </trkpt>
    <trkpt lat="46.05316" lon="9.63218">
        <ele>0.0</ele>
    </trkpt>
    <trkpt lat="46.0532" lon="9.63219">
        <ele>0.0</ele>
    </trkpt>
    <trkpt lat="46.05324" lon="9.63218">
        <ele>0.0</ele>
    </trkpt>
    <trkpt lat="46.0534" lon="9.63216">
        <ele>0.0</ele>
    </trkpt>
    <trkpt lat="46.0535" lon="9.63213">
        <ele>0.0</ele>
    </trkpt>
    <trkpt lat="46.05357" lon="9.63213">
        <ele>0.0</ele>
    </trkpt>
    <trkpt lat="46.05358" lon="9.63214">
        <ele>0.0</ele>
    </trkpt>
    <trkpt lat="46.0536" lon="9.63214">
        <ele>0.0</ele>
    </trkpt>
    <trkpt lat="46.05368" lon="9.63222">
        <ele>0.0</ele>
    </trkpt>
    <trkpt lat="46.05385" lon="9.63253">
        <ele>0.0</ele>
    </trkpt>
    <trkpt lat="46.05395" lon="9.63268">
        <ele>0.0</ele>
    </trkpt>
    <trkpt lat="46.05395" lon="9.63269">
        <ele>0.0</ele>
    </trkpt>
    <trkpt lat="46.05397" lon="9.63272">
        <ele>0.0</ele>
    </trkpt>
    <trkpt lat="46.05403" lon="9.63285">
        <ele>0.0</ele>
    </trkpt>
    <trkpt lat="46.05414" lon="9.63301">
        <ele>0.0</ele>
    </trkpt>
    <trkpt lat="46.05423" lon="9.63309">
        <ele>0.0</ele>
    </trkpt>
    <trkpt lat="46.05425" lon="9.6331">
        <ele>0.0</ele>
    </trkpt>
    <trkpt lat="46.05426" lon="9.63311">
        <ele>0.0</ele>
    </trkpt>
    <trkpt lat="46.05468" lon="9.63312">
        <ele>0.0</ele>
    </trkpt>
    <trkpt lat="46.05487" lon="9.63311">
        <ele>0.0</ele>
    </trkpt>
    <trkpt lat="46.05491" lon="9.6331">
        <ele>0.0</ele>
    </trkpt>
    <trkpt lat="46.05499" lon="9.63306">
        <ele>0.0</ele>
    </trkpt>
    <trkpt lat="46.05556" lon="9.63266">
        <ele>0.0</ele>
    </trkpt>
    <trkpt lat="46.05558" lon="9.63264">
        <ele>0.0</ele>
    </trkpt>
    <trkpt lat="46.05568" lon="9.63257">
        <ele>0.0</ele>
    </trkpt>
    <trkpt lat="46.05572" lon="9.63255">
        <ele>0.0</ele>
    </trkpt>
    <trkpt lat="46.05604" lon="9.63231">
        <ele>0.0</ele>
    </trkpt>
    <trkpt lat="46.05606" lon="9.63229">
        <ele>0.0</ele>
    </trkpt>
    <trkpt lat="46.05623" lon="9.63216">
        <ele>0.0</ele>
    </trkpt>
    <trkpt lat="46.05648" lon="9.63187">
        <ele>0.0</ele>
    </trkpt>
    <trkpt lat="46.0565" lon="9.63184">
        <ele>0.0</ele>
    </trkpt>
    <trkpt lat="46.05717" lon="9.63104">
        <ele>0.0</ele>
    </trkpt>
    <trkpt lat="46.05719" lon="9.63101">
        <ele>0.0</ele>
    </trkpt>
    <trkpt lat="46.05766" lon="9.63045">
        <ele>0.0</ele>
    </trkpt>
    <trkpt lat="46.05771" lon="9.63036">
        <ele>0.0</ele>
    </trkpt>
    <trkpt lat="46.05772" lon="9.63032">
        <ele>0.0</ele>
    </trkpt>
    <trkpt lat="46.05772" lon="9.63027">
        <ele>0.0</ele>
    </trkpt>
    <trkpt lat="46.05771" lon="9.63024">
        <ele>0.0</ele>
    </trkpt>
    <trkpt lat="46.05771" lon="9.63023">
        <ele>0.0</ele>
    </trkpt>
    <trkpt lat="46.05769" lon="9.63023">
        <ele>0.0</ele>
    </trkpt>
    <trkpt lat="46.05768" lon="9.63022">
        <ele>0.0</ele>
    </trkpt>
    <trkpt lat="46.05766" lon="9.63023">
        <ele>0.0</ele>
    </trkpt>
    <trkpt lat="46.05762" lon="9.63024">
        <ele>0.0</ele>
    </trkpt>
    <trkpt lat="46.0576" lon="9.63027">
        <ele>0.0</ele>
    </trkpt>
    <trkpt lat="46.05759" lon="9.63027">
        <ele>0.0</ele>
    </trkpt>
    <trkpt lat="46.0574" lon="9.63049">
        <ele>0.0</ele>
    </trkpt>
    <trkpt lat="46.05729" lon="9.63053">
        <ele>0.0</ele>
    </trkpt>
    <trkpt lat="46.05725" lon="9.63054">
        <ele>0.0</ele>
    </trkpt>
    <trkpt lat="46.05716" lon="9.63059">
        <ele>0.0</ele>
    </trkpt>
    <trkpt lat="46.05713" lon="9.63062">
        <ele>0.0</ele>
    </trkpt>
    <trkpt lat="46.05711" lon="9.63063">
        <ele>0.0</ele>
    </trkpt>
    <trkpt lat="46.05702" lon="9.63074">
        <ele>0.0</ele>
    </trkpt>
    <trkpt lat="46.05695" lon="9.63081">
        <ele>0.0</ele>
    </trkpt>
    <trkpt lat="46.0569" lon="9.63084">
        <ele>0.0</ele>
    </trkpt>
    <trkpt lat="46.05686" lon="9.63084">
        <ele>0.0</ele>
    </trkpt>
    <trkpt lat="46.05684" lon="9.63085">
        <ele>0.0</ele>
    </trkpt>
    <trkpt lat="46.05667" lon="9.63085">
        <ele>0.0</ele>
    </trkpt>
    <trkpt lat="46.05662" lon="9.63087">
        <ele>0.0</ele>
    </trkpt>
    <trkpt lat="46.05647" lon="9.63096">
        <ele>0.0</ele>
    </trkpt>
    <trkpt lat="46.05632" lon="9.6311">
        <ele>0.0</ele>
    </trkpt>
    <trkpt lat="46.05618" lon="9.63119">
        <ele>0.0</ele>
    </trkpt>
    <trkpt lat="46.05599" lon="9.63128">
        <ele>0.0</ele>
    </trkpt>
    <trkpt lat="46.05583" lon="9.63132">
        <ele>0.0</ele>
    </trkpt>
    <trkpt lat="46.05565" lon="9.63134">
        <ele>0.0</ele>
    </trkpt>
    <trkpt lat="46.05517" lon="9.63134">
        <ele>0.0</ele>
    </trkpt>
    <trkpt lat="46.05499" lon="9.63129">
        <ele>0.0</ele>
    </trkpt>
    <trkpt lat="46.05494" lon="9.63126">
        <ele>0.0</ele>
    </trkpt>
    <trkpt lat="46.05492" lon="9.63124">
        <ele>0.0</ele>
    </trkpt>
    <trkpt lat="46.05482" lon="9.63118">
        <ele>0.0</ele>
    </trkpt>
    <trkpt lat="46.05463" lon="9.631">
        <ele>0.0</ele>
    </trkpt>
    <trkpt lat="46.05461" lon="9.63095">
        <ele>0.0</ele>
    </trkpt>
    <trkpt lat="46.05461" lon="9.63091">
        <ele>0.0</ele>
    </trkpt>
    <trkpt lat="46.05462" lon="9.63088">
        <ele>0.0</ele>
    </trkpt>
    <trkpt lat="46.05463" lon="9.63087">
        <ele>0.0</ele>
    </trkpt>
    <trkpt lat="46.05464" lon="9.63087">
        <ele>0.0</ele>
    </trkpt>
    <trkpt lat="46.05467" lon="9.63086">
        <ele>0.0</ele>
    </trkpt>
    <trkpt lat="46.05471" lon="9.63086">
        <ele>0.0</ele>
    </trkpt>
    <trkpt lat="46.05473" lon="9.63087">
        <ele>0.0</ele>
    </trkpt>
    <trkpt lat="46.05473" lon="9.63088">
        <ele>0.0</ele>
    </trkpt>
    <trkpt lat="46.05475" lon="9.63089">
        <ele>0.0</ele>
    </trkpt>
    <trkpt lat="46.05486" lon="9.63098">
        <ele>0.0</ele>
    </trkpt>
    <trkpt lat="46.05497" lon="9.63105">
        <ele>0.0</ele>
    </trkpt>
    <trkpt lat="46.05502" lon="9.63107">
        <ele>0.0</ele>
    </trkpt>
    <trkpt lat="46.05508" lon="9.63107">
        <ele>0.0</ele>
    </trkpt>
    <trkpt lat="46.05515" lon="9.63106">
        <ele>0.0</ele>
    </trkpt>
    <trkpt lat="46.05521" lon="9.63103">
        <ele>0.0</ele>
    </trkpt>
    <trkpt lat="46.05523" lon="9.63101">
        <ele>0.0</ele>
    </trkpt>
    <trkpt lat="46.05537" lon="9.63094">
        <ele>0.0</ele>
    </trkpt>
    <trkpt lat="46.0554" lon="9.63092">
        <ele>0.0</ele>
    </trkpt>
    <trkpt lat="46.05557" lon="9.63085">
        <ele>0.0</ele>
    </trkpt>
    <trkpt lat="46.05558" lon="9.63085">
        <ele>0.0</ele>
    </trkpt>
    <trkpt lat="46.05574" lon="9.63076">
        <ele>0.0</ele>
    </trkpt>
    <trkpt lat="46.05578" lon="9.63073">
        <ele>0.0</ele>
    </trkpt>
    <trkpt lat="46.05583" lon="9.63068">
        <ele>0.0</ele>
    </trkpt>
    <trkpt lat="46.05594" lon="9.63051">
        <ele>0.0</ele>
    </trkpt>
    <trkpt lat="46.056" lon="9.6304">
        <ele>0.0</ele>
    </trkpt>
    <trkpt lat="46.05602" lon="9.63035">
        <ele>0.0</ele>
    </trkpt>
    <trkpt lat="46.05622" lon="9.63">
        <ele>0.0</ele>
    </trkpt>
    <trkpt lat="46.05626" lon="9.62994">
        <ele>0.0</ele>
    </trkpt>
    <trkpt lat="46.05643" lon="9.62963">
        <ele>0.0</ele>
    </trkpt>
    <trkpt lat="46.0569" lon="9.62884">
        <ele>0.0</ele>
    </trkpt>
    <trkpt lat="46.05691" lon="9.6288">
        <ele>0.0</ele>
    </trkpt>
    <trkpt lat="46.05715" lon="9.62842">
        <ele>0.0</ele>
    </trkpt>
    <trkpt lat="46.05726" lon="9.62827">
        <ele>0.0</ele>
    </trkpt>
    <trkpt lat="46.05727" lon="9.62826">
        <ele>0.0</ele>
    </trkpt>
    <trkpt lat="46.05728" lon="9.62824">
        <ele>0.0</ele>
    </trkpt>
    <trkpt lat="46.05751" lon="9.62791">
        <ele>0.0</ele>
    </trkpt>
    <trkpt lat="46.05772" lon="9.62743">
        <ele>0.0</ele>
    </trkpt>
    <trkpt lat="46.05773" lon="9.62743">
        <ele>0.0</ele>
    </trkpt>
    <trkpt lat="46.05782" lon="9.62726">
        <ele>0.0</ele>
    </trkpt>
    <trkpt lat="46.05794" lon="9.62706">
        <ele>0.0</ele>
    </trkpt>
    <trkpt lat="46.05795" lon="9.62703">
        <ele>0.0</ele>
    </trkpt>
    <trkpt lat="46.05836" lon="9.62635">
        <ele>0.0</ele>
    </trkpt>
    <trkpt lat="46.05846" lon="9.62622">
        <ele>0.0</ele>
    </trkpt>
    <trkpt lat="46.05854" lon="9.62613">
        <ele>0.0</ele>
    </trkpt>
    <trkpt lat="46.05872" lon="9.62595">
        <ele>0.0</ele>
    </trkpt>
    <trkpt lat="46.05884" lon="9.62585">
        <ele>0.0</ele>
    </trkpt>
    <trkpt lat="46.05887" lon="9.62581">
        <ele>0.0</ele>
    </trkpt>
    <trkpt lat="46.05902" lon="9.62567">
        <ele>0.0</ele>
    </trkpt>
    <trkpt lat="46.05924" lon="9.6254">
        <ele>0.0</ele>
    </trkpt>
    <trkpt lat="46.05939" lon="9.62517">
        <ele>0.0</ele>
    </trkpt>
    <trkpt lat="46.0594" lon="9.62516">
        <ele>0.0</ele>
    </trkpt>
    <trkpt lat="46.0595" lon="9.62495">
        <ele>0.0</ele>
    </trkpt>
    <trkpt lat="46.05952" lon="9.62492">
        <ele>0.0</ele>
    </trkpt>
    <trkpt lat="46.05952" lon="9.62491">
        <ele>0.0</ele>
    </trkpt>
    <trkpt lat="46.0596" lon="9.62473">
        <ele>0.0</ele>
    </trkpt>
    <trkpt lat="46.05969" lon="9.62456">
        <ele>0.0</ele>
    </trkpt>
    <trkpt lat="46.05971" lon="9.62453">
        <ele>0.0</ele>
    </trkpt>
    <trkpt lat="46.05975" lon="9.62444">
        <ele>0.0</ele>
    </trkpt>
    <trkpt lat="46.05981" lon="9.62437">
        <ele>0.0</ele>
    </trkpt>
    <trkpt lat="46.05992" lon="9.62426">
        <ele>0.0</ele>
    </trkpt>
    <trkpt lat="46.05999" lon="9.62421">
        <ele>0.0</ele>
    </trkpt>
    <trkpt lat="46.06016" lon="9.62406">
        <ele>0.0</ele>
    </trkpt>
    <trkpt lat="46.0602" lon="9.62401">
        <ele>0.0</ele>
    </trkpt>
    <trkpt lat="46.06075" lon="9.62313">
        <ele>0.0</ele>
    </trkpt>
    <trkpt lat="46.06133" lon="9.62225">
        <ele>0.0</ele>
    </trkpt>
    <trkpt lat="46.0614" lon="9.62217">
        <ele>0.0</ele>
    </trkpt>
    <trkpt lat="46.06142" lon="9.62213">
        <ele>0.0</ele>
    </trkpt>
    <trkpt lat="46.06155" lon="9.62203">
        <ele>0.0</ele>
    </trkpt>
    <trkpt lat="46.0616" lon="9.62198">
        <ele>0.0</ele>
    </trkpt>
    <trkpt lat="46.06168" lon="9.62194">
        <ele>0.0</ele>
    </trkpt>
    <trkpt lat="46.06169" lon="9.62194">
        <ele>0.0</ele>
    </trkpt>
    <trkpt lat="46.06179" lon="9.6219">
        <ele>0.0</ele>
    </trkpt>
    <trkpt lat="46.06187" lon="9.62185">
        <ele>0.0</ele>
    </trkpt>
    <trkpt lat="46.06188" lon="9.62184">
        <ele>0.0</ele>
    </trkpt>
    <trkpt lat="46.06191" lon="9.62179">
        <ele>0.0</ele>
    </trkpt>
    <trkpt lat="46.06194" lon="9.62172">
        <ele>0.0</ele>
    </trkpt>
    <trkpt lat="46.06203" lon="9.62137">
        <ele>0.0</ele>
    </trkpt>
    <trkpt lat="46.06203" lon="9.62136">
        <ele>0.0</ele>
    </trkpt>
    <trkpt lat="46.06224" lon="9.6207">
        <ele>0.0</ele>
    </trkpt>
    <trkpt lat="46.06228" lon="9.62061">
        <ele>0.0</ele>
    </trkpt>
    <trkpt lat="46.06235" lon="9.62051">
        <ele>0.0</ele>
    </trkpt>
    <trkpt lat="46.06236" lon="9.62051">
        <ele>0.0</ele>
    </trkpt>
    <trkpt lat="46.06238" lon="9.62049">
        <ele>0.0</ele>
    </trkpt>
    <trkpt lat="46.06243" lon="9.62042">
        <ele>0.0</ele>
    </trkpt>
    <trkpt lat="46.06253" lon="9.62035">
        <ele>0.0</ele>
    </trkpt>
    <trkpt lat="46.06255" lon="9.62033">
        <ele>0.0</ele>
    </trkpt>
    <trkpt lat="46.06263" lon="9.62027">
        <ele>0.0</ele>
    </trkpt>
    <trkpt lat="46.06266" lon="9.62024">
        <ele>0.0</ele>
    </trkpt>
    <trkpt lat="46.06285" lon="9.6201">
        <ele>0.0</ele>
    </trkpt>
    <trkpt lat="46.06295" lon="9.62001">
        <ele>0.0</ele>
    </trkpt>
    <trkpt lat="46.063" lon="9.61998">
        <ele>0.0</ele>
    </trkpt>
    <trkpt lat="46.06311" lon="9.61998">
        <ele>0.0</ele>
    </trkpt>
    <trkpt lat="46.0632" lon="9.62">
        <ele>0.0</ele>
    </trkpt>
    <trkpt lat="46.0633" lon="9.62001">
        <ele>0.0</ele>
    </trkpt>
    <trkpt lat="46.06334" lon="9.62002">
        <ele>0.0</ele>
    </trkpt>
    <trkpt lat="46.06336" lon="9.62002">
        <ele>0.0</ele>
    </trkpt>
    <trkpt lat="46.06354" lon="9.62007">
        <ele>0.0</ele>
    </trkpt>
    <trkpt lat="46.06355" lon="9.62007">
        <ele>0.0</ele>
    </trkpt>
    <trkpt lat="46.06379" lon="9.62015">
        <ele>0.0</ele>
    </trkpt>
    <trkpt lat="46.06381" lon="9.62016">
        <ele>0.0</ele>
    </trkpt>
    <trkpt lat="46.06384" lon="9.62016">
        <ele>0.0</ele>
    </trkpt>
    <trkpt lat="46.06392" lon="9.62011">
        <ele>0.0</ele>
    </trkpt>
    <trkpt lat="46.06394" lon="9.62007">
        <ele>0.0</ele>
    </trkpt>
    <trkpt lat="46.06412" lon="9.61979">
        <ele>0.0</ele>
    </trkpt>
    <trkpt lat="46.06414" lon="9.61977">
        <ele>0.0</ele>
    </trkpt>
    <trkpt lat="46.06418" lon="9.61971">
        <ele>0.0</ele>
    </trkpt>
    <trkpt lat="46.06421" lon="9.61969">
        <ele>0.0</ele>
    </trkpt>
    <trkpt lat="46.06423" lon="9.61967">
        <ele>0.0</ele>
    </trkpt>
    <trkpt lat="46.06425" lon="9.61966">
        <ele>0.0</ele>
    </trkpt>
    <trkpt lat="46.06427" lon="9.61966">
        <ele>0.0</ele>
    </trkpt>
    <trkpt lat="46.0643" lon="9.61965">
        <ele>0.0</ele>
    </trkpt>
    <trkpt lat="46.06434" lon="9.61965">
        <ele>0.0</ele>
    </trkpt>
    <trkpt lat="46.06441" lon="9.61964">
        <ele>0.0</ele>
    </trkpt>
    <trkpt lat="46.06448" lon="9.61965">
        <ele>0.0</ele>
    </trkpt>
    <trkpt lat="46.06466" lon="9.61965">
        <ele>0.0</ele>
    </trkpt>
    <trkpt lat="46.06474" lon="9.61966">
        <ele>0.0</ele>
    </trkpt>
    <trkpt lat="46.06482" lon="9.61966">
        <ele>0.0</ele>
    </trkpt>
    <trkpt lat="46.0649" lon="9.61967">
        <ele>0.0</ele>
    </trkpt>
    <trkpt lat="46.06496" lon="9.61967">
        <ele>0.0</ele>
    </trkpt>
    <trkpt lat="46.06499" lon="9.61968">
        <ele>0.0</ele>
    </trkpt>
    <trkpt lat="46.065" lon="9.61969">
        <ele>0.0</ele>
    </trkpt>
    <trkpt lat="46.06509" lon="9.61975">
        <ele>0.0</ele>
    </trkpt>
    <trkpt lat="46.06515" lon="9.61977">
        <ele>0.0</ele>
    </trkpt>
    <trkpt lat="46.06521" lon="9.61977">
        <ele>0.0</ele>
    </trkpt>
    <trkpt lat="46.06525" lon="9.61976">
        <ele>0.0</ele>
    </trkpt>
    <trkpt lat="46.06533" lon="9.61971">
        <ele>0.0</ele>
    </trkpt>
    <trkpt lat="46.06547" lon="9.61956">
        <ele>0.0</ele>
    </trkpt>
    <trkpt lat="46.06558" lon="9.61938">
        <ele>0.0</ele>
    </trkpt>
    <trkpt lat="46.06572" lon="9.6192">
        <ele>0.0</ele>
    </trkpt>
    <trkpt lat="46.06573" lon="9.6192">
        <ele>0.0</ele>
    </trkpt>
    <trkpt lat="46.06584" lon="9.61908">
        <ele>0.0</ele>
    </trkpt>
    <trkpt lat="46.06588" lon="9.61905">
        <ele>0.0</ele>
    </trkpt>
    <trkpt lat="46.0659" lon="9.61903">
        <ele>0.0</ele>
    </trkpt>
    <trkpt lat="46.06593" lon="9.61899">
        <ele>0.0</ele>
    </trkpt>
    <trkpt lat="46.06596" lon="9.61894">
        <ele>0.0</ele>
    </trkpt>
    <trkpt lat="46.06597" lon="9.6189">
        <ele>0.0</ele>
    </trkpt>
    <trkpt lat="46.06599" lon="9.61886">
        <ele>0.0</ele>
    </trkpt>
    <trkpt lat="46.066" lon="9.61883">
        <ele>0.0</ele>
    </trkpt>
    <trkpt lat="46.06601" lon="9.61882">
        <ele>0.0</ele>
    </trkpt>
    <trkpt lat="46.06604" lon="9.61872">
        <ele>0.0</ele>
    </trkpt>
    <trkpt lat="46.06606" lon="9.61867">
        <ele>0.0</ele>
    </trkpt>
    <trkpt lat="46.06608" lon="9.61864">
        <ele>0.0</ele>
    </trkpt>
    <trkpt lat="46.06608" lon="9.61863">
        <ele>0.0</ele>
    </trkpt>
    <trkpt lat="46.06609" lon="9.61863">
        <ele>0.0</ele>
    </trkpt>
    <trkpt lat="46.06613" lon="9.61861">
        <ele>0.0</ele>
    </trkpt>
    <trkpt lat="46.06632" lon="9.61857">
        <ele>0.0</ele>
    </trkpt>
    <trkpt lat="46.06636" lon="9.61853">
        <ele>0.0</ele>
    </trkpt>
    <trkpt lat="46.06641" lon="9.61849">
        <ele>0.0</ele>
    </trkpt>
    <trkpt lat="46.06672" lon="9.6182">
        <ele>0.0</ele>
    </trkpt>
    <trkpt lat="46.06688" lon="9.61807">
        <ele>0.0</ele>
    </trkpt>
    <trkpt lat="46.06702" lon="9.61793">
        <ele>0.0</ele>
    </trkpt>
    <trkpt lat="46.06703" lon="9.61793">
        <ele>0.0</ele>
    </trkpt>
    <trkpt lat="46.06745" lon="9.61757">
        <ele>0.0</ele>
    </trkpt>
    <trkpt lat="46.06752" lon="9.61753">
        <ele>0.0</ele>
    </trkpt>
    <trkpt lat="46.06756" lon="9.6175">
        <ele>0.0</ele>
    </trkpt>
    <trkpt lat="46.0678" lon="9.61741">
        <ele>0.0</ele>
    </trkpt>
    <trkpt lat="46.06793" lon="9.61735">
        <ele>0.0</ele>
    </trkpt>
    <trkpt lat="46.06801" lon="9.61732">
        <ele>0.0</ele>
    </trkpt>
    <trkpt lat="46.06804" lon="9.6173">
        <ele>0.0</ele>
    </trkpt>
    <trkpt lat="46.06819" lon="9.61725">
        <ele>0.0</ele>
    </trkpt>
    <trkpt lat="46.06821" lon="9.61725">
        <ele>0.0</ele>
    </trkpt>
    <trkpt lat="46.0683" lon="9.61723">
        <ele>0.0</ele>
    </trkpt>
    <trkpt lat="46.06839" lon="9.61723">
        <ele>0.0</ele>
    </trkpt>
    <trkpt lat="46.06846" lon="9.61724">
        <ele>0.0</ele>
    </trkpt>
    <trkpt lat="46.06854" lon="9.61722">
        <ele>0.0</ele>
    </trkpt>
    <trkpt lat="46.06857" lon="9.61722">
        <ele>0.0</ele>
    </trkpt>
    <trkpt lat="46.06862" lon="9.6172">
        <ele>0.0</ele>
    </trkpt>
    <trkpt lat="46.06867" lon="9.61717">
        <ele>0.0</ele>
    </trkpt>
    <trkpt lat="46.06872" lon="9.61713">
        <ele>0.0</ele>
    </trkpt>
    <trkpt lat="46.06874" lon="9.61712">
        <ele>0.0</ele>
    </trkpt>
    <trkpt lat="46.0688" lon="9.61707">
        <ele>0.0</ele>
    </trkpt>
    <trkpt lat="46.06886" lon="9.617">
        <ele>0.0</ele>
    </trkpt>
    <trkpt lat="46.06889" lon="9.61698">
        <ele>0.0</ele>
    </trkpt>
    <trkpt lat="46.0689" lon="9.61697">
        <ele>0.0</ele>
    </trkpt>
    <trkpt lat="46.06926" lon="9.61641">
        <ele>0.0</ele>
    </trkpt>
    <trkpt lat="46.0693" lon="9.61636">
        <ele>0.0</ele>
    </trkpt>
    <trkpt lat="46.06936" lon="9.61632">
        <ele>0.0</ele>
    </trkpt>
    <trkpt lat="46.06941" lon="9.6163">
        <ele>0.0</ele>
    </trkpt>
    <trkpt lat="46.06941" lon="9.61629">
        <ele>0.0</ele>
    </trkpt>
    <trkpt lat="46.06946" lon="9.61628">
        <ele>0.0</ele>
    </trkpt>
    <trkpt lat="46.06949" lon="9.61628">
        <ele>0.0</ele>
    </trkpt>
    <trkpt lat="46.06959" lon="9.61624">
        <ele>0.0</ele>
    </trkpt>
    <trkpt lat="46.06963" lon="9.61623">
        <ele>0.0</ele>
    </trkpt>
    <trkpt lat="46.06973" lon="9.61619">
        <ele>0.0</ele>
    </trkpt>
    <trkpt lat="46.06974" lon="9.61619">
        <ele>0.0</ele>
    </trkpt>
    <trkpt lat="46.06976" lon="9.61618">
        <ele>0.0</ele>
    </trkpt>
    <trkpt lat="46.0698" lon="9.61617">
        <ele>0.0</ele>
    </trkpt>
    <trkpt lat="46.07008" lon="9.61602">
        <ele>0.0</ele>
    </trkpt>
    <trkpt lat="46.0701" lon="9.616">
        <ele>0.0</ele>
    </trkpt>
    <trkpt lat="46.07024" lon="9.61592">
        <ele>0.0</ele>
    </trkpt>
    <trkpt lat="46.07027" lon="9.61591">
        <ele>0.0</ele>
    </trkpt>
    <trkpt lat="46.07059" lon="9.61576">
        <ele>0.0</ele>
    </trkpt>
    <trkpt lat="46.07061" lon="9.61574">
        <ele>0.0</ele>
    </trkpt>
    <trkpt lat="46.07092" lon="9.61556">
        <ele>0.0</ele>
    </trkpt>
    <trkpt lat="46.07099" lon="9.6155">
        <ele>0.0</ele>
    </trkpt>
    <trkpt lat="46.07108" lon="9.61544">
        <ele>0.0</ele>
    </trkpt>
    <trkpt lat="46.0711" lon="9.61542">
        <ele>0.0</ele>
    </trkpt>
    <trkpt lat="46.07119" lon="9.61537">
        <ele>0.0</ele>
    </trkpt>
    <trkpt lat="46.07123" lon="9.61537">
        <ele>0.0</ele>
    </trkpt>
    <trkpt lat="46.07126" lon="9.61539">
        <ele>0.0</ele>
    </trkpt>
    <trkpt lat="46.07127" lon="9.6154">
        <ele>0.0</ele>
    </trkpt>
    <trkpt lat="46.07129" lon="9.61541">
        <ele>0.0</ele>
    </trkpt>
    <trkpt lat="46.07131" lon="9.61544">
        <ele>0.0</ele>
    </trkpt>
    <trkpt lat="46.07133" lon="9.61548">
        <ele>0.0</ele>
    </trkpt>
    <trkpt lat="46.07135" lon="9.61557">
        <ele>0.0</ele>
    </trkpt>
    <trkpt lat="46.07135" lon="9.61561">
        <ele>0.0</ele>
    </trkpt>
    <trkpt lat="46.07136" lon="9.61569">
        <ele>0.0</ele>
    </trkpt>
    <trkpt lat="46.07135" lon="9.61576">
        <ele>0.0</ele>
    </trkpt>
    <trkpt lat="46.07132" lon="9.61582">
        <ele>0.0</ele>
    </trkpt>
    <trkpt lat="46.07131" lon="9.61585">
        <ele>0.0</ele>
    </trkpt>
    <trkpt lat="46.07119" lon="9.61605">
        <ele>0.0</ele>
    </trkpt>
    <trkpt lat="46.07119" lon="9.61606">
        <ele>0.0</ele>
    </trkpt>
    <trkpt lat="46.07117" lon="9.61612">
        <ele>0.0</ele>
    </trkpt>
    <trkpt lat="46.07115" lon="9.61627">
        <ele>0.0</ele>
    </trkpt>
    <trkpt lat="46.07113" lon="9.61674">
        <ele>0.0</ele>
    </trkpt>
    <trkpt lat="46.07112" lon="9.61678">
        <ele>0.0</ele>
    </trkpt>
    <trkpt lat="46.07112" lon="9.61682">
        <ele>0.0</ele>
    </trkpt>
    <trkpt lat="46.07108" lon="9.61715">
        <ele>0.0</ele>
    </trkpt>
    <trkpt lat="46.07105" lon="9.61729">
        <ele>0.0</ele>
    </trkpt>
    <trkpt lat="46.07105" lon="9.61732">
        <ele>0.0</ele>
    </trkpt>
    <trkpt lat="46.07104" lon="9.61735">
        <ele>0.0</ele>
    </trkpt>
    <trkpt lat="46.07103" lon="9.61763">
        <ele>0.0</ele>
    </trkpt>
    <trkpt lat="46.07105" lon="9.61773">
        <ele>0.0</ele>
    </trkpt>
    <trkpt lat="46.07105" lon="9.6178">
        <ele>0.0</ele>
    </trkpt>
    <trkpt lat="46.07106" lon="9.61784">
        <ele>0.0</ele>
    </trkpt>
    <trkpt lat="46.07107" lon="9.61793">
        <ele>0.0</ele>
    </trkpt>
    <trkpt lat="46.07107" lon="9.61806">
        <ele>0.0</ele>
    </trkpt>
    <trkpt lat="46.07106" lon="9.6181">
        <ele>0.0</ele>
    </trkpt>
    <trkpt lat="46.07106" lon="9.61812">
        <ele>0.0</ele>
    </trkpt>
    <trkpt lat="46.07102" lon="9.61825">
        <ele>0.0</ele>
    </trkpt>
    <trkpt lat="46.07099" lon="9.61832">
        <ele>0.0</ele>
    </trkpt>
    <trkpt lat="46.07096" lon="9.61837">
        <ele>0.0</ele>
    </trkpt>
    <trkpt lat="46.0709" lon="9.61843">
        <ele>0.0</ele>
    </trkpt>
    <trkpt lat="46.07087" lon="9.61847">
        <ele>0.0</ele>
    </trkpt>
    <trkpt lat="46.07087" lon="9.61848">
        <ele>0.0</ele>
    </trkpt>
    <trkpt lat="46.07081" lon="9.61854">
        <ele>0.0</ele>
    </trkpt>
    <trkpt lat="46.07074" lon="9.61864">
        <ele>0.0</ele>
    </trkpt>
    <trkpt lat="46.07073" lon="9.61865">
        <ele>0.0</ele>
    </trkpt>
    <trkpt lat="46.07068" lon="9.61875">
        <ele>0.0</ele>
    </trkpt>
    <trkpt lat="46.07064" lon="9.61886">
        <ele>0.0</ele>
    </trkpt>
    <trkpt lat="46.07056" lon="9.61914">
        <ele>0.0</ele>
    </trkpt>
    <trkpt lat="46.07054" lon="9.61919">
        <ele>0.0</ele>
    </trkpt>
    <trkpt lat="46.0705" lon="9.61934">
        <ele>0.0</ele>
    </trkpt>
    <trkpt lat="46.0705" lon="9.61935">
        <ele>0.0</ele>
    </trkpt>
    <trkpt lat="46.07044" lon="9.61955">
        <ele>0.0</ele>
    </trkpt>
    <trkpt lat="46.07044" lon="9.61958">
        <ele>0.0</ele>
    </trkpt>
    <trkpt lat="46.07041" lon="9.61981">
        <ele>0.0</ele>
    </trkpt>
    <trkpt lat="46.07036" lon="9.62047">
        <ele>0.0</ele>
    </trkpt>
    <trkpt lat="46.07036" lon="9.62058">
        <ele>0.0</ele>
    </trkpt>
    <trkpt lat="46.07035" lon="9.62062">
        <ele>0.0</ele>
    </trkpt>
    <trkpt lat="46.07035" lon="9.62065">
        <ele>0.0</ele>
    </trkpt>
    <trkpt lat="46.0703" lon="9.62087">
        <ele>0.0</ele>
    </trkpt>
    <trkpt lat="46.07028" lon="9.62093">
        <ele>0.0</ele>
    </trkpt>
    <trkpt lat="46.07021" lon="9.62123">
        <ele>0.0</ele>
    </trkpt>
    <trkpt lat="46.07015" lon="9.62161">
        <ele>0.0</ele>
    </trkpt>
    <trkpt lat="46.07014" lon="9.62164">
        <ele>0.0</ele>
    </trkpt>
    <trkpt lat="46.07014" lon="9.62169">
        <ele>0.0</ele>
    </trkpt>
    <trkpt lat="46.07012" lon="9.62187">
        <ele>0.0</ele>
    </trkpt>
    <trkpt lat="46.07011" lon="9.6219">
        <ele>0.0</ele>
    </trkpt>
    <trkpt lat="46.07011" lon="9.62195">
        <ele>0.0</ele>
    </trkpt>
    <trkpt lat="46.07009" lon="9.62211">
        <ele>0.0</ele>
    </trkpt>
    <trkpt lat="46.07009" lon="9.62215">
        <ele>0.0</ele>
    </trkpt>
    <trkpt lat="46.07008" lon="9.62219">
        <ele>0.0</ele>
    </trkpt>
    <trkpt lat="46.07008" lon="9.62238">
        <ele>0.0</ele>
    </trkpt>
    <trkpt lat="46.07007" lon="9.62241">
        <ele>0.0</ele>
    </trkpt>
    <trkpt lat="46.07007" lon="9.62264">
        <ele>0.0</ele>
    </trkpt>
    <trkpt lat="46.07006" lon="9.62267">
        <ele>0.0</ele>
    </trkpt>
    <trkpt lat="46.07005" lon="9.62278">
        <ele>0.0</ele>
    </trkpt>
    <trkpt lat="46.07006" lon="9.62293">
        <ele>0.0</ele>
    </trkpt>
    <trkpt lat="46.07009" lon="9.62314">
        <ele>0.0</ele>
    </trkpt>
    <trkpt lat="46.0701" lon="9.62318">
        <ele>0.0</ele>
    </trkpt>
    <trkpt lat="46.0701" lon="9.62323">
        <ele>0.0</ele>
    </trkpt>
    <trkpt lat="46.07014" lon="9.6234">
        <ele>0.0</ele>
    </trkpt>
    <trkpt lat="46.07014" lon="9.62343">
        <ele>0.0</ele>
    </trkpt>
    <trkpt lat="46.07017" lon="9.62369">
        <ele>0.0</ele>
    </trkpt>
    <trkpt lat="46.07018" lon="9.6237">
        <ele>0.0</ele>
    </trkpt>
    <trkpt lat="46.07019" lon="9.62387">
        <ele>0.0</ele>
    </trkpt>
    <trkpt lat="46.07019" lon="9.62438">
        <ele>0.0</ele>
    </trkpt>
    <trkpt lat="46.07018" lon="9.62443">
        <ele>0.0</ele>
    </trkpt>
    <trkpt lat="46.07018" lon="9.62446">
        <ele>0.0</ele>
    </trkpt>
    <trkpt lat="46.07012" lon="9.62494">
        <ele>0.0</ele>
    </trkpt>
    <trkpt lat="46.07012" lon="9.62499">
        <ele>0.0</ele>
    </trkpt>
    <trkpt lat="46.07006" lon="9.62546">
        <ele>0.0</ele>
    </trkpt>
    <trkpt lat="46.07006" lon="9.62549">
        <ele>0.0</ele>
    </trkpt>
    <trkpt lat="46.07" lon="9.62596">
        <ele>0.0</ele>
    </trkpt>
    <trkpt lat="46.07" lon="9.62613">
        <ele>0.0</ele>
    </trkpt>
    <trkpt lat="46.07001" lon="9.6262">
        <ele>0.0</ele>
    </trkpt>
    <trkpt lat="46.07003" lon="9.62624">
        <ele>0.0</ele>
    </trkpt>
    <trkpt lat="46.07009" lon="9.6263">
        <ele>0.0</ele>
    </trkpt>
    <trkpt lat="46.07015" lon="9.62632">
        <ele>0.0</ele>
    </trkpt>
    <trkpt lat="46.07031" lon="9.62632">
        <ele>0.0</ele>
    </trkpt>
    <trkpt lat="46.07035" lon="9.62631">
        <ele>0.0</ele>
    </trkpt>
    <trkpt lat="46.07036" lon="9.6263">
        <ele>0.0</ele>
    </trkpt>
    <trkpt lat="46.07039" lon="9.6263">
        <ele>0.0</ele>
    </trkpt>
    <trkpt lat="46.07052" lon="9.62622">
        <ele>0.0</ele>
    </trkpt>
    <trkpt lat="46.07054" lon="9.6262">
        <ele>0.0</ele>
    </trkpt>
    <trkpt lat="46.07058" lon="9.62617">
        <ele>0.0</ele>
    </trkpt>
    <trkpt lat="46.07069" lon="9.62605">
        <ele>0.0</ele>
    </trkpt>
    <trkpt lat="46.07072" lon="9.62601">
        <ele>0.0</ele>
    </trkpt>
    <trkpt lat="46.07074" lon="9.62599">
        <ele>0.0</ele>
    </trkpt>
    <trkpt lat="46.07092" lon="9.62569">
        <ele>0.0</ele>
    </trkpt>
    <trkpt lat="46.07092" lon="9.62568">
        <ele>0.0</ele>
    </trkpt>
    <trkpt lat="46.071" lon="9.62552">
        <ele>0.0</ele>
    </trkpt>
    <trkpt lat="46.07108" lon="9.62544">
        <ele>0.0</ele>
    </trkpt>
    <trkpt lat="46.07108" lon="9.62543">
        <ele>0.0</ele>
    </trkpt>
    <trkpt lat="46.07117" lon="9.62535">
        <ele>0.0</ele>
    </trkpt>
    <trkpt lat="46.07161" lon="9.62507">
        <ele>0.0</ele>
    </trkpt>
    <trkpt lat="46.07181" lon="9.62487">
        <ele>0.0</ele>
    </trkpt>
    <trkpt lat="46.07182" lon="9.62487">
        <ele>0.0</ele>
    </trkpt>
    <trkpt lat="46.07183" lon="9.62485">
        <ele>0.0</ele>
    </trkpt>
    <trkpt lat="46.07224" lon="9.6244">
        <ele>0.0</ele>
    </trkpt>
    <trkpt lat="46.07224" lon="9.62439">
        <ele>0.0</ele>
    </trkpt>
    <trkpt lat="46.07229" lon="9.62434">
        <ele>0.0</ele>
    </trkpt>
    <trkpt lat="46.07229" lon="9.62433">
        <ele>0.0</ele>
    </trkpt>
    <trkpt lat="46.07263" lon="9.62396">
        <ele>0.0</ele>
    </trkpt>
    <trkpt lat="46.07282" lon="9.62377">
        <ele>0.0</ele>
    </trkpt>
    <trkpt lat="46.07284" lon="9.62376">
        <ele>0.0</ele>
    </trkpt>
    <trkpt lat="46.07303" lon="9.62357">
        <ele>0.0</ele>
    </trkpt>
    <trkpt lat="46.07311" lon="9.62347">
        <ele>0.0</ele>
    </trkpt>
    <trkpt lat="46.07313" lon="9.62345">
        <ele>0.0</ele>
    </trkpt>
    <trkpt lat="46.07326" lon="9.62328">
        <ele>0.0</ele>
    </trkpt>
    <trkpt lat="46.07329" lon="9.62325">
        <ele>0.0</ele>
    </trkpt>
    <trkpt lat="46.07352" lon="9.62296">
        <ele>0.0</ele>
    </trkpt>
    <trkpt lat="46.07353" lon="9.62294">
        <ele>0.0</ele>
    </trkpt>
    <trkpt lat="46.07356" lon="9.62291">
        <ele>0.0</ele>
    </trkpt>
    <trkpt lat="46.07363" lon="9.62282">
        <ele>0.0</ele>
    </trkpt>
    <trkpt lat="46.07366" lon="9.62279">
        <ele>0.0</ele>
    </trkpt>
    <trkpt lat="46.07367" lon="9.62277">
        <ele>0.0</ele>
    </trkpt>
    <trkpt lat="46.07379" lon="9.62264">
        <ele>0.0</ele>
    </trkpt>
    <trkpt lat="46.07382" lon="9.62262">
        <ele>0.0</ele>
    </trkpt>
    <trkpt lat="46.07394" lon="9.62249">
        <ele>0.0</ele>
    </trkpt>
    <trkpt lat="46.07394" lon="9.62248">
        <ele>0.0</ele>
    </trkpt>
    <trkpt lat="46.07396" lon="9.62247">
        <ele>0.0</ele>
    </trkpt>
    <trkpt lat="46.07425" lon="9.62216">
        <ele>0.0</ele>
    </trkpt>
    <trkpt lat="46.07438" lon="9.62204">
        <ele>0.0</ele>
    </trkpt>
    <trkpt lat="46.07438" lon="9.62203">
        <ele>0.0</ele>
    </trkpt>
    <trkpt lat="46.07439" lon="9.62202">
        <ele>0.0</ele>
    </trkpt>
    <trkpt lat="46.0744" lon="9.62202">
        <ele>0.0</ele>
    </trkpt>
    <trkpt lat="46.07443" lon="9.62199">
        <ele>0.0</ele>
    </trkpt>
    <trkpt lat="46.07456" lon="9.62191">
        <ele>0.0</ele>
    </trkpt>
    <trkpt lat="46.0746" lon="9.62188">
        <ele>0.0</ele>
    </trkpt>
    <trkpt lat="46.07504" lon="9.62165">
        <ele>0.0</ele>
    </trkpt>
    <trkpt lat="46.07505" lon="9.62164">
        <ele>0.0</ele>
    </trkpt>
    <trkpt lat="46.0751" lon="9.62162">
        <ele>0.0</ele>
    </trkpt>
    <trkpt lat="46.07515" lon="9.62159">
        <ele>0.0</ele>
    </trkpt>
    <trkpt lat="46.07541" lon="9.62148">
        <ele>0.0</ele>
    </trkpt>
    <trkpt lat="46.07548" lon="9.62146">
        <ele>0.0</ele>
    </trkpt>
    <trkpt lat="46.07643" lon="9.62107">
        <ele>0.0</ele>
    </trkpt>
    <trkpt lat="46.07644" lon="9.62107">
        <ele>0.0</ele>
    </trkpt>
    <trkpt lat="46.07645" lon="9.62106">
        <ele>0.0</ele>
    </trkpt>
    <trkpt lat="46.0766" lon="9.62102">
        <ele>0.0</ele>
    </trkpt>
    <trkpt lat="46.07661" lon="9.62102">
        <ele>0.0</ele>
    </trkpt>
    <trkpt lat="46.07663" lon="9.62101">
        <ele>0.0</ele>
    </trkpt>
    <trkpt lat="46.07684" lon="9.62095">
        <ele>0.0</ele>
    </trkpt>
    <trkpt lat="46.07695" lon="9.62091">
        <ele>0.0</ele>
    </trkpt>
    <trkpt lat="46.07696" lon="9.62091">
        <ele>0.0</ele>
    </trkpt>
    <trkpt lat="46.07698" lon="9.6209">
        <ele>0.0</ele>
    </trkpt>
    <trkpt lat="46.07714" lon="9.62087">
        <ele>0.0</ele>
    </trkpt>
    <trkpt lat="46.07716" lon="9.62087">
        <ele>0.0</ele>
    </trkpt>
    <trkpt lat="46.07728" lon="9.62085">
        <ele>0.0</ele>
    </trkpt>
    <trkpt lat="46.07734" lon="9.62086">
        <ele>0.0</ele>
    </trkpt>
    <trkpt lat="46.07744" lon="9.62086">
        <ele>0.0</ele>
    </trkpt>
    <trkpt lat="46.07757" lon="9.62091">
        <ele>0.0</ele>
    </trkpt>
    <trkpt lat="46.07784" lon="9.62104">
        <ele>0.0</ele>
    </trkpt>
    <trkpt lat="46.07791" lon="9.62108">
        <ele>0.0</ele>
    </trkpt>
    <trkpt lat="46.07794" lon="9.62108">
        <ele>0.0</ele>
    </trkpt>
    <trkpt lat="46.07796" lon="9.62107">
        <ele>0.0</ele>
    </trkpt>
    <trkpt lat="46.07798" lon="9.62105">
        <ele>0.0</ele>
    </trkpt>
    <trkpt lat="46.07799" lon="9.62103">
        <ele>0.0</ele>
    </trkpt>
    <trkpt lat="46.07801" lon="9.62101">
        <ele>0.0</ele>
    </trkpt>
    <trkpt lat="46.07804" lon="9.62097">
        <ele>0.0</ele>
    </trkpt>
    <trkpt lat="46.07806" lon="9.62093">
        <ele>0.0</ele>
    </trkpt>
    <trkpt lat="46.07811" lon="9.62086">
        <ele>0.0</ele>
    </trkpt>
    <trkpt lat="46.07813" lon="9.62081">
        <ele>0.0</ele>
    </trkpt>
    <trkpt lat="46.07819" lon="9.62073">
        <ele>0.0</ele>
    </trkpt>
    <trkpt lat="46.07822" lon="9.62071">
        <ele>0.0</ele>
    </trkpt>
    <trkpt lat="46.07829" lon="9.62071">
        <ele>0.0</ele>
    </trkpt>
    <trkpt lat="46.07839" lon="9.62076">
        <ele>0.0</ele>
    </trkpt>
    <trkpt lat="46.07843" lon="9.62079">
        <ele>0.0</ele>
    </trkpt>
    <trkpt lat="46.07849" lon="9.62085">
        <ele>0.0</ele>
    </trkpt>
    <trkpt lat="46.07855" lon="9.62097">
        <ele>0.0</ele>
    </trkpt>
    <trkpt lat="46.07857" lon="9.621">
        <ele>0.0</ele>
    </trkpt>
    <trkpt lat="46.07866" lon="9.62117">
        <ele>0.0</ele>
    </trkpt>
    <trkpt lat="46.07867" lon="9.62118">
        <ele>0.0</ele>
    </trkpt>
    <trkpt lat="46.07869" lon="9.62124">
        <ele>0.0</ele>
    </trkpt>
    <trkpt lat="46.0787" lon="9.62125">
        <ele>0.0</ele>
    </trkpt>
    <trkpt lat="46.07876" lon="9.62139">
        <ele>0.0</ele>
    </trkpt>
    <trkpt lat="46.07877" lon="9.6214">
        <ele>0.0</ele>
    </trkpt>
    <trkpt lat="46.07887" lon="9.62161">
        <ele>0.0</ele>
    </trkpt>
    <trkpt lat="46.07896" lon="9.62183">
        <ele>0.0</ele>
    </trkpt>
    <trkpt lat="46.07898" lon="9.62186">
        <ele>0.0</ele>
    </trkpt>
    <trkpt lat="46.07906" lon="9.62204">
        <ele>0.0</ele>
    </trkpt>
    <trkpt lat="46.07906" lon="9.62205">
        <ele>0.0</ele>
    </trkpt>
    <trkpt lat="46.07926" lon="9.62248">
        <ele>0.0</ele>
    </trkpt>
    <trkpt lat="46.07927" lon="9.62251">
        <ele>0.0</ele>
    </trkpt>
    <trkpt lat="46.07933" lon="9.62264">
        <ele>0.0</ele>
    </trkpt>
    <trkpt lat="46.07938" lon="9.62277">
        <ele>0.0</ele>
    </trkpt>
    <trkpt lat="46.07949" lon="9.62316">
        <ele>0.0</ele>
    </trkpt>
    <trkpt lat="46.07949" lon="9.62318">
        <ele>0.0</ele>
    </trkpt>
    <trkpt lat="46.07953" lon="9.62343">
        <ele>0.0</ele>
    </trkpt>
    <trkpt lat="46.07954" lon="9.62346">
        <ele>0.0</ele>
    </trkpt>
    <trkpt lat="46.07954" lon="9.62351">
        <ele>0.0</ele>
    </trkpt>
    <trkpt lat="46.07956" lon="9.62369">
        <ele>0.0</ele>
    </trkpt>
    <trkpt lat="46.07956" lon="9.62372">
        <ele>0.0</ele>
    </trkpt>
    <trkpt lat="46.07957" lon="9.62377">
        <ele>0.0</ele>
    </trkpt>
    <trkpt lat="46.07968" lon="9.62496">
        <ele>0.0</ele>
    </trkpt>
    <trkpt lat="46.07969" lon="9.62497">
        <ele>0.0</ele>
    </trkpt>
    <trkpt lat="46.07969" lon="9.62505">
        <ele>0.0</ele>
    </trkpt>
    <trkpt lat="46.07973" lon="9.6255">
        <ele>0.0</ele>
    </trkpt>
    <trkpt lat="46.07974" lon="9.62552">
        <ele>0.0</ele>
    </trkpt>
    <trkpt lat="46.07975" lon="9.62577">
        <ele>0.0</ele>
    </trkpt>
    <trkpt lat="46.07977" lon="9.62597">
        <ele>0.0</ele>
    </trkpt>
    <trkpt lat="46.07977" lon="9.62603">
        <ele>0.0</ele>
    </trkpt>
    <trkpt lat="46.07978" lon="9.62608">
        <ele>0.0</ele>
    </trkpt>
    <trkpt lat="46.07981" lon="9.62651">
        <ele>0.0</ele>
    </trkpt>
    <trkpt lat="46.07982" lon="9.62654">
        <ele>0.0</ele>
    </trkpt>
    <trkpt lat="46.07982" lon="9.6266">
        <ele>0.0</ele>
    </trkpt>
    <trkpt lat="46.07984" lon="9.62677">
        <ele>0.0</ele>
    </trkpt>
    <trkpt lat="46.07984" lon="9.6268">
        <ele>0.0</ele>
    </trkpt>
    <trkpt lat="46.07989" lon="9.62728">
        <ele>0.0</ele>
    </trkpt>
    <trkpt lat="46.0799" lon="9.62729">
        <ele>0.0</ele>
    </trkpt>
    <trkpt lat="46.07998" lon="9.62778">
        <ele>0.0</ele>
    </trkpt>
    <trkpt lat="46.07998" lon="9.62782">
        <ele>0.0</ele>
    </trkpt>
    <trkpt lat="46.08002" lon="9.62804">
        <ele>0.0</ele>
    </trkpt>
    <trkpt lat="46.08002" lon="9.62809">
        <ele>0.0</ele>
    </trkpt>
    <trkpt lat="46.08006" lon="9.62828">
        <ele>0.0</ele>
    </trkpt>
    <trkpt lat="46.08009" lon="9.62855">
        <ele>0.0</ele>
    </trkpt>
    <trkpt lat="46.08009" lon="9.62858">
        <ele>0.0</ele>
    </trkpt>
    <trkpt lat="46.0801" lon="9.62863">
        <ele>0.0</ele>
    </trkpt>
    <trkpt lat="46.08011" lon="9.62875">
        <ele>0.0</ele>
    </trkpt>
    <trkpt lat="46.08011" lon="9.62884">
        <ele>0.0</ele>
    </trkpt>
    <trkpt lat="46.08012" lon="9.62889">
        <ele>0.0</ele>
    </trkpt>
    <trkpt lat="46.08012" lon="9.62919">
        <ele>0.0</ele>
    </trkpt>
    <trkpt lat="46.08013" lon="9.62931">
        <ele>0.0</ele>
    </trkpt>
    <trkpt lat="46.08014" lon="9.62932">
        <ele>0.0</ele>
    </trkpt>
    <trkpt lat="46.08014" lon="9.62941">
        <ele>0.0</ele>
    </trkpt>
    <trkpt lat="46.08018" lon="9.62967">
        <ele>0.0</ele>
    </trkpt>
    <trkpt lat="46.08024" lon="9.62985">
        <ele>0.0</ele>
    </trkpt>
    <trkpt lat="46.08024" lon="9.62986">
        <ele>0.0</ele>
    </trkpt>
    <trkpt lat="46.08031" lon="9.63004">
        <ele>0.0</ele>
    </trkpt>
    <trkpt lat="46.08032" lon="9.63004">
        <ele>0.0</ele>
    </trkpt>
    <trkpt lat="46.08035" lon="9.63008">
        <ele>0.0</ele>
    </trkpt>
    <trkpt lat="46.08036" lon="9.6301">
        <ele>0.0</ele>
    </trkpt>
    <trkpt lat="46.08037" lon="9.63011">
        <ele>0.0</ele>
    </trkpt>
    <trkpt lat="46.0804" lon="9.63012">
        <ele>0.0</ele>
    </trkpt>
    <trkpt lat="46.08042" lon="9.63012">
        <ele>0.0</ele>
    </trkpt>
    <trkpt lat="46.0805" lon="9.63007">
        <ele>0.0</ele>
    </trkpt>
    <trkpt lat="46.08071" lon="9.62985">
        <ele>0.0</ele>
    </trkpt>
    <trkpt lat="46.0808" lon="9.62971">
        <ele>0.0</ele>
    </trkpt>
    <trkpt lat="46.08094" lon="9.62934">
        <ele>0.0</ele>
    </trkpt>
    <trkpt lat="46.08105" lon="9.62909">
        <ele>0.0</ele>
    </trkpt>
    <trkpt lat="46.08117" lon="9.62889">
        <ele>0.0</ele>
    </trkpt>
    <trkpt lat="46.08131" lon="9.62876">
        <ele>0.0</ele>
    </trkpt>
    <trkpt lat="46.08147" lon="9.62867">
        <ele>0.0</ele>
    </trkpt>
    <trkpt lat="46.08149" lon="9.62865">
        <ele>0.0</ele>
    </trkpt>
    <trkpt lat="46.08152" lon="9.62863">
        <ele>0.0</ele>
    </trkpt>
    <trkpt lat="46.08162" lon="9.62853">
        <ele>0.0</ele>
    </trkpt>
    <trkpt lat="46.08169" lon="9.62842">
        <ele>0.0</ele>
    </trkpt>
    <trkpt lat="46.08174" lon="9.6283">
        <ele>0.0</ele>
    </trkpt>
    <trkpt lat="46.08175" lon="9.6283">
        <ele>0.0</ele>
    </trkpt>
    <trkpt lat="46.08199" lon="9.62765">
        <ele>0.0</ele>
    </trkpt>
    <trkpt lat="46.08199" lon="9.62764">
        <ele>0.0</ele>
    </trkpt>
    <trkpt lat="46.082" lon="9.62761">
        <ele>0.0</ele>
    </trkpt>
    <trkpt lat="46.08202" lon="9.62757">
        <ele>0.0</ele>
    </trkpt>
    <trkpt lat="46.08211" lon="9.62734">
        <ele>0.0</ele>
    </trkpt>
    <trkpt lat="46.08213" lon="9.62731">
        <ele>0.0</ele>
    </trkpt>
    <trkpt lat="46.08217" lon="9.62719">
        <ele>0.0</ele>
    </trkpt>
    <trkpt lat="46.08226" lon="9.62697">
        <ele>0.0</ele>
    </trkpt>
    <trkpt lat="46.08245" lon="9.62639">
        <ele>0.0</ele>
    </trkpt>
    <trkpt lat="46.08262" lon="9.62569">
        <ele>0.0</ele>
    </trkpt>
    <trkpt lat="46.08263" lon="9.62568">
        <ele>0.0</ele>
    </trkpt>
    <trkpt lat="46.08268" lon="9.62553">
        <ele>0.0</ele>
    </trkpt>
    <trkpt lat="46.08269" lon="9.62551">
        <ele>0.0</ele>
    </trkpt>
    <trkpt lat="46.08274" lon="9.62534">
        <ele>0.0</ele>
    </trkpt>
    <trkpt lat="46.08278" lon="9.62529">
        <ele>0.0</ele>
    </trkpt>
    <trkpt lat="46.08288" lon="9.62511">
        <ele>0.0</ele>
    </trkpt>
    <trkpt lat="46.08293" lon="9.62496">
        <ele>0.0</ele>
    </trkpt>
    <trkpt lat="46.08294" lon="9.62488">
        <ele>0.0</ele>
    </trkpt>
    <trkpt lat="46.08294" lon="9.62484">
        <ele>0.0</ele>
    </trkpt>
    <trkpt lat="46.08295" lon="9.62479">
        <ele>0.0</ele>
    </trkpt>
    <trkpt lat="46.08295" lon="9.62462">
        <ele>0.0</ele>
    </trkpt>
    <trkpt lat="46.08311" lon="9.62401">
        <ele>0.0</ele>
    </trkpt>
    <trkpt lat="46.08314" lon="9.62385">
        <ele>0.0</ele>
    </trkpt>
    <trkpt lat="46.08328" lon="9.62332">
        <ele>0.0</ele>
    </trkpt>
    <trkpt lat="46.0833" lon="9.62328">
        <ele>0.0</ele>
    </trkpt>
    <trkpt lat="46.0833" lon="9.62326">
        <ele>0.0</ele>
    </trkpt>
    <trkpt lat="46.08335" lon="9.62317">
        <ele>0.0</ele>
    </trkpt>
    <trkpt lat="46.08336" lon="9.62314">
        <ele>0.0</ele>
    </trkpt>
    <trkpt lat="46.08343" lon="9.62303">
        <ele>0.0</ele>
    </trkpt>
    <trkpt lat="46.08346" lon="9.62297">
        <ele>0.0</ele>
    </trkpt>
    <trkpt lat="46.08348" lon="9.62294">
        <ele>0.0</ele>
    </trkpt>
    <trkpt lat="46.08352" lon="9.62282">
        <ele>0.0</ele>
    </trkpt>
    <trkpt lat="46.08354" lon="9.6227">
        <ele>0.0</ele>
    </trkpt>
    <trkpt lat="46.08355" lon="9.62257">
        <ele>0.0</ele>
    </trkpt>
    <trkpt lat="46.08355" lon="9.62231">
        <ele>0.0</ele>
    </trkpt>
    <trkpt lat="46.08358" lon="9.62202">
        <ele>0.0</ele>
    </trkpt>
    <trkpt lat="46.08359" lon="9.6217">
        <ele>0.0</ele>
    </trkpt>
    <trkpt lat="46.08361" lon="9.62147">
        <ele>0.0</ele>
    </trkpt>
    <trkpt lat="46.08368" lon="9.62093">
        <ele>0.0</ele>
    </trkpt>
    <trkpt lat="46.08368" lon="9.6209">
        <ele>0.0</ele>
    </trkpt>
    <trkpt lat="46.08371" lon="9.62068">
        <ele>0.0</ele>
    </trkpt>
    <trkpt lat="46.08371" lon="9.62065">
        <ele>0.0</ele>
    </trkpt>
    <trkpt lat="46.08375" lon="9.62043">
        <ele>0.0</ele>
    </trkpt>
    <trkpt lat="46.08376" lon="9.6204">
        <ele>0.0</ele>
    </trkpt>
    <trkpt lat="46.08387" lon="9.61991">
        <ele>0.0</ele>
    </trkpt>
    <trkpt lat="46.08391" lon="9.61978">
        <ele>0.0</ele>
    </trkpt>
    <trkpt lat="46.084" lon="9.61955">
        <ele>0.0</ele>
    </trkpt>
    <trkpt lat="46.08404" lon="9.61949">
        <ele>0.0</ele>
    </trkpt>
    <trkpt lat="46.08406" lon="9.61947">
        <ele>0.0</ele>
    </trkpt>
    <trkpt lat="46.08417" lon="9.61931">
        <ele>0.0</ele>
    </trkpt>
    <trkpt lat="46.08419" lon="9.61929">
        <ele>0.0</ele>
    </trkpt>
    <trkpt lat="46.08421" lon="9.61925">
        <ele>0.0</ele>
    </trkpt>
    <trkpt lat="46.08424" lon="9.61922">
        <ele>0.0</ele>
    </trkpt>
    <trkpt lat="46.0843" lon="9.61913">
        <ele>0.0</ele>
    </trkpt>
    <trkpt lat="46.08436" lon="9.61907">
        <ele>0.0</ele>
    </trkpt>
    <trkpt lat="46.0844" lon="9.61901">
        <ele>0.0</ele>
    </trkpt>
    <trkpt lat="46.08444" lon="9.61897">
        <ele>0.0</ele>
    </trkpt>
    <trkpt lat="46.08445" lon="9.61895">
        <ele>0.0</ele>
    </trkpt>
    <trkpt lat="46.08451" lon="9.61891">
        <ele>0.0</ele>
    </trkpt>
    <trkpt lat="46.08465" lon="9.6188">
        <ele>0.0</ele>
    </trkpt>
    <trkpt lat="46.08478" lon="9.61871">
        <ele>0.0</ele>
    </trkpt>
    <trkpt lat="46.08492" lon="9.6186">
        <ele>0.0</ele>
    </trkpt>
    <trkpt lat="46.08494" lon="9.61859">
        <ele>0.0</ele>
    </trkpt>
    <trkpt lat="46.08508" lon="9.61849">
        <ele>0.0</ele>
    </trkpt>
    <trkpt lat="46.0851" lon="9.61847">
        <ele>0.0</ele>
    </trkpt>
    <trkpt lat="46.08524" lon="9.61837">
        <ele>0.0</ele>
    </trkpt>
    <trkpt lat="46.08526" lon="9.61836">
        <ele>0.0</ele>
    </trkpt>
    <trkpt lat="46.08532" lon="9.61831">
        <ele>0.0</ele>
    </trkpt>
    <trkpt lat="46.0854" lon="9.61826">
        <ele>0.0</ele>
    </trkpt>
    <trkpt lat="46.08553" lon="9.61822">
        <ele>0.0</ele>
    </trkpt>
    <trkpt lat="46.08558" lon="9.61822">
        <ele>0.0</ele>
    </trkpt>
    <trkpt lat="46.08559" lon="9.61821">
        <ele>0.0</ele>
    </trkpt>
    <trkpt lat="46.08564" lon="9.61821">
        <ele>0.0</ele>
    </trkpt>
    <trkpt lat="46.0857" lon="9.61822">
        <ele>0.0</ele>
    </trkpt>
    <trkpt lat="46.08574" lon="9.61824">
        <ele>0.0</ele>
    </trkpt>
    <trkpt lat="46.08576" lon="9.61824">
        <ele>0.0</ele>
    </trkpt>
    <trkpt lat="46.0858" lon="9.61826">
        <ele>0.0</ele>
    </trkpt>
    <trkpt lat="46.08581" lon="9.61827">
        <ele>0.0</ele>
    </trkpt>
    <trkpt lat="46.08594" lon="9.61835">
        <ele>0.0</ele>
    </trkpt>
    <trkpt lat="46.08594" lon="9.61836">
        <ele>0.0</ele>
    </trkpt>
    <trkpt lat="46.08598" lon="9.61839">
        <ele>0.0</ele>
    </trkpt>
    <trkpt lat="46.08603" lon="9.61844">
        <ele>0.0</ele>
    </trkpt>
    <trkpt lat="46.08607" lon="9.61849">
        <ele>0.0</ele>
    </trkpt>
    <trkpt lat="46.08608" lon="9.61852">
        <ele>0.0</ele>
    </trkpt>
    <trkpt lat="46.08612" lon="9.61856">
        <ele>0.0</ele>
    </trkpt>
    <trkpt lat="46.08622" lon="9.61869">
        <ele>0.0</ele>
    </trkpt>
    <trkpt lat="46.08622" lon="9.61871">
        <ele>0.0</ele>
    </trkpt>
    <trkpt lat="46.08627" lon="9.61874">
        <ele>0.0</ele>
    </trkpt>
    <trkpt lat="46.08631" lon="9.61875">
        <ele>0.0</ele>
    </trkpt>
    <trkpt lat="46.08636" lon="9.61874">
        <ele>0.0</ele>
    </trkpt>
    <trkpt lat="46.0864" lon="9.61874">
        <ele>0.0</ele>
    </trkpt>
    <trkpt lat="46.08648" lon="9.61876">
        <ele>0.0</ele>
    </trkpt>
    <trkpt lat="46.08656" lon="9.6188">
        <ele>0.0</ele>
    </trkpt>
    <trkpt lat="46.08659" lon="9.61883">
        <ele>0.0</ele>
    </trkpt>
    <trkpt lat="46.0867" lon="9.61891">
        <ele>0.0</ele>
    </trkpt>
    <trkpt lat="46.08671" lon="9.61892">
        <ele>0.0</ele>
    </trkpt>
    <trkpt lat="46.08672" lon="9.61892">
        <ele>0.0</ele>
    </trkpt>
    <trkpt lat="46.08678" lon="9.61897">
        <ele>0.0</ele>
    </trkpt>
    <trkpt lat="46.08684" lon="9.61901">
        <ele>0.0</ele>
    </trkpt>
    <trkpt lat="46.08687" lon="9.61905">
        <ele>0.0</ele>
    </trkpt>
    <trkpt lat="46.08696" lon="9.61915">
        <ele>0.0</ele>
    </trkpt>
    <trkpt lat="46.08699" lon="9.6192">
        <ele>0.0</ele>
    </trkpt>
    <trkpt lat="46.08701" lon="9.61922">
        <ele>0.0</ele>
    </trkpt>
    <trkpt lat="46.08709" lon="9.61942">
        <ele>0.0</ele>
    </trkpt>
    <trkpt lat="46.08719" lon="9.61963">
        <ele>0.0</ele>
    </trkpt>
    <trkpt lat="46.08732" lon="9.61995">
        <ele>0.0</ele>
    </trkpt>
    <trkpt lat="46.08761" lon="9.62057">
        <ele>0.0</ele>
    </trkpt>
    <trkpt lat="46.08779" lon="9.62092">
        <ele>0.0</ele>
    </trkpt>
    <trkpt lat="46.0878" lon="9.62095">
        <ele>0.0</ele>
    </trkpt>
    <trkpt lat="46.08787" lon="9.62108">
        <ele>0.0</ele>
    </trkpt>
    <trkpt lat="46.08792" lon="9.62113">
        <ele>0.0</ele>
    </trkpt>
    <trkpt lat="46.08797" lon="9.62113">
        <ele>0.0</ele>
    </trkpt>
    <trkpt lat="46.08797" lon="9.62112">
        <ele>0.0</ele>
    </trkpt>
    <trkpt lat="46.08799" lon="9.6211">
        <ele>0.0</ele>
    </trkpt>
    <trkpt lat="46.08799" lon="9.62109">
        <ele>0.0</ele>
    </trkpt>
    <trkpt lat="46.08801" lon="9.62106">
        <ele>0.0</ele>
    </trkpt>
    <trkpt lat="46.08803" lon="9.62099">
        <ele>0.0</ele>
    </trkpt>
    <trkpt lat="46.08812" lon="9.62076">
        <ele>0.0</ele>
    </trkpt>
    <trkpt lat="46.08812" lon="9.62073">
        <ele>0.0</ele>
    </trkpt>
    <trkpt lat="46.08829" lon="9.62027">
        <ele>0.0</ele>
    </trkpt>
    <trkpt lat="46.0883" lon="9.62022">
        <ele>0.0</ele>
    </trkpt>
    <trkpt lat="46.08837" lon="9.62004">
        <ele>0.0</ele>
    </trkpt>
    <trkpt lat="46.08842" lon="9.61988">
        <ele>0.0</ele>
    </trkpt>
    <trkpt lat="46.08843" lon="9.61983">
        <ele>0.0</ele>
    </trkpt>
    <trkpt lat="46.08844" lon="9.6198">
        <ele>0.0</ele>
    </trkpt>
    <trkpt lat="46.0885" lon="9.61968">
        <ele>0.0</ele>
    </trkpt>
    <trkpt lat="46.08853" lon="9.6196">
        <ele>0.0</ele>
    </trkpt>
    <trkpt lat="46.08857" lon="9.61956">
        <ele>0.0</ele>
    </trkpt>
    <trkpt lat="46.0886" lon="9.61952">
        <ele>0.0</ele>
    </trkpt>
    <trkpt lat="46.08869" lon="9.61944">
        <ele>0.0</ele>
    </trkpt>
    <trkpt lat="46.0887" lon="9.61944">
        <ele>0.0</ele>
    </trkpt>
    <trkpt lat="46.08883" lon="9.61933">
        <ele>0.0</ele>
    </trkpt>
    <trkpt lat="46.0889" lon="9.61926">
        <ele>0.0</ele>
    </trkpt>
    <trkpt lat="46.08892" lon="9.61925">
        <ele>0.0</ele>
    </trkpt>
    <trkpt lat="46.08896" lon="9.61922">
        <ele>0.0</ele>
    </trkpt>
    <trkpt lat="46.089" lon="9.61922">
        <ele>0.0</ele>
    </trkpt>
    <trkpt lat="46.08901" lon="9.61923">
        <ele>0.0</ele>
    </trkpt>
    <trkpt lat="46.08905" lon="9.61923">
        <ele>0.0</ele>
    </trkpt>
    <trkpt lat="46.08912" lon="9.6193">
        <ele>0.0</ele>
    </trkpt>
    <trkpt lat="46.08916" lon="9.61936">
        <ele>0.0</ele>
    </trkpt>
    <trkpt lat="46.08919" lon="9.61939">
        <ele>0.0</ele>
    </trkpt>
    <trkpt lat="46.08928" lon="9.6195">
        <ele>0.0</ele>
    </trkpt>
    <trkpt lat="46.08929" lon="9.61952">
        <ele>0.0</ele>
    </trkpt>
    <trkpt lat="46.0893" lon="9.61952">
        <ele>0.0</ele>
    </trkpt>
    <trkpt lat="46.08933" lon="9.61955">
        <ele>0.0</ele>
    </trkpt>
    <trkpt lat="46.08936" lon="9.61957">
        <ele>0.0</ele>
    </trkpt>
    <trkpt lat="46.08947" lon="9.61962">
        <ele>0.0</ele>
    </trkpt>
    <trkpt lat="46.0895" lon="9.61964">
        <ele>0.0</ele>
    </trkpt>
    <trkpt lat="46.08957" lon="9.61967">
        <ele>0.0</ele>
    </trkpt>
    <trkpt lat="46.08961" lon="9.6197">
        <ele>0.0</ele>
    </trkpt>
    <trkpt lat="46.08978" lon="9.61979">
        <ele>0.0</ele>
    </trkpt>
    <trkpt lat="46.08997" lon="9.61991">
        <ele>0.0</ele>
    </trkpt>
    <trkpt lat="46.09004" lon="9.61991">
        <ele>0.0</ele>
    </trkpt>
    <trkpt lat="46.09009" lon="9.61988">
        <ele>0.0</ele>
    </trkpt>
    <trkpt lat="46.09011" lon="9.61985">
        <ele>0.0</ele>
    </trkpt>
    <trkpt lat="46.09016" lon="9.6198">
        <ele>0.0</ele>
    </trkpt>
    <trkpt lat="46.09016" lon="9.61979">
        <ele>0.0</ele>
    </trkpt>
    <trkpt lat="46.09047" lon="9.61946">
        <ele>0.0</ele>
    </trkpt>
    <trkpt lat="46.09058" lon="9.61938">
        <ele>0.0</ele>
    </trkpt>
    <trkpt lat="46.09074" lon="9.6193">
        <ele>0.0</ele>
    </trkpt>
    <trkpt lat="46.09092" lon="9.61924">
        <ele>0.0</ele>
    </trkpt>
    <trkpt lat="46.09095" lon="9.61922">
        <ele>0.0</ele>
    </trkpt>
    <trkpt lat="46.09096" lon="9.61922">
        <ele>0.0</ele>
    </trkpt>
    <trkpt lat="46.09109" lon="9.61916">
        <ele>0.0</ele>
    </trkpt>
    <trkpt lat="46.09112" lon="9.61914">
        <ele>0.0</ele>
    </trkpt>
    <trkpt lat="46.09116" lon="9.6191">
        <ele>0.0</ele>
    </trkpt>
    <trkpt lat="46.0912" lon="9.61902">
        <ele>0.0</ele>
    </trkpt>
    <trkpt lat="46.09127" lon="9.61877">
        <ele>0.0</ele>
    </trkpt>
    <trkpt lat="46.09128" lon="9.61876">
        <ele>0.0</ele>
    </trkpt>
    <trkpt lat="46.09128" lon="9.61875">
        <ele>0.0</ele>
    </trkpt>
    <trkpt lat="46.0913" lon="9.6187">
        <ele>0.0</ele>
    </trkpt>
    <trkpt lat="46.09134" lon="9.61864">
        <ele>0.0</ele>
    </trkpt>
    <trkpt lat="46.0914" lon="9.6186">
        <ele>0.0</ele>
    </trkpt>
    <trkpt lat="46.09142" lon="9.6186">
        <ele>0.0</ele>
    </trkpt>
    <trkpt lat="46.09143" lon="9.61859">
        <ele>0.0</ele>
    </trkpt>
    <trkpt lat="46.09146" lon="9.61859">
        <ele>0.0</ele>
    </trkpt>
    <trkpt lat="46.09176" lon="9.61863">
        <ele>0.0</ele>
    </trkpt>
    <trkpt lat="46.09181" lon="9.61863">
        <ele>0.0</ele>
    </trkpt>
    <trkpt lat="46.09192" lon="9.61865">
        <ele>0.0</ele>
    </trkpt>
    <trkpt lat="46.09208" lon="9.61857">
        <ele>0.0</ele>
    </trkpt>
    <trkpt lat="46.09213" lon="9.61855">
        <ele>0.0</ele>
    </trkpt>
    <trkpt lat="46.09216" lon="9.61853">
        <ele>0.0</ele>
    </trkpt>
    <trkpt lat="46.09223" lon="9.6185">
        <ele>0.0</ele>
    </trkpt>
    <trkpt lat="46.0923" lon="9.6184">
        <ele>0.0</ele>
    </trkpt>
    <trkpt lat="46.0923" lon="9.61839">
        <ele>0.0</ele>
    </trkpt>
    <trkpt lat="46.09233" lon="9.61833">
        <ele>0.0</ele>
    </trkpt>
    <trkpt lat="46.09233" lon="9.61821">
        <ele>0.0</ele>
    </trkpt>
    <trkpt lat="46.09232" lon="9.61819">
        <ele>0.0</ele>
    </trkpt>
    <trkpt lat="46.09232" lon="9.61815">
        <ele>0.0</ele>
    </trkpt>
    <trkpt lat="46.09231" lon="9.61814">
        <ele>0.0</ele>
    </trkpt>
    <trkpt lat="46.09231" lon="9.6181">
        <ele>0.0</ele>
    </trkpt>
    <trkpt lat="46.09227" lon="9.61804">
        <ele>0.0</ele>
    </trkpt>
    <trkpt lat="46.09224" lon="9.61802">
        <ele>0.0</ele>
    </trkpt>
    <trkpt lat="46.09224" lon="9.61801">
        <ele>0.0</ele>
    </trkpt>
    <trkpt lat="46.09219" lon="9.61799">
        <ele>0.0</ele>
    </trkpt>
    <trkpt lat="46.09218" lon="9.61799">
        <ele>0.0</ele>
    </trkpt>
    <trkpt lat="46.09211" lon="9.61796">
        <ele>0.0</ele>
    </trkpt>
    <trkpt lat="46.09207" lon="9.61793">
        <ele>0.0</ele>
    </trkpt>
    <trkpt lat="46.09206" lon="9.61793">
        <ele>0.0</ele>
    </trkpt>
    <trkpt lat="46.092" lon="9.61786">
        <ele>0.0</ele>
    </trkpt>
    <trkpt lat="46.09196" lon="9.61777">
        <ele>0.0</ele>
    </trkpt>
    <trkpt lat="46.09196" lon="9.61774">
        <ele>0.0</ele>
    </trkpt>
    <trkpt lat="46.09195" lon="9.61771">
        <ele>0.0</ele>
    </trkpt>
    <trkpt lat="46.09195" lon="9.61761">
        <ele>0.0</ele>
    </trkpt>
    <trkpt lat="46.09193" lon="9.61754">
        <ele>0.0</ele>
    </trkpt>
    <trkpt lat="46.09191" lon="9.6175">
        <ele>0.0</ele>
    </trkpt>
    <trkpt lat="46.09188" lon="9.61746">
        <ele>0.0</ele>
    </trkpt>
    <trkpt lat="46.09187" lon="9.61744">
        <ele>0.0</ele>
    </trkpt>
    <trkpt lat="46.09185" lon="9.61742">
        <ele>0.0</ele>
    </trkpt>
    <trkpt lat="46.09176" lon="9.61736">
        <ele>0.0</ele>
    </trkpt>
    <trkpt lat="46.09174" lon="9.61735">
        <ele>0.0</ele>
    </trkpt>
    <trkpt lat="46.0917" lon="9.61734">
        <ele>0.0</ele>
    </trkpt>
    <trkpt lat="46.09153" lon="9.61726">
        <ele>0.0</ele>
    </trkpt>
    <trkpt lat="46.09141" lon="9.61723">
        <ele>0.0</ele>
    </trkpt>
    <trkpt lat="46.09139" lon="9.61723">
        <ele>0.0</ele>
    </trkpt>
    <trkpt lat="46.09132" lon="9.61721">
        <ele>0.0</ele>
    </trkpt>
    <trkpt lat="46.09118" lon="9.61719">
        <ele>0.0</ele>
    </trkpt>
    <trkpt lat="46.09111" lon="9.61717">
        <ele>0.0</ele>
    </trkpt>
    <trkpt lat="46.09103" lon="9.61717">
        <ele>0.0</ele>
    </trkpt>
    <trkpt lat="46.091" lon="9.61716">
        <ele>0.0</ele>
    </trkpt>
    <trkpt lat="46.09093" lon="9.61716">
        <ele>0.0</ele>
    </trkpt>
    <trkpt lat="46.09089" lon="9.61715">
        <ele>0.0</ele>
    </trkpt>
    <trkpt lat="46.09088" lon="9.61714">
        <ele>0.0</ele>
    </trkpt>
    <trkpt lat="46.09086" lon="9.61713">
        <ele>0.0</ele>
    </trkpt>
    <trkpt lat="46.09084" lon="9.61711">
        <ele>0.0</ele>
    </trkpt>
    <trkpt lat="46.09084" lon="9.61709">
        <ele>0.0</ele>
    </trkpt>
    <trkpt lat="46.09083" lon="9.61707">
        <ele>0.0</ele>
    </trkpt>
    <trkpt lat="46.09083" lon="9.61683">
        <ele>0.0</ele>
    </trkpt>
    <trkpt lat="46.09079" lon="9.61654">
        <ele>0.0</ele>
    </trkpt>
    <trkpt lat="46.09078" lon="9.61632">
        <ele>0.0</ele>
    </trkpt>
    <trkpt lat="46.09073" lon="9.61586">
        <ele>0.0</ele>
    </trkpt>
    <trkpt lat="46.09073" lon="9.6158">
        <ele>0.0</ele>
    </trkpt>
    <trkpt lat="46.09067" lon="9.61557">
        <ele>0.0</ele>
    </trkpt>
    <trkpt lat="46.09067" lon="9.61556">
        <ele>0.0</ele>
    </trkpt>
    <trkpt lat="46.09064" lon="9.61539">
        <ele>0.0</ele>
    </trkpt>
    <trkpt lat="46.09063" lon="9.61536">
        <ele>0.0</ele>
    </trkpt>
    <trkpt lat="46.09059" lon="9.61511">
        <ele>0.0</ele>
    </trkpt>
    <trkpt lat="46.0906" lon="9.61489">
        <ele>0.0</ele>
    </trkpt>
    <trkpt lat="46.09061" lon="9.61485">
        <ele>0.0</ele>
    </trkpt>
    <trkpt lat="46.09062" lon="9.61483">
        <ele>0.0</ele>
    </trkpt>
    <trkpt lat="46.09062" lon="9.61474">
        <ele>0.0</ele>
    </trkpt>
    <trkpt lat="46.0906" lon="9.61469">
        <ele>0.0</ele>
    </trkpt>
    <trkpt lat="46.09057" lon="9.61467">
        <ele>0.0</ele>
    </trkpt>
    <trkpt lat="46.09056" lon="9.61466">
        <ele>0.0</ele>
    </trkpt>
    <trkpt lat="46.09051" lon="9.61464">
        <ele>0.0</ele>
    </trkpt>
    <trkpt lat="46.09033" lon="9.61466">
        <ele>0.0</ele>
    </trkpt>
    <trkpt lat="46.09027" lon="9.61466">
        <ele>0.0</ele>
    </trkpt>
    <trkpt lat="46.09015" lon="9.61471">
        <ele>0.0</ele>
    </trkpt>
    <trkpt lat="46.09013" lon="9.61471">
        <ele>0.0</ele>
    </trkpt>
    <trkpt lat="46.09003" lon="9.61473">
        <ele>0.0</ele>
    </trkpt>
    <trkpt lat="46.08999" lon="9.61473">
        <ele>0.0</ele>
    </trkpt>
    <trkpt lat="46.08997" lon="9.61474">
        <ele>0.0</ele>
    </trkpt>
    <trkpt lat="46.08996" lon="9.61474">
        <ele>0.0</ele>
    </trkpt>
    <trkpt lat="46.08992" lon="9.61472">
        <ele>0.0</ele>
    </trkpt>
    <trkpt lat="46.08991" lon="9.61472">
        <ele>0.0</ele>
    </trkpt>
    <trkpt lat="46.08989" lon="9.61471">
        <ele>0.0</ele>
    </trkpt>
    <trkpt lat="46.08989" lon="9.6147">
        <ele>0.0</ele>
    </trkpt>
    <trkpt lat="46.08987" lon="9.61467">
        <ele>0.0</ele>
    </trkpt>
    <trkpt lat="46.08987" lon="9.61465">
        <ele>0.0</ele>
    </trkpt>
    <trkpt lat="46.08986" lon="9.61463">
        <ele>0.0</ele>
    </trkpt>
    <trkpt lat="46.08986" lon="9.61458">
        <ele>0.0</ele>
    </trkpt>
    <trkpt lat="46.08985" lon="9.6145">
        <ele>0.0</ele>
    </trkpt>
    <trkpt lat="46.08989" lon="9.61434">
        <ele>0.0</ele>
    </trkpt>
    <trkpt lat="46.0899" lon="9.61421">
        <ele>0.0</ele>
    </trkpt>
    <trkpt lat="46.08988" lon="9.614">
        <ele>0.0</ele>
    </trkpt>
    <trkpt lat="46.08982" lon="9.6139">
        <ele>0.0</ele>
    </trkpt>
    <trkpt lat="46.08981" lon="9.6139">
        <ele>0.0</ele>
    </trkpt>
    <trkpt lat="46.0897" lon="9.61382">
        <ele>0.0</ele>
    </trkpt>
    <trkpt lat="46.08967" lon="9.61382">
        <ele>0.0</ele>
    </trkpt>
    <trkpt lat="46.08965" lon="9.61381">
        <ele>0.0</ele>
    </trkpt>
    <trkpt lat="46.08961" lon="9.61381">
        <ele>0.0</ele>
    </trkpt>
    <trkpt lat="46.08953" lon="9.61379">
        <ele>0.0</ele>
    </trkpt>
    <trkpt lat="46.0895" lon="9.61377">
        <ele>0.0</ele>
    </trkpt>
    <trkpt lat="46.08949" lon="9.61377">
        <ele>0.0</ele>
    </trkpt>
    <trkpt lat="46.08948" lon="9.61376">
        <ele>0.0</ele>
    </trkpt>
    <trkpt lat="46.08948" lon="9.61375">
        <ele>0.0</ele>
    </trkpt>
    <trkpt lat="46.08947" lon="9.61375">
        <ele>0.0</ele>
    </trkpt>
    <trkpt lat="46.08947" lon="9.61373">
        <ele>0.0</ele>
    </trkpt>
    <trkpt lat="46.08944" lon="9.61367">
        <ele>0.0</ele>
    </trkpt>
    <trkpt lat="46.08944" lon="9.6136">
        <ele>0.0</ele>
    </trkpt>
    <trkpt lat="46.08943" lon="9.61354">
        <ele>0.0</ele>
    </trkpt>
    <trkpt lat="46.08944" lon="9.61328">
        <ele>0.0</ele>
    </trkpt>
    <trkpt lat="46.08945" lon="9.61325">
        <ele>0.0</ele>
    </trkpt>
    <trkpt lat="46.08945" lon="9.61308">
        <ele>0.0</ele>
    </trkpt>
    <trkpt lat="46.08944" lon="9.61302">
        <ele>0.0</ele>
    </trkpt>
    <trkpt lat="46.08943" lon="9.613">
        <ele>0.0</ele>
    </trkpt>
    <trkpt lat="46.08943" lon="9.61298">
        <ele>0.0</ele>
    </trkpt>
    <trkpt lat="46.08942" lon="9.61295">
        <ele>0.0</ele>
    </trkpt>
    <trkpt lat="46.08935" lon="9.61281">
        <ele>0.0</ele>
    </trkpt>
    <trkpt lat="46.08934" lon="9.6128">
        <ele>0.0</ele>
    </trkpt>
    <trkpt lat="46.08933" lon="9.61278">
        <ele>0.0</ele>
    </trkpt>
    <trkpt lat="46.08923" lon="9.61265">
        <ele>0.0</ele>
    </trkpt>
    <trkpt lat="46.08921" lon="9.6126">
        <ele>0.0</ele>
    </trkpt>
    <trkpt lat="46.08917" lon="9.61238">
        <ele>0.0</ele>
    </trkpt>
    <trkpt lat="46.08917" lon="9.61235">
        <ele>0.0</ele>
    </trkpt>
    <trkpt lat="46.08913" lon="9.61209">
        <ele>0.0</ele>
    </trkpt>
    <trkpt lat="46.08913" lon="9.61204">
        <ele>0.0</ele>
    </trkpt>
    <trkpt lat="46.08911" lon="9.61187">
        <ele>0.0</ele>
    </trkpt>
    <trkpt lat="46.08911" lon="9.61178">
        <ele>0.0</ele>
    </trkpt>
    <trkpt lat="46.08909" lon="9.61161">
        <ele>0.0</ele>
    </trkpt>
    <trkpt lat="46.08909" lon="9.61152">
        <ele>0.0</ele>
    </trkpt>
    <trkpt lat="46.08908" lon="9.6114">
        <ele>0.0</ele>
    </trkpt>
    <trkpt lat="46.08909" lon="9.6108">
        <ele>0.0</ele>
    </trkpt>
    <trkpt lat="46.08911" lon="9.61044">
        <ele>0.0</ele>
    </trkpt>
    <trkpt lat="46.08913" lon="9.61032">
        <ele>0.0</ele>
    </trkpt>
    <trkpt lat="46.08913" lon="9.61026">
        <ele>0.0</ele>
    </trkpt>
    <trkpt lat="46.08924" lon="9.60983">
        <ele>0.0</ele>
    </trkpt>
    <trkpt lat="46.08924" lon="9.60982">
        <ele>0.0</ele>
    </trkpt>
    <trkpt lat="46.08935" lon="9.60951">
        <ele>0.0</ele>
    </trkpt>
    <trkpt lat="46.09012" lon="9.60794">
        <ele>0.0</ele>
    </trkpt>
    <trkpt lat="46.09042" lon="9.60751">
        <ele>0.0</ele>
    </trkpt>
    <trkpt lat="46.09042" lon="9.6075">
        <ele>0.0</ele>
    </trkpt>
    <trkpt lat="46.09056" lon="9.60735">
        <ele>0.0</ele>
    </trkpt>
    <trkpt lat="46.0906" lon="9.6073">
        <ele>0.0</ele>
    </trkpt>
    <trkpt lat="46.09081" lon="9.60709">
        <ele>0.0</ele>
    </trkpt>
    <trkpt lat="46.09086" lon="9.60706">
        <ele>0.0</ele>
    </trkpt>
    <trkpt lat="46.09103" lon="9.60693">
        <ele>0.0</ele>
    </trkpt>
    <trkpt lat="46.09169" lon="9.60668">
        <ele>0.0</ele>
    </trkpt>
    <trkpt lat="46.09171" lon="9.60668">
        <ele>0.0</ele>
    </trkpt>
    <trkpt lat="46.0919" lon="9.60665">
        <ele>0.0</ele>
    </trkpt>
    <trkpt lat="46.09202" lon="9.60669">
        <ele>0.0</ele>
    </trkpt>
    <trkpt lat="46.0922" lon="9.60688">
        <ele>0.0</ele>
    </trkpt>
    <trkpt lat="46.0923" lon="9.60696">
        <ele>0.0</ele>
    </trkpt>
    <trkpt lat="46.09237" lon="9.60698">
        <ele>0.0</ele>
    </trkpt>
    <trkpt lat="46.09272" lon="9.60711">
        <ele>0.0</ele>
    </trkpt>
    <trkpt lat="46.09282" lon="9.60714">
        <ele>0.0</ele>
    </trkpt>
    <trkpt lat="46.093" lon="9.60724">
        <ele>0.0</ele>
    </trkpt>
    <trkpt lat="46.09328" lon="9.6075">
        <ele>0.0</ele>
    </trkpt>
    <trkpt lat="46.09338" lon="9.60754">
        <ele>0.0</ele>
    </trkpt>
    <trkpt lat="46.09372" lon="9.60759">
        <ele>0.0</ele>
    </trkpt>
    <trkpt lat="46.09379" lon="9.60761">
        <ele>0.0</ele>
    </trkpt>
    <trkpt lat="46.09396" lon="9.60772">
        <ele>0.0</ele>
    </trkpt>
    <trkpt lat="46.09397" lon="9.60773">
        <ele>0.0</ele>
    </trkpt>
    <trkpt lat="46.09398" lon="9.60773">
        <ele>0.0</ele>
    </trkpt>
    <trkpt lat="46.09423" lon="9.60766">
        <ele>0.0</ele>
    </trkpt>
    <trkpt lat="46.09439" lon="9.60766">
        <ele>0.0</ele>
    </trkpt>
    <trkpt lat="46.09474" lon="9.60782">
        <ele>0.0</ele>
    </trkpt>
    <trkpt lat="46.09499" lon="9.60798">
        <ele>0.0</ele>
    </trkpt>
    <trkpt lat="46.09506" lon="9.60801">
        <ele>0.0</ele>
    </trkpt>
    <trkpt lat="46.09509" lon="9.608">
        <ele>0.0</ele>
    </trkpt>
    <trkpt lat="46.09515" lon="9.608">
        <ele>0.0</ele>
    </trkpt>
    <trkpt lat="46.09522" lon="9.60796">
        <ele>0.0</ele>
    </trkpt>
    <trkpt lat="46.0954" lon="9.60781">
        <ele>0.0</ele>
    </trkpt>
    <trkpt lat="46.09559" lon="9.60781">
        <ele>0.0</ele>
    </trkpt>
    <trkpt lat="46.09599" lon="9.60794">
        <ele>0.0</ele>
    </trkpt>
    <trkpt lat="46.09609" lon="9.60798">
        <ele>0.0</ele>
    </trkpt>
    <trkpt lat="46.09612" lon="9.608">
        <ele>0.0</ele>
    </trkpt>
    <trkpt lat="46.09625" lon="9.60811">
        <ele>0.0</ele>
    </trkpt>
    <trkpt lat="46.09638" lon="9.60827">
        <ele>0.0</ele>
    </trkpt>
    <trkpt lat="46.09643" lon="9.6083">
        <ele>0.0</ele>
    </trkpt>
    <trkpt lat="46.09649" lon="9.60832">
        <ele>0.0</ele>
    </trkpt>
    <trkpt lat="46.0966" lon="9.6083">
        <ele>0.0</ele>
    </trkpt>
    <trkpt lat="46.09662" lon="9.6083">
        <ele>0.0</ele>
    </trkpt>
    <trkpt lat="46.09668" lon="9.60824">
        <ele>0.0</ele>
    </trkpt>
    <trkpt lat="46.0968" lon="9.60815">
        <ele>0.0</ele>
    </trkpt>
    <trkpt lat="46.0969" lon="9.60812">
        <ele>0.0</ele>
    </trkpt>
    <trkpt lat="46.09755" lon="9.60815">
        <ele>0.0</ele>
    </trkpt>
    <trkpt lat="46.09756" lon="9.60814">
        <ele>0.0</ele>
    </trkpt>
    <trkpt lat="46.09758" lon="9.60808">
        <ele>0.0</ele>
    </trkpt>
    <trkpt lat="46.09757" lon="9.60806">
        <ele>0.0</ele>
    </trkpt>
    <trkpt lat="46.09757" lon="9.60804">
        <ele>0.0</ele>
    </trkpt>
    <trkpt lat="46.09755" lon="9.60802">
        <ele>0.0</ele>
    </trkpt>
    <trkpt lat="46.0972" lon="9.608">
        <ele>0.0</ele>
    </trkpt>
    <trkpt lat="46.09685" lon="9.60792">
        <ele>0.0</ele>
    </trkpt>
    <trkpt lat="46.0968" lon="9.6079">
        <ele>0.0</ele>
    </trkpt>
    <trkpt lat="46.09669" lon="9.60789">
        <ele>0.0</ele>
    </trkpt>
    <trkpt lat="46.09667" lon="9.60788">
        <ele>0.0</ele>
    </trkpt>
    <trkpt lat="46.09666" lon="9.60788">
        <ele>0.0</ele>
    </trkpt>
    <trkpt lat="46.09657" lon="9.60779">
        <ele>0.0</ele>
    </trkpt>
    <trkpt lat="46.0964" lon="9.60755">
        <ele>0.0</ele>
    </trkpt>
    <trkpt lat="46.09612" lon="9.6073">
        <ele>0.0</ele>
    </trkpt>
    <trkpt lat="46.09574" lon="9.60705">
        <ele>0.0</ele>
    </trkpt>
    <trkpt lat="46.0955" lon="9.60686">
        <ele>0.0</ele>
    </trkpt>
    <trkpt lat="46.09544" lon="9.60682">
        <ele>0.0</ele>
    </trkpt>
    <trkpt lat="46.09525" lon="9.60667">
        <ele>0.0</ele>
    </trkpt>
    <trkpt lat="46.09514" lon="9.60664">
        <ele>0.0</ele>
    </trkpt>
    <trkpt lat="46.09511" lon="9.60664">
        <ele>0.0</ele>
    </trkpt>
    <trkpt lat="46.09503" lon="9.60665">
        <ele>0.0</ele>
    </trkpt>
    <trkpt lat="46.09486" lon="9.60669">
        <ele>0.0</ele>
    </trkpt>
    <trkpt lat="46.09472" lon="9.60666">
        <ele>0.0</ele>
    </trkpt>
    <trkpt lat="46.0945" lon="9.60656">
        <ele>0.0</ele>
    </trkpt>
    <trkpt lat="46.0941" lon="9.60644">
        <ele>0.0</ele>
    </trkpt>
    <trkpt lat="46.09394" lon="9.60635">
        <ele>0.0</ele>
    </trkpt>
    <trkpt lat="46.0939" lon="9.6063">
        <ele>0.0</ele>
    </trkpt>
    <trkpt lat="46.09376" lon="9.60608">
        <ele>0.0</ele>
    </trkpt>
    <trkpt lat="46.0937" lon="9.60591">
        <ele>0.0</ele>
    </trkpt>
    <trkpt lat="46.09369" lon="9.60589">
        <ele>0.0</ele>
    </trkpt>
    <trkpt lat="46.09359" lon="9.60574">
        <ele>0.0</ele>
    </trkpt>
    <trkpt lat="46.09357" lon="9.6057">
        <ele>0.0</ele>
    </trkpt>
    <trkpt lat="46.09352" lon="9.60564">
        <ele>0.0</ele>
    </trkpt>
    <trkpt lat="46.09326" lon="9.60539">
        <ele>0.0</ele>
    </trkpt>
    <trkpt lat="46.09299" lon="9.60517">
        <ele>0.0</ele>
    </trkpt>
    <trkpt lat="46.09273" lon="9.60492">
        <ele>0.0</ele>
    </trkpt>
    <trkpt lat="46.09249" lon="9.60477">
        <ele>0.0</ele>
    </trkpt>
    <trkpt lat="46.09247" lon="9.60475">
        <ele>0.0</ele>
    </trkpt>
    <trkpt lat="46.09198" lon="9.60453">
        <ele>0.0</ele>
    </trkpt>
    <trkpt lat="46.09191" lon="9.60451">
        <ele>0.0</ele>
    </trkpt>
    <trkpt lat="46.0918" lon="9.60449">
        <ele>0.0</ele>
    </trkpt>
    <trkpt lat="46.09178" lon="9.60448">
        <ele>0.0</ele>
    </trkpt>
    <trkpt lat="46.09148" lon="9.60445">
        <ele>0.0</ele>
    </trkpt>
    <trkpt lat="46.09144" lon="9.60446">
        <ele>0.0</ele>
    </trkpt>
    <trkpt lat="46.09127" lon="9.60452">
        <ele>0.0</ele>
    </trkpt>
    <trkpt lat="46.09117" lon="9.60452">
        <ele>0.0</ele>
    </trkpt>
    <trkpt lat="46.09114" lon="9.60451">
        <ele>0.0</ele>
    </trkpt>
    <trkpt lat="46.09112" lon="9.60449">
        <ele>0.0</ele>
    </trkpt>
    <trkpt lat="46.09112" lon="9.60448">
        <ele>0.0</ele>
    </trkpt>
    <trkpt lat="46.09111" lon="9.60445">
        <ele>0.0</ele>
    </trkpt>
    <trkpt lat="46.09112" lon="9.60441">
        <ele>0.0</ele>
    </trkpt>
    <trkpt lat="46.09114" lon="9.60437">
        <ele>0.0</ele>
    </trkpt>
    <trkpt lat="46.09115" lon="9.60436">
        <ele>0.0</ele>
    </trkpt>
    <trkpt lat="46.09117" lon="9.60435">
        <ele>0.0</ele>
    </trkpt>
    <trkpt lat="46.09121" lon="9.60435">
        <ele>0.0</ele>
    </trkpt>
    <trkpt lat="46.0913" lon="9.60434">
        <ele>0.0</ele>
    </trkpt>
    <trkpt lat="46.09149" lon="9.60428">
        <ele>0.0</ele>
    </trkpt>
    <trkpt lat="46.09161" lon="9.60425">
        <ele>0.0</ele>
    </trkpt>
    <trkpt lat="46.09167" lon="9.60425">
        <ele>0.0</ele>
    </trkpt>
    <trkpt lat="46.09174" lon="9.60424">
        <ele>0.0</ele>
    </trkpt>
    <trkpt lat="46.09177" lon="9.60424">
        <ele>0.0</ele>
    </trkpt>
    <trkpt lat="46.09183" lon="9.60423">
        <ele>0.0</ele>
    </trkpt>
    <trkpt lat="46.09263" lon="9.60425">
        <ele>0.0</ele>
    </trkpt>
    <trkpt lat="46.09284" lon="9.60427">
        <ele>0.0</ele>
    </trkpt>
    <trkpt lat="46.09299" lon="9.6043">
        <ele>0.0</ele>
    </trkpt>
    <trkpt lat="46.093" lon="9.6043">
        <ele>0.0</ele>
    </trkpt>
    <trkpt lat="46.09305" lon="9.60431">
        <ele>0.0</ele>
    </trkpt>
    <trkpt lat="46.09305" lon="9.60432">
        <ele>0.0</ele>
    </trkpt>
    <trkpt lat="46.09315" lon="9.60436">
        <ele>0.0</ele>
    </trkpt>
    <trkpt lat="46.09316" lon="9.60437">
        <ele>0.0</ele>
    </trkpt>
    <trkpt lat="46.09317" lon="9.60437">
        <ele>0.0</ele>
    </trkpt>
    <trkpt lat="46.09321" lon="9.6044">
        <ele>0.0</ele>
    </trkpt>
    <trkpt lat="46.0935" lon="9.60458">
        <ele>0.0</ele>
    </trkpt>
    <trkpt lat="46.09353" lon="9.60459">
        <ele>0.0</ele>
    </trkpt>
    <trkpt lat="46.09368" lon="9.6047">
        <ele>0.0</ele>
    </trkpt>
    <trkpt lat="46.09375" lon="9.60474">
        <ele>0.0</ele>
    </trkpt>
    <trkpt lat="46.09383" lon="9.60477">
        <ele>0.0</ele>
    </trkpt>
    <trkpt lat="46.09385" lon="9.60477">
        <ele>0.0</ele>
    </trkpt>
    <trkpt lat="46.09386" lon="9.60478">
        <ele>0.0</ele>
    </trkpt>
    <trkpt lat="46.09388" lon="9.60478">
        <ele>0.0</ele>
    </trkpt>
    <trkpt lat="46.0939" lon="9.60477">
        <ele>0.0</ele>
    </trkpt>
    <trkpt lat="46.09391" lon="9.60476">
        <ele>0.0</ele>
    </trkpt>
    <trkpt lat="46.09391" lon="9.60475">
        <ele>0.0</ele>
    </trkpt>
    <trkpt lat="46.09392" lon="9.60472">
        <ele>0.0</ele>
    </trkpt>
    <trkpt lat="46.09391" lon="9.6047">
        <ele>0.0</ele>
    </trkpt>
    <trkpt lat="46.09391" lon="9.60467">
        <ele>0.0</ele>
    </trkpt>
    <trkpt lat="46.0939" lon="9.60467">
        <ele>0.0</ele>
    </trkpt>
    <trkpt lat="46.0939" lon="9.60465">
        <ele>0.0</ele>
    </trkpt>
    <trkpt lat="46.09388" lon="9.60463">
        <ele>0.0</ele>
    </trkpt>
    <trkpt lat="46.09388" lon="9.60462">
        <ele>0.0</ele>
    </trkpt>
    <trkpt lat="46.09387" lon="9.60462">
        <ele>0.0</ele>
    </trkpt>
    <trkpt lat="46.09385" lon="9.60461">
        <ele>0.0</ele>
    </trkpt>
    <trkpt lat="46.09368" lon="9.60458">
        <ele>0.0</ele>
    </trkpt>
    <trkpt lat="46.09357" lon="9.6045">
        <ele>0.0</ele>
    </trkpt>
    <trkpt lat="46.09355" lon="9.60448">
        <ele>0.0</ele>
    </trkpt>
    <trkpt lat="46.09349" lon="9.60444">
        <ele>0.0</ele>
    </trkpt>
    <trkpt lat="46.09314" lon="9.6041">
        <ele>0.0</ele>
    </trkpt>
    <trkpt lat="46.09304" lon="9.60403">
        <ele>0.0</ele>
    </trkpt>
    <trkpt lat="46.09277" lon="9.60381">
        <ele>0.0</ele>
    </trkpt>
    <trkpt lat="46.09216" lon="9.60344">
        <ele>0.0</ele>
    </trkpt>
    <trkpt lat="46.09206" lon="9.60339">
        <ele>0.0</ele>
    </trkpt>
    <trkpt lat="46.09192" lon="9.60334">
        <ele>0.0</ele>
    </trkpt>
    <trkpt lat="46.09179" lon="9.60328">
        <ele>0.0</ele>
    </trkpt>
    <trkpt lat="46.0917" lon="9.60325">
        <ele>0.0</ele>
    </trkpt>
    <trkpt lat="46.09143" lon="9.60314">
        <ele>0.0</ele>
    </trkpt>
    <trkpt lat="46.09136" lon="9.60312">
        <ele>0.0</ele>
    </trkpt>
    <trkpt lat="46.09129" lon="9.60311">
        <ele>0.0</ele>
    </trkpt>
    <trkpt lat="46.09105" lon="9.60311">
        <ele>0.0</ele>
    </trkpt>
    <trkpt lat="46.09092" lon="9.60312">
        <ele>0.0</ele>
    </trkpt>
    <trkpt lat="46.0907" lon="9.60312">
        <ele>0.0</ele>
    </trkpt>
    <trkpt lat="46.09059" lon="9.60308">
        <ele>0.0</ele>
    </trkpt>
    <trkpt lat="46.09045" lon="9.60308">
        <ele>0.0</ele>
    </trkpt>
    <trkpt lat="46.08982" lon="9.60324">
        <ele>0.0</ele>
    </trkpt>
    <trkpt lat="46.08979" lon="9.60326">
        <ele>0.0</ele>
    </trkpt>
    <trkpt lat="46.08968" lon="9.6033">
        <ele>0.0</ele>
    </trkpt>
    <trkpt lat="46.08965" lon="9.6033">
        <ele>0.0</ele>
    </trkpt>
    <trkpt lat="46.08958" lon="9.60332">
        <ele>0.0</ele>
    </trkpt>
    <trkpt lat="46.08947" lon="9.60334">
        <ele>0.0</ele>
    </trkpt>
    <trkpt lat="46.08922" lon="9.60334">
        <ele>0.0</ele>
    </trkpt>
    <trkpt lat="46.08911" lon="9.60335">
        <ele>0.0</ele>
    </trkpt>
    <trkpt lat="46.08904" lon="9.60337">
        <ele>0.0</ele>
    </trkpt>
    <trkpt lat="46.08893" lon="9.60339">
        <ele>0.0</ele>
    </trkpt>
    <trkpt lat="46.08876" lon="9.60347">
        <ele>0.0</ele>
    </trkpt>
    <trkpt lat="46.08849" lon="9.60365">
        <ele>0.0</ele>
    </trkpt>
    <trkpt lat="46.08844" lon="9.60371">
        <ele>0.0</ele>
    </trkpt>
    <trkpt lat="46.08839" lon="9.60376">
        <ele>0.0</ele>
    </trkpt>
    <trkpt lat="46.08836" lon="9.60377">
        <ele>0.0</ele>
    </trkpt>
    <trkpt lat="46.08832" lon="9.60377">
        <ele>0.0</ele>
    </trkpt>
    <trkpt lat="46.08829" lon="9.60375">
        <ele>0.0</ele>
    </trkpt>
    <trkpt lat="46.08826" lon="9.60372">
        <ele>0.0</ele>
    </trkpt>
    <trkpt lat="46.08826" lon="9.60362">
        <ele>0.0</ele>
    </trkpt>
    <trkpt lat="46.08828" lon="9.6036">
        <ele>0.0</ele>
    </trkpt>
    <trkpt lat="46.0883" lon="9.60357">
        <ele>0.0</ele>
    </trkpt>
    <trkpt lat="46.08834" lon="9.60356">
        <ele>0.0</ele>
    </trkpt>
    <trkpt lat="46.08841" lon="9.60353">
        <ele>0.0</ele>
    </trkpt>
    <trkpt lat="46.08845" lon="9.60352">
        <ele>0.0</ele>
    </trkpt>
    <trkpt lat="46.08851" lon="9.60347">
        <ele>0.0</ele>
    </trkpt>
    <trkpt lat="46.08857" lon="9.60343">
        <ele>0.0</ele>
    </trkpt>
    <trkpt lat="46.08863" lon="9.60338">
        <ele>0.0</ele>
    </trkpt>
    <trkpt lat="46.08879" lon="9.60317">
        <ele>0.0</ele>
    </trkpt>
    <trkpt lat="46.0888" lon="9.60317">
        <ele>0.0</ele>
    </trkpt>
    <trkpt lat="46.08917" lon="9.60286">
        <ele>0.0</ele>
    </trkpt>
    <trkpt lat="46.08942" lon="9.60268">
        <ele>0.0</ele>
    </trkpt>
    <trkpt lat="46.08971" lon="9.60245">
        <ele>0.0</ele>
    </trkpt>
    <trkpt lat="46.08989" lon="9.60227">
        <ele>0.0</ele>
    </trkpt>
    <trkpt lat="46.08998" lon="9.60219">
        <ele>0.0</ele>
    </trkpt>
    <trkpt lat="46.09003" lon="9.60211">
        <ele>0.0</ele>
    </trkpt>
    <trkpt lat="46.09029" lon="9.60194">
        <ele>0.0</ele>
    </trkpt>
    <trkpt lat="46.09058" lon="9.60183">
        <ele>0.0</ele>
    </trkpt>
    <trkpt lat="46.09064" lon="9.60183">
        <ele>0.0</ele>
    </trkpt>
    <trkpt lat="46.09085" lon="9.60168">
        <ele>0.0</ele>
    </trkpt>
    <trkpt lat="46.0911" lon="9.60153">
        <ele>0.0</ele>
    </trkpt>
    <trkpt lat="46.0913" lon="9.60146">
        <ele>0.0</ele>
    </trkpt>
    <trkpt lat="46.09138" lon="9.60144">
        <ele>0.0</ele>
    </trkpt>
    <trkpt lat="46.09148" lon="9.6014">
        <ele>0.0</ele>
    </trkpt>
    <trkpt lat="46.09163" lon="9.60138">
        <ele>0.0</ele>
    </trkpt>
    <trkpt lat="46.09164" lon="9.60137">
        <ele>0.0</ele>
    </trkpt>
    <trkpt lat="46.09174" lon="9.60136">
        <ele>0.0</ele>
    </trkpt>
    <trkpt lat="46.09179" lon="9.60135">
        <ele>0.0</ele>
    </trkpt>
    <trkpt lat="46.09191" lon="9.60134">
        <ele>0.0</ele>
    </trkpt>
    <trkpt lat="46.09199" lon="9.60134">
        <ele>0.0</ele>
    </trkpt>
    <trkpt lat="46.09204" lon="9.60133">
        <ele>0.0</ele>
    </trkpt>
    <trkpt lat="46.09217" lon="9.60134">
        <ele>0.0</ele>
    </trkpt>
    <trkpt lat="46.09236" lon="9.60133">
        <ele>0.0</ele>
    </trkpt>
    <trkpt lat="46.0926" lon="9.60125">
        <ele>0.0</ele>
    </trkpt>
    <trkpt lat="46.09263" lon="9.60125">
        <ele>0.0</ele>
    </trkpt>
    <trkpt lat="46.09267" lon="9.60124">
        <ele>0.0</ele>
    </trkpt>
    <trkpt lat="46.0928" lon="9.60124">
        <ele>0.0</ele>
    </trkpt>
    <trkpt lat="46.09289" lon="9.60125">
        <ele>0.0</ele>
    </trkpt>
    <trkpt lat="46.09306" lon="9.60129">
        <ele>0.0</ele>
    </trkpt>
    <trkpt lat="46.09341" lon="9.60134">
        <ele>0.0</ele>
    </trkpt>
    <trkpt lat="46.09365" lon="9.60143">
        <ele>0.0</ele>
    </trkpt>
    <trkpt lat="46.09375" lon="9.60151">
        <ele>0.0</ele>
    </trkpt>
    <trkpt lat="46.09377" lon="9.60152">
        <ele>0.0</ele>
    </trkpt>
    <trkpt lat="46.09386" lon="9.60164">
        <ele>0.0</ele>
    </trkpt>
    <trkpt lat="46.0939" lon="9.60173">
        <ele>0.0</ele>
    </trkpt>
    <trkpt lat="46.09393" lon="9.60176">
        <ele>0.0</ele>
    </trkpt>
    <trkpt lat="46.09396" lon="9.60178">
        <ele>0.0</ele>
    </trkpt>
    <trkpt lat="46.094" lon="9.60179">
        <ele>0.0</ele>
    </trkpt>
    <trkpt lat="46.09403" lon="9.60179">
        <ele>0.0</ele>
    </trkpt>
    <trkpt lat="46.09406" lon="9.60178">
        <ele>0.0</ele>
    </trkpt>
    <trkpt lat="46.09409" lon="9.60174">
        <ele>0.0</ele>
    </trkpt>
    <trkpt lat="46.09411" lon="9.6017">
        <ele>0.0</ele>
    </trkpt>
    <trkpt lat="46.09413" lon="9.60163">
        <ele>0.0</ele>
    </trkpt>
    <trkpt lat="46.09413" lon="9.60159">
        <ele>0.0</ele>
    </trkpt>
    <trkpt lat="46.09416" lon="9.60145">
        <ele>0.0</ele>
    </trkpt>
    <trkpt lat="46.09427" lon="9.60112">
        <ele>0.0</ele>
    </trkpt>
    <trkpt lat="46.09427" lon="9.60111">
        <ele>0.0</ele>
    </trkpt>
    <trkpt lat="46.09438" lon="9.60091">
        <ele>0.0</ele>
    </trkpt>
    <trkpt lat="46.09439" lon="9.60091">
        <ele>0.0</ele>
    </trkpt>
    <trkpt lat="46.09465" lon="9.60056">
        <ele>0.0</ele>
    </trkpt>
    <trkpt lat="46.09479" lon="9.6004">
        <ele>0.0</ele>
    </trkpt>
    <trkpt lat="46.09485" lon="9.60032">
        <ele>0.0</ele>
    </trkpt>
    <trkpt lat="46.09493" lon="9.60023">
        <ele>0.0</ele>
    </trkpt>
    <trkpt lat="46.09498" lon="9.60016">
        <ele>0.0</ele>
    </trkpt>
    <trkpt lat="46.09515" lon="9.59999">
        <ele>0.0</ele>
    </trkpt>
    <trkpt lat="46.09522" lon="9.59994">
        <ele>0.0</ele>
    </trkpt>
    <trkpt lat="46.09556" lon="9.59977">
        <ele>0.0</ele>
    </trkpt>
    <trkpt lat="46.09594" lon="9.59956">
        <ele>0.0</ele>
    </trkpt>
    <trkpt lat="46.09613" lon="9.59943">
        <ele>0.0</ele>
    </trkpt>
    <trkpt lat="46.09627" lon="9.59935">
        <ele>0.0</ele>
    </trkpt>
    <trkpt lat="46.0964" lon="9.59934">
        <ele>0.0</ele>
    </trkpt>
    <trkpt lat="46.09656" lon="9.59938">
        <ele>0.0</ele>
    </trkpt>
    <trkpt lat="46.09661" lon="9.59938">
        <ele>0.0</ele>
    </trkpt>
    <trkpt lat="46.09663" lon="9.59937">
        <ele>0.0</ele>
    </trkpt>
    <trkpt lat="46.09666" lon="9.59934">
        <ele>0.0</ele>
    </trkpt>
    <trkpt lat="46.09668" lon="9.59927">
        <ele>0.0</ele>
    </trkpt>
    <trkpt lat="46.09679" lon="9.59901">
        <ele>0.0</ele>
    </trkpt>
    <trkpt lat="46.09683" lon="9.59897">
        <ele>0.0</ele>
    </trkpt>
    <trkpt lat="46.09686" lon="9.59895">
        <ele>0.0</ele>
    </trkpt>
    <trkpt lat="46.09689" lon="9.59895">
        <ele>0.0</ele>
    </trkpt>
    <trkpt lat="46.09696" lon="9.59898">
        <ele>0.0</ele>
    </trkpt>
    <trkpt lat="46.09703" lon="9.599">
        <ele>0.0</ele>
    </trkpt>
    <trkpt lat="46.09713" lon="9.59907">
        <ele>0.0</ele>
    </trkpt>
    <trkpt lat="46.09722" lon="9.59912">
        <ele>0.0</ele>
    </trkpt>
    <trkpt lat="46.0974" lon="9.59918">
        <ele>0.0</ele>
    </trkpt>
    <trkpt lat="46.09748" lon="9.59916">
        <ele>0.0</ele>
    </trkpt>
    <trkpt lat="46.09755" lon="9.59907">
        <ele>0.0</ele>
    </trkpt>
    <trkpt lat="46.09756" lon="9.59897">
        <ele>0.0</ele>
    </trkpt>
    <trkpt lat="46.09756" lon="9.59889">
        <ele>0.0</ele>
    </trkpt>
    <trkpt lat="46.09755" lon="9.59881">
        <ele>0.0</ele>
    </trkpt>
    <trkpt lat="46.09752" lon="9.59869">
        <ele>0.0</ele>
    </trkpt>
    <trkpt lat="46.09752" lon="9.59868">
        <ele>0.0</ele>
    </trkpt>
    <trkpt lat="46.09747" lon="9.59847">
        <ele>0.0</ele>
    </trkpt>
    <trkpt lat="46.09746" lon="9.59845">
        <ele>0.0</ele>
    </trkpt>
    <trkpt lat="46.09738" lon="9.59794">
        <ele>0.0</ele>
    </trkpt>
    <trkpt lat="46.09738" lon="9.59769">
        <ele>0.0</ele>
    </trkpt>
    <trkpt lat="46.09741" lon="9.5975">
        <ele>0.0</ele>
    </trkpt>
    <trkpt lat="46.09747" lon="9.59727">
        <ele>0.0</ele>
    </trkpt>
    <trkpt lat="46.09754" lon="9.59706">
        <ele>0.0</ele>
    </trkpt>
    <trkpt lat="46.09758" lon="9.59697">
        <ele>0.0</ele>
    </trkpt>
    <trkpt lat="46.09762" lon="9.5969">
        <ele>0.0</ele>
    </trkpt>
    <trkpt lat="46.09775" lon="9.59674">
        <ele>0.0</ele>
    </trkpt>
    <trkpt lat="46.09867" lon="9.59525">
        <ele>0.0</ele>
    </trkpt>
    <trkpt lat="46.09885" lon="9.595">
        <ele>0.0</ele>
    </trkpt>
    <trkpt lat="46.09921" lon="9.59459">
        <ele>0.0</ele>
    </trkpt>
    <trkpt lat="46.09936" lon="9.5944">
        <ele>0.0</ele>
    </trkpt>
    <trkpt lat="46.09961" lon="9.59402">
        <ele>0.0</ele>
    </trkpt>
    <trkpt lat="46.09962" lon="9.594">
        <ele>0.0</ele>
    </trkpt>
    <trkpt lat="46.10022" lon="9.59331">
        <ele>0.0</ele>
    </trkpt>
    <trkpt lat="46.10065" lon="9.59288">
        <ele>0.0</ele>
    </trkpt>
    <trkpt lat="46.10067" lon="9.59287">
        <ele>0.0</ele>
    </trkpt>
    <trkpt lat="46.10109" lon="9.59251">
        <ele>0.0</ele>
    </trkpt>
    <trkpt lat="46.10148" lon="9.59212">
        <ele>0.0</ele>
    </trkpt>
    <trkpt lat="46.10162" lon="9.592">
        <ele>0.0</ele>
    </trkpt>
    <trkpt lat="46.10169" lon="9.59196">
        <ele>0.0</ele>
    </trkpt>
    <trkpt lat="46.10182" lon="9.59196">
        <ele>0.0</ele>
    </trkpt>
    <trkpt lat="46.10187" lon="9.59194">
        <ele>0.0</ele>
    </trkpt>
    <trkpt lat="46.10192" lon="9.5919">
        <ele>0.0</ele>
    </trkpt>
    <trkpt lat="46.10195" lon="9.59184">
        <ele>0.0</ele>
    </trkpt>
    <trkpt lat="46.10199" lon="9.5917">
        <ele>0.0</ele>
    </trkpt>
    <trkpt lat="46.10202" lon="9.59164">
        <ele>0.0</ele>
    </trkpt>
    <trkpt lat="46.10208" lon="9.59149">
        <ele>0.0</ele>
    </trkpt>
    <trkpt lat="46.10211" lon="9.59144">
        <ele>0.0</ele>
    </trkpt>
    <trkpt lat="46.10212" lon="9.59144">
        <ele>0.0</ele>
    </trkpt>
    <trkpt lat="46.10229" lon="9.59123">
        <ele>0.0</ele>
    </trkpt>
    <trkpt lat="46.10237" lon="9.59117">
        <ele>0.0</ele>
    </trkpt>
    <trkpt lat="46.10254" lon="9.59108">
        <ele>0.0</ele>
    </trkpt>
    <trkpt lat="46.1027" lon="9.59094">
        <ele>0.0</ele>
    </trkpt>
    <trkpt lat="46.10276" lon="9.59086">
        <ele>0.0</ele>
    </trkpt>
    <trkpt lat="46.10287" lon="9.59076">
        <ele>0.0</ele>
    </trkpt>
    <trkpt lat="46.10288" lon="9.59076">
        <ele>0.0</ele>
    </trkpt>
    <trkpt lat="46.10292" lon="9.59073">
        <ele>0.0</ele>
    </trkpt>
    <trkpt lat="46.10293" lon="9.59073">
        <ele>0.0</ele>
    </trkpt>
    <trkpt lat="46.10298" lon="9.5907">
        <ele>0.0</ele>
    </trkpt>
    <trkpt lat="46.10311" lon="9.59065">
        <ele>0.0</ele>
    </trkpt>
    <trkpt lat="46.10318" lon="9.59065">
        <ele>0.0</ele>
    </trkpt>
    <trkpt lat="46.10326" lon="9.59068">
        <ele>0.0</ele>
    </trkpt>
    <trkpt lat="46.10338" lon="9.59074">
        <ele>0.0</ele>
    </trkpt>
    <trkpt lat="46.10344" lon="9.59075">
        <ele>0.0</ele>
    </trkpt>
    <trkpt lat="46.10346" lon="9.59076">
        <ele>0.0</ele>
    </trkpt>
    <trkpt lat="46.10357" lon="9.59073">
        <ele>0.0</ele>
    </trkpt>
    <trkpt lat="46.1036" lon="9.59068">
        <ele>0.0</ele>
    </trkpt>
    <trkpt lat="46.10372" lon="9.59058">
        <ele>0.0</ele>
    </trkpt>
    <trkpt lat="46.10384" lon="9.59052">
        <ele>0.0</ele>
    </trkpt>
    <trkpt lat="46.10391" lon="9.59051">
        <ele>0.0</ele>
    </trkpt>
    <trkpt lat="46.10403" lon="9.59048">
        <ele>0.0</ele>
    </trkpt>
    <trkpt lat="46.10408" lon="9.59045">
        <ele>0.0</ele>
    </trkpt>
    <trkpt lat="46.1041" lon="9.59042">
        <ele>0.0</ele>
    </trkpt>
    <trkpt lat="46.10412" lon="9.5904">
        <ele>0.0</ele>
    </trkpt>
    <trkpt lat="46.10416" lon="9.59033">
        <ele>0.0</ele>
    </trkpt>
    <trkpt lat="46.10425" lon="9.58999">
        <ele>0.0</ele>
    </trkpt>
    <trkpt lat="46.10428" lon="9.58994">
        <ele>0.0</ele>
    </trkpt>
    <trkpt lat="46.10441" lon="9.58977">
        <ele>0.0</ele>
    </trkpt>
    <trkpt lat="46.10454" lon="9.58963">
        <ele>0.0</ele>
    </trkpt>
    <trkpt lat="46.10466" lon="9.58955">
        <ele>0.0</ele>
    </trkpt>
    <trkpt lat="46.10471" lon="9.58953">
        <ele>0.0</ele>
    </trkpt>
    <trkpt lat="46.10477" lon="9.58949">
        <ele>0.0</ele>
    </trkpt>
    <trkpt lat="46.10482" lon="9.58949">
        <ele>0.0</ele>
    </trkpt>
    <trkpt lat="46.10493" lon="9.58947">
        <ele>0.0</ele>
    </trkpt>
    <trkpt lat="46.10496" lon="9.58946">
        <ele>0.0</ele>
    </trkpt>
    <trkpt lat="46.10498" lon="9.58943">
        <ele>0.0</ele>
    </trkpt>
    <trkpt lat="46.10505" lon="9.58936">
        <ele>0.0</ele>
    </trkpt>
    <trkpt lat="46.10507" lon="9.58932">
        <ele>0.0</ele>
    </trkpt>
    <trkpt lat="46.10512" lon="9.58915">
        <ele>0.0</ele>
    </trkpt>
    <trkpt lat="46.10514" lon="9.5891">
        <ele>0.0</ele>
    </trkpt>
    <trkpt lat="46.10518" lon="9.58905">
        <ele>0.0</ele>
    </trkpt>
    <trkpt lat="46.10522" lon="9.58901">
        <ele>0.0</ele>
    </trkpt>
    <trkpt lat="46.10529" lon="9.58897">
        <ele>0.0</ele>
    </trkpt>
    <trkpt lat="46.10537" lon="9.58895">
        <ele>0.0</ele>
    </trkpt>
    <trkpt lat="46.10557" lon="9.58895">
        <ele>0.0</ele>
    </trkpt>
    <trkpt lat="46.10561" lon="9.58894">
        <ele>0.0</ele>
    </trkpt>
    <trkpt lat="46.10562" lon="9.58894">
        <ele>0.0</ele>
    </trkpt>
    <trkpt lat="46.10563" lon="9.58893">
        <ele>0.0</ele>
    </trkpt>
    <trkpt lat="46.10572" lon="9.5889">
        <ele>0.0</ele>
    </trkpt>
    <trkpt lat="46.10583" lon="9.58883">
        <ele>0.0</ele>
    </trkpt>
    <trkpt lat="46.10594" lon="9.58869">
        <ele>0.0</ele>
    </trkpt>
    <trkpt lat="46.10596" lon="9.58865">
        <ele>0.0</ele>
    </trkpt>
    <trkpt lat="46.10596" lon="9.58858">
        <ele>0.0</ele>
    </trkpt>
    <trkpt lat="46.10595" lon="9.58855">
        <ele>0.0</ele>
    </trkpt>
    <trkpt lat="46.10595" lon="9.58854">
        <ele>0.0</ele>
    </trkpt>
    <trkpt lat="46.10594" lon="9.58852">
        <ele>0.0</ele>
    </trkpt>
    <trkpt lat="46.10592" lon="9.58851">
        <ele>0.0</ele>
    </trkpt>
    <trkpt lat="46.10591" lon="9.5885">
        <ele>0.0</ele>
    </trkpt>
    <trkpt lat="46.10589" lon="9.58849">
        <ele>0.0</ele>
    </trkpt>
    <trkpt lat="46.10589" lon="9.5885">
        <ele>0.0</ele>
    </trkpt>
    <trkpt lat="46.10584" lon="9.5885">
        <ele>0.0</ele>
    </trkpt>
    <trkpt lat="46.10582" lon="9.58852">
        <ele>0.0</ele>
    </trkpt>
    <trkpt lat="46.1058" lon="9.58853">
        <ele>0.0</ele>
    </trkpt>
    <trkpt lat="46.10573" lon="9.58861">
        <ele>0.0</ele>
    </trkpt>
    <trkpt lat="46.10572" lon="9.58863">
        <ele>0.0</ele>
    </trkpt>
    <trkpt lat="46.10567" lon="9.5887">
        <ele>0.0</ele>
    </trkpt>
    <trkpt lat="46.10564" lon="9.58873">
        <ele>0.0</ele>
    </trkpt>
    <trkpt lat="46.10561" lon="9.58875">
        <ele>0.0</ele>
    </trkpt>
    <trkpt lat="46.10557" lon="9.58876">
        <ele>0.0</ele>
    </trkpt>
    <trkpt lat="46.10551" lon="9.58876">
        <ele>0.0</ele>
    </trkpt>
    <trkpt lat="46.10543" lon="9.58873">
        <ele>0.0</ele>
    </trkpt>
    <trkpt lat="46.10529" lon="9.58871">
        <ele>0.0</ele>
    </trkpt>
    <trkpt lat="46.10517" lon="9.58876">
        <ele>0.0</ele>
    </trkpt>
    <trkpt lat="46.10501" lon="9.58889">
        <ele>0.0</ele>
    </trkpt>
    <trkpt lat="46.10498" lon="9.58892">
        <ele>0.0</ele>
    </trkpt>
    <trkpt lat="46.10494" lon="9.58895">
        <ele>0.0</ele>
    </trkpt>
    <trkpt lat="46.10489" lon="9.58897">
        <ele>0.0</ele>
    </trkpt>
    <trkpt lat="46.10469" lon="9.58901">
        <ele>0.0</ele>
    </trkpt>
    <trkpt lat="46.10463" lon="9.58901">
        <ele>0.0</ele>
    </trkpt>
    <trkpt lat="46.10458" lon="9.589">
        <ele>0.0</ele>
    </trkpt>
    <trkpt lat="46.10455" lon="9.589">
        <ele>0.0</ele>
    </trkpt>
    <trkpt lat="46.10452" lon="9.58898">
        <ele>0.0</ele>
    </trkpt>
    <trkpt lat="46.1045" lon="9.58896">
        <ele>0.0</ele>
    </trkpt>
    <trkpt lat="46.1045" lon="9.58893">
        <ele>0.0</ele>
    </trkpt>
    <trkpt lat="46.10449" lon="9.58887">
        <ele>0.0</ele>
    </trkpt>
    <trkpt lat="46.1045" lon="9.58885">
        <ele>0.0</ele>
    </trkpt>
    <trkpt lat="46.10454" lon="9.58881">
        <ele>0.0</ele>
    </trkpt>
    <trkpt lat="46.10456" lon="9.5888">
        <ele>0.0</ele>
    </trkpt>
    <trkpt lat="46.10458" lon="9.5888">
        <ele>0.0</ele>
    </trkpt>
    <trkpt lat="46.10461" lon="9.58881">
        <ele>0.0</ele>
    </trkpt>
    <trkpt lat="46.1048" lon="9.5889">
        <ele>0.0</ele>
    </trkpt>
    <trkpt lat="46.10485" lon="9.58889">
        <ele>0.0</ele>
    </trkpt>
    <trkpt lat="46.1049" lon="9.58887">
        <ele>0.0</ele>
    </trkpt>
    <trkpt lat="46.10494" lon="9.58886">
        <ele>0.0</ele>
    </trkpt>
    <trkpt lat="46.10499" lon="9.58882">
        <ele>0.0</ele>
    </trkpt>
    <trkpt lat="46.105" lon="9.58882">
        <ele>0.0</ele>
    </trkpt>
    <trkpt lat="46.10503" lon="9.58878">
        <ele>0.0</ele>
    </trkpt>
    <trkpt lat="46.10512" lon="9.58869">
        <ele>0.0</ele>
    </trkpt>
    <trkpt lat="46.10518" lon="9.58864">
        <ele>0.0</ele>
    </trkpt>
    <trkpt lat="46.10532" lon="9.58858">
        <ele>0.0</ele>
    </trkpt>
    <trkpt lat="46.10535" lon="9.58856">
        <ele>0.0</ele>
    </trkpt>
    <trkpt lat="46.10539" lon="9.58856">
        <ele>0.0</ele>
    </trkpt>
    <trkpt lat="46.10543" lon="9.58853">
        <ele>0.0</ele>
    </trkpt>
    <trkpt lat="46.10548" lon="9.5885">
        <ele>0.0</ele>
    </trkpt>
    <trkpt lat="46.10558" lon="9.58838">
        <ele>0.0</ele>
    </trkpt>
    <trkpt lat="46.10562" lon="9.58831">
        <ele>0.0</ele>
    </trkpt>
    <trkpt lat="46.1057" lon="9.58826">
        <ele>0.0</ele>
    </trkpt>
    <trkpt lat="46.10583" lon="9.58822">
        <ele>0.0</ele>
    </trkpt>
    <trkpt lat="46.106" lon="9.58819">
        <ele>0.0</ele>
    </trkpt>
    <trkpt lat="46.1061" lon="9.58823">
        <ele>0.0</ele>
    </trkpt>
    <trkpt lat="46.10623" lon="9.58823">
        <ele>0.0</ele>
    </trkpt>
    <trkpt lat="46.10629" lon="9.5882">
        <ele>0.0</ele>
    </trkpt>
    <trkpt lat="46.10637" lon="9.58811">
        <ele>0.0</ele>
    </trkpt>
    <trkpt lat="46.10641" lon="9.58803">
        <ele>0.0</ele>
    </trkpt>
    <trkpt lat="46.10645" lon="9.5879">
        <ele>0.0</ele>
    </trkpt>
    <trkpt lat="46.10647" lon="9.58781">
        <ele>0.0</ele>
    </trkpt>
    <trkpt lat="46.10651" lon="9.58774">
        <ele>0.0</ele>
    </trkpt>
    <trkpt lat="46.10654" lon="9.5877">
        <ele>0.0</ele>
    </trkpt>
    <trkpt lat="46.10659" lon="9.58766">
        <ele>0.0</ele>
    </trkpt>
    <trkpt lat="46.10663" lon="9.58764">
        <ele>0.0</ele>
    </trkpt>
    <trkpt lat="46.10673" lon="9.58762">
        <ele>0.0</ele>
    </trkpt>
    <trkpt lat="46.10681" lon="9.58762">
        <ele>0.0</ele>
    </trkpt>
    <trkpt lat="46.10695" lon="9.58766">
        <ele>0.0</ele>
    </trkpt>
    <trkpt lat="46.1071" lon="9.58766">
        <ele>0.0</ele>
    </trkpt>
    <trkpt lat="46.10717" lon="9.58764">
        <ele>0.0</ele>
    </trkpt>
    <trkpt lat="46.10726" lon="9.58758">
        <ele>0.0</ele>
    </trkpt>
    <trkpt lat="46.10738" lon="9.58746">
        <ele>0.0</ele>
    </trkpt>
    <trkpt lat="46.10758" lon="9.5872">
        <ele>0.0</ele>
    </trkpt>
    <trkpt lat="46.10759" lon="9.58718">
        <ele>0.0</ele>
    </trkpt>
    <trkpt lat="46.10774" lon="9.58698">
        <ele>0.0</ele>
    </trkpt>
    <trkpt lat="46.10775" lon="9.58696">
        <ele>0.0</ele>
    </trkpt>
    <trkpt lat="46.10781" lon="9.58693">
        <ele>0.0</ele>
    </trkpt>
    <trkpt lat="46.10784" lon="9.58692">
        <ele>0.0</ele>
    </trkpt>
    <trkpt lat="46.10787" lon="9.58692">
        <ele>0.0</ele>
    </trkpt>
    <trkpt lat="46.10791" lon="9.58693">
        <ele>0.0</ele>
    </trkpt>
    <trkpt lat="46.10795" lon="9.58695">
        <ele>0.0</ele>
    </trkpt>
    <trkpt lat="46.10798" lon="9.58696">
        <ele>0.0</ele>
    </trkpt>
    <trkpt lat="46.108" lon="9.58698">
        <ele>0.0</ele>
    </trkpt>
    <trkpt lat="46.10805" lon="9.58701">
        <ele>0.0</ele>
    </trkpt>
    <trkpt lat="46.10806" lon="9.58702">
        <ele>0.0</ele>
    </trkpt>
    <trkpt lat="46.10807" lon="9.58702">
        <ele>0.0</ele>
    </trkpt>
    <trkpt lat="46.10811" lon="9.58704">
        <ele>0.0</ele>
    </trkpt>
    <trkpt lat="46.10813" lon="9.58704">
        <ele>0.0</ele>
    </trkpt>
    <trkpt lat="46.10817" lon="9.58702">
        <ele>0.0</ele>
    </trkpt>
    <trkpt lat="46.10821" lon="9.58698">
        <ele>0.0</ele>
    </trkpt>
    <trkpt lat="46.10823" lon="9.58697">
        <ele>0.0</ele>
    </trkpt>
    <trkpt lat="46.10827" lon="9.5869">
        <ele>0.0</ele>
    </trkpt>
    <trkpt lat="46.1083" lon="9.58686">
        <ele>0.0</ele>
    </trkpt>
    <trkpt lat="46.10842" lon="9.58654">
        <ele>0.0</ele>
    </trkpt>
    <trkpt lat="46.10847" lon="9.58645">
        <ele>0.0</ele>
    </trkpt>
    <trkpt lat="46.10892" lon="9.58582">
        <ele>0.0</ele>
    </trkpt>
    <trkpt lat="46.10897" lon="9.58576">
        <ele>0.0</ele>
    </trkpt>
    <trkpt lat="46.10901" lon="9.58569">
        <ele>0.0</ele>
    </trkpt>
    <trkpt lat="46.10915" lon="9.58551">
        <ele>0.0</ele>
    </trkpt>
    <trkpt lat="46.1092" lon="9.58546">
        <ele>0.0</ele>
    </trkpt>
    <trkpt lat="46.10925" lon="9.58543">
        <ele>0.0</ele>
    </trkpt>
    <trkpt lat="46.10936" lon="9.58538">
        <ele>0.0</ele>
    </trkpt>
    <trkpt lat="46.10938" lon="9.58538">
        <ele>0.0</ele>
    </trkpt>
    <trkpt lat="46.10942" lon="9.58536">
        <ele>0.0</ele>
    </trkpt>
    <trkpt lat="46.10953" lon="9.58536">
        <ele>0.0</ele>
    </trkpt>
    <trkpt lat="46.10955" lon="9.58535">
        <ele>0.0</ele>
    </trkpt>
    <trkpt lat="46.10968" lon="9.58534">
        <ele>0.0</ele>
    </trkpt>
    <trkpt lat="46.10971" lon="9.58533">
        <ele>0.0</ele>
    </trkpt>
    <trkpt lat="46.10977" lon="9.5853">
        <ele>0.0</ele>
    </trkpt>
    <trkpt lat="46.1098" lon="9.58527">
        <ele>0.0</ele>
    </trkpt>
    <trkpt lat="46.10986" lon="9.58519">
        <ele>0.0</ele>
    </trkpt>
    <trkpt lat="46.10988" lon="9.58518">
        <ele>0.0</ele>
    </trkpt>
    <trkpt lat="46.1099" lon="9.58514">
        <ele>0.0</ele>
    </trkpt>
    <trkpt lat="46.10991" lon="9.58511">
        <ele>0.0</ele>
    </trkpt>
    <trkpt lat="46.10994" lon="9.58497">
        <ele>0.0</ele>
    </trkpt>
    <trkpt lat="46.10994" lon="9.58493">
        <ele>0.0</ele>
    </trkpt>
    <trkpt lat="46.10996" lon="9.58486">
        <ele>0.0</ele>
    </trkpt>
    <trkpt lat="46.10997" lon="9.58479">
        <ele>0.0</ele>
    </trkpt>
    <trkpt lat="46.10999" lon="9.58472">
        <ele>0.0</ele>
    </trkpt>
    <trkpt lat="46.11" lon="9.5847">
        <ele>0.0</ele>
    </trkpt>
    <trkpt lat="46.11" lon="9.58469">
        <ele>0.0</ele>
    </trkpt>
    <trkpt lat="46.11004" lon="9.5846">
        <ele>0.0</ele>
    </trkpt>
    <trkpt lat="46.1101" lon="9.58452">
        <ele>0.0</ele>
    </trkpt>
    <trkpt lat="46.11011" lon="9.5845">
        <ele>0.0</ele>
    </trkpt>
    <trkpt lat="46.11024" lon="9.58435">
        <ele>0.0</ele>
    </trkpt>
    <trkpt lat="46.1103" lon="9.58427">
        <ele>0.0</ele>
    </trkpt>
    <trkpt lat="46.11038" lon="9.5842">
        <ele>0.0</ele>
    </trkpt>
    <trkpt lat="46.11038" lon="9.58419">
        <ele>0.0</ele>
    </trkpt>
    <trkpt lat="46.11096" lon="9.58379">
        <ele>0.0</ele>
    </trkpt>
    <trkpt lat="46.11104" lon="9.58376">
        <ele>0.0</ele>
    </trkpt>
    <trkpt lat="46.11131" lon="9.58378">
        <ele>0.0</ele>
    </trkpt>
    <trkpt lat="46.11143" lon="9.58378">
        <ele>0.0</ele>
    </trkpt>
    <trkpt lat="46.11146" lon="9.58377">
        <ele>0.0</ele>
    </trkpt>
    <trkpt lat="46.11147" lon="9.58376">
        <ele>0.0</ele>
    </trkpt>
    <trkpt lat="46.11149" lon="9.58373">
        <ele>0.0</ele>
    </trkpt>
    <trkpt lat="46.11151" lon="9.58369">
        <ele>0.0</ele>
    </trkpt>
    <trkpt lat="46.11152" lon="9.58366">
        <ele>0.0</ele>
    </trkpt>
    <trkpt lat="46.11152" lon="9.58344">
        <ele>0.0</ele>
    </trkpt>
    <trkpt lat="46.11151" lon="9.58339">
        <ele>0.0</ele>
    </trkpt>
    <trkpt lat="46.11151" lon="9.58334">
        <ele>0.0</ele>
    </trkpt>
    <trkpt lat="46.11149" lon="9.58317">
        <ele>0.0</ele>
    </trkpt>
    <trkpt lat="46.11149" lon="9.58288">
        <ele>0.0</ele>
    </trkpt>
    <trkpt lat="46.1115" lon="9.5828">
        <ele>0.0</ele>
    </trkpt>
    <trkpt lat="46.1115" lon="9.58277">
        <ele>0.0</ele>
    </trkpt>
    <trkpt lat="46.11154" lon="9.58257">
        <ele>0.0</ele>
    </trkpt>
    <trkpt lat="46.11159" lon="9.5824">
        <ele>0.0</ele>
    </trkpt>
    <trkpt lat="46.11159" lon="9.58239">
        <ele>0.0</ele>
    </trkpt>
    <trkpt lat="46.11166" lon="9.58221">
        <ele>0.0</ele>
    </trkpt>
    <trkpt lat="46.11168" lon="9.58218">
        <ele>0.0</ele>
    </trkpt>
    <trkpt lat="46.11169" lon="9.58217">
        <ele>0.0</ele>
    </trkpt>
    <trkpt lat="46.11176" lon="9.58202">
        <ele>0.0</ele>
    </trkpt>
    <trkpt lat="46.11176" lon="9.582">
        <ele>0.0</ele>
    </trkpt>
    <trkpt lat="46.11178" lon="9.58197">
        <ele>0.0</ele>
    </trkpt>
    <trkpt lat="46.11182" lon="9.58188">
        <ele>0.0</ele>
    </trkpt>
    <trkpt lat="46.11186" lon="9.58181">
        <ele>0.0</ele>
    </trkpt>
    <trkpt lat="46.11189" lon="9.58174">
        <ele>0.0</ele>
    </trkpt>
    <trkpt lat="46.11268" lon="9.58021">
        <ele>0.0</ele>
    </trkpt>
    <trkpt lat="46.11271" lon="9.58013">
        <ele>0.0</ele>
    </trkpt>
    <trkpt lat="46.11274" lon="9.58008">
        <ele>0.0</ele>
    </trkpt>
    <trkpt lat="46.11281" lon="9.57988">
        <ele>0.0</ele>
    </trkpt>
    <trkpt lat="46.11285" lon="9.57974">
        <ele>0.0</ele>
    </trkpt>
    <trkpt lat="46.1131" lon="9.57907">
        <ele>0.0</ele>
    </trkpt>
    <trkpt lat="46.11312" lon="9.579">
        <ele>0.0</ele>
    </trkpt>
    <trkpt lat="46.11341" lon="9.57846">
        <ele>0.0</ele>
    </trkpt>
    <trkpt lat="46.11429" lon="9.57706">
        <ele>0.0</ele>
    </trkpt>
    <trkpt lat="46.1144" lon="9.57685">
        <ele>0.0</ele>
    </trkpt>
    <trkpt lat="46.11445" lon="9.57678">
        <ele>0.0</ele>
    </trkpt>
    <trkpt lat="46.11498" lon="9.57585">
        <ele>0.0</ele>
    </trkpt>
    <trkpt lat="46.11499" lon="9.57584">
        <ele>0.0</ele>
    </trkpt>
    <trkpt lat="46.11529" lon="9.57542">
        <ele>0.0</ele>
    </trkpt>
    <trkpt lat="46.11553" lon="9.57504">
        <ele>0.0</ele>
    </trkpt>
    <trkpt lat="46.11576" lon="9.57473">
        <ele>0.0</ele>
    </trkpt>
    <trkpt lat="46.11577" lon="9.57472">
        <ele>0.0</ele>
    </trkpt>
    <trkpt lat="46.11592" lon="9.57451">
        <ele>0.0</ele>
    </trkpt>
    <trkpt lat="46.11595" lon="9.57448">
        <ele>0.0</ele>
    </trkpt>
    <trkpt lat="46.11634" lon="9.57401">
        <ele>0.0</ele>
    </trkpt>
    <trkpt lat="46.11662" lon="9.57378">
        <ele>0.0</ele>
    </trkpt>
    <trkpt lat="46.11701" lon="9.57366">
        <ele>0.0</ele>
    </trkpt>
    <trkpt lat="46.11719" lon="9.57368">
        <ele>0.0</ele>
    </trkpt>
    <trkpt lat="46.11722" lon="9.57368">
        <ele>0.0</ele>
    </trkpt>
    <trkpt lat="46.11735" lon="9.57372">
        <ele>0.0</ele>
    </trkpt>
    <trkpt lat="46.11736" lon="9.57372">
        <ele>0.0</ele>
    </trkpt>
    <trkpt lat="46.11751" lon="9.57376">
        <ele>0.0</ele>
    </trkpt>
    <trkpt lat="46.11753" lon="9.57376">
        <ele>0.0</ele>
    </trkpt>
    <trkpt lat="46.11761" lon="9.57379">
        <ele>0.0</ele>
    </trkpt>
    <trkpt lat="46.11786" lon="9.57391">
        <ele>0.0</ele>
    </trkpt>
    <trkpt lat="46.11855" lon="9.57444">
        <ele>0.0</ele>
    </trkpt>
    <trkpt lat="46.11907" lon="9.57497">
        <ele>0.0</ele>
    </trkpt>
    <trkpt lat="46.1191" lon="9.57501">
        <ele>0.0</ele>
    </trkpt>
    <trkpt lat="46.1195" lon="9.57544">
        <ele>0.0</ele>
    </trkpt>
    <trkpt lat="46.12021" lon="9.57613">
        <ele>0.0</ele>
    </trkpt>
    <trkpt lat="46.12034" lon="9.57627">
        <ele>0.0</ele>
    </trkpt>
    <trkpt lat="46.12071" lon="9.57671">
        <ele>0.0</ele>
    </trkpt>
    <trkpt lat="46.12128" lon="9.57729">
        <ele>0.0</ele>
    </trkpt>
    <trkpt lat="46.12158" lon="9.57742">
        <ele>0.0</ele>
    </trkpt>
    <trkpt lat="46.12181" lon="9.57745">
        <ele>0.0</ele>
    </trkpt>
    <trkpt lat="46.12191" lon="9.57747">
        <ele>0.0</ele>
    </trkpt>
    <trkpt lat="46.12223" lon="9.57748">
        <ele>0.0</ele>
    </trkpt>
    <trkpt lat="46.12241" lon="9.57762">
        <ele>0.0</ele>
    </trkpt>
    <trkpt lat="46.12268" lon="9.57823">
        <ele>0.0</ele>
    </trkpt>
    <trkpt lat="46.1227" lon="9.57826">
        <ele>0.0</ele>
    </trkpt>
    <trkpt lat="46.1227" lon="9.57827">
        <ele>0.0</ele>
    </trkpt>
    <trkpt lat="46.12272" lon="9.5783">
        <ele>0.0</ele>
    </trkpt>
    <trkpt lat="46.12274" lon="9.57832">
        <ele>0.0</ele>
    </trkpt>
    <trkpt lat="46.12279" lon="9.57835">
        <ele>0.0</ele>
    </trkpt>
    <trkpt lat="46.12283" lon="9.57835">
        <ele>0.0</ele>
    </trkpt>
    <trkpt lat="46.12285" lon="9.57836">
        <ele>0.0</ele>
    </trkpt>
    <trkpt lat="46.12286" lon="9.57835">
        <ele>0.0</ele>
    </trkpt>
    <trkpt lat="46.12288" lon="9.57834">
        <ele>0.0</ele>
    </trkpt>
    <trkpt lat="46.12289" lon="9.57833">
        <ele>0.0</ele>
    </trkpt>
    <trkpt lat="46.12294" lon="9.57825">
        <ele>0.0</ele>
    </trkpt>
    <trkpt lat="46.12294" lon="9.57823">
        <ele>0.0</ele>
    </trkpt>
    <trkpt lat="46.12295" lon="9.57818">
        <ele>0.0</ele>
    </trkpt>
    <trkpt lat="46.12293" lon="9.57807">
        <ele>0.0</ele>
    </trkpt>
    <trkpt lat="46.12264" lon="9.57712">
        <ele>0.0</ele>
    </trkpt>
    <trkpt lat="46.12236" lon="9.57656">
        <ele>0.0</ele>
    </trkpt>
    <trkpt lat="46.12236" lon="9.57655">
        <ele>0.0</ele>
    </trkpt>
    <trkpt lat="46.12199" lon="9.57597">
        <ele>0.0</ele>
    </trkpt>
    <trkpt lat="46.12177" lon="9.57567">
        <ele>0.0</ele>
    </trkpt>
    <trkpt lat="46.12165" lon="9.57548">
        <ele>0.0</ele>
    </trkpt>
    <trkpt lat="46.12123" lon="9.57525">
        <ele>0.0</ele>
    </trkpt>
    <trkpt lat="46.12107" lon="9.57513">
        <ele>0.0</ele>
    </trkpt>
    <trkpt lat="46.12067" lon="9.57474">
        <ele>0.0</ele>
    </trkpt>
    <trkpt lat="46.12027" lon="9.57416">
        <ele>0.0</ele>
    </trkpt>
    <trkpt lat="46.12005" lon="9.5737">
        <ele>0.0</ele>
    </trkpt>
    <trkpt lat="46.11976" lon="9.57299">
        <ele>0.0</ele>
    </trkpt>
    <trkpt lat="46.11974" lon="9.5729">
        <ele>0.0</ele>
    </trkpt>
    <trkpt lat="46.11974" lon="9.57284">
        <ele>0.0</ele>
    </trkpt>
    <trkpt lat="46.11975" lon="9.57283">
        <ele>0.0</ele>
    </trkpt>
    <trkpt lat="46.11975" lon="9.57282">
        <ele>0.0</ele>
    </trkpt>
    <trkpt lat="46.11976" lon="9.57282">
        <ele>0.0</ele>
    </trkpt>
    <trkpt lat="46.1198" lon="9.5728">
        <ele>0.0</ele>
    </trkpt>
    <trkpt lat="46.11981" lon="9.57279">
        <ele>0.0</ele>
    </trkpt>
    <trkpt lat="46.11983" lon="9.57278">
        <ele>0.0</ele>
    </trkpt>
    <trkpt lat="46.11984" lon="9.57278">
        <ele>0.0</ele>
    </trkpt>
    <trkpt lat="46.11985" lon="9.57277">
        <ele>0.0</ele>
    </trkpt>
    <trkpt lat="46.11986" lon="9.57277">
        <ele>0.0</ele>
    </trkpt>
    <trkpt lat="46.11988" lon="9.57278">
        <ele>0.0</ele>
    </trkpt>
    <trkpt lat="46.11992" lon="9.57278">
        <ele>0.0</ele>
    </trkpt>
    <trkpt lat="46.11995" lon="9.57281">
        <ele>0.0</ele>
    </trkpt>
    <trkpt lat="46.12033" lon="9.57351">
        <ele>0.0</ele>
    </trkpt>
    <trkpt lat="46.12058" lon="9.57389">
        <ele>0.0</ele>
    </trkpt>
    <trkpt lat="46.12079" lon="9.57404">
        <ele>0.0</ele>
    </trkpt>
    <trkpt lat="46.12102" lon="9.5741">
        <ele>0.0</ele>
    </trkpt>
    <trkpt lat="46.12117" lon="9.57413">
        <ele>0.0</ele>
    </trkpt>
    <trkpt lat="46.1212" lon="9.57414">
        <ele>0.0</ele>
    </trkpt>
    <trkpt lat="46.12124" lon="9.57417">
        <ele>0.0</ele>
    </trkpt>
    <trkpt lat="46.12219" lon="9.57473">
        <ele>0.0</ele>
    </trkpt>
    <trkpt lat="46.12244" lon="9.57497">
        <ele>0.0</ele>
    </trkpt>
    <trkpt lat="46.12304" lon="9.57532">
        <ele>0.0</ele>
    </trkpt>
    <trkpt lat="46.12317" lon="9.57536">
        <ele>0.0</ele>
    </trkpt>
    <trkpt lat="46.12331" lon="9.57544">
        <ele>0.0</ele>
    </trkpt>
    <trkpt lat="46.12334" lon="9.57547">
        <ele>0.0</ele>
    </trkpt>
    <trkpt lat="46.12339" lon="9.57551">
        <ele>0.0</ele>
    </trkpt>
    <trkpt lat="46.12346" lon="9.57561">
        <ele>0.0</ele>
    </trkpt>
    <trkpt lat="46.12348" lon="9.57563">
        <ele>0.0</ele>
    </trkpt>
    <trkpt lat="46.12355" lon="9.57573">
        <ele>0.0</ele>
    </trkpt>
    <trkpt lat="46.12358" lon="9.5758">
        <ele>0.0</ele>
    </trkpt>
    <trkpt lat="46.1236" lon="9.57583">
        <ele>0.0</ele>
    </trkpt>
    <trkpt lat="46.12369" lon="9.57601">
        <ele>0.0</ele>
    </trkpt>
    <trkpt lat="46.1237" lon="9.57604">
        <ele>0.0</ele>
    </trkpt>
    <trkpt lat="46.12377" lon="9.57616">
        <ele>0.0</ele>
    </trkpt>
    <trkpt lat="46.12402" lon="9.57669">
        <ele>0.0</ele>
    </trkpt>
    <trkpt lat="46.12413" lon="9.57684">
        <ele>0.0</ele>
    </trkpt>
    <trkpt lat="46.12414" lon="9.57685">
        <ele>0.0</ele>
    </trkpt>
    <trkpt lat="46.12435" lon="9.57714">
        <ele>0.0</ele>
    </trkpt>
    <trkpt lat="46.12485" lon="9.57761">
        <ele>0.0</ele>
    </trkpt>
    <trkpt lat="46.12486" lon="9.57761">
        <ele>0.0</ele>
    </trkpt>
    <trkpt lat="46.12498" lon="9.57782">
        <ele>0.0</ele>
    </trkpt>
    <trkpt lat="46.12523" lon="9.57836">
        <ele>0.0</ele>
    </trkpt>
    <trkpt lat="46.12536" lon="9.57868">
        <ele>0.0</ele>
    </trkpt>
    <trkpt lat="46.12537" lon="9.57869">
        <ele>0.0</ele>
    </trkpt>
    <trkpt lat="46.12558" lon="9.57919">
        <ele>0.0</ele>
    </trkpt>
    <trkpt lat="46.1256" lon="9.57928">
        <ele>0.0</ele>
    </trkpt>
    <trkpt lat="46.12561" lon="9.57936">
        <ele>0.0</ele>
    </trkpt>
    <trkpt lat="46.12562" lon="9.57938">
        <ele>0.0</ele>
    </trkpt>
    <trkpt lat="46.12566" lon="9.57971">
        <ele>0.0</ele>
    </trkpt>
    <trkpt lat="46.12582" lon="9.58016">
        <ele>0.0</ele>
    </trkpt>
    <trkpt lat="46.12593" lon="9.58032">
        <ele>0.0</ele>
    </trkpt>
    <trkpt lat="46.12616" lon="9.58061">
        <ele>0.0</ele>
    </trkpt>
    <trkpt lat="46.12633" lon="9.58088">
        <ele>0.0</ele>
    </trkpt>
    <trkpt lat="46.12643" lon="9.58117">
        <ele>0.0</ele>
    </trkpt>
    <trkpt lat="46.12649" lon="9.58154">
        <ele>0.0</ele>
    </trkpt>
    <trkpt lat="46.12669" lon="9.58329">
        <ele>0.0</ele>
    </trkpt>
    <trkpt lat="46.12683" lon="9.58386">
        <ele>0.0</ele>
    </trkpt>
    <trkpt lat="46.12707" lon="9.58456">
        <ele>0.0</ele>
    </trkpt>
    <trkpt lat="46.1271" lon="9.58477">
        <ele>0.0</ele>
    </trkpt>
    <trkpt lat="46.12711" lon="9.58481">
        <ele>0.0</ele>
    </trkpt>
    <trkpt lat="46.12729" lon="9.58527">
        <ele>0.0</ele>
    </trkpt>
    <trkpt lat="46.1273" lon="9.58531">
        <ele>0.0</ele>
    </trkpt>
    <trkpt lat="46.12744" lon="9.58553">
        <ele>0.0</ele>
    </trkpt>
    <trkpt lat="46.12747" lon="9.58559">
        <ele>0.0</ele>
    </trkpt>
    <trkpt lat="46.12749" lon="9.58568">
        <ele>0.0</ele>
    </trkpt>
    <trkpt lat="46.1275" lon="9.58578">
        <ele>0.0</ele>
    </trkpt>
    <trkpt lat="46.1275" lon="9.5859">
        <ele>0.0</ele>
    </trkpt>
    <trkpt lat="46.12742" lon="9.58635">
        <ele>0.0</ele>
    </trkpt>
    <trkpt lat="46.12734" lon="9.58663">
        <ele>0.0</ele>
    </trkpt>
    <trkpt lat="46.12729" lon="9.58695">
        <ele>0.0</ele>
    </trkpt>
    <trkpt lat="46.12729" lon="9.58702">
        <ele>0.0</ele>
    </trkpt>
    <trkpt lat="46.12728" lon="9.58711">
        <ele>0.0</ele>
    </trkpt>
    <trkpt lat="46.12729" lon="9.58727">
        <ele>0.0</ele>
    </trkpt>
    <trkpt lat="46.12741" lon="9.58803">
        <ele>0.0</ele>
    </trkpt>
    <trkpt lat="46.12742" lon="9.58818">
        <ele>0.0</ele>
    </trkpt>
    <trkpt lat="46.12741" lon="9.58855">
        <ele>0.0</ele>
    </trkpt>
    <trkpt lat="46.12714" lon="9.59138">
        <ele>0.0</ele>
    </trkpt>
    <trkpt lat="46.12702" lon="9.5924">
        <ele>0.0</ele>
    </trkpt>
    <trkpt lat="46.12702" lon="9.59249">
        <ele>0.0</ele>
    </trkpt>
    <trkpt lat="46.12705" lon="9.59259">
        <ele>0.0</ele>
    </trkpt>
    <trkpt lat="46.12709" lon="9.59266">
        <ele>0.0</ele>
    </trkpt>
    <trkpt lat="46.1271" lon="9.59269">
        <ele>0.0</ele>
    </trkpt>
    <trkpt lat="46.12716" lon="9.59275">
        <ele>0.0</ele>
    </trkpt>
    <trkpt lat="46.12724" lon="9.5928">
        <ele>0.0</ele>
    </trkpt>
    <trkpt lat="46.1273" lon="9.59282">
        <ele>0.0</ele>
    </trkpt>
    <trkpt lat="46.12744" lon="9.59278">
        <ele>0.0</ele>
    </trkpt>
    <trkpt lat="46.12757" lon="9.59271">
        <ele>0.0</ele>
    </trkpt>
    <trkpt lat="46.1277" lon="9.59261">
        <ele>0.0</ele>
    </trkpt>
    <trkpt lat="46.12778" lon="9.59249">
        <ele>0.0</ele>
    </trkpt>
    <trkpt lat="46.1278" lon="9.59238">
        <ele>0.0</ele>
    </trkpt>
    <trkpt lat="46.12805" lon="9.59136">
        <ele>0.0</ele>
    </trkpt>
    <trkpt lat="46.12823" lon="9.59079">
        <ele>0.0</ele>
    </trkpt>
    <trkpt lat="46.12824" lon="9.59072">
        <ele>0.0</ele>
    </trkpt>
    <trkpt lat="46.12827" lon="9.59062">
        <ele>0.0</ele>
    </trkpt>
    <trkpt lat="46.1283" lon="9.59048">
        <ele>0.0</ele>
    </trkpt>
    <trkpt lat="46.12837" lon="9.58961">
        <ele>0.0</ele>
    </trkpt>
    <trkpt lat="46.12839" lon="9.58953">
        <ele>0.0</ele>
    </trkpt>
    <trkpt lat="46.12839" lon="9.58949">
        <ele>0.0</ele>
    </trkpt>
    <trkpt lat="46.12841" lon="9.58943">
        <ele>0.0</ele>
    </trkpt>
    <trkpt lat="46.12843" lon="9.58931">
        <ele>0.0</ele>
    </trkpt>
    <trkpt lat="46.1285" lon="9.58903">
        <ele>0.0</ele>
    </trkpt>
    <trkpt lat="46.12865" lon="9.58856">
        <ele>0.0</ele>
    </trkpt>
    <trkpt lat="46.12865" lon="9.58855">
        <ele>0.0</ele>
    </trkpt>
    <trkpt lat="46.12908" lon="9.58734">
        <ele>0.0</ele>
    </trkpt>
    <trkpt lat="46.12914" lon="9.58713">
        <ele>0.0</ele>
    </trkpt>
    <trkpt lat="46.12915" lon="9.587">
        <ele>0.0</ele>
    </trkpt>
    <trkpt lat="46.1293" lon="9.58623">
        <ele>0.0</ele>
    </trkpt>
    <trkpt lat="46.12933" lon="9.586">
        <ele>0.0</ele>
    </trkpt>
    <trkpt lat="46.12932" lon="9.58564">
        <ele>0.0</ele>
    </trkpt>
    <trkpt lat="46.12929" lon="9.58537">
        <ele>0.0</ele>
    </trkpt>
    <trkpt lat="46.12907" lon="9.58441">
        <ele>0.0</ele>
    </trkpt>
    <trkpt lat="46.12903" lon="9.58414">
        <ele>0.0</ele>
    </trkpt>
    <trkpt lat="46.12891" lon="9.58365">
        <ele>0.0</ele>
    </trkpt>
    <trkpt lat="46.12888" lon="9.5834">
        <ele>0.0</ele>
    </trkpt>
    <trkpt lat="46.12886" lon="9.583">
        <ele>0.0</ele>
    </trkpt>
    <trkpt lat="46.12889" lon="9.58288">
        <ele>0.0</ele>
    </trkpt>
    <trkpt lat="46.12891" lon="9.58276">
        <ele>0.0</ele>
    </trkpt>
    <trkpt lat="46.12891" lon="9.58237">
        <ele>0.0</ele>
    </trkpt>
    <trkpt lat="46.12886" lon="9.58192">
        <ele>0.0</ele>
    </trkpt>
    <trkpt lat="46.12873" lon="9.58127">
        <ele>0.0</ele>
    </trkpt>
    <trkpt lat="46.12873" lon="9.58084">
        <ele>0.0</ele>
    </trkpt>
    <trkpt lat="46.12874" lon="9.58061">
        <ele>0.0</ele>
    </trkpt>
    <trkpt lat="46.1287" lon="9.57953">
        <ele>0.0</ele>
    </trkpt>
    <trkpt lat="46.1287" lon="9.579">
        <ele>0.0</ele>
    </trkpt>
    <trkpt lat="46.12872" lon="9.5788">
        <ele>0.0</ele>
    </trkpt>
    <trkpt lat="46.12872" lon="9.57858">
        <ele>0.0</ele>
    </trkpt>
    <trkpt lat="46.12868" lon="9.57833">
        <ele>0.0</ele>
    </trkpt>
    <trkpt lat="46.12868" lon="9.57826">
        <ele>0.0</ele>
    </trkpt>
    <trkpt lat="46.12866" lon="9.57806">
        <ele>0.0</ele>
    </trkpt>
    <trkpt lat="46.12871" lon="9.57767">
        <ele>0.0</ele>
    </trkpt>
    <trkpt lat="46.12879" lon="9.57724">
        <ele>0.0</ele>
    </trkpt>
    <trkpt lat="46.1289" lon="9.57631">
        <ele>0.0</ele>
    </trkpt>
    <trkpt lat="46.1289" lon="9.57615">
        <ele>0.0</ele>
    </trkpt>
    <trkpt lat="46.12888" lon="9.576">
        <ele>0.0</ele>
    </trkpt>
    <trkpt lat="46.12887" lon="9.57596">
        <ele>0.0</ele>
    </trkpt>
    <trkpt lat="46.12885" lon="9.57591">
        <ele>0.0</ele>
    </trkpt>
    <trkpt lat="46.12882" lon="9.57581">
        <ele>0.0</ele>
    </trkpt>
    <trkpt lat="46.12855" lon="9.57516">
        <ele>0.0</ele>
    </trkpt>
    <trkpt lat="46.12838" lon="9.57488">
        <ele>0.0</ele>
    </trkpt>
    <trkpt lat="46.12837" lon="9.57487">
        <ele>0.0</ele>
    </trkpt>
    <trkpt lat="46.12833" lon="9.57479">
        <ele>0.0</ele>
    </trkpt>
    <trkpt lat="46.1283" lon="9.57465">
        <ele>0.0</ele>
    </trkpt>
    <trkpt lat="46.12831" lon="9.57413">
        <ele>0.0</ele>
    </trkpt>
    <trkpt lat="46.12832" lon="9.57402">
        <ele>0.0</ele>
    </trkpt>
    <trkpt lat="46.12831" lon="9.57388">
        <ele>0.0</ele>
    </trkpt>
    <trkpt lat="46.12831" lon="9.57376">
        <ele>0.0</ele>
    </trkpt>
    <trkpt lat="46.1283" lon="9.57366">
        <ele>0.0</ele>
    </trkpt>
    <trkpt lat="46.12829" lon="9.57362">
        <ele>0.0</ele>
    </trkpt>
    <trkpt lat="46.12826" lon="9.57354">
        <ele>0.0</ele>
    </trkpt>
    <trkpt lat="46.1281" lon="9.5732">
        <ele>0.0</ele>
    </trkpt>
    <trkpt lat="46.12805" lon="9.57307">
        <ele>0.0</ele>
    </trkpt>
    <trkpt lat="46.12804" lon="9.57301">
        <ele>0.0</ele>
    </trkpt>
    <trkpt lat="46.12804" lon="9.57287">
        <ele>0.0</ele>
    </trkpt>
    <trkpt lat="46.12805" lon="9.57279">
        <ele>0.0</ele>
    </trkpt>
    <trkpt lat="46.12805" lon="9.57276">
        <ele>0.0</ele>
    </trkpt>
    <trkpt lat="46.12806" lon="9.57268">
        <ele>0.0</ele>
    </trkpt>
    <trkpt lat="46.12806" lon="9.57231">
        <ele>0.0</ele>
    </trkpt>
    <trkpt lat="46.12804" lon="9.57217">
        <ele>0.0</ele>
    </trkpt>
    <trkpt lat="46.12804" lon="9.57215">
        <ele>0.0</ele>
    </trkpt>
    <trkpt lat="46.12801" lon="9.57206">
        <ele>0.0</ele>
    </trkpt>
    <trkpt lat="46.12798" lon="9.57199">
        <ele>0.0</ele>
    </trkpt>
    <trkpt lat="46.12795" lon="9.57195">
        <ele>0.0</ele>
    </trkpt>
    <trkpt lat="46.12794" lon="9.57193">
        <ele>0.0</ele>
    </trkpt>
    <trkpt lat="46.1278" lon="9.57178">
        <ele>0.0</ele>
    </trkpt>
    <trkpt lat="46.12776" lon="9.57173">
        <ele>0.0</ele>
    </trkpt>
    <trkpt lat="46.12772" lon="9.5717">
        <ele>0.0</ele>
    </trkpt>
    <trkpt lat="46.12749" lon="9.57159">
        <ele>0.0</ele>
    </trkpt>
    <trkpt lat="46.12742" lon="9.57157">
        <ele>0.0</ele>
    </trkpt>
    <trkpt lat="46.12736" lon="9.57154">
        <ele>0.0</ele>
    </trkpt>
    <trkpt lat="46.12732" lon="9.57151">
        <ele>0.0</ele>
    </trkpt>
    <trkpt lat="46.12727" lon="9.57146">
        <ele>0.0</ele>
    </trkpt>
    <trkpt lat="46.12717" lon="9.57134">
        <ele>0.0</ele>
    </trkpt>
    <trkpt lat="46.12715" lon="9.5713">
        <ele>0.0</ele>
    </trkpt>
    <trkpt lat="46.12707" lon="9.57121">
        <ele>0.0</ele>
    </trkpt>
    <trkpt lat="46.12698" lon="9.57106">
        <ele>0.0</ele>
    </trkpt>
    <trkpt lat="46.12695" lon="9.571">
        <ele>0.0</ele>
    </trkpt>
    <trkpt lat="46.12694" lon="9.57095">
        <ele>0.0</ele>
    </trkpt>
    <trkpt lat="46.12691" lon="9.57088">
        <ele>0.0</ele>
    </trkpt>
    <trkpt lat="46.12686" lon="9.57073">
        <ele>0.0</ele>
    </trkpt>
    <trkpt lat="46.12686" lon="9.57072">
        <ele>0.0</ele>
    </trkpt>
    <trkpt lat="46.12679" lon="9.57048">
        <ele>0.0</ele>
    </trkpt>
    <trkpt lat="46.12676" lon="9.5704">
        <ele>0.0</ele>
    </trkpt>
    <trkpt lat="46.12675" lon="9.57033">
        <ele>0.0</ele>
    </trkpt>
    <trkpt lat="46.12672" lon="9.57024">
        <ele>0.0</ele>
    </trkpt>
    <trkpt lat="46.12672" lon="9.57022">
        <ele>0.0</ele>
    </trkpt>
    <trkpt lat="46.12667" lon="9.56992">
        <ele>0.0</ele>
    </trkpt>
    <trkpt lat="46.12665" lon="9.56973">
        <ele>0.0</ele>
    </trkpt>
    <trkpt lat="46.12663" lon="9.56964">
        <ele>0.0</ele>
    </trkpt>
    <trkpt lat="46.12659" lon="9.56953">
        <ele>0.0</ele>
    </trkpt>
    <trkpt lat="46.12656" lon="9.56948">
        <ele>0.0</ele>
    </trkpt>
    <trkpt lat="46.12645" lon="9.56934">
        <ele>0.0</ele>
    </trkpt>
    <trkpt lat="46.12642" lon="9.56929">
        <ele>0.0</ele>
    </trkpt>
    <trkpt lat="46.12642" lon="9.56916">
        <ele>0.0</ele>
    </trkpt>
    <trkpt lat="46.12644" lon="9.56912">
        <ele>0.0</ele>
    </trkpt>
    <trkpt lat="46.12646" lon="9.56909">
        <ele>0.0</ele>
    </trkpt>
    <trkpt lat="46.12649" lon="9.56907">
        <ele>0.0</ele>
    </trkpt>
    <trkpt lat="46.1265" lon="9.56906">
        <ele>0.0</ele>
    </trkpt>
    <trkpt lat="46.12652" lon="9.56905">
        <ele>0.0</ele>
    </trkpt>
    <trkpt lat="46.12655" lon="9.56905">
        <ele>0.0</ele>
    </trkpt>
    <trkpt lat="46.12656" lon="9.56906">
        <ele>0.0</ele>
    </trkpt>
    <trkpt lat="46.12657" lon="9.56906">
        <ele>0.0</ele>
    </trkpt>
    <trkpt lat="46.12661" lon="9.5691">
        <ele>0.0</ele>
    </trkpt>
    <trkpt lat="46.12667" lon="9.56918">
        <ele>0.0</ele>
    </trkpt>
    <trkpt lat="46.12675" lon="9.56937">
        <ele>0.0</ele>
    </trkpt>
    <trkpt lat="46.12677" lon="9.56951">
        <ele>0.0</ele>
    </trkpt>
    <trkpt lat="46.12677" lon="9.56966">
        <ele>0.0</ele>
    </trkpt>
    <trkpt lat="46.12679" lon="9.56974">
        <ele>0.0</ele>
    </trkpt>
    <trkpt lat="46.12681" lon="9.56987">
        <ele>0.0</ele>
    </trkpt>
    <trkpt lat="46.12684" lon="9.56999">
        <ele>0.0</ele>
    </trkpt>
    <trkpt lat="46.12687" lon="9.57004">
        <ele>0.0</ele>
    </trkpt>
    <trkpt lat="46.12691" lon="9.57007">
        <ele>0.0</ele>
    </trkpt>
    <trkpt lat="46.12696" lon="9.5701">
        <ele>0.0</ele>
    </trkpt>
    <trkpt lat="46.12707" lon="9.57014">
        <ele>0.0</ele>
    </trkpt>
    <trkpt lat="46.12749" lon="9.57051">
        <ele>0.0</ele>
    </trkpt>
    <trkpt lat="46.12765" lon="9.57067">
        <ele>0.0</ele>
    </trkpt>
    <trkpt lat="46.12821" lon="9.57117">
        <ele>0.0</ele>
    </trkpt>
    <trkpt lat="46.1284" lon="9.57138">
        <ele>0.0</ele>
    </trkpt>
    <trkpt lat="46.1284" lon="9.57139">
        <ele>0.0</ele>
    </trkpt>
    <trkpt lat="46.12869" lon="9.5718">
        <ele>0.0</ele>
    </trkpt>
    <trkpt lat="46.12877" lon="9.57194">
        <ele>0.0</ele>
    </trkpt>
    <trkpt lat="46.12883" lon="9.572">
        <ele>0.0</ele>
    </trkpt>
    <trkpt lat="46.12885" lon="9.57201">
        <ele>0.0</ele>
    </trkpt>
    <trkpt lat="46.12889" lon="9.57201">
        <ele>0.0</ele>
    </trkpt>
    <trkpt lat="46.12891" lon="9.572">
        <ele>0.0</ele>
    </trkpt>
    <trkpt lat="46.12895" lon="9.57196">
        <ele>0.0</ele>
    </trkpt>
    <trkpt lat="46.12895" lon="9.57193">
        <ele>0.0</ele>
    </trkpt>
    <trkpt lat="46.12896" lon="9.57191">
        <ele>0.0</ele>
    </trkpt>
    <trkpt lat="46.12896" lon="9.57187">
        <ele>0.0</ele>
    </trkpt>
    <trkpt lat="46.12895" lon="9.57184">
        <ele>0.0</ele>
    </trkpt>
    <trkpt lat="46.12895" lon="9.57181">
        <ele>0.0</ele>
    </trkpt>
    <trkpt lat="46.12894" lon="9.57181">
        <ele>0.0</ele>
    </trkpt>
    <trkpt lat="46.12891" lon="9.57176">
        <ele>0.0</ele>
    </trkpt>
    <trkpt lat="46.12881" lon="9.57164">
        <ele>0.0</ele>
    </trkpt>
    <trkpt lat="46.1288" lon="9.57164">
        <ele>0.0</ele>
    </trkpt>
    <trkpt lat="46.12872" lon="9.57154">
        <ele>0.0</ele>
    </trkpt>
    <trkpt lat="46.12868" lon="9.57146">
        <ele>0.0</ele>
    </trkpt>
    <trkpt lat="46.12866" lon="9.57143">
        <ele>0.0</ele>
    </trkpt>
    <trkpt lat="46.12858" lon="9.57124">
        <ele>0.0</ele>
    </trkpt>
    <trkpt lat="46.12856" lon="9.57111">
        <ele>0.0</ele>
    </trkpt>
    <trkpt lat="46.12853" lon="9.57099">
        <ele>0.0</ele>
    </trkpt>
    <trkpt lat="46.12848" lon="9.57054">
        <ele>0.0</ele>
    </trkpt>
    <trkpt lat="46.12848" lon="9.57047">
        <ele>0.0</ele>
    </trkpt>
    <trkpt lat="46.1285" lon="9.57034">
        <ele>0.0</ele>
    </trkpt>
    <trkpt lat="46.12854" lon="9.57024">
        <ele>0.0</ele>
    </trkpt>
    <trkpt lat="46.12861" lon="9.57015">
        <ele>0.0</ele>
    </trkpt>
    <trkpt lat="46.12869" lon="9.57009">
        <ele>0.0</ele>
    </trkpt>
    <trkpt lat="46.12874" lon="9.57007">
        <ele>0.0</ele>
    </trkpt>
    <trkpt lat="46.12878" lon="9.57007">
        <ele>0.0</ele>
    </trkpt>
    <trkpt lat="46.12882" lon="9.57008">
        <ele>0.0</ele>
    </trkpt>
    <trkpt lat="46.12885" lon="9.5701">
        <ele>0.0</ele>
    </trkpt>
    <trkpt lat="46.12886" lon="9.5701">
        <ele>0.0</ele>
    </trkpt>
    <trkpt lat="46.12891" lon="9.57017">
        <ele>0.0</ele>
    </trkpt>
    <trkpt lat="46.12892" lon="9.57019">
        <ele>0.0</ele>
    </trkpt>
    <trkpt lat="46.12893" lon="9.57025">
        <ele>0.0</ele>
    </trkpt>
    <trkpt lat="46.12894" lon="9.57028">
        <ele>0.0</ele>
    </trkpt>
    <trkpt lat="46.12902" lon="9.57077">
        <ele>0.0</ele>
    </trkpt>
    <trkpt lat="46.12912" lon="9.57115">
        <ele>0.0</ele>
    </trkpt>
    <trkpt lat="46.12921" lon="9.57139">
        <ele>0.0</ele>
    </trkpt>
    <trkpt lat="46.12928" lon="9.57163">
        <ele>0.0</ele>
    </trkpt>
    <trkpt lat="46.12928" lon="9.57173">
        <ele>0.0</ele>
    </trkpt>
    <trkpt lat="46.12923" lon="9.57192">
        <ele>0.0</ele>
    </trkpt>
    <trkpt lat="46.12922" lon="9.57199">
        <ele>0.0</ele>
    </trkpt>
    <trkpt lat="46.12921" lon="9.572">
        <ele>0.0</ele>
    </trkpt>
    <trkpt lat="46.12919" lon="9.57218">
        <ele>0.0</ele>
    </trkpt>
    <trkpt lat="46.1292" lon="9.57224">
        <ele>0.0</ele>
    </trkpt>
    <trkpt lat="46.1292" lon="9.57227">
        <ele>0.0</ele>
    </trkpt>
    <trkpt lat="46.12924" lon="9.5725">
        <ele>0.0</ele>
    </trkpt>
    <trkpt lat="46.12925" lon="9.57251">
        <ele>0.0</ele>
    </trkpt>
    <trkpt lat="46.12928" lon="9.5726">
        <ele>0.0</ele>
    </trkpt>
    <trkpt lat="46.12935" lon="9.57276">
        <ele>0.0</ele>
    </trkpt>
    <trkpt lat="46.12963" lon="9.57317">
        <ele>0.0</ele>
    </trkpt>
    <trkpt lat="46.12972" lon="9.57327">
        <ele>0.0</ele>
    </trkpt>
    <trkpt lat="46.12982" lon="9.5734">
        <ele>0.0</ele>
    </trkpt>
    <trkpt lat="46.12983" lon="9.57344">
        <ele>0.0</ele>
    </trkpt>
    <trkpt lat="46.12984" lon="9.57345">
        <ele>0.0</ele>
    </trkpt>
    <trkpt lat="46.12984" lon="9.57347">
        <ele>0.0</ele>
    </trkpt>
    <trkpt lat="46.12985" lon="9.57351">
        <ele>0.0</ele>
    </trkpt>
    <trkpt lat="46.12987" lon="9.57397">
        <ele>0.0</ele>
    </trkpt>
    <trkpt lat="46.12991" lon="9.57415">
        <ele>0.0</ele>
    </trkpt>
    <trkpt lat="46.13006" lon="9.5744">
        <ele>0.0</ele>
    </trkpt>
    <trkpt lat="46.13006" lon="9.57441">
        <ele>0.0</ele>
    </trkpt>
    <trkpt lat="46.13024" lon="9.57477">
        <ele>0.0</ele>
    </trkpt>
    <trkpt lat="46.13025" lon="9.57484">
        <ele>0.0</ele>
    </trkpt>
    <trkpt lat="46.13029" lon="9.575">
        <ele>0.0</ele>
    </trkpt>
    <trkpt lat="46.13031" lon="9.57514">
        <ele>0.0</ele>
    </trkpt>
    <trkpt lat="46.1303" lon="9.57534">
        <ele>0.0</ele>
    </trkpt>
    <trkpt lat="46.13026" lon="9.5757">
        <ele>0.0</ele>
    </trkpt>
    <trkpt lat="46.13027" lon="9.57586">
        <ele>0.0</ele>
    </trkpt>
    <trkpt lat="46.13027" lon="9.57608">
        <ele>0.0</ele>
    </trkpt>
    <trkpt lat="46.13028" lon="9.57617">
        <ele>0.0</ele>
    </trkpt>
    <trkpt lat="46.1302" lon="9.57662">
        <ele>0.0</ele>
    </trkpt>
    <trkpt lat="46.13019" lon="9.57665">
        <ele>0.0</ele>
    </trkpt>
    <trkpt lat="46.13019" lon="9.57681">
        <ele>0.0</ele>
    </trkpt>
    <trkpt lat="46.13021" lon="9.57687">
        <ele>0.0</ele>
    </trkpt>
    <trkpt lat="46.1304" lon="9.57724">
        <ele>0.0</ele>
    </trkpt>
    <trkpt lat="46.13045" lon="9.57737">
        <ele>0.0</ele>
    </trkpt>
    <trkpt lat="46.13047" lon="9.5775">
        <ele>0.0</ele>
    </trkpt>
    <trkpt lat="46.13047" lon="9.57767">
        <ele>0.0</ele>
    </trkpt>
    <trkpt lat="46.13046" lon="9.57776">
        <ele>0.0</ele>
    </trkpt>
    <trkpt lat="46.13039" lon="9.57812">
        <ele>0.0</ele>
    </trkpt>
    <trkpt lat="46.13038" lon="9.5782">
        <ele>0.0</ele>
    </trkpt>
    <trkpt lat="46.13041" lon="9.57825">
        <ele>0.0</ele>
    </trkpt>
    <trkpt lat="46.13046" lon="9.5783">
        <ele>0.0</ele>
    </trkpt>
    <trkpt lat="46.13052" lon="9.57838">
        <ele>0.0</ele>
    </trkpt>
    <trkpt lat="46.13072" lon="9.57892">
        <ele>0.0</ele>
    </trkpt>
    <trkpt lat="46.13079" lon="9.57915">
        <ele>0.0</ele>
    </trkpt>
    <trkpt lat="46.1308" lon="9.57916">
        <ele>0.0</ele>
    </trkpt>
    <trkpt lat="46.13086" lon="9.57949">
        <ele>0.0</ele>
    </trkpt>
    <trkpt lat="46.13088" lon="9.57965">
        <ele>0.0</ele>
    </trkpt>
    <trkpt lat="46.13089" lon="9.58018">
        <ele>0.0</ele>
    </trkpt>
    <trkpt lat="46.13085" lon="9.58041">
        <ele>0.0</ele>
    </trkpt>
    <trkpt lat="46.13085" lon="9.58046">
        <ele>0.0</ele>
    </trkpt>
    <trkpt lat="46.13086" lon="9.58049">
        <ele>0.0</ele>
    </trkpt>
    <trkpt lat="46.13087" lon="9.5805">
        <ele>0.0</ele>
    </trkpt>
    <trkpt lat="46.13089" lon="9.58051">
        <ele>0.0</ele>
    </trkpt>
    <trkpt lat="46.13092" lon="9.58051">
        <ele>0.0</ele>
    </trkpt>
    <trkpt lat="46.13096" lon="9.58049">
        <ele>0.0</ele>
    </trkpt>
    <trkpt lat="46.13096" lon="9.58048">
        <ele>0.0</ele>
    </trkpt>
    <trkpt lat="46.13097" lon="9.58046">
        <ele>0.0</ele>
    </trkpt>
    <trkpt lat="46.13097" lon="9.58037">
        <ele>0.0</ele>
    </trkpt>
    <trkpt lat="46.13095" lon="9.58015">
        <ele>0.0</ele>
    </trkpt>
    <trkpt lat="46.13095" lon="9.57989">
        <ele>0.0</ele>
    </trkpt>
    <trkpt lat="46.13098" lon="9.57972">
        <ele>0.0</ele>
    </trkpt>
    <trkpt lat="46.13097" lon="9.57967">
        <ele>0.0</ele>
    </trkpt>
    <trkpt lat="46.13097" lon="9.57964">
        <ele>0.0</ele>
    </trkpt>
    <trkpt lat="46.13095" lon="9.57953">
        <ele>0.0</ele>
    </trkpt>
    <trkpt lat="46.13093" lon="9.57927">
        <ele>0.0</ele>
    </trkpt>
    <trkpt lat="46.13093" lon="9.5792">
        <ele>0.0</ele>
    </trkpt>
    <trkpt lat="46.1309" lon="9.57887">
        <ele>0.0</ele>
    </trkpt>
    <trkpt lat="46.1309" lon="9.57882">
        <ele>0.0</ele>
    </trkpt>
    <trkpt lat="46.13087" lon="9.57861">
        <ele>0.0</ele>
    </trkpt>
    <trkpt lat="46.13086" lon="9.57858">
        <ele>0.0</ele>
    </trkpt>
    <trkpt lat="46.13081" lon="9.57815">
        <ele>0.0</ele>
    </trkpt>
    <trkpt lat="46.1308" lon="9.5781">
        <ele>0.0</ele>
    </trkpt>
    <trkpt lat="46.13078" lon="9.57784">
        <ele>0.0</ele>
    </trkpt>
    <trkpt lat="46.13086" lon="9.57696">
        <ele>0.0</ele>
    </trkpt>
    <trkpt lat="46.13086" lon="9.57681">
        <ele>0.0</ele>
    </trkpt>
    <trkpt lat="46.13089" lon="9.57655">
        <ele>0.0</ele>
    </trkpt>
    <trkpt lat="46.13096" lon="9.57633">
        <ele>0.0</ele>
    </trkpt>
    <trkpt lat="46.13099" lon="9.5762">
        <ele>0.0</ele>
    </trkpt>
    <trkpt lat="46.13101" lon="9.57605">
        <ele>0.0</ele>
    </trkpt>
    <trkpt lat="46.13101" lon="9.57593">
        <ele>0.0</ele>
    </trkpt>
    <trkpt lat="46.131" lon="9.57585">
        <ele>0.0</ele>
    </trkpt>
    <trkpt lat="46.13099" lon="9.57581">
        <ele>0.0</ele>
    </trkpt>
    <trkpt lat="46.13099" lon="9.57578">
        <ele>0.0</ele>
    </trkpt>
    <trkpt lat="46.13097" lon="9.57571">
        <ele>0.0</ele>
    </trkpt>
    <trkpt lat="46.13087" lon="9.57549">
        <ele>0.0</ele>
    </trkpt>
    <trkpt lat="46.13079" lon="9.57535">
        <ele>0.0</ele>
    </trkpt>
    <trkpt lat="46.13076" lon="9.57527">
        <ele>0.0</ele>
    </trkpt>
    <trkpt lat="46.13076" lon="9.57511">
        <ele>0.0</ele>
    </trkpt>
    <trkpt lat="46.13084" lon="9.57482">
        <ele>0.0</ele>
    </trkpt>
    <trkpt lat="46.13084" lon="9.57478">
        <ele>0.0</ele>
    </trkpt>
    <trkpt lat="46.13085" lon="9.57472">
        <ele>0.0</ele>
    </trkpt>
    <trkpt lat="46.13085" lon="9.57453">
        <ele>0.0</ele>
    </trkpt>
    <trkpt lat="46.13084" lon="9.57446">
        <ele>0.0</ele>
    </trkpt>
    <trkpt lat="46.13082" lon="9.57438">
        <ele>0.0</ele>
    </trkpt>
    <trkpt lat="46.13077" lon="9.57424">
        <ele>0.0</ele>
    </trkpt>
    <trkpt lat="46.13073" lon="9.57419">
        <ele>0.0</ele>
    </trkpt>
    <trkpt lat="46.13072" lon="9.57417">
        <ele>0.0</ele>
    </trkpt>
    <trkpt lat="46.13072" lon="9.57416">
        <ele>0.0</ele>
    </trkpt>
    <trkpt lat="46.13069" lon="9.57413">
        <ele>0.0</ele>
    </trkpt>
    <trkpt lat="46.13067" lon="9.57406">
        <ele>0.0</ele>
    </trkpt>
    <trkpt lat="46.13067" lon="9.57387">
        <ele>0.0</ele>
    </trkpt>
    <trkpt lat="46.13093" lon="9.57404">
        <ele>0.0</ele>
    </trkpt>
    <trkpt lat="46.13093" lon="9.57416">
        <ele>0.0</ele>
    </trkpt>
    <trkpt lat="46.13091" lon="9.57434">
        <ele>0.0</ele>
    </trkpt>
    <trkpt lat="46.13092" lon="9.57459">
        <ele>0.0</ele>
    </trkpt>
    <trkpt lat="46.13093" lon="9.57459">
        <ele>0.0</ele>
    </trkpt>
    <trkpt lat="46.13094" lon="9.5747">
        <ele>0.0</ele>
    </trkpt>
    <trkpt lat="46.13098" lon="9.57484">
        <ele>0.0</ele>
    </trkpt>
    <trkpt lat="46.13107" lon="9.57526">
        <ele>0.0</ele>
    </trkpt>
    <trkpt lat="46.13133" lon="9.57521">
        <ele>0.0</ele>
    </trkpt>
    <trkpt lat="46.13203" lon="9.57485">
        <ele>0.0</ele>
    </trkpt>
    <trkpt lat="46.1322" lon="9.57479">
        <ele>0.0</ele>
    </trkpt>
    <trkpt lat="46.13252" lon="9.57484">
        <ele>0.0</ele>
    </trkpt>
    <trkpt lat="46.13265" lon="9.57477">
        <ele>0.0</ele>
    </trkpt>
    <trkpt lat="46.13278" lon="9.57467">
        <ele>0.0</ele>
    </trkpt>
    <trkpt lat="46.13278" lon="9.57466">
        <ele>0.0</ele>
    </trkpt>
    <trkpt lat="46.13308" lon="9.57427">
        <ele>0.0</ele>
    </trkpt>
    <trkpt lat="46.13302" lon="9.57385">
        <ele>0.0</ele>
    </trkpt>
    <trkpt lat="46.13284" lon="9.57292">
        <ele>0.0</ele>
    </trkpt>
    <trkpt lat="46.13281" lon="9.5728">
        <ele>0.0</ele>
    </trkpt>
    <trkpt lat="46.13282" lon="9.57268">
        <ele>0.0</ele>
    </trkpt>
    <trkpt lat="46.13284" lon="9.57255">
        <ele>0.0</ele>
    </trkpt>
    <trkpt lat="46.13297" lon="9.57204">
        <ele>0.0</ele>
    </trkpt>
    <trkpt lat="46.13313" lon="9.57169">
        <ele>0.0</ele>
    </trkpt>
    <trkpt lat="46.13318" lon="9.57154">
        <ele>0.0</ele>
    </trkpt>
    <trkpt lat="46.13331" lon="9.57089">
        <ele>0.0</ele>
    </trkpt>
    <trkpt lat="46.13341" lon="9.57021">
        <ele>0.0</ele>
    </trkpt>
    <trkpt lat="46.13346" lon="9.56916">
        <ele>0.0</ele>
    </trkpt>
    <trkpt lat="46.13347" lon="9.56908">
        <ele>0.0</ele>
    </trkpt>
    <trkpt lat="46.13348" lon="9.56908">
        <ele>0.0</ele>
    </trkpt>
    <trkpt lat="46.13348" lon="9.56909">
        <ele>0.0</ele>
    </trkpt>
    <trkpt lat="46.1335" lon="9.56909">
        <ele>0.0</ele>
    </trkpt>
    <trkpt lat="46.1335" lon="9.56908">
        <ele>0.0</ele>
    </trkpt>
    <trkpt lat="46.13352" lon="9.56908">
        <ele>0.0</ele>
    </trkpt>
    <trkpt lat="46.13352" lon="9.56907">
        <ele>0.0</ele>
    </trkpt>
    <trkpt lat="46.13353" lon="9.56907">
        <ele>0.0</ele>
    </trkpt>
    <trkpt lat="46.13353" lon="9.56906">
        <ele>0.0</ele>
    </trkpt>
    <trkpt lat="46.13354" lon="9.56906">
        <ele>0.0</ele>
    </trkpt>
    <trkpt lat="46.13354" lon="9.56904">
        <ele>0.0</ele>
    </trkpt>
    <trkpt lat="46.13355" lon="9.56903">
        <ele>0.0</ele>
    </trkpt>
    <trkpt lat="46.13355" lon="9.56895">
        <ele>0.0</ele>
    </trkpt>
    <trkpt lat="46.13354" lon="9.56895">
        <ele>0.0</ele>
    </trkpt>
    <trkpt lat="46.13354" lon="9.56893">
        <ele>0.0</ele>
    </trkpt>
    <trkpt lat="46.13353" lon="9.56893">
        <ele>0.0</ele>
    </trkpt>
    <trkpt lat="46.13353" lon="9.56892">
        <ele>0.0</ele>
    </trkpt>
    <trkpt lat="46.13352" lon="9.56892">
        <ele>0.0</ele>
    </trkpt>
    <trkpt lat="46.13352" lon="9.56891">
        <ele>0.0</ele>
    </trkpt>
    <trkpt lat="46.13351" lon="9.56891">
        <ele>0.0</ele>
    </trkpt>
    <trkpt lat="46.13351" lon="9.5689">
        <ele>0.0</ele>
    </trkpt>
    <trkpt lat="46.13347" lon="9.5689">
        <ele>0.0</ele>
    </trkpt>
    <trkpt lat="46.13347" lon="9.56891">
        <ele>0.0</ele>
    </trkpt>
    <trkpt lat="46.13346" lon="9.56891">
        <ele>0.0</ele>
    </trkpt>
    <trkpt lat="46.13346" lon="9.56892">
        <ele>0.0</ele>
    </trkpt>
    <trkpt lat="46.13345" lon="9.56892">
        <ele>0.0</ele>
    </trkpt>
    <trkpt lat="46.13345" lon="9.56893">
        <ele>0.0</ele>
    </trkpt>
    <trkpt lat="46.13344" lon="9.56894">
        <ele>0.0</ele>
    </trkpt>
    <trkpt lat="46.13344" lon="9.56897">
        <ele>0.0</ele>
    </trkpt>
    <trkpt lat="46.1319" lon="9.5691">
        <ele>0.0</ele>
    </trkpt>
    <trkpt lat="46.1317" lon="9.56907">
        <ele>0.0</ele>
    </trkpt>
    <trkpt lat="46.13136" lon="9.56909">
        <ele>0.0</ele>
    </trkpt>
    <trkpt lat="46.1317" lon="9.56907">
        <ele>0.0</ele>
    </trkpt>
    <trkpt lat="46.1319" lon="9.5691">
        <ele>0.0</ele>
    </trkpt>
    <trkpt lat="46.13343" lon="9.56897">
        <ele>0.0</ele>
    </trkpt>
    <trkpt lat="46.13343" lon="9.56903">
        <ele>0.0</ele>
    </trkpt>
    <trkpt lat="46.13344" lon="9.56903">
        <ele>0.0</ele>
    </trkpt>
    <trkpt lat="46.13344" lon="9.56905">
        <ele>0.0</ele>
    </trkpt>
    <trkpt lat="46.13345" lon="9.56905">
        <ele>0.0</ele>
    </trkpt>
    <trkpt lat="46.13345" lon="9.56907">
        <ele>0.0</ele>
    </trkpt>
    <trkpt lat="46.13346" lon="9.56907">
        <ele>0.0</ele>
    </trkpt>
    <trkpt lat="46.13346" lon="9.56908">
        <ele>0.0</ele>
    </trkpt>
    <trkpt lat="46.13348" lon="9.56908">
        <ele>0.0</ele>
    </trkpt>
    <trkpt lat="46.13348" lon="9.56909">
        <ele>0.0</ele>
    </trkpt>
    <trkpt lat="46.1335" lon="9.56909">
        <ele>0.0</ele>
    </trkpt>
    <trkpt lat="46.1335" lon="9.56908">
        <ele>0.0</ele>
    </trkpt>
    <trkpt lat="46.13352" lon="9.56908">
        <ele>0.0</ele>
    </trkpt>
    <trkpt lat="46.13352" lon="9.56907">
        <ele>0.0</ele>
    </trkpt>
    <trkpt lat="46.13353" lon="9.56907">
        <ele>0.0</ele>
    </trkpt>
    <trkpt lat="46.13353" lon="9.56906">
        <ele>0.0</ele>
    </trkpt>
    <trkpt lat="46.13354" lon="9.56906">
        <ele>0.0</ele>
    </trkpt>
    <trkpt lat="46.13354" lon="9.56904">
        <ele>0.0</ele>
    </trkpt>
    <trkpt lat="46.13355" lon="9.56903">
        <ele>0.0</ele>
    </trkpt>
    <trkpt lat="46.13355" lon="9.56895">
        <ele>0.0</ele>
    </trkpt>
    <trkpt lat="46.13354" lon="9.56895">
        <ele>0.0</ele>
    </trkpt>
    <trkpt lat="46.13354" lon="9.56893">
        <ele>0.0</ele>
    </trkpt>
    <trkpt lat="46.13353" lon="9.56893">
        <ele>0.0</ele>
    </trkpt>
    <trkpt lat="46.13353" lon="9.56892">
        <ele>0.0</ele>
    </trkpt>
    <trkpt lat="46.13352" lon="9.56892">
        <ele>0.0</ele>
    </trkpt>
    <trkpt lat="46.13352" lon="9.56891">
        <ele>0.0</ele>
    </trkpt>
    <trkpt lat="46.13351" lon="9.56891">
        <ele>0.0</ele>
    </trkpt>
    <trkpt lat="46.13351" lon="9.5689">
        <ele>0.0</ele>
    </trkpt>
    <trkpt lat="46.1335" lon="9.5689">
        <ele>0.0</ele>
    </trkpt>
    <trkpt lat="46.13353" lon="9.5688">
        <ele>0.0</ele>
    </trkpt>
    <trkpt lat="46.13352" lon="9.5683">
        <ele>0.0</ele>
    </trkpt>
    <trkpt lat="46.13349" lon="9.56785">
        <ele>0.0</ele>
    </trkpt>
    <trkpt lat="46.13347" lon="9.56775">
        <ele>0.0</ele>
    </trkpt>
    <trkpt lat="46.13342" lon="9.56764">
        <ele>0.0</ele>
    </trkpt>
    <trkpt lat="46.13298" lon="9.56687">
        <ele>0.0</ele>
    </trkpt>
    <trkpt lat="46.13299" lon="9.56667">
        <ele>0.0</ele>
    </trkpt>
    <trkpt lat="46.133" lon="9.56666">
        <ele>0.0</ele>
    </trkpt>
    <trkpt lat="46.133" lon="9.56664">
        <ele>0.0</ele>
    </trkpt>
    <trkpt lat="46.13301" lon="9.56664">
        <ele>0.0</ele>
    </trkpt>
    <trkpt lat="46.13301" lon="9.56658">
        <ele>0.0</ele>
    </trkpt>
    <trkpt lat="46.133" lon="9.56658">
        <ele>0.0</ele>
    </trkpt>
    <trkpt lat="46.133" lon="9.56655">
        <ele>0.0</ele>
    </trkpt>
    <trkpt lat="46.13299" lon="9.56655">
        <ele>0.0</ele>
    </trkpt>
    <trkpt lat="46.13311" lon="9.56647">
        <ele>0.0</ele>
    </trkpt>
    <trkpt lat="46.13314" lon="9.56644">
        <ele>0.0</ele>
    </trkpt>
    <trkpt lat="46.13335" lon="9.56617">
        <ele>0.0</ele>
    </trkpt>
    <trkpt lat="46.13364" lon="9.56586">
        <ele>0.0</ele>
    </trkpt>
    <trkpt lat="46.13382" lon="9.56571">
        <ele>0.0</ele>
    </trkpt>
    <trkpt lat="46.13398" lon="9.56563">
        <ele>0.0</ele>
    </trkpt>
    <trkpt lat="46.13411" lon="9.56577">
        <ele>0.0</ele>
    </trkpt>
    <trkpt lat="46.13427" lon="9.56597">
        <ele>0.0</ele>
    </trkpt>
    <trkpt lat="46.13434" lon="9.56602">
        <ele>0.0</ele>
    </trkpt>
    <trkpt lat="46.13444" lon="9.56607">
        <ele>0.0</ele>
    </trkpt>
    <trkpt lat="46.1345" lon="9.56608">
        <ele>0.0</ele>
    </trkpt>
    <trkpt lat="46.13453" lon="9.56608">
        <ele>0.0</ele>
    </trkpt>
    <trkpt lat="46.13455" lon="9.56609">
        <ele>0.0</ele>
    </trkpt>
    <trkpt lat="46.13512" lon="9.56606">
        <ele>0.0</ele>
    </trkpt>
    <trkpt lat="46.13516" lon="9.56609">
        <ele>0.0</ele>
    </trkpt>
    <trkpt lat="46.13526" lon="9.56608">
        <ele>0.0</ele>
    </trkpt>
    <trkpt lat="46.13529" lon="9.56609">
        <ele>0.0</ele>
    </trkpt>
    <trkpt lat="46.13533" lon="9.56611">
        <ele>0.0</ele>
    </trkpt>
    <trkpt lat="46.13538" lon="9.56612">
        <ele>0.0</ele>
    </trkpt>
    <trkpt lat="46.13538" lon="9.56613">
        <ele>0.0</ele>
    </trkpt>
    <trkpt lat="46.1354" lon="9.56617">
        <ele>0.0</ele>
    </trkpt>
    <trkpt lat="46.13541" lon="9.56618">
        <ele>0.0</ele>
    </trkpt>
    <trkpt lat="46.13542" lon="9.56618">
        <ele>0.0</ele>
    </trkpt>
    <trkpt lat="46.13543" lon="9.56619">
        <ele>0.0</ele>
    </trkpt>
    <trkpt lat="46.13545" lon="9.5662">
        <ele>0.0</ele>
    </trkpt>
    <trkpt lat="46.13548" lon="9.5662">
        <ele>0.0</ele>
    </trkpt>
    <trkpt lat="46.13552" lon="9.56618">
        <ele>0.0</ele>
    </trkpt>
    <trkpt lat="46.13552" lon="9.56617">
        <ele>0.0</ele>
    </trkpt>
    <trkpt lat="46.13553" lon="9.56617">
        <ele>0.0</ele>
    </trkpt>
    <trkpt lat="46.13554" lon="9.56615">
        <ele>0.0</ele>
    </trkpt>
    <trkpt lat="46.13555" lon="9.56614">
        <ele>0.0</ele>
    </trkpt>
    <trkpt lat="46.13555" lon="9.56613">
        <ele>0.0</ele>
    </trkpt>
    <trkpt lat="46.13556" lon="9.5661">
        <ele>0.0</ele>
    </trkpt>
    <trkpt lat="46.13556" lon="9.56603">
        <ele>0.0</ele>
    </trkpt>
    <trkpt lat="46.13555" lon="9.566">
        <ele>0.0</ele>
    </trkpt>
    <trkpt lat="46.13553" lon="9.56596">
        <ele>0.0</ele>
    </trkpt>
    <trkpt lat="46.13551" lon="9.56594">
        <ele>0.0</ele>
    </trkpt>
    <trkpt lat="46.1355" lon="9.56588">
        <ele>0.0</ele>
    </trkpt>
    <trkpt lat="46.1355" lon="9.56585">
        <ele>0.0</ele>
    </trkpt>
    <trkpt lat="46.13549" lon="9.56582">
        <ele>0.0</ele>
    </trkpt>
    <trkpt lat="46.13549" lon="9.56579">
        <ele>0.0</ele>
    </trkpt>
    <trkpt lat="46.13548" lon="9.56576">
        <ele>0.0</ele>
    </trkpt>
    <trkpt lat="46.13548" lon="9.56535">
        <ele>0.0</ele>
    </trkpt>
    <trkpt lat="46.13545" lon="9.56525">
        <ele>0.0</ele>
    </trkpt>
    <trkpt lat="46.13545" lon="9.56517">
        <ele>0.0</ele>
    </trkpt>
    <trkpt lat="46.13543" lon="9.56499">
        <ele>0.0</ele>
    </trkpt>
    <trkpt lat="46.13539" lon="9.56475">
        <ele>0.0</ele>
    </trkpt>
    <trkpt lat="46.13538" lon="9.56472">
        <ele>0.0</ele>
    </trkpt>
    <trkpt lat="46.13537" lon="9.56465">
        <ele>0.0</ele>
    </trkpt>
    <trkpt lat="46.13535" lon="9.56458">
        <ele>0.0</ele>
    </trkpt>
    <trkpt lat="46.13534" lon="9.56451">
        <ele>0.0</ele>
    </trkpt>
    <trkpt lat="46.13527" lon="9.56425">
        <ele>0.0</ele>
    </trkpt>
    <trkpt lat="46.13493" lon="9.56335">
        <ele>0.0</ele>
    </trkpt>
    <trkpt lat="46.13479" lon="9.56291">
        <ele>0.0</ele>
    </trkpt>
    <trkpt lat="46.13473" lon="9.56278">
        <ele>0.0</ele>
    </trkpt>
    <trkpt lat="46.13469" lon="9.56266">
        <ele>0.0</ele>
    </trkpt>
    <trkpt lat="46.13423" lon="9.5615">
        <ele>0.0</ele>
    </trkpt>
    <trkpt lat="46.13408" lon="9.56103">
        <ele>0.0</ele>
    </trkpt>
    <trkpt lat="46.13397" lon="9.5606">
        <ele>0.0</ele>
    </trkpt>
    <trkpt lat="46.13382" lon="9.55988">
        <ele>0.0</ele>
    </trkpt>
    <trkpt lat="46.13369" lon="9.55888">
        <ele>0.0</ele>
    </trkpt>
    <trkpt lat="46.13367" lon="9.55853">
        <ele>0.0</ele>
    </trkpt>
    <trkpt lat="46.13366" lon="9.55759">
        <ele>0.0</ele>
    </trkpt>
    <trkpt lat="46.13379" lon="9.55584">
        <ele>0.0</ele>
    </trkpt>
    <trkpt lat="46.13384" lon="9.55473">
        <ele>0.0</ele>
    </trkpt>
    <trkpt lat="46.13383" lon="9.55337">
        <ele>0.0</ele>
    </trkpt>
    <trkpt lat="46.13378" lon="9.55238">
        <ele>0.0</ele>
    </trkpt>
    <trkpt lat="46.13379" lon="9.55238">
        <ele>0.0</ele>
    </trkpt>
    <trkpt lat="46.13379" lon="9.55237">
        <ele>0.0</ele>
    </trkpt>
    <trkpt lat="46.13381" lon="9.55237">
        <ele>0.0</ele>
    </trkpt>
    <trkpt lat="46.13381" lon="9.55236">
        <ele>0.0</ele>
    </trkpt>
    <trkpt lat="46.13382" lon="9.55236">
        <ele>0.0</ele>
    </trkpt>
    <trkpt lat="46.13382" lon="9.55235">
        <ele>0.0</ele>
    </trkpt>
    <trkpt lat="46.13383" lon="9.55235">
        <ele>0.0</ele>
    </trkpt>
    <trkpt lat="46.13383" lon="9.55234">
        <ele>0.0</ele>
    </trkpt>
    <trkpt lat="46.13384" lon="9.55234">
        <ele>0.0</ele>
    </trkpt>
    <trkpt lat="46.13384" lon="9.55232">
        <ele>0.0</ele>
    </trkpt>
    <trkpt lat="46.13385" lon="9.55232">
        <ele>0.0</ele>
    </trkpt>
    <trkpt lat="46.13385" lon="9.5523">
        <ele>0.0</ele>
    </trkpt>
    <trkpt lat="46.13386" lon="9.55229">
        <ele>0.0</ele>
    </trkpt>
    <trkpt lat="46.13386" lon="9.55221">
        <ele>0.0</ele>
    </trkpt>
    <trkpt lat="46.13385" lon="9.5522">
        <ele>0.0</ele>
    </trkpt>
    <trkpt lat="46.13385" lon="9.55218">
        <ele>0.0</ele>
    </trkpt>
    <trkpt lat="46.13384" lon="9.55218">
        <ele>0.0</ele>
    </trkpt>
    <trkpt lat="46.13384" lon="9.55216">
        <ele>0.0</ele>
    </trkpt>
    <trkpt lat="46.13383" lon="9.55216">
        <ele>0.0</ele>
    </trkpt>
    <trkpt lat="46.13383" lon="9.55215">
        <ele>0.0</ele>
    </trkpt>
    <trkpt lat="46.13382" lon="9.55215">
        <ele>0.0</ele>
    </trkpt>
    <trkpt lat="46.13382" lon="9.55214">
        <ele>0.0</ele>
    </trkpt>
    <trkpt lat="46.13381" lon="9.55214">
        <ele>0.0</ele>
    </trkpt>
    <trkpt lat="46.13381" lon="9.55213">
        <ele>0.0</ele>
    </trkpt>
    <trkpt lat="46.13379" lon="9.55213">
        <ele>0.0</ele>
    </trkpt>
    <trkpt lat="46.13379" lon="9.55212">
        <ele>0.0</ele>
    </trkpt>
    <trkpt lat="46.13376" lon="9.55212">
        <ele>0.0</ele>
    </trkpt>
    <trkpt lat="46.13373" lon="9.55142">
        <ele>0.0</ele>
    </trkpt>
    <trkpt lat="46.13373" lon="9.55077">
        <ele>0.0</ele>
    </trkpt>
    <trkpt lat="46.13375" lon="9.55038">
        <ele>0.0</ele>
    </trkpt>
    <trkpt lat="46.13376" lon="9.54953">
        <ele>0.0</ele>
    </trkpt>
    <trkpt lat="46.13367" lon="9.5453">
        <ele>0.0</ele>
    </trkpt>
    <trkpt lat="46.1336" lon="9.54408">
        <ele>0.0</ele>
    </trkpt>
    <trkpt lat="46.13358" lon="9.54323">
        <ele>0.0</ele>
    </trkpt>
    <trkpt lat="46.13361" lon="9.54234">
        <ele>0.0</ele>
    </trkpt>
    <trkpt lat="46.13363" lon="9.5422">
        <ele>0.0</ele>
    </trkpt>
    <trkpt lat="46.13365" lon="9.54211">
        <ele>0.0</ele>
    </trkpt>
    <trkpt lat="46.13404" lon="9.53885">
        <ele>0.0</ele>
    </trkpt>
    <trkpt lat="46.1341" lon="9.53804">
        <ele>0.0</ele>
    </trkpt>
    <trkpt lat="46.13409" lon="9.53794">
        <ele>0.0</ele>
    </trkpt>
    <trkpt lat="46.13441" lon="9.53527">
        <ele>0.0</ele>
    </trkpt>
    <trkpt lat="46.13441" lon="9.53522">
        <ele>0.0</ele>
    </trkpt>
    <trkpt lat="46.13443" lon="9.53511">
        <ele>0.0</ele>
    </trkpt>
    <trkpt lat="46.13443" lon="9.53509">
        <ele>0.0</ele>
    </trkpt>
    <trkpt lat="46.1346" lon="9.53375">
        <ele>0.0</ele>
    </trkpt>
    <trkpt lat="46.13491" lon="9.53085">
        <ele>0.0</ele>
    </trkpt>
    <trkpt lat="46.13497" lon="9.53009">
        <ele>0.0</ele>
    </trkpt>
    <trkpt lat="46.13514" lon="9.52862">
        <ele>0.0</ele>
    </trkpt>
    <trkpt lat="46.13516" lon="9.52822">
        <ele>0.0</ele>
    </trkpt>
    <trkpt lat="46.1352" lon="9.52811">
        <ele>0.0</ele>
    </trkpt>
    <trkpt lat="46.13523" lon="9.52748">
        <ele>0.0</ele>
    </trkpt>
    <trkpt lat="46.13523" lon="9.52723">
        <ele>0.0</ele>
    </trkpt>
    <trkpt lat="46.13573" lon="9.52725">
        <ele>0.0</ele>
    </trkpt>
    <trkpt lat="46.13631" lon="9.52731">
        <ele>0.0</ele>
    </trkpt>
    <trkpt lat="46.13639" lon="9.5273">
        <ele>0.0</ele>
    </trkpt>
    <trkpt lat="46.13758" lon="9.52734">
        <ele>0.0</ele>
    </trkpt>
    <trkpt lat="46.13761" lon="9.52728">
        <ele>0.0</ele>
    </trkpt>
    <trkpt lat="46.13763" lon="9.52722">
        <ele>0.0</ele>
    </trkpt>
    <trkpt lat="46.13765" lon="9.52699">
        <ele>0.0</ele>
    </trkpt>
    <trkpt lat="46.13765" lon="9.52642">
        <ele>0.0</ele>
    </trkpt>
    <trkpt lat="46.13759" lon="9.52505">
        <ele>0.0</ele>
    </trkpt>
    <trkpt lat="46.13747" lon="9.52358">
        <ele>0.0</ele>
    </trkpt>
    <trkpt lat="46.13747" lon="9.52352">
        <ele>0.0</ele>
    </trkpt>
    <trkpt lat="46.13739" lon="9.52275">
        <ele>0.0</ele>
    </trkpt>
    <trkpt lat="46.13739" lon="9.52262">
        <ele>0.0</ele>
    </trkpt>
    <trkpt lat="46.13738" lon="9.52254">
        <ele>0.0</ele>
    </trkpt>
    <trkpt lat="46.13738" lon="9.52237">
        <ele>0.0</ele>
    </trkpt>
    <trkpt lat="46.13737" lon="9.52226">
        <ele>0.0</ele>
    </trkpt>
    <trkpt lat="46.13737" lon="9.52203">
        <ele>0.0</ele>
    </trkpt>
    <trkpt lat="46.13738" lon="9.52197">
        <ele>0.0</ele>
    </trkpt>
    <trkpt lat="46.13738" lon="9.52192">
        <ele>0.0</ele>
    </trkpt>
    <trkpt lat="46.13739" lon="9.52186">
        <ele>0.0</ele>
    </trkpt>
    <trkpt lat="46.13761" lon="9.52178">
        <ele>0.0</ele>
    </trkpt>
    <trkpt lat="46.13768" lon="9.52177">
        <ele>0.0</ele>
    </trkpt>
    <trkpt lat="46.13769" lon="9.52176">
        <ele>0.0</ele>
    </trkpt>
    <trkpt lat="46.13785" lon="9.52179">
        <ele>0.0</ele>
    </trkpt>
    <trkpt lat="46.13786" lon="9.52179">
        <ele>0.0</ele>
    </trkpt>
    <trkpt lat="46.13797" lon="9.52182">
        <ele>0.0</ele>
    </trkpt>
    <trkpt lat="46.13803" lon="9.52185">
        <ele>0.0</ele>
    </trkpt>
    <trkpt lat="46.13821" lon="9.52186">
        <ele>0.0</ele>
    </trkpt>
    <trkpt lat="46.13824" lon="9.52082">
        <ele>0.0</ele>
    </trkpt>
    <trkpt lat="46.13827" lon="9.52061">
        <ele>0.0</ele>
    </trkpt>
    <trkpt lat="46.13827" lon="9.52059">
        <ele>0.0</ele>
    </trkpt>
    <trkpt lat="46.13829" lon="9.52055">
        <ele>0.0</ele>
    </trkpt>
    <trkpt lat="46.13831" lon="9.52052">
        <ele>0.0</ele>
    </trkpt>
    <trkpt lat="46.13838" lon="9.52038">
        <ele>0.0</ele>
    </trkpt>
    <trkpt lat="46.13844" lon="9.52031">
        <ele>0.0</ele>
    </trkpt>
    <trkpt lat="46.13852" lon="9.52018">
        <ele>0.0</ele>
    </trkpt>
    <trkpt lat="46.13854" lon="9.52011">
        <ele>0.0</ele>
    </trkpt>
    <trkpt lat="46.13854" lon="9.52007">
        <ele>0.0</ele>
    </trkpt>
    <trkpt lat="46.13855" lon="9.52004">
        <ele>0.0</ele>
    </trkpt>
    <trkpt lat="46.13852" lon="9.51992">
        <ele>0.0</ele>
    </trkpt>
    <trkpt lat="46.13834" lon="9.5196">
        <ele>0.0</ele>
    </trkpt>
    <trkpt lat="46.13834" lon="9.51958">
        <ele>0.0</ele>
    </trkpt>
    <trkpt lat="46.13836" lon="9.51948">
        <ele>0.0</ele>
    </trkpt>
    <trkpt lat="46.13836" lon="9.51935">
        <ele>0.0</ele>
    </trkpt>
    <trkpt lat="46.13835" lon="9.51929">
        <ele>0.0</ele>
    </trkpt>
    <trkpt lat="46.13831" lon="9.51917">
        <ele>0.0</ele>
    </trkpt>
    <trkpt lat="46.13828" lon="9.51912">
        <ele>0.0</ele>
    </trkpt>
    <trkpt lat="46.1386" lon="9.51763">
        <ele>0.0</ele>
    </trkpt>
    <trkpt lat="46.13862" lon="9.51757">
        <ele>0.0</ele>
    </trkpt>
    <trkpt lat="46.13888" lon="9.5165">
        <ele>0.0</ele>
    </trkpt>
    <trkpt lat="46.13889" lon="9.51648">
        <ele>0.0</ele>
    </trkpt>
    <trkpt lat="46.13896" lon="9.51622">
        <ele>0.0</ele>
    </trkpt>
    <trkpt lat="46.13897" lon="9.51621">
        <ele>0.0</ele>
    </trkpt>
    <trkpt lat="46.13899" lon="9.51613">
        <ele>0.0</ele>
    </trkpt>
    <trkpt lat="46.1391" lon="9.51582">
        <ele>0.0</ele>
    </trkpt>
    <trkpt lat="46.13911" lon="9.51581">
        <ele>0.0</ele>
    </trkpt>
    <trkpt lat="46.13925" lon="9.51546">
        <ele>0.0</ele>
    </trkpt>
    <trkpt lat="46.13926" lon="9.51545">
        <ele>0.0</ele>
    </trkpt>
    <trkpt lat="46.13951" lon="9.51488">
        <ele>0.0</ele>
    </trkpt>
    <trkpt lat="46.1395" lon="9.51482">
        <ele>0.0</ele>
    </trkpt>
    <trkpt lat="46.13965" lon="9.5145">
        <ele>0.0</ele>
    </trkpt>
    <trkpt lat="46.14039" lon="9.51313">
        <ele>0.0</ele>
    </trkpt>
    <trkpt lat="46.14184" lon="9.51094">
        <ele>0.0</ele>
    </trkpt>
    <trkpt lat="46.14192" lon="9.51085">
        <ele>0.0</ele>
    </trkpt>
    <trkpt lat="46.14197" lon="9.51077">
        <ele>0.0</ele>
    </trkpt>
    <trkpt lat="46.14228" lon="9.51035">
        <ele>0.0</ele>
    </trkpt>
    <trkpt lat="46.14378" lon="9.5082">
        <ele>0.0</ele>
    </trkpt>
    <trkpt lat="46.14378" lon="9.50819">
        <ele>0.0</ele>
    </trkpt>
    <trkpt lat="46.14413" lon="9.50768">
        <ele>0.0</ele>
    </trkpt>
    <trkpt lat="46.14476" lon="9.50663">
        <ele>0.0</ele>
    </trkpt>
    <trkpt lat="46.14519" lon="9.50584">
        <ele>0.0</ele>
    </trkpt>
    <trkpt lat="46.14519" lon="9.50583">
        <ele>0.0</ele>
    </trkpt>
    <trkpt lat="46.14543" lon="9.50537">
        <ele>0.0</ele>
    </trkpt>
    <trkpt lat="46.14607" lon="9.50393">
        <ele>0.0</ele>
    </trkpt>
    <trkpt lat="46.14634" lon="9.50319">
        <ele>0.0</ele>
    </trkpt>
    <trkpt lat="46.14642" lon="9.50292">
        <ele>0.0</ele>
    </trkpt>
    <trkpt lat="46.14651" lon="9.50267">
        <ele>0.0</ele>
    </trkpt>
    <trkpt lat="46.14675" lon="9.50185">
        <ele>0.0</ele>
    </trkpt>
    <trkpt lat="46.14704" lon="9.50058">
        <ele>0.0</ele>
    </trkpt>
    <trkpt lat="46.14719" lon="9.49972">
        <ele>0.0</ele>
    </trkpt>
    <trkpt lat="46.14733" lon="9.4986">
        <ele>0.0</ele>
    </trkpt>
    <trkpt lat="46.14744" lon="9.49698">
        <ele>0.0</ele>
    </trkpt>
    <trkpt lat="46.14743" lon="9.49534">
        <ele>0.0</ele>
    </trkpt>
    <trkpt lat="46.1474" lon="9.49482">
        <ele>0.0</ele>
    </trkpt>
    <trkpt lat="46.14738" lon="9.49463">
        <ele>0.0</ele>
    </trkpt>
    <trkpt lat="46.14737" lon="9.4944">
        <ele>0.0</ele>
    </trkpt>
    <trkpt lat="46.1473" lon="9.49371">
        <ele>0.0</ele>
    </trkpt>
    <trkpt lat="46.14727" lon="9.49354">
        <ele>0.0</ele>
    </trkpt>
    <trkpt lat="46.14725" lon="9.49333">
        <ele>0.0</ele>
    </trkpt>
    <trkpt lat="46.14704" lon="9.49208">
        <ele>0.0</ele>
    </trkpt>
    <trkpt lat="46.14664" lon="9.49024">
        <ele>0.0</ele>
    </trkpt>
    <trkpt lat="46.14626" lon="9.48871">
        <ele>0.0</ele>
    </trkpt>
    <trkpt lat="46.14582" lon="9.48676">
        <ele>0.0</ele>
    </trkpt>
    <trkpt lat="46.14554" lon="9.48519">
        <ele>0.0</ele>
    </trkpt>
    <trkpt lat="46.14541" lon="9.4842">
        <ele>0.0</ele>
    </trkpt>
    <trkpt lat="46.14536" lon="9.48367">
        <ele>0.0</ele>
    </trkpt>
    <trkpt lat="46.14527" lon="9.48231">
        <ele>0.0</ele>
    </trkpt>
    <trkpt lat="46.14486" lon="9.46666">
        <ele>0.0</ele>
    </trkpt>
    <trkpt lat="46.14469" lon="9.46452">
        <ele>0.0</ele>
    </trkpt>
    <trkpt lat="46.14469" lon="9.46447">
        <ele>0.0</ele>
    </trkpt>
    <trkpt lat="46.14468" lon="9.46443">
        <ele>0.0</ele>
    </trkpt>
    <trkpt lat="46.14454" lon="9.46326">
        <ele>0.0</ele>
    </trkpt>
    <trkpt lat="46.14425" lon="9.46155">
        <ele>0.0</ele>
    </trkpt>
    <trkpt lat="46.14401" lon="9.46047">
        <ele>0.0</ele>
    </trkpt>
    <trkpt lat="46.14365" lon="9.45906">
        <ele>0.0</ele>
    </trkpt>
    <trkpt lat="46.14365" lon="9.45905">
        <ele>0.0</ele>
    </trkpt>
    <trkpt lat="46.14282" lon="9.45585">
        <ele>0.0</ele>
    </trkpt>
    <trkpt lat="46.14253" lon="9.45457">
        <ele>0.0</ele>
    </trkpt>
    <trkpt lat="46.14231" lon="9.45347">
        <ele>0.0</ele>
    </trkpt>
    <trkpt lat="46.14219" lon="9.45273">
        <ele>0.0</ele>
    </trkpt>
    <trkpt lat="46.14209" lon="9.45192">
        <ele>0.0</ele>
    </trkpt>
    <trkpt lat="46.14206" lon="9.45176">
        <ele>0.0</ele>
    </trkpt>
    <trkpt lat="46.14198" lon="9.45093">
        <ele>0.0</ele>
    </trkpt>
    <trkpt lat="46.14197" lon="9.45064">
        <ele>0.0</ele>
    </trkpt>
    <trkpt lat="46.14195" lon="9.45045">
        <ele>0.0</ele>
    </trkpt>
    <trkpt lat="46.14191" lon="9.44956">
        <ele>0.0</ele>
    </trkpt>
    <trkpt lat="46.1419" lon="9.44877">
        <ele>0.0</ele>
    </trkpt>
    <trkpt lat="46.14191" lon="9.44818">
        <ele>0.0</ele>
    </trkpt>
    <trkpt lat="46.14196" lon="9.44711">
        <ele>0.0</ele>
    </trkpt>
    <trkpt lat="46.14207" lon="9.44584">
        <ele>0.0</ele>
    </trkpt>
    <trkpt lat="46.1423" lon="9.44419">
        <ele>0.0</ele>
    </trkpt>
    <trkpt lat="46.14269" lon="9.44228">
        <ele>0.0</ele>
    </trkpt>
    <trkpt lat="46.14419" lon="9.43566">
        <ele>0.0</ele>
    </trkpt>
    <trkpt lat="46.1442" lon="9.43564">
        <ele>0.0</ele>
    </trkpt>
    <trkpt lat="46.1443" lon="9.43518">
        <ele>0.0</ele>
    </trkpt>
    <trkpt lat="46.1443" lon="9.43517">
        <ele>0.0</ele>
    </trkpt>
    <trkpt lat="46.14469" lon="9.43342">
        <ele>0.0</ele>
    </trkpt>
    <trkpt lat="46.14478" lon="9.43294">
        <ele>0.0</ele>
    </trkpt>
    <trkpt lat="46.14478" lon="9.43293">
        <ele>0.0</ele>
    </trkpt>
    <trkpt lat="46.14486" lon="9.43252">
        <ele>0.0</ele>
    </trkpt>
    <trkpt lat="46.14502" lon="9.43151">
        <ele>0.0</ele>
    </trkpt>
    <trkpt lat="46.14516" lon="9.43019">
        <ele>0.0</ele>
    </trkpt>
    <trkpt lat="46.14521" lon="9.42945">
        <ele>0.0</ele>
    </trkpt>
    <trkpt lat="46.14524" lon="9.4286">
        <ele>0.0</ele>
    </trkpt>
    <trkpt lat="46.14523" lon="9.42719">
        <ele>0.0</ele>
    </trkpt>
    <trkpt lat="46.1452" lon="9.42669">
        <ele>0.0</ele>
    </trkpt>
    <trkpt lat="46.1452" lon="9.42656">
        <ele>0.0</ele>
    </trkpt>
    <trkpt lat="46.14506" lon="9.425">
        <ele>0.0</ele>
    </trkpt>
    <trkpt lat="46.14482" lon="9.42309">
        <ele>0.0</ele>
    </trkpt>
    <trkpt lat="46.14394" lon="9.41692">
        <ele>0.0</ele>
    </trkpt>
    <trkpt lat="46.14392" lon="9.41684">
        <ele>0.0</ele>
    </trkpt>
    <trkpt lat="46.14378" lon="9.416">
        <ele>0.0</ele>
    </trkpt>
    <trkpt lat="46.14356" lon="9.41504">
        <ele>0.0</ele>
    </trkpt>
    <trkpt lat="46.14344" lon="9.41461">
        <ele>0.0</ele>
    </trkpt>
    <trkpt lat="46.14318" lon="9.41387">
        <ele>0.0</ele>
    </trkpt>
    <trkpt lat="46.14317" lon="9.41386">
        <ele>0.0</ele>
    </trkpt>
    <trkpt lat="46.14307" lon="9.41361">
        <ele>0.0</ele>
    </trkpt>
    <trkpt lat="46.14274" lon="9.41294">
        <ele>0.0</ele>
    </trkpt>
    <trkpt lat="46.14248" lon="9.41253">
        <ele>0.0</ele>
    </trkpt>
    <trkpt lat="46.1423" lon="9.41227">
        <ele>0.0</ele>
    </trkpt>
    <trkpt lat="46.14182" lon="9.41171">
        <ele>0.0</ele>
    </trkpt>
    <trkpt lat="46.14141" lon="9.41134">
        <ele>0.0</ele>
    </trkpt>
    <trkpt lat="46.14104" lon="9.41106">
        <ele>0.0</ele>
    </trkpt>
    <trkpt lat="46.14054" lon="9.41076">
        <ele>0.0</ele>
    </trkpt>
    <trkpt lat="46.14013" lon="9.41054">
        <ele>0.0</ele>
    </trkpt>
    <trkpt lat="46.14012" lon="9.41053">
        <ele>0.0</ele>
    </trkpt>
    <trkpt lat="46.13972" lon="9.41025">
        <ele>0.0</ele>
    </trkpt>
    <trkpt lat="46.13967" lon="9.4102">
        <ele>0.0</ele>
    </trkpt>
    <trkpt lat="46.13963" lon="9.41017">
        <ele>0.0</ele>
    </trkpt>
    <trkpt lat="46.13934" lon="9.40991">
        <ele>0.0</ele>
    </trkpt>
    <trkpt lat="46.13919" lon="9.40976">
        <ele>0.0</ele>
    </trkpt>
    <trkpt lat="46.13917" lon="9.40975">
        <ele>0.0</ele>
    </trkpt>
    <trkpt lat="46.13913" lon="9.4097">
        <ele>0.0</ele>
    </trkpt>
    <trkpt lat="46.13751" lon="9.408">
        <ele>0.0</ele>
    </trkpt>
    <trkpt lat="46.13749" lon="9.40797">
        <ele>0.0</ele>
    </trkpt>
    <trkpt lat="46.13682" lon="9.40727">
        <ele>0.0</ele>
    </trkpt>
    <trkpt lat="46.13675" lon="9.40718">
        <ele>0.0</ele>
    </trkpt>
    <trkpt lat="46.13669" lon="9.40713">
        <ele>0.0</ele>
    </trkpt>
    <trkpt lat="46.13555" lon="9.40591">
        <ele>0.0</ele>
    </trkpt>
    <trkpt lat="46.13504" lon="9.40541">
        <ele>0.0</ele>
    </trkpt>
    <trkpt lat="46.13494" lon="9.4053">
        <ele>0.0</ele>
    </trkpt>
    <trkpt lat="46.13452" lon="9.40475">
        <ele>0.0</ele>
    </trkpt>
    <trkpt lat="46.13435" lon="9.40448">
        <ele>0.0</ele>
    </trkpt>
    <trkpt lat="46.134" lon="9.4038">
        <ele>0.0</ele>
    </trkpt>
    <trkpt lat="46.13368" lon="9.40307">
        <ele>0.0</ele>
    </trkpt>
    <trkpt lat="46.13359" lon="9.40283">
        <ele>0.0</ele>
    </trkpt>
    <trkpt lat="46.13301" lon="9.40094">
        <ele>0.0</ele>
    </trkpt>
    <trkpt lat="46.133" lon="9.40092">
        <ele>0.0</ele>
    </trkpt>
    <trkpt lat="46.13285" lon="9.40045">
        <ele>0.0</ele>
    </trkpt>
    <trkpt lat="46.13285" lon="9.40044">
        <ele>0.0</ele>
    </trkpt>
    <trkpt lat="46.13263" lon="9.39972">
        <ele>0.0</ele>
    </trkpt>
    <trkpt lat="46.13252" lon="9.39926">
        <ele>0.0</ele>
    </trkpt>
    <trkpt lat="46.13241" lon="9.39854">
        <ele>0.0</ele>
    </trkpt>
    <trkpt lat="46.13237" lon="9.39814">
        <ele>0.0</ele>
    </trkpt>
    <trkpt lat="46.13235" lon="9.3973">
        <ele>0.0</ele>
    </trkpt>
    <trkpt lat="46.13237" lon="9.39691">
        <ele>0.0</ele>
    </trkpt>
    <trkpt lat="46.13238" lon="9.39684">
        <ele>0.0</ele>
    </trkpt>
    <trkpt lat="46.13238" lon="9.39677">
        <ele>0.0</ele>
    </trkpt>
    <trkpt lat="46.13241" lon="9.39654">
        <ele>0.0</ele>
    </trkpt>
    <trkpt lat="46.13243" lon="9.39629">
        <ele>0.0</ele>
    </trkpt>
    <trkpt lat="46.13297" lon="9.39304">
        <ele>0.0</ele>
    </trkpt>
    <trkpt lat="46.13298" lon="9.39303">
        <ele>0.0</ele>
    </trkpt>
    <trkpt lat="46.13364" lon="9.38923">
        <ele>0.0</ele>
    </trkpt>
    <trkpt lat="46.13375" lon="9.38847">
        <ele>0.0</ele>
    </trkpt>
    <trkpt lat="46.13376" lon="9.38843">
        <ele>0.0</ele>
    </trkpt>
    <trkpt lat="46.13381" lon="9.38799">
        <ele>0.0</ele>
    </trkpt>
    <trkpt lat="46.13384" lon="9.38724">
        <ele>0.0</ele>
    </trkpt>
    <trkpt lat="46.13384" lon="9.38672">
        <ele>0.0</ele>
    </trkpt>
    <trkpt lat="46.13382" lon="9.38624">
        <ele>0.0</ele>
    </trkpt>
    <trkpt lat="46.13377" lon="9.38572">
        <ele>0.0</ele>
    </trkpt>
    <trkpt lat="46.13367" lon="9.38505">
        <ele>0.0</ele>
    </trkpt>
    <trkpt lat="46.13359" lon="9.38469">
        <ele>0.0</ele>
    </trkpt>
    <trkpt lat="46.13359" lon="9.38466">
        <ele>0.0</ele>
    </trkpt>
    <trkpt lat="46.13344" lon="9.38405">
        <ele>0.0</ele>
    </trkpt>
    <trkpt lat="46.13327" lon="9.38354">
        <ele>0.0</ele>
    </trkpt>
    <trkpt lat="46.13309" lon="9.38306">
        <ele>0.0</ele>
    </trkpt>
    <trkpt lat="46.13289" lon="9.38261">
        <ele>0.0</ele>
    </trkpt>
    <trkpt lat="46.13167" lon="9.38008">
        <ele>0.0</ele>
    </trkpt>
    <trkpt lat="46.13166" lon="9.38007">
        <ele>0.0</ele>
    </trkpt>
    <trkpt lat="46.13149" lon="9.37971">
        <ele>0.0</ele>
    </trkpt>
    <trkpt lat="46.13148" lon="9.3797">
        <ele>0.0</ele>
    </trkpt>
    <trkpt lat="46.13148" lon="9.37969">
        <ele>0.0</ele>
    </trkpt>
    <trkpt lat="46.13146" lon="9.37966">
        <ele>0.0</ele>
    </trkpt>
    <trkpt lat="46.13138" lon="9.37949">
        <ele>0.0</ele>
    </trkpt>
    <trkpt lat="46.13138" lon="9.37948">
        <ele>0.0</ele>
    </trkpt>
    <trkpt lat="46.13114" lon="9.37897">
        <ele>0.0</ele>
    </trkpt>
    <trkpt lat="46.13114" lon="9.37896">
        <ele>0.0</ele>
    </trkpt>
    <trkpt lat="46.12997" lon="9.37647">
        <ele>0.0</ele>
    </trkpt>
    <trkpt lat="46.12972" lon="9.3758">
        <ele>0.0</ele>
    </trkpt>
    <trkpt lat="46.12945" lon="9.375">
        <ele>0.0</ele>
    </trkpt>
    <trkpt lat="46.12945" lon="9.37499">
        <ele>0.0</ele>
    </trkpt>
    <trkpt lat="46.12938" lon="9.37476">
        <ele>0.0</ele>
    </trkpt>
    <trkpt lat="46.12938" lon="9.37475">
        <ele>0.0</ele>
    </trkpt>
    <trkpt lat="46.12912" lon="9.37378">
        <ele>0.0</ele>
    </trkpt>
    <trkpt lat="46.12906" lon="9.3735">
        <ele>0.0</ele>
    </trkpt>
    <trkpt lat="46.12896" lon="9.37291">
        <ele>0.0</ele>
    </trkpt>
    <trkpt lat="46.12896" lon="9.37289">
        <ele>0.0</ele>
    </trkpt>
    <trkpt lat="46.12895" lon="9.37288">
        <ele>0.0</ele>
    </trkpt>
    <trkpt lat="46.12869" lon="9.37116">
        <ele>0.0</ele>
    </trkpt>
    <trkpt lat="46.12869" lon="9.37111">
        <ele>0.0</ele>
    </trkpt>
    <trkpt lat="46.12856" lon="9.37029">
        <ele>0.0</ele>
    </trkpt>
    <trkpt lat="46.12854" lon="9.37009">
        <ele>0.0</ele>
    </trkpt>
    <trkpt lat="46.1285" lon="9.36984">
        <ele>0.0</ele>
    </trkpt>
    <trkpt lat="46.12849" lon="9.36973">
        <ele>0.0</ele>
    </trkpt>
    <trkpt lat="46.12846" lon="9.36958">
        <ele>0.0</ele>
    </trkpt>
    <trkpt lat="46.12772" lon="9.36462">
        <ele>0.0</ele>
    </trkpt>
    <trkpt lat="46.12751" lon="9.36364">
        <ele>0.0</ele>
    </trkpt>
    <trkpt lat="46.12728" lon="9.36285">
        <ele>0.0</ele>
    </trkpt>
    <trkpt lat="46.12661" lon="9.36088">
        <ele>0.0</ele>
    </trkpt>
    <trkpt lat="46.12661" lon="9.36087">
        <ele>0.0</ele>
    </trkpt>
    <trkpt lat="46.12638" lon="9.36023">
        <ele>0.0</ele>
    </trkpt>
    <trkpt lat="46.12615" lon="9.35975">
        <ele>0.0</ele>
    </trkpt>
    <trkpt lat="46.12589" lon="9.35933">
        <ele>0.0</ele>
    </trkpt>
    <trkpt lat="46.12588" lon="9.35932">
        <ele>0.0</ele>
    </trkpt>
    <trkpt lat="46.12576" lon="9.35914">
        <ele>0.0</ele>
    </trkpt>
    <trkpt lat="46.12553" lon="9.35883">
        <ele>0.0</ele>
    </trkpt>
    <trkpt lat="46.12475" lon="9.35797">
        <ele>0.0</ele>
    </trkpt>
    <trkpt lat="46.12333" lon="9.35654">
        <ele>0.0</ele>
    </trkpt>
    <trkpt lat="46.12327" lon="9.35647">
        <ele>0.0</ele>
    </trkpt>
    <trkpt lat="46.12106" lon="9.35424">
        <ele>0.0</ele>
    </trkpt>
    <trkpt lat="46.12078" lon="9.35393">
        <ele>0.0</ele>
    </trkpt>
    <trkpt lat="46.12076" lon="9.3539">
        <ele>0.0</ele>
    </trkpt>
    <trkpt lat="46.11926" lon="9.3523">
        <ele>0.0</ele>
    </trkpt>
    <trkpt lat="46.1185" lon="9.35137">
        <ele>0.0</ele>
    </trkpt>
    <trkpt lat="46.11777" lon="9.35036">
        <ele>0.0</ele>
    </trkpt>
    <trkpt lat="46.11776" lon="9.35035">
        <ele>0.0</ele>
    </trkpt>
    <trkpt lat="46.11736" lon="9.34975">
        <ele>0.0</ele>
    </trkpt>
    <trkpt lat="46.11717" lon="9.34944">
        <ele>0.0</ele>
    </trkpt>
    <trkpt lat="46.11673" lon="9.34858">
        <ele>0.0</ele>
    </trkpt>
    <trkpt lat="46.11652" lon="9.3482">
        <ele>0.0</ele>
    </trkpt>
    <trkpt lat="46.11652" lon="9.34819">
        <ele>0.0</ele>
    </trkpt>
    <trkpt lat="46.11641" lon="9.348">
        <ele>0.0</ele>
    </trkpt>
    <trkpt lat="46.11641" lon="9.34799">
        <ele>0.0</ele>
    </trkpt>
    <trkpt lat="46.1163" lon="9.3478">
        <ele>0.0</ele>
    </trkpt>
    <trkpt lat="46.11629" lon="9.34779">
        <ele>0.0</ele>
    </trkpt>
    <trkpt lat="46.11598" lon="9.34717">
        <ele>0.0</ele>
    </trkpt>
    <trkpt lat="46.11595" lon="9.34708">
        <ele>0.0</ele>
    </trkpt>
    <trkpt lat="46.11543" lon="9.34583">
        <ele>0.0</ele>
    </trkpt>
    <trkpt lat="46.11539" lon="9.34575">
        <ele>0.0</ele>
    </trkpt>
    <trkpt lat="46.11216" lon="9.33687">
        <ele>0.0</ele>
    </trkpt>
    <trkpt lat="46.11215" lon="9.33687">
        <ele>0.0</ele>
    </trkpt>
    <trkpt lat="46.11207" lon="9.33665">
        <ele>0.0</ele>
    </trkpt>
    <trkpt lat="46.11206" lon="9.33664">
        <ele>0.0</ele>
    </trkpt>
    <trkpt lat="46.11204" lon="9.33657">
        <ele>0.0</ele>
    </trkpt>
    <trkpt lat="46.10837" lon="9.32667">
        <ele>0.0</ele>
    </trkpt>
    <trkpt lat="46.10751" lon="9.32495">
        <ele>0.0</ele>
    </trkpt>
    <trkpt lat="46.10748" lon="9.32491">
        <ele>0.0</ele>
    </trkpt>
    <trkpt lat="46.10748" lon="9.3249">
        <ele>0.0</ele>
    </trkpt>
    <trkpt lat="46.10741" lon="9.32476">
        <ele>0.0</ele>
    </trkpt>
    <trkpt lat="46.10725" lon="9.32451">
        <ele>0.0</ele>
    </trkpt>
    <trkpt lat="46.10691" lon="9.32408">
        <ele>0.0</ele>
    </trkpt>
    <trkpt lat="46.10596" lon="9.32317">
        <ele>0.0</ele>
    </trkpt>
    <trkpt lat="46.10514" lon="9.3226">
        <ele>0.0</ele>
    </trkpt>
    <trkpt lat="46.10473" lon="9.32236">
        <ele>0.0</ele>
    </trkpt>
    <trkpt lat="46.10446" lon="9.32225">
        <ele>0.0</ele>
    </trkpt>
    <trkpt lat="46.10421" lon="9.32217">
        <ele>0.0</ele>
    </trkpt>
    <trkpt lat="46.10403" lon="9.3221">
        <ele>0.0</ele>
    </trkpt>
    <trkpt lat="46.1036" lon="9.322">
        <ele>0.0</ele>
    </trkpt>
    <trkpt lat="46.10322" lon="9.32196">
        <ele>0.0</ele>
    </trkpt>
    <trkpt lat="46.10233" lon="9.32196">
        <ele>0.0</ele>
    </trkpt>
    <trkpt lat="46.10197" lon="9.322">
        <ele>0.0</ele>
    </trkpt>
    <trkpt lat="46.10188" lon="9.322">
        <ele>0.0</ele>
    </trkpt>
    <trkpt lat="46.1005" lon="9.32214">
        <ele>0.0</ele>
    </trkpt>
    <trkpt lat="46.1001" lon="9.32214">
        <ele>0.0</ele>
    </trkpt>
    <trkpt lat="46.09919" lon="9.32206">
        <ele>0.0</ele>
    </trkpt>
    <trkpt lat="46.09894" lon="9.32201">
        <ele>0.0</ele>
    </trkpt>
    <trkpt lat="46.09852" lon="9.32189">
        <ele>0.0</ele>
    </trkpt>
    <trkpt lat="46.09781" lon="9.32164">
        <ele>0.0</ele>
    </trkpt>
    <trkpt lat="46.09778" lon="9.32162">
        <ele>0.0</ele>
    </trkpt>
    <trkpt lat="46.09719" lon="9.32136">
        <ele>0.0</ele>
    </trkpt>
    <trkpt lat="46.09674" lon="9.3211">
        <ele>0.0</ele>
    </trkpt>
    <trkpt lat="46.09668" lon="9.32105">
        <ele>0.0</ele>
    </trkpt>
    <trkpt lat="46.0966" lon="9.321">
        <ele>0.0</ele>
    </trkpt>
    <trkpt lat="46.09581" lon="9.32039">
        <ele>0.0</ele>
    </trkpt>
    <trkpt lat="46.09359" lon="9.31823">
        <ele>0.0</ele>
    </trkpt>
    <trkpt lat="46.09358" lon="9.31821">
        <ele>0.0</ele>
    </trkpt>
    <trkpt lat="46.09335" lon="9.31798">
        <ele>0.0</ele>
    </trkpt>
    <trkpt lat="46.09328" lon="9.31792">
        <ele>0.0</ele>
    </trkpt>
    <trkpt lat="46.09269" lon="9.31732">
        <ele>0.0</ele>
    </trkpt>
    <trkpt lat="46.09265" lon="9.31729">
        <ele>0.0</ele>
    </trkpt>
    <trkpt lat="46.09231" lon="9.31695">
        <ele>0.0</ele>
    </trkpt>
    <trkpt lat="46.09224" lon="9.31689">
        <ele>0.0</ele>
    </trkpt>
    <trkpt lat="46.09195" lon="9.3166">
        <ele>0.0</ele>
    </trkpt>
    <trkpt lat="46.09186" lon="9.31652">
        <ele>0.0</ele>
    </trkpt>
    <trkpt lat="46.09142" lon="9.31608">
        <ele>0.0</ele>
    </trkpt>
    <trkpt lat="46.09135" lon="9.31602">
        <ele>0.0</ele>
    </trkpt>
    <trkpt lat="46.09135" lon="9.31601">
        <ele>0.0</ele>
    </trkpt>
    <trkpt lat="46.08993" lon="9.31462">
        <ele>0.0</ele>
    </trkpt>
    <trkpt lat="46.08979" lon="9.31447">
        <ele>0.0</ele>
    </trkpt>
    <trkpt lat="46.08927" lon="9.31396">
        <ele>0.0</ele>
    </trkpt>
    <trkpt lat="46.08848" lon="9.31335">
        <ele>0.0</ele>
    </trkpt>
    <trkpt lat="46.0882" lon="9.31316">
        <ele>0.0</ele>
    </trkpt>
    <trkpt lat="46.08799" lon="9.31304">
        <ele>0.0</ele>
    </trkpt>
    <trkpt lat="46.08756" lon="9.31286">
        <ele>0.0</ele>
    </trkpt>
    <trkpt lat="46.08703" lon="9.31266">
        <ele>0.0</ele>
    </trkpt>
    <trkpt lat="46.08688" lon="9.31262">
        <ele>0.0</ele>
    </trkpt>
    <trkpt lat="46.08676" lon="9.3126">
        <ele>0.0</ele>
    </trkpt>
    <trkpt lat="46.0866" lon="9.31259">
        <ele>0.0</ele>
    </trkpt>
    <trkpt lat="46.08655" lon="9.31258">
        <ele>0.0</ele>
    </trkpt>
    <trkpt lat="46.0861" lon="9.31256">
        <ele>0.0</ele>
    </trkpt>
    <trkpt lat="46.08552" lon="9.31263">
        <ele>0.0</ele>
    </trkpt>
    <trkpt lat="46.08542" lon="9.31266">
        <ele>0.0</ele>
    </trkpt>
    <trkpt lat="46.08522" lon="9.3127">
        <ele>0.0</ele>
    </trkpt>
    <trkpt lat="46.0852" lon="9.31271">
        <ele>0.0</ele>
    </trkpt>
    <trkpt lat="46.08509" lon="9.31273">
        <ele>0.0</ele>
    </trkpt>
    <trkpt lat="46.08504" lon="9.31275">
        <ele>0.0</ele>
    </trkpt>
    <trkpt lat="46.08503" lon="9.31275">
        <ele>0.0</ele>
    </trkpt>
    <trkpt lat="46.08502" lon="9.31276">
        <ele>0.0</ele>
    </trkpt>
    <trkpt lat="46.08499" lon="9.31276">
        <ele>0.0</ele>
    </trkpt>
    <trkpt lat="46.08487" lon="9.31281">
        <ele>0.0</ele>
    </trkpt>
    <trkpt lat="46.08479" lon="9.31283">
        <ele>0.0</ele>
    </trkpt>
    <trkpt lat="46.08458" lon="9.3129">
        <ele>0.0</ele>
    </trkpt>
    <trkpt lat="46.08457" lon="9.3129">
        <ele>0.0</ele>
    </trkpt>
    <trkpt lat="46.08437" lon="9.31298">
        <ele>0.0</ele>
    </trkpt>
    <trkpt lat="46.08422" lon="9.31303">
        <ele>0.0</ele>
    </trkpt>
    <trkpt lat="46.08411" lon="9.31308">
        <ele>0.0</ele>
    </trkpt>
    <trkpt lat="46.084" lon="9.31312">
        <ele>0.0</ele>
    </trkpt>
    <trkpt lat="46.08373" lon="9.31324">
        <ele>0.0</ele>
    </trkpt>
    <trkpt lat="46.08364" lon="9.31327">
        <ele>0.0</ele>
    </trkpt>
    <trkpt lat="46.08363" lon="9.31328">
        <ele>0.0</ele>
    </trkpt>
    <trkpt lat="46.08311" lon="9.31354">
        <ele>0.0</ele>
    </trkpt>
    <trkpt lat="46.08237" lon="9.31383">
        <ele>0.0</ele>
    </trkpt>
    <trkpt lat="46.08231" lon="9.31384">
        <ele>0.0</ele>
    </trkpt>
    <trkpt lat="46.08219" lon="9.31389">
        <ele>0.0</ele>
    </trkpt>
    <trkpt lat="46.08214" lon="9.3139">
        <ele>0.0</ele>
    </trkpt>
    <trkpt lat="46.08202" lon="9.31395">
        <ele>0.0</ele>
    </trkpt>
    <trkpt lat="46.08177" lon="9.31403">
        <ele>0.0</ele>
    </trkpt>
    <trkpt lat="46.08102" lon="9.31431">
        <ele>0.0</ele>
    </trkpt>
    <trkpt lat="46.08017" lon="9.31453">
        <ele>0.0</ele>
    </trkpt>
    <trkpt lat="46.08012" lon="9.31455">
        <ele>0.0</ele>
    </trkpt>
    <trkpt lat="46.08008" lon="9.31456">
        <ele>0.0</ele>
    </trkpt>
    <trkpt lat="46.08006" lon="9.31457">
        <ele>0.0</ele>
    </trkpt>
    <trkpt lat="46.07958" lon="9.31468">
        <ele>0.0</ele>
    </trkpt>
    <trkpt lat="46.07878" lon="9.31479">
        <ele>0.0</ele>
    </trkpt>
    <trkpt lat="46.07875" lon="9.3148">
        <ele>0.0</ele>
    </trkpt>
    <trkpt lat="46.0786" lon="9.31482">
        <ele>0.0</ele>
    </trkpt>
    <trkpt lat="46.07858" lon="9.31482">
        <ele>0.0</ele>
    </trkpt>
    <trkpt lat="46.07846" lon="9.31484">
        <ele>0.0</ele>
    </trkpt>
    <trkpt lat="46.07843" lon="9.31484">
        <ele>0.0</ele>
    </trkpt>
    <trkpt lat="46.07805" lon="9.3149">
        <ele>0.0</ele>
    </trkpt>
    <trkpt lat="46.07688" lon="9.31514">
        <ele>0.0</ele>
    </trkpt>
    <trkpt lat="46.07669" lon="9.31516">
        <ele>0.0</ele>
    </trkpt>
    <trkpt lat="46.07646" lon="9.31517">
        <ele>0.0</ele>
    </trkpt>
    <trkpt lat="46.07599" lon="9.31515">
        <ele>0.0</ele>
    </trkpt>
    <trkpt lat="46.07587" lon="9.31513">
        <ele>0.0</ele>
    </trkpt>
    <trkpt lat="46.07499" lon="9.31524">
        <ele>0.0</ele>
    </trkpt>
    <trkpt lat="46.07497" lon="9.31524">
        <ele>0.0</ele>
    </trkpt>
    <trkpt lat="46.07482" lon="9.31526">
        <ele>0.0</ele>
    </trkpt>
    <trkpt lat="46.07479" lon="9.31526">
        <ele>0.0</ele>
    </trkpt>
    <trkpt lat="46.07464" lon="9.31528">
        <ele>0.0</ele>
    </trkpt>
    <trkpt lat="46.07461" lon="9.31528">
        <ele>0.0</ele>
    </trkpt>
    <trkpt lat="46.07408" lon="9.31535">
        <ele>0.0</ele>
    </trkpt>
    <trkpt lat="46.07395" lon="9.31536">
        <ele>0.0</ele>
    </trkpt>
    <trkpt lat="46.0739" lon="9.31537">
        <ele>0.0</ele>
    </trkpt>
    <trkpt lat="46.073" lon="9.31547">
        <ele>0.0</ele>
    </trkpt>
    <trkpt lat="46.0729" lon="9.31549">
        <ele>0.0</ele>
    </trkpt>
    <trkpt lat="46.07282" lon="9.31549">
        <ele>0.0</ele>
    </trkpt>
    <trkpt lat="46.07253" lon="9.31553">
        <ele>0.0</ele>
    </trkpt>
    <trkpt lat="46.06558" lon="9.31674">
        <ele>0.0</ele>
    </trkpt>
    <trkpt lat="46.0655" lon="9.31676">
        <ele>0.0</ele>
    </trkpt>
    <trkpt lat="46.06541" lon="9.31677">
        <ele>0.0</ele>
    </trkpt>
    <trkpt lat="46.06469" lon="9.31691">
        <ele>0.0</ele>
    </trkpt>
    <trkpt lat="46.06366" lon="9.31704">
        <ele>0.0</ele>
    </trkpt>
    <trkpt lat="46.06246" lon="9.31725">
        <ele>0.0</ele>
    </trkpt>
    <trkpt lat="46.06235" lon="9.31726">
        <ele>0.0</ele>
    </trkpt>
    <trkpt lat="46.06227" lon="9.31728">
        <ele>0.0</ele>
    </trkpt>
    <trkpt lat="46.05898" lon="9.31776">
        <ele>0.0</ele>
    </trkpt>
    <trkpt lat="46.05853" lon="9.31777">
        <ele>0.0</ele>
    </trkpt>
    <trkpt lat="46.05811" lon="9.31787">
        <ele>0.0</ele>
    </trkpt>
    <trkpt lat="46.05761" lon="9.31793">
        <ele>0.0</ele>
    </trkpt>
    <trkpt lat="46.05672" lon="9.31799">
        <ele>0.0</ele>
    </trkpt>
    <trkpt lat="46.05619" lon="9.31797">
        <ele>0.0</ele>
    </trkpt>
    <trkpt lat="46.0557" lon="9.3179">
        <ele>0.0</ele>
    </trkpt>
    <trkpt lat="46.05507" lon="9.31769">
        <ele>0.0</ele>
    </trkpt>
    <trkpt lat="46.05461" lon="9.31752">
        <ele>0.0</ele>
    </trkpt>
    <trkpt lat="46.05426" lon="9.31734">
        <ele>0.0</ele>
    </trkpt>
    <trkpt lat="46.05404" lon="9.31719">
        <ele>0.0</ele>
    </trkpt>
    <trkpt lat="46.05363" lon="9.31685">
        <ele>0.0</ele>
    </trkpt>
    <trkpt lat="46.05358" lon="9.31679">
        <ele>0.0</ele>
    </trkpt>
    <trkpt lat="46.05315" lon="9.31639">
        <ele>0.0</ele>
    </trkpt>
    <trkpt lat="46.05224" lon="9.31545">
        <ele>0.0</ele>
    </trkpt>
    <trkpt lat="46.05216" lon="9.31535">
        <ele>0.0</ele>
    </trkpt>
    <trkpt lat="46.05211" lon="9.31531">
        <ele>0.0</ele>
    </trkpt>
    <trkpt lat="46.05208" lon="9.31527">
        <ele>0.0</ele>
    </trkpt>
    <trkpt lat="46.05188" lon="9.31506">
        <ele>0.0</ele>
    </trkpt>
    <trkpt lat="46.05184" lon="9.31501">
        <ele>0.0</ele>
    </trkpt>
    <trkpt lat="46.05157" lon="9.31474">
        <ele>0.0</ele>
    </trkpt>
    <trkpt lat="46.05152" lon="9.3147">
        <ele>0.0</ele>
    </trkpt>
    <trkpt lat="46.05125" lon="9.31445">
        <ele>0.0</ele>
    </trkpt>
    <trkpt lat="46.0512" lon="9.31442">
        <ele>0.0</ele>
    </trkpt>
    <trkpt lat="46.05115" lon="9.31438">
        <ele>0.0</ele>
    </trkpt>
    <trkpt lat="46.05111" lon="9.31434">
        <ele>0.0</ele>
    </trkpt>
    <trkpt lat="46.05105" lon="9.3143">
        <ele>0.0</ele>
    </trkpt>
    <trkpt lat="46.05091" lon="9.31419">
        <ele>0.0</ele>
    </trkpt>
    <trkpt lat="46.05081" lon="9.31413">
        <ele>0.0</ele>
    </trkpt>
    <trkpt lat="46.05076" lon="9.31409">
        <ele>0.0</ele>
    </trkpt>
    <trkpt lat="46.05046" lon="9.31391">
        <ele>0.0</ele>
    </trkpt>
    <trkpt lat="46.05042" lon="9.31388">
        <ele>0.0</ele>
    </trkpt>
    <trkpt lat="46.05022" lon="9.31377">
        <ele>0.0</ele>
    </trkpt>
    <trkpt lat="46.05016" lon="9.31375">
        <ele>0.0</ele>
    </trkpt>
    <trkpt lat="46.04996" lon="9.31364">
        <ele>0.0</ele>
    </trkpt>
    <trkpt lat="46.04973" lon="9.31355">
        <ele>0.0</ele>
    </trkpt>
    <trkpt lat="46.04969" lon="9.31353">
        <ele>0.0</ele>
    </trkpt>
    <trkpt lat="46.04963" lon="9.31351">
        <ele>0.0</ele>
    </trkpt>
    <trkpt lat="46.04959" lon="9.31349">
        <ele>0.0</ele>
    </trkpt>
    <trkpt lat="46.04954" lon="9.31348">
        <ele>0.0</ele>
    </trkpt>
    <trkpt lat="46.04949" lon="9.31346">
        <ele>0.0</ele>
    </trkpt>
    <trkpt lat="46.04938" lon="9.31343">
        <ele>0.0</ele>
    </trkpt>
    <trkpt lat="46.04927" lon="9.31339">
        <ele>0.0</ele>
    </trkpt>
    <trkpt lat="46.04926" lon="9.31339">
        <ele>0.0</ele>
    </trkpt>
    <trkpt lat="46.04911" lon="9.31335">
        <ele>0.0</ele>
    </trkpt>
    <trkpt lat="46.0491" lon="9.31335">
        <ele>0.0</ele>
    </trkpt>
    <trkpt lat="46.04885" lon="9.31329">
        <ele>0.0</ele>
    </trkpt>
    <trkpt lat="46.04878" lon="9.31328">
        <ele>0.0</ele>
    </trkpt>
    <trkpt lat="46.04836" lon="9.31318">
        <ele>0.0</ele>
    </trkpt>
    <trkpt lat="46.04637" lon="9.31278">
        <ele>0.0</ele>
    </trkpt>
    <trkpt lat="46.04628" lon="9.31275">
        <ele>0.0</ele>
    </trkpt>
    <trkpt lat="46.04616" lon="9.31274">
        <ele>0.0</ele>
    </trkpt>
    <trkpt lat="46.04369" lon="9.31223">
        <ele>0.0</ele>
    </trkpt>
    <trkpt lat="46.04361" lon="9.31222">
        <ele>0.0</ele>
    </trkpt>
    <trkpt lat="46.04331" lon="9.31215">
        <ele>0.0</ele>
    </trkpt>
    <trkpt lat="46.04277" lon="9.31205">
        <ele>0.0</ele>
    </trkpt>
    <trkpt lat="46.04236" lon="9.31194">
        <ele>0.0</ele>
    </trkpt>
    <trkpt lat="46.04184" lon="9.31177">
        <ele>0.0</ele>
    </trkpt>
    <trkpt lat="46.04172" lon="9.31172">
        <ele>0.0</ele>
    </trkpt>
    <trkpt lat="46.04168" lon="9.31171">
        <ele>0.0</ele>
    </trkpt>
    <trkpt lat="46.04072" lon="9.31124">
        <ele>0.0</ele>
    </trkpt>
    <trkpt lat="46.04066" lon="9.31122">
        <ele>0.0</ele>
    </trkpt>
    <trkpt lat="46.04051" lon="9.31114">
        <ele>0.0</ele>
    </trkpt>
    <trkpt lat="46.04041" lon="9.31107">
        <ele>0.0</ele>
    </trkpt>
    <trkpt lat="46.04026" lon="9.31101">
        <ele>0.0</ele>
    </trkpt>
    <trkpt lat="46.0389" lon="9.31037">
        <ele>0.0</ele>
    </trkpt>
    <trkpt lat="46.03838" lon="9.3101">
        <ele>0.0</ele>
    </trkpt>
    <trkpt lat="46.03826" lon="9.31002">
        <ele>0.0</ele>
    </trkpt>
    <trkpt lat="46.03791" lon="9.30987">
        <ele>0.0</ele>
    </trkpt>
    <trkpt lat="46.03681" lon="9.30933">
        <ele>0.0</ele>
    </trkpt>
    <trkpt lat="46.0368" lon="9.30933">
        <ele>0.0</ele>
    </trkpt>
    <trkpt lat="46.03363" lon="9.30767">
        <ele>0.0</ele>
    </trkpt>
    <trkpt lat="46.03076" lon="9.3061">
        <ele>0.0</ele>
    </trkpt>
    <trkpt lat="46.0306" lon="9.306">
        <ele>0.0</ele>
    </trkpt>
    <trkpt lat="46.02611" lon="9.30348">
        <ele>0.0</ele>
    </trkpt>
    <trkpt lat="46.0261" lon="9.30347">
        <ele>0.0</ele>
    </trkpt>
    <trkpt lat="46.0242" lon="9.30258">
        <ele>0.0</ele>
    </trkpt>
    <trkpt lat="46.0229" lon="9.30182">
        <ele>0.0</ele>
    </trkpt>
    <trkpt lat="46.02278" lon="9.30176">
        <ele>0.0</ele>
    </trkpt>
    <trkpt lat="46.02266" lon="9.30167">
        <ele>0.0</ele>
    </trkpt>
    <trkpt lat="46.02198" lon="9.30128">
        <ele>0.0</ele>
    </trkpt>
    <trkpt lat="46.0209" lon="9.30074">
        <ele>0.0</ele>
    </trkpt>
    <trkpt lat="46.02051" lon="9.30051">
        <ele>0.0</ele>
    </trkpt>
    <trkpt lat="46.01924" lon="9.29984">
        <ele>0.0</ele>
    </trkpt>
    <trkpt lat="46.01911" lon="9.29975">
        <ele>0.0</ele>
    </trkpt>
    <trkpt lat="46.01771" lon="9.29898">
        <ele>0.0</ele>
    </trkpt>
    <trkpt lat="46.01706" lon="9.29865">
        <ele>0.0</ele>
    </trkpt>
    <trkpt lat="46.01705" lon="9.29864">
        <ele>0.0</ele>
    </trkpt>
    <trkpt lat="46.01637" lon="9.29822">
        <ele>0.0</ele>
    </trkpt>
    <trkpt lat="46.01621" lon="9.29816">
        <ele>0.0</ele>
    </trkpt>
    <trkpt lat="46.01567" lon="9.29788">
        <ele>0.0</ele>
    </trkpt>
    <trkpt lat="46.01532" lon="9.29767">
        <ele>0.0</ele>
    </trkpt>
    <trkpt lat="46.01512" lon="9.29753">
        <ele>0.0</ele>
    </trkpt>
    <trkpt lat="46.01459" lon="9.29727">
        <ele>0.0</ele>
    </trkpt>
    <trkpt lat="46.01455" lon="9.29724">
        <ele>0.0</ele>
    </trkpt>
    <trkpt lat="46.01421" lon="9.29707">
        <ele>0.0</ele>
    </trkpt>
    <trkpt lat="46.01397" lon="9.29693">
        <ele>0.0</ele>
    </trkpt>
    <trkpt lat="46.01359" lon="9.29674">
        <ele>0.0</ele>
    </trkpt>
    <trkpt lat="46.01355" lon="9.29671">
        <ele>0.0</ele>
    </trkpt>
    <trkpt lat="46.01354" lon="9.29671">
        <ele>0.0</ele>
    </trkpt>
    <trkpt lat="46.01346" lon="9.29665">
        <ele>0.0</ele>
    </trkpt>
    <trkpt lat="46.01306" lon="9.29642">
        <ele>0.0</ele>
    </trkpt>
    <trkpt lat="46.01305" lon="9.29641">
        <ele>0.0</ele>
    </trkpt>
    <trkpt lat="46.01197" lon="9.29594">
        <ele>0.0</ele>
    </trkpt>
    <trkpt lat="46.01056" lon="9.29554">
        <ele>0.0</ele>
    </trkpt>
    <trkpt lat="46.01031" lon="9.29549">
        <ele>0.0</ele>
    </trkpt>
    <trkpt lat="46.01006" lon="9.29546">
        <ele>0.0</ele>
    </trkpt>
    <trkpt lat="46.00918" lon="9.29541">
        <ele>0.0</ele>
    </trkpt>
    <trkpt lat="46.00821" lon="9.29542">
        <ele>0.0</ele>
    </trkpt>
    <trkpt lat="46.00574" lon="9.29574">
        <ele>0.0</ele>
    </trkpt>
    <trkpt lat="46.00558" lon="9.29577">
        <ele>0.0</ele>
    </trkpt>
    <trkpt lat="46.00556" lon="9.29577">
        <ele>0.0</ele>
    </trkpt>
    <trkpt lat="46.00538" lon="9.2958">
        <ele>0.0</ele>
    </trkpt>
    <trkpt lat="46.00526" lon="9.29583">
        <ele>0.0</ele>
    </trkpt>
    <trkpt lat="46.00341" lon="9.29605">
        <ele>0.0</ele>
    </trkpt>
    <trkpt lat="46.0033" lon="9.29607">
        <ele>0.0</ele>
    </trkpt>
    <trkpt lat="46.00305" lon="9.2961">
        <ele>0.0</ele>
    </trkpt>
    <trkpt lat="46.00273" lon="9.29616">
        <ele>0.0</ele>
    </trkpt>
    <trkpt lat="46.00183" lon="9.29627">
        <ele>0.0</ele>
    </trkpt>
    <trkpt lat="46.0018" lon="9.29627">
        <ele>0.0</ele>
    </trkpt>
    <trkpt lat="46.00064" lon="9.29643">
        <ele>0.0</ele>
    </trkpt>
    <trkpt lat="45.99975" lon="9.2965">
        <ele>0.0</ele>
    </trkpt>
    <trkpt lat="45.9988" lon="9.2965">
        <ele>0.0</ele>
    </trkpt>
    <trkpt lat="45.99823" lon="9.29641">
        <ele>0.0</ele>
    </trkpt>
    <trkpt lat="45.99821" lon="9.29641">
        <ele>0.0</ele>
    </trkpt>
    <trkpt lat="45.99818" lon="9.2964">
        <ele>0.0</ele>
    </trkpt>
    <trkpt lat="45.99775" lon="9.29634">
        <ele>0.0</ele>
    </trkpt>
    <trkpt lat="45.99734" lon="9.29623">
        <ele>0.0</ele>
    </trkpt>
    <trkpt lat="45.99732" lon="9.29623">
        <ele>0.0</ele>
    </trkpt>
    <trkpt lat="45.99679" lon="9.29608">
        <ele>0.0</ele>
    </trkpt>
    <trkpt lat="45.99661" lon="9.29604">
        <ele>0.0</ele>
    </trkpt>
    <trkpt lat="45.99556" lon="9.2957">
        <ele>0.0</ele>
    </trkpt>
    <trkpt lat="45.9953" lon="9.29563">
        <ele>0.0</ele>
    </trkpt>
    <trkpt lat="45.99391" lon="9.29519">
        <ele>0.0</ele>
    </trkpt>
    <trkpt lat="45.99385" lon="9.29518">
        <ele>0.0</ele>
    </trkpt>
    <trkpt lat="45.99353" lon="9.2951">
        <ele>0.0</ele>
    </trkpt>
    <trkpt lat="45.99309" lon="9.29504">
        <ele>0.0</ele>
    </trkpt>
    <trkpt lat="45.99265" lon="9.29504">
        <ele>0.0</ele>
    </trkpt>
    <trkpt lat="45.99189" lon="9.29509">
        <ele>0.0</ele>
    </trkpt>
    <trkpt lat="45.99168" lon="9.29513">
        <ele>0.0</ele>
    </trkpt>
    <trkpt lat="45.99096" lon="9.29522">
        <ele>0.0</ele>
    </trkpt>
    <trkpt lat="45.99066" lon="9.29529">
        <ele>0.0</ele>
    </trkpt>
    <trkpt lat="45.98979" lon="9.29565">
        <ele>0.0</ele>
    </trkpt>
    <trkpt lat="45.98611" lon="9.29771">
        <ele>0.0</ele>
    </trkpt>
    <trkpt lat="45.98593" lon="9.29782">
        <ele>0.0</ele>
    </trkpt>
    <trkpt lat="45.9852" lon="9.29822">
        <ele>0.0</ele>
    </trkpt>
    <trkpt lat="45.98499" lon="9.29835">
        <ele>0.0</ele>
    </trkpt>
    <trkpt lat="45.98472" lon="9.29849">
        <ele>0.0</ele>
    </trkpt>
    <trkpt lat="45.98272" lon="9.29962">
        <ele>0.0</ele>
    </trkpt>
    <trkpt lat="45.98271" lon="9.29962">
        <ele>0.0</ele>
    </trkpt>
    <trkpt lat="45.9817" lon="9.30019">
        <ele>0.0</ele>
    </trkpt>
    <trkpt lat="45.98164" lon="9.30023">
        <ele>0.0</ele>
    </trkpt>
    <trkpt lat="45.98105" lon="9.30056">
        <ele>0.0</ele>
    </trkpt>
    <trkpt lat="45.98019" lon="9.30099">
        <ele>0.0</ele>
    </trkpt>
    <trkpt lat="45.9797" lon="9.30126">
        <ele>0.0</ele>
    </trkpt>
    <trkpt lat="45.97968" lon="9.30128">
        <ele>0.0</ele>
    </trkpt>
    <trkpt lat="45.97947" lon="9.30139">
        <ele>0.0</ele>
    </trkpt>
    <trkpt lat="45.97931" lon="9.30149">
        <ele>0.0</ele>
    </trkpt>
    <trkpt lat="45.97734" lon="9.30259">
        <ele>0.0</ele>
    </trkpt>
    <trkpt lat="45.97729" lon="9.30261">
        <ele>0.0</ele>
    </trkpt>
    <trkpt lat="45.97115" lon="9.30604">
        <ele>0.0</ele>
    </trkpt>
    <trkpt lat="45.97114" lon="9.30605">
        <ele>0.0</ele>
    </trkpt>
    <trkpt lat="45.97098" lon="9.30614">
        <ele>0.0</ele>
    </trkpt>
    <trkpt lat="45.97097" lon="9.30614">
        <ele>0.0</ele>
    </trkpt>
    <trkpt lat="45.96844" lon="9.30757">
        <ele>0.0</ele>
    </trkpt>
    <trkpt lat="45.96808" lon="9.30775">
        <ele>0.0</ele>
    </trkpt>
    <trkpt lat="45.96807" lon="9.30775">
        <ele>0.0</ele>
    </trkpt>
    <trkpt lat="45.96794" lon="9.30781">
        <ele>0.0</ele>
    </trkpt>
    <trkpt lat="45.96791" lon="9.30783">
        <ele>0.0</ele>
    </trkpt>
    <trkpt lat="45.96417" lon="9.30951">
        <ele>0.0</ele>
    </trkpt>
    <trkpt lat="45.96378" lon="9.30971">
        <ele>0.0</ele>
    </trkpt>
    <trkpt lat="45.96277" lon="9.3103">
        <ele>0.0</ele>
    </trkpt>
    <trkpt lat="45.9627" lon="9.31035">
        <ele>0.0</ele>
    </trkpt>
    <trkpt lat="45.96176" lon="9.3109">
        <ele>0.0</ele>
    </trkpt>
    <trkpt lat="45.96141" lon="9.31107">
        <ele>0.0</ele>
    </trkpt>
    <trkpt lat="45.9612" lon="9.31116">
        <ele>0.0</ele>
    </trkpt>
    <trkpt lat="45.96115" lon="9.31119">
        <ele>0.0</ele>
    </trkpt>
    <trkpt lat="45.96043" lon="9.31144">
        <ele>0.0</ele>
    </trkpt>
    <trkpt lat="45.95991" lon="9.31157">
        <ele>0.0</ele>
    </trkpt>
    <trkpt lat="45.9595" lon="9.31164">
        <ele>0.0</ele>
    </trkpt>
    <trkpt lat="45.95722" lon="9.31187">
        <ele>0.0</ele>
    </trkpt>
    <trkpt lat="45.95695" lon="9.31191">
        <ele>0.0</ele>
    </trkpt>
    <trkpt lat="45.95675" lon="9.31195">
        <ele>0.0</ele>
    </trkpt>
    <trkpt lat="45.95656" lon="9.312">
        <ele>0.0</ele>
    </trkpt>
    <trkpt lat="45.956" lon="9.31218">
        <ele>0.0</ele>
    </trkpt>
    <trkpt lat="45.95569" lon="9.31232">
        <ele>0.0</ele>
    </trkpt>
    <trkpt lat="45.95523" lon="9.31257">
        <ele>0.0</ele>
    </trkpt>
    <trkpt lat="45.955" lon="9.31271">
        <ele>0.0</ele>
    </trkpt>
    <trkpt lat="45.955" lon="9.31272">
        <ele>0.0</ele>
    </trkpt>
    <trkpt lat="45.95395" lon="9.31338">
        <ele>0.0</ele>
    </trkpt>
    <trkpt lat="45.95362" lon="9.31352">
        <ele>0.0</ele>
    </trkpt>
    <trkpt lat="45.95305" lon="9.3137">
        <ele>0.0</ele>
    </trkpt>
    <trkpt lat="45.95252" lon="9.31379">
        <ele>0.0</ele>
    </trkpt>
    <trkpt lat="45.95205" lon="9.31381">
        <ele>0.0</ele>
    </trkpt>
    <trkpt lat="45.95155" lon="9.31378">
        <ele>0.0</ele>
    </trkpt>
    <trkpt lat="45.95103" lon="9.31368">
        <ele>0.0</ele>
    </trkpt>
    <trkpt lat="45.95078" lon="9.31359">
        <ele>0.0</ele>
    </trkpt>
    <trkpt lat="45.95022" lon="9.31333">
        <ele>0.0</ele>
    </trkpt>
    <trkpt lat="45.95009" lon="9.31328">
        <ele>0.0</ele>
    </trkpt>
    <trkpt lat="45.94781" lon="9.31224">
        <ele>0.0</ele>
    </trkpt>
    <trkpt lat="45.9471" lon="9.3121">
        <ele>0.0</ele>
    </trkpt>
    <trkpt lat="45.94691" lon="9.31209">
        <ele>0.0</ele>
    </trkpt>
    <trkpt lat="45.94646" lon="9.3121">
        <ele>0.0</ele>
    </trkpt>
    <trkpt lat="45.94635" lon="9.31209">
        <ele>0.0</ele>
    </trkpt>
    <trkpt lat="45.94625" lon="9.31209">
        <ele>0.0</ele>
    </trkpt>
    <trkpt lat="45.94617" lon="9.3121">
        <ele>0.0</ele>
    </trkpt>
    <trkpt lat="45.94586" lon="9.31216">
        <ele>0.0</ele>
    </trkpt>
    <trkpt lat="45.94566" lon="9.31221">
        <ele>0.0</ele>
    </trkpt>
    <trkpt lat="45.9455" lon="9.31226">
        <ele>0.0</ele>
    </trkpt>
    <trkpt lat="45.94548" lon="9.31226">
        <ele>0.0</ele>
    </trkpt>
    <trkpt lat="45.94506" lon="9.31243">
        <ele>0.0</ele>
    </trkpt>
    <trkpt lat="45.94487" lon="9.31253">
        <ele>0.0</ele>
    </trkpt>
    <trkpt lat="45.94446" lon="9.3128">
        <ele>0.0</ele>
    </trkpt>
    <trkpt lat="45.94396" lon="9.31324">
        <ele>0.0</ele>
    </trkpt>
    <trkpt lat="45.94226" lon="9.31499">
        <ele>0.0</ele>
    </trkpt>
    <trkpt lat="45.94226" lon="9.315">
        <ele>0.0</ele>
    </trkpt>
    <trkpt lat="45.94135" lon="9.31594">
        <ele>0.0</ele>
    </trkpt>
    <trkpt lat="45.92951" lon="9.32901">
        <ele>0.0</ele>
    </trkpt>
    <trkpt lat="45.92862" lon="9.32937">
        <ele>0.0</ele>
    </trkpt>
    <trkpt lat="45.92861" lon="9.32938">
        <ele>0.0</ele>
    </trkpt>
    <trkpt lat="45.92798" lon="9.32963">
        <ele>0.0</ele>
    </trkpt>
    <trkpt lat="45.92791" lon="9.32965">
        <ele>0.0</ele>
    </trkpt>
    <trkpt lat="45.92685" lon="9.33008">
        <ele>0.0</ele>
    </trkpt>
    <trkpt lat="45.92676" lon="9.33011">
        <ele>0.0</ele>
    </trkpt>
    <trkpt lat="45.92593" lon="9.33045">
        <ele>0.0</ele>
    </trkpt>
    <trkpt lat="45.92559" lon="9.33057">
        <ele>0.0</ele>
    </trkpt>
    <trkpt lat="45.92518" lon="9.33069">
        <ele>0.0</ele>
    </trkpt>
    <trkpt lat="45.92503" lon="9.33072">
        <ele>0.0</ele>
    </trkpt>
    <trkpt lat="45.92492" lon="9.33075">
        <ele>0.0</ele>
    </trkpt>
    <trkpt lat="45.92427" lon="9.33083">
        <ele>0.0</ele>
    </trkpt>
    <trkpt lat="45.92373" lon="9.33084">
        <ele>0.0</ele>
    </trkpt>
    <trkpt lat="45.92309" lon="9.33066">
        <ele>0.0</ele>
    </trkpt>
    <trkpt lat="45.92278" lon="9.33059">
        <ele>0.0</ele>
    </trkpt>
    <trkpt lat="45.92248" lon="9.3305">
        <ele>0.0</ele>
    </trkpt>
    <trkpt lat="45.92204" lon="9.33033">
        <ele>0.0</ele>
    </trkpt>
    <trkpt lat="45.92188" lon="9.33023">
        <ele>0.0</ele>
    </trkpt>
    <trkpt lat="45.92164" lon="9.33011">
        <ele>0.0</ele>
    </trkpt>
    <trkpt lat="45.92091" lon="9.32968">
        <ele>0.0</ele>
    </trkpt>
    <trkpt lat="45.91992" lon="9.32889">
        <ele>0.0</ele>
    </trkpt>
    <trkpt lat="45.91858" lon="9.32767">
        <ele>0.0</ele>
    </trkpt>
    <trkpt lat="45.91845" lon="9.32757">
        <ele>0.0</ele>
    </trkpt>
    <trkpt lat="45.91792" lon="9.32723">
        <ele>0.0</ele>
    </trkpt>
    <trkpt lat="45.91746" lon="9.32704">
        <ele>0.0</ele>
    </trkpt>
    <trkpt lat="45.91732" lon="9.32701">
        <ele>0.0</ele>
    </trkpt>
    <trkpt lat="45.91692" lon="9.32697">
        <ele>0.0</ele>
    </trkpt>
    <trkpt lat="45.91668" lon="9.32696">
        <ele>0.0</ele>
    </trkpt>
    <trkpt lat="45.91645" lon="9.32697">
        <ele>0.0</ele>
    </trkpt>
    <trkpt lat="45.91605" lon="9.32706">
        <ele>0.0</ele>
    </trkpt>
    <trkpt lat="45.91584" lon="9.32713">
        <ele>0.0</ele>
    </trkpt>
    <trkpt lat="45.91564" lon="9.32721">
        <ele>0.0</ele>
    </trkpt>
    <trkpt lat="45.91272" lon="9.32853">
        <ele>0.0</ele>
    </trkpt>
    <trkpt lat="45.91261" lon="9.32859">
        <ele>0.0</ele>
    </trkpt>
    <trkpt lat="45.91256" lon="9.32861">
        <ele>0.0</ele>
    </trkpt>
    <trkpt lat="45.91255" lon="9.32862">
        <ele>0.0</ele>
    </trkpt>
    <trkpt lat="45.91221" lon="9.32881">
        <ele>0.0</ele>
    </trkpt>
    <trkpt lat="45.91218" lon="9.32882">
        <ele>0.0</ele>
    </trkpt>
    <trkpt lat="45.91199" lon="9.32893">
        <ele>0.0</ele>
    </trkpt>
    <trkpt lat="45.9119" lon="9.329">
        <ele>0.0</ele>
    </trkpt>
    <trkpt lat="45.91188" lon="9.32901">
        <ele>0.0</ele>
    </trkpt>
    <trkpt lat="45.91163" lon="9.32921">
        <ele>0.0</ele>
    </trkpt>
    <trkpt lat="45.91157" lon="9.32927">
        <ele>0.0</ele>
    </trkpt>
    <trkpt lat="45.91133" lon="9.32947">
        <ele>0.0</ele>
    </trkpt>
    <trkpt lat="45.91067" lon="9.33012">
        <ele>0.0</ele>
    </trkpt>
    <trkpt lat="45.91067" lon="9.33013">
        <ele>0.0</ele>
    </trkpt>
    <trkpt lat="45.90982" lon="9.33097">
        <ele>0.0</ele>
    </trkpt>
    <trkpt lat="45.90961" lon="9.33115">
        <ele>0.0</ele>
    </trkpt>
    <trkpt lat="45.90918" lon="9.33149">
        <ele>0.0</ele>
    </trkpt>
    <trkpt lat="45.90898" lon="9.33162">
        <ele>0.0</ele>
    </trkpt>
    <trkpt lat="45.90891" lon="9.33168">
        <ele>0.0</ele>
    </trkpt>
    <trkpt lat="45.90867" lon="9.33184">
        <ele>0.0</ele>
    </trkpt>
    <trkpt lat="45.9086" lon="9.33187">
        <ele>0.0</ele>
    </trkpt>
    <trkpt lat="45.9085" lon="9.33194">
        <ele>0.0</ele>
    </trkpt>
    <trkpt lat="45.90833" lon="9.33203">
        <ele>0.0</ele>
    </trkpt>
    <trkpt lat="45.90832" lon="9.33204">
        <ele>0.0</ele>
    </trkpt>
    <trkpt lat="45.90799" lon="9.33222">
        <ele>0.0</ele>
    </trkpt>
    <trkpt lat="45.90794" lon="9.33224">
        <ele>0.0</ele>
    </trkpt>
    <trkpt lat="45.9063" lon="9.33309">
        <ele>0.0</ele>
    </trkpt>
    <trkpt lat="45.90629" lon="9.33309">
        <ele>0.0</ele>
    </trkpt>
    <trkpt lat="45.90612" lon="9.33319">
        <ele>0.0</ele>
    </trkpt>
    <trkpt lat="45.90563" lon="9.33344">
        <ele>0.0</ele>
    </trkpt>
    <trkpt lat="45.90529" lon="9.33363">
        <ele>0.0</ele>
    </trkpt>
    <trkpt lat="45.90522" lon="9.33366">
        <ele>0.0</ele>
    </trkpt>
    <trkpt lat="45.90521" lon="9.33367">
        <ele>0.0</ele>
    </trkpt>
    <trkpt lat="45.90513" lon="9.33372">
        <ele>0.0</ele>
    </trkpt>
    <trkpt lat="45.90512" lon="9.33372">
        <ele>0.0</ele>
    </trkpt>
    <trkpt lat="45.90389" lon="9.33443">
        <ele>0.0</ele>
    </trkpt>
    <trkpt lat="45.90385" lon="9.33447">
        <ele>0.0</ele>
    </trkpt>
    <trkpt lat="45.90377" lon="9.33452">
        <ele>0.0</ele>
    </trkpt>
    <trkpt lat="45.9034" lon="9.33483">
        <ele>0.0</ele>
    </trkpt>
    <trkpt lat="45.90312" lon="9.33512">
        <ele>0.0</ele>
    </trkpt>
    <trkpt lat="45.9031" lon="9.33515">
        <ele>0.0</ele>
    </trkpt>
    <trkpt lat="45.90303" lon="9.33522">
        <ele>0.0</ele>
    </trkpt>
    <trkpt lat="45.90286" lon="9.33542">
        <ele>0.0</ele>
    </trkpt>
    <trkpt lat="45.90285" lon="9.33544">
        <ele>0.0</ele>
    </trkpt>
    <trkpt lat="45.90268" lon="9.33562">
        <ele>0.0</ele>
    </trkpt>
    <trkpt lat="45.90082" lon="9.33826">
        <ele>0.0</ele>
    </trkpt>
    <trkpt lat="45.9007" lon="9.33845">
        <ele>0.0</ele>
    </trkpt>
    <trkpt lat="45.89662" lon="9.34424">
        <ele>0.0</ele>
    </trkpt>
    <trkpt lat="45.89657" lon="9.3443">
        <ele>0.0</ele>
    </trkpt>
    <trkpt lat="45.89645" lon="9.34449">
        <ele>0.0</ele>
    </trkpt>
    <trkpt lat="45.89561" lon="9.34624">
        <ele>0.0</ele>
    </trkpt>
    <trkpt lat="45.8956" lon="9.34627">
        <ele>0.0</ele>
    </trkpt>
    <trkpt lat="45.89467" lon="9.34836">
        <ele>0.0</ele>
    </trkpt>
    <trkpt lat="45.89459" lon="9.34857">
        <ele>0.0</ele>
    </trkpt>
    <trkpt lat="45.89456" lon="9.34863">
        <ele>0.0</ele>
    </trkpt>
    <trkpt lat="45.8945" lon="9.34881">
        <ele>0.0</ele>
    </trkpt>
    <trkpt lat="45.89448" lon="9.3489">
        <ele>0.0</ele>
    </trkpt>
    <trkpt lat="45.8935" lon="9.35207">
        <ele>0.0</ele>
    </trkpt>
    <trkpt lat="45.89331" lon="9.35256">
        <ele>0.0</ele>
    </trkpt>
    <trkpt lat="45.89311" lon="9.35298">
        <ele>0.0</ele>
    </trkpt>
    <trkpt lat="45.89281" lon="9.35346">
        <ele>0.0</ele>
    </trkpt>
    <trkpt lat="45.89272" lon="9.35357">
        <ele>0.0</ele>
    </trkpt>
    <trkpt lat="45.89266" lon="9.35366">
        <ele>0.0</ele>
    </trkpt>
    <trkpt lat="45.89241" lon="9.35397">
        <ele>0.0</ele>
    </trkpt>
    <trkpt lat="45.89176" lon="9.35467">
        <ele>0.0</ele>
    </trkpt>
    <trkpt lat="45.89161" lon="9.35488">
        <ele>0.0</ele>
    </trkpt>
    <trkpt lat="45.89158" lon="9.35491">
        <ele>0.0</ele>
    </trkpt>
    <trkpt lat="45.89131" lon="9.35537">
        <ele>0.0</ele>
    </trkpt>
    <trkpt lat="45.89063" lon="9.3568">
        <ele>0.0</ele>
    </trkpt>
    <trkpt lat="45.89047" lon="9.3571">
        <ele>0.0</ele>
    </trkpt>
    <trkpt lat="45.89019" lon="9.3575">
        <ele>0.0</ele>
    </trkpt>
    <trkpt lat="45.88997" lon="9.35777">
        <ele>0.0</ele>
    </trkpt>
    <trkpt lat="45.88976" lon="9.35799">
        <ele>0.0</ele>
    </trkpt>
    <trkpt lat="45.88964" lon="9.35809">
        <ele>0.0</ele>
    </trkpt>
    <trkpt lat="45.8896" lon="9.35813">
        <ele>0.0</ele>
    </trkpt>
    <trkpt lat="45.88947" lon="9.35822">
        <ele>0.0</ele>
    </trkpt>
    <trkpt lat="45.88946" lon="9.35823">
        <ele>0.0</ele>
    </trkpt>
    <trkpt lat="45.88944" lon="9.35824">
        <ele>0.0</ele>
    </trkpt>
    <trkpt lat="45.88944" lon="9.35825">
        <ele>0.0</ele>
    </trkpt>
    <trkpt lat="45.88927" lon="9.35837">
        <ele>0.0</ele>
    </trkpt>
    <trkpt lat="45.8877" lon="9.35914">
        <ele>0.0</ele>
    </trkpt>
    <trkpt lat="45.88758" lon="9.35921">
        <ele>0.0</ele>
    </trkpt>
    <trkpt lat="45.88664" lon="9.35988">
        <ele>0.0</ele>
    </trkpt>
    <trkpt lat="45.88659" lon="9.35991">
        <ele>0.0</ele>
    </trkpt>
    <trkpt lat="45.88564" lon="9.36058">
        <ele>0.0</ele>
    </trkpt>
    <trkpt lat="45.88524" lon="9.36088">
        <ele>0.0</ele>
    </trkpt>
    <trkpt lat="45.88522" lon="9.3609">
        <ele>0.0</ele>
    </trkpt>
    <trkpt lat="45.88512" lon="9.36098">
        <ele>0.0</ele>
    </trkpt>
    <trkpt lat="45.88509" lon="9.36101">
        <ele>0.0</ele>
    </trkpt>
    <trkpt lat="45.88504" lon="9.36105">
        <ele>0.0</ele>
    </trkpt>
    <trkpt lat="45.88495" lon="9.36114">
        <ele>0.0</ele>
    </trkpt>
    <trkpt lat="45.88476" lon="9.36136">
        <ele>0.0</ele>
    </trkpt>
    <trkpt lat="45.88452" lon="9.3617">
        <ele>0.0</ele>
    </trkpt>
    <trkpt lat="45.88351" lon="9.36331">
        <ele>0.0</ele>
    </trkpt>
    <trkpt lat="45.88334" lon="9.36365">
        <ele>0.0</ele>
    </trkpt>
    <trkpt lat="45.88268" lon="9.36511">
        <ele>0.0</ele>
    </trkpt>
    <trkpt lat="45.88166" lon="9.36697">
        <ele>0.0</ele>
    </trkpt>
    <trkpt lat="45.88165" lon="9.36698">
        <ele>0.0</ele>
    </trkpt>
    <trkpt lat="45.88125" lon="9.36771">
        <ele>0.0</ele>
    </trkpt>
    <trkpt lat="45.88124" lon="9.36772">
        <ele>0.0</ele>
    </trkpt>
    <trkpt lat="45.88124" lon="9.36773">
        <ele>0.0</ele>
    </trkpt>
    <trkpt lat="45.8811" lon="9.36799">
        <ele>0.0</ele>
    </trkpt>
    <trkpt lat="45.88109" lon="9.36802">
        <ele>0.0</ele>
    </trkpt>
    <trkpt lat="45.88036" lon="9.36937">
        <ele>0.0</ele>
    </trkpt>
    <trkpt lat="45.88027" lon="9.36952">
        <ele>0.0</ele>
    </trkpt>
    <trkpt lat="45.88005" lon="9.36994">
        <ele>0.0</ele>
    </trkpt>
    <trkpt lat="45.87997" lon="9.37007">
        <ele>0.0</ele>
    </trkpt>
    <trkpt lat="45.87993" lon="9.37016">
        <ele>0.0</ele>
    </trkpt>
    <trkpt lat="45.87973" lon="9.37048">
        <ele>0.0</ele>
    </trkpt>
    <trkpt lat="45.87945" lon="9.37083">
        <ele>0.0</ele>
    </trkpt>
    <trkpt lat="45.87936" lon="9.37092">
        <ele>0.0</ele>
    </trkpt>
    <trkpt lat="45.87929" lon="9.37098">
        <ele>0.0</ele>
    </trkpt>
    <trkpt lat="45.87926" lon="9.37102">
        <ele>0.0</ele>
    </trkpt>
    <trkpt lat="45.87918" lon="9.3711">
        <ele>0.0</ele>
    </trkpt>
    <trkpt lat="45.879" lon="9.37132">
        <ele>0.0</ele>
    </trkpt>
    <trkpt lat="45.87878" lon="9.37169">
        <ele>0.0</ele>
    </trkpt>
    <trkpt lat="45.87875" lon="9.37173">
        <ele>0.0</ele>
    </trkpt>
    <trkpt lat="45.8787" lon="9.37184">
        <ele>0.0</ele>
    </trkpt>
    <trkpt lat="45.87868" lon="9.3719">
        <ele>0.0</ele>
    </trkpt>
    <trkpt lat="45.87865" lon="9.37196">
        <ele>0.0</ele>
    </trkpt>
    <trkpt lat="45.87854" lon="9.37224">
        <ele>0.0</ele>
    </trkpt>
    <trkpt lat="45.87849" lon="9.3724">
        <ele>0.0</ele>
    </trkpt>
    <trkpt lat="45.87849" lon="9.37242">
        <ele>0.0</ele>
    </trkpt>
    <trkpt lat="45.87839" lon="9.37288">
        <ele>0.0</ele>
    </trkpt>
    <trkpt lat="45.87829" lon="9.37376">
        <ele>0.0</ele>
    </trkpt>
    <trkpt lat="45.87826" lon="9.37417">
        <ele>0.0</ele>
    </trkpt>
    <trkpt lat="45.87819" lon="9.37477">
        <ele>0.0</ele>
    </trkpt>
    <trkpt lat="45.87814" lon="9.37509">
        <ele>0.0</ele>
    </trkpt>
    <trkpt lat="45.87811" lon="9.3752">
        <ele>0.0</ele>
    </trkpt>
    <trkpt lat="45.87806" lon="9.37549">
        <ele>0.0</ele>
    </trkpt>
    <trkpt lat="45.87788" lon="9.37625">
        <ele>0.0</ele>
    </trkpt>
    <trkpt lat="45.87754" lon="9.37732">
        <ele>0.0</ele>
    </trkpt>
    <trkpt lat="45.87736" lon="9.37779">
        <ele>0.0</ele>
    </trkpt>
    <trkpt lat="45.87689" lon="9.37881">
        <ele>0.0</ele>
    </trkpt>
    <trkpt lat="45.87678" lon="9.37902">
        <ele>0.0</ele>
    </trkpt>
    <trkpt lat="45.87666" lon="9.37922">
        <ele>0.0</ele>
    </trkpt>
    <trkpt lat="45.87663" lon="9.37928">
        <ele>0.0</ele>
    </trkpt>
    <trkpt lat="45.87642" lon="9.3796">
        <ele>0.0</ele>
    </trkpt>
    <trkpt lat="45.87632" lon="9.37973">
        <ele>0.0</ele>
    </trkpt>
    <trkpt lat="45.87603" lon="9.38015">
        <ele>0.0</ele>
    </trkpt>
    <trkpt lat="45.87561" lon="9.38064">
        <ele>0.0</ele>
    </trkpt>
    <trkpt lat="45.87517" lon="9.38111">
        <ele>0.0</ele>
    </trkpt>
    <trkpt lat="45.87486" lon="9.38141">
        <ele>0.0</ele>
    </trkpt>
    <trkpt lat="45.87454" lon="9.38167">
        <ele>0.0</ele>
    </trkpt>
    <trkpt lat="45.87327" lon="9.38257">
        <ele>0.0</ele>
    </trkpt>
    <trkpt lat="45.8728" lon="9.38287">
        <ele>0.0</ele>
    </trkpt>
    <trkpt lat="45.87154" lon="9.38379">
        <ele>0.0</ele>
    </trkpt>
    <trkpt lat="45.87152" lon="9.38381">
        <ele>0.0</ele>
    </trkpt>
    <trkpt lat="45.87121" lon="9.38405">
        <ele>0.0</ele>
    </trkpt>
    <trkpt lat="45.8712" lon="9.38405">
        <ele>0.0</ele>
    </trkpt>
    <trkpt lat="45.8702" lon="9.38477">
        <ele>0.0</ele>
    </trkpt>
    <trkpt lat="45.86958" lon="9.38519">
        <ele>0.0</ele>
    </trkpt>
    <trkpt lat="45.86943" lon="9.38531">
        <ele>0.0</ele>
    </trkpt>
    <trkpt lat="45.86934" lon="9.38537">
        <ele>0.0</ele>
    </trkpt>
    <trkpt lat="45.86927" lon="9.38543">
        <ele>0.0</ele>
    </trkpt>
    <trkpt lat="45.8679" lon="9.38642">
        <ele>0.0</ele>
    </trkpt>
    <trkpt lat="45.86707" lon="9.38714">
        <ele>0.0</ele>
    </trkpt>
    <trkpt lat="45.86601" lon="9.38812">
        <ele>0.0</ele>
    </trkpt>
    <trkpt lat="45.86601" lon="9.38813">
        <ele>0.0</ele>
    </trkpt>
    <trkpt lat="45.86586" lon="9.38826">
        <ele>0.0</ele>
    </trkpt>
    <trkpt lat="45.86586" lon="9.38827">
        <ele>0.0</ele>
    </trkpt>
    <trkpt lat="45.86435" lon="9.38965">
        <ele>0.0</ele>
    </trkpt>
    <trkpt lat="45.86434" lon="9.38965">
        <ele>0.0</ele>
    </trkpt>
    <trkpt lat="45.86407" lon="9.38991">
        <ele>0.0</ele>
    </trkpt>
    <trkpt lat="45.86404" lon="9.38993">
        <ele>0.0</ele>
    </trkpt>
    <trkpt lat="45.86401" lon="9.38997">
        <ele>0.0</ele>
    </trkpt>
    <trkpt lat="45.86389" lon="9.39007">
        <ele>0.0</ele>
    </trkpt>
    <trkpt lat="45.86329" lon="9.39063">
        <ele>0.0</ele>
    </trkpt>
    <trkpt lat="45.86317" lon="9.39073">
        <ele>0.0</ele>
    </trkpt>
    <trkpt lat="45.86314" lon="9.39077">
        <ele>0.0</ele>
    </trkpt>
    <trkpt lat="45.86298" lon="9.39091">
        <ele>0.0</ele>
    </trkpt>
    <trkpt lat="45.86175" lon="9.3921">
        <ele>0.0</ele>
    </trkpt>
    <trkpt lat="45.86139" lon="9.39251">
        <ele>0.0</ele>
    </trkpt>
    <trkpt lat="45.8606" lon="9.39351">
        <ele>0.0</ele>
    </trkpt>
    <trkpt lat="45.85951" lon="9.39519">
        <ele>0.0</ele>
    </trkpt>
    <trkpt lat="45.85947" lon="9.39524">
        <ele>0.0</ele>
    </trkpt>
    <trkpt lat="45.85875" lon="9.39639">
        <ele>0.0</ele>
    </trkpt>
    <trkpt lat="45.8585" lon="9.39673">
        <ele>0.0</ele>
    </trkpt>
    <trkpt lat="45.8584" lon="9.39683">
        <ele>0.0</ele>
    </trkpt>
    <trkpt lat="45.8584" lon="9.39684">
        <ele>0.0</ele>
    </trkpt>
    <trkpt lat="45.85825" lon="9.39699">
        <ele>0.0</ele>
    </trkpt>
    <trkpt lat="45.85809" lon="9.39712">
        <ele>0.0</ele>
    </trkpt>
    <trkpt lat="45.85765" lon="9.39737">
        <ele>0.0</ele>
    </trkpt>
    <trkpt lat="45.85761" lon="9.39738">
        <ele>0.0</ele>
    </trkpt>
    <trkpt lat="45.85752" lon="9.39742">
        <ele>0.0</ele>
    </trkpt>
    <trkpt lat="45.85751" lon="9.39742">
        <ele>0.0</ele>
    </trkpt>
    <trkpt lat="45.8572" lon="9.39749">
        <ele>0.0</ele>
    </trkpt>
    <trkpt lat="45.85699" lon="9.39755">
        <ele>0.0</ele>
    </trkpt>
    <trkpt lat="45.85688" lon="9.39759">
        <ele>0.0</ele>
    </trkpt>
    <trkpt lat="45.85672" lon="9.39763">
        <ele>0.0</ele>
    </trkpt>
    <trkpt lat="45.85661" lon="9.39767">
        <ele>0.0</ele>
    </trkpt>
    <trkpt lat="45.85648" lon="9.3977">
        <ele>0.0</ele>
    </trkpt>
    <trkpt lat="45.85643" lon="9.39772">
        <ele>0.0</ele>
    </trkpt>
    <trkpt lat="45.85627" lon="9.39784">
        <ele>0.0</ele>
    </trkpt>
    <trkpt lat="45.856" lon="9.398">
        <ele>0.0</ele>
    </trkpt>
    <trkpt lat="45.85594" lon="9.39805">
        <ele>0.0</ele>
    </trkpt>
    <trkpt lat="45.85563" lon="9.39827">
        <ele>0.0</ele>
    </trkpt>
    <trkpt lat="45.85507" lon="9.39878">
        <ele>0.0</ele>
    </trkpt>
    <trkpt lat="45.85504" lon="9.39879">
        <ele>0.0</ele>
    </trkpt>
    <trkpt lat="45.85498" lon="9.39886">
        <ele>0.0</ele>
    </trkpt>
    <trkpt lat="45.85473" lon="9.39903">
        <ele>0.0</ele>
    </trkpt>
    <trkpt lat="45.85473" lon="9.39904">
        <ele>0.0</ele>
    </trkpt>
    <trkpt lat="45.85456" lon="9.39914">
        <ele>0.0</ele>
    </trkpt>
    <trkpt lat="45.85429" lon="9.39926">
        <ele>0.0</ele>
    </trkpt>
    <trkpt lat="45.85398" lon="9.39933">
        <ele>0.0</ele>
    </trkpt>
    <trkpt lat="45.8538" lon="9.39936">
        <ele>0.0</ele>
    </trkpt>
    <trkpt lat="45.85373" lon="9.39938">
        <ele>0.0</ele>
    </trkpt>
    <trkpt lat="45.85344" lon="9.39943">
        <ele>0.0</ele>
    </trkpt>
    <trkpt lat="45.85342" lon="9.39944">
        <ele>0.0</ele>
    </trkpt>
    <trkpt lat="45.85327" lon="9.39948">
        <ele>0.0</ele>
    </trkpt>
    <trkpt lat="45.8531" lon="9.39955">
        <ele>0.0</ele>
    </trkpt>
    <trkpt lat="45.8531" lon="9.39956">
        <ele>0.0</ele>
    </trkpt>
    <trkpt lat="45.85276" lon="9.39974">
        <ele>0.0</ele>
    </trkpt>
    <trkpt lat="45.85276" lon="9.39975">
        <ele>0.0</ele>
    </trkpt>
    <trkpt lat="45.85267" lon="9.3998">
        <ele>0.0</ele>
    </trkpt>
    <trkpt lat="45.85244" lon="9.39999">
        <ele>0.0</ele>
    </trkpt>
    <trkpt lat="45.85219" lon="9.40026">
        <ele>0.0</ele>
    </trkpt>
    <trkpt lat="45.85112" lon="9.40155">
        <ele>0.0</ele>
    </trkpt>
    <trkpt lat="45.85101" lon="9.40166">
        <ele>0.0</ele>
    </trkpt>
    <trkpt lat="45.85075" lon="9.40189">
        <ele>0.0</ele>
    </trkpt>
    <trkpt lat="45.85054" lon="9.40211">
        <ele>0.0</ele>
    </trkpt>
    <trkpt lat="45.85015" lon="9.40244">
        <ele>0.0</ele>
    </trkpt>
    <trkpt lat="45.85004" lon="9.40252">
        <ele>0.0</ele>
    </trkpt>
    <trkpt lat="45.84997" lon="9.40259">
        <ele>0.0</ele>
    </trkpt>
    <trkpt lat="45.8496" lon="9.40289">
        <ele>0.0</ele>
    </trkpt>
    <trkpt lat="45.84916" lon="9.40316">
        <ele>0.0</ele>
    </trkpt>
    <trkpt lat="45.84858" lon="9.40362">
        <ele>0.0</ele>
    </trkpt>
    <trkpt lat="45.84817" lon="9.40397">
        <ele>0.0</ele>
    </trkpt>
    <trkpt lat="45.84794" lon="9.40415">
        <ele>0.0</ele>
    </trkpt>
    <trkpt lat="45.84786" lon="9.40419">
        <ele>0.0</ele>
    </trkpt>
    <trkpt lat="45.84783" lon="9.40421">
        <ele>0.0</ele>
    </trkpt>
    <trkpt lat="45.84782" lon="9.40422">
        <ele>0.0</ele>
    </trkpt>
    <trkpt lat="45.84748" lon="9.40437">
        <ele>0.0</ele>
    </trkpt>
    <trkpt lat="45.8473" lon="9.40443">
        <ele>0.0</ele>
    </trkpt>
    <trkpt lat="45.84709" lon="9.40452">
        <ele>0.0</ele>
    </trkpt>
    <trkpt lat="45.84708" lon="9.40452">
        <ele>0.0</ele>
    </trkpt>
    <trkpt lat="45.84601" lon="9.4049">
        <ele>0.0</ele>
    </trkpt>
    <trkpt lat="45.84502" lon="9.40533">
        <ele>0.0</ele>
    </trkpt>
    <trkpt lat="45.84491" lon="9.40537">
        <ele>0.0</ele>
    </trkpt>
    <trkpt lat="45.84487" lon="9.40538">
        <ele>0.0</ele>
    </trkpt>
    <trkpt lat="45.84471" lon="9.40545">
        <ele>0.0</ele>
    </trkpt>
    <trkpt lat="45.84464" lon="9.40546">
        <ele>0.0</ele>
    </trkpt>
    <trkpt lat="45.84458" lon="9.40548">
        <ele>0.0</ele>
    </trkpt>
    <trkpt lat="45.84456" lon="9.40548">
        <ele>0.0</ele>
    </trkpt>
    <trkpt lat="45.84453" lon="9.40549">
        <ele>0.0</ele>
    </trkpt>
    <trkpt lat="45.84438" lon="9.40551">
        <ele>0.0</ele>
    </trkpt>
    <trkpt lat="45.84419" lon="9.40551">
        <ele>0.0</ele>
    </trkpt>
    <trkpt lat="45.84411" lon="9.4055">
        <ele>0.0</ele>
    </trkpt>
    <trkpt lat="45.84402" lon="9.40548">
        <ele>0.0</ele>
    </trkpt>
    <trkpt lat="45.844" lon="9.40548">
        <ele>0.0</ele>
    </trkpt>
    <trkpt lat="45.84384" lon="9.40544">
        <ele>0.0</ele>
    </trkpt>
    <trkpt lat="45.84306" lon="9.40517">
        <ele>0.0</ele>
    </trkpt>
    <trkpt lat="45.84299" lon="9.40514">
        <ele>0.0</ele>
    </trkpt>
    <trkpt lat="45.84297" lon="9.40514">
        <ele>0.0</ele>
    </trkpt>
    <trkpt lat="45.84266" lon="9.40502">
        <ele>0.0</ele>
    </trkpt>
    <trkpt lat="45.84253" lon="9.40498">
        <ele>0.0</ele>
    </trkpt>
    <trkpt lat="45.84248" lon="9.40497">
        <ele>0.0</ele>
    </trkpt>
    <trkpt lat="45.84247" lon="9.40497">
        <ele>0.0</ele>
    </trkpt>
    <trkpt lat="45.84243" lon="9.40496">
        <ele>0.0</ele>
    </trkpt>
    <trkpt lat="45.84186" lon="9.40489">
        <ele>0.0</ele>
    </trkpt>
    <trkpt lat="45.84179" lon="9.40489">
        <ele>0.0</ele>
    </trkpt>
    <trkpt lat="45.84115" lon="9.40482">
        <ele>0.0</ele>
    </trkpt>
    <trkpt lat="45.84113" lon="9.40481">
        <ele>0.0</ele>
    </trkpt>
    <trkpt lat="45.84097" lon="9.40479">
        <ele>0.0</ele>
    </trkpt>
    <trkpt lat="45.84075" lon="9.40475">
        <ele>0.0</ele>
    </trkpt>
    <trkpt lat="45.84068" lon="9.40473">
        <ele>0.0</ele>
    </trkpt>
    <trkpt lat="45.84059" lon="9.40469">
        <ele>0.0</ele>
    </trkpt>
    <trkpt lat="45.84046" lon="9.40462">
        <ele>0.0</ele>
    </trkpt>
    <trkpt lat="45.84027" lon="9.4045">
        <ele>0.0</ele>
    </trkpt>
    <trkpt lat="45.84025" lon="9.40448">
        <ele>0.0</ele>
    </trkpt>
    <trkpt lat="45.84015" lon="9.40441">
        <ele>0.0</ele>
    </trkpt>
    <trkpt lat="45.83986" lon="9.40409">
        <ele>0.0</ele>
    </trkpt>
    <trkpt lat="45.83979" lon="9.404">
        <ele>0.0</ele>
    </trkpt>
    <trkpt lat="45.83968" lon="9.40382">
        <ele>0.0</ele>
    </trkpt>
    <trkpt lat="45.83968" lon="9.40381">
        <ele>0.0</ele>
    </trkpt>
    <trkpt lat="45.83959" lon="9.40365">
        <ele>0.0</ele>
    </trkpt>
    <trkpt lat="45.83951" lon="9.40347">
        <ele>0.0</ele>
    </trkpt>
    <trkpt lat="45.83943" lon="9.40324">
        <ele>0.0</ele>
    </trkpt>
    <trkpt lat="45.83932" lon="9.40284">
        <ele>0.0</ele>
    </trkpt>
    <trkpt lat="45.83877" lon="9.39832">
        <ele>0.0</ele>
    </trkpt>
    <trkpt lat="45.83872" lon="9.39803">
        <ele>0.0</ele>
    </trkpt>
    <trkpt lat="45.83868" lon="9.39765">
        <ele>0.0</ele>
    </trkpt>
    <trkpt lat="45.83866" lon="9.39756">
        <ele>0.0</ele>
    </trkpt>
    <trkpt lat="45.83859" lon="9.39675">
        <ele>0.0</ele>
    </trkpt>
    <trkpt lat="45.83858" lon="9.39648">
        <ele>0.0</ele>
    </trkpt>
    <trkpt lat="45.83857" lon="9.39642">
        <ele>0.0</ele>
    </trkpt>
    <trkpt lat="45.83855" lon="9.39555">
        <ele>0.0</ele>
    </trkpt>
    <trkpt lat="45.83854" lon="9.39543">
        <ele>0.0</ele>
    </trkpt>
    <trkpt lat="45.83854" lon="9.39469">
        <ele>0.0</ele>
    </trkpt>
    <trkpt lat="45.83856" lon="9.39421">
        <ele>0.0</ele>
    </trkpt>
    <trkpt lat="45.8386" lon="9.39379">
        <ele>0.0</ele>
    </trkpt>
    <trkpt lat="45.83884" lon="9.39223">
        <ele>0.0</ele>
    </trkpt>
    <trkpt lat="45.83896" lon="9.39158">
        <ele>0.0</ele>
    </trkpt>
    <trkpt lat="45.83922" lon="9.38992">
        <ele>0.0</ele>
    </trkpt>
    <trkpt lat="45.83927" lon="9.38948">
        <ele>0.0</ele>
    </trkpt>
    <trkpt lat="45.83933" lon="9.38846">
        <ele>0.0</ele>
    </trkpt>
    <trkpt lat="45.83936" lon="9.38756">
        <ele>0.0</ele>
    </trkpt>
    <trkpt lat="45.83934" lon="9.38561">
        <ele>0.0</ele>
    </trkpt>
    <trkpt lat="45.83928" lon="9.38493">
        <ele>0.0</ele>
    </trkpt>
    <trkpt lat="45.83919" lon="9.38428">
        <ele>0.0</ele>
    </trkpt>
    <trkpt lat="45.83895" lon="9.38293">
        <ele>0.0</ele>
    </trkpt>
    <trkpt lat="45.83869" lon="9.38197">
        <ele>0.0</ele>
    </trkpt>
    <trkpt lat="45.83869" lon="9.38196">
        <ele>0.0</ele>
    </trkpt>
    <trkpt lat="45.83844" lon="9.381">
        <ele>0.0</ele>
    </trkpt>
    <trkpt lat="45.83697" lon="9.37641">
        <ele>0.0</ele>
    </trkpt>
    <trkpt lat="45.83678" lon="9.37555">
        <ele>0.0</ele>
    </trkpt>
    <trkpt lat="45.83651" lon="9.37456">
        <ele>0.0</ele>
    </trkpt>
    <trkpt lat="45.83568" lon="9.37183">
        <ele>0.0</ele>
    </trkpt>
    <trkpt lat="45.835" lon="9.36978">
        <ele>0.0</ele>
    </trkpt>
    <trkpt lat="45.83328" lon="9.36424">
        <ele>0.0</ele>
    </trkpt>
    <trkpt lat="45.83328" lon="9.36423">
        <ele>0.0</ele>
    </trkpt>
    <trkpt lat="45.83314" lon="9.36377">
        <ele>0.0</ele>
    </trkpt>
    <trkpt lat="45.83305" lon="9.36354">
        <ele>0.0</ele>
    </trkpt>
    <trkpt lat="45.83225" lon="9.36088">
        <ele>0.0</ele>
    </trkpt>
    <trkpt lat="45.83217" lon="9.36065">
        <ele>0.0</ele>
    </trkpt>
    <trkpt lat="45.83217" lon="9.36064">
        <ele>0.0</ele>
    </trkpt>
    <trkpt lat="45.83122" lon="9.3576">
        <ele>0.0</ele>
    </trkpt>
    <trkpt lat="45.83098" lon="9.35689">
        <ele>0.0</ele>
    </trkpt>
    <trkpt lat="45.8305" lon="9.35562">
        <ele>0.0</ele>
    </trkpt>
    <trkpt lat="45.83021" lon="9.35498">
        <ele>0.0</ele>
    </trkpt>
    <trkpt lat="45.83012" lon="9.35481">
        <ele>0.0</ele>
    </trkpt>
    <trkpt lat="45.83" lon="9.35455">
        <ele>0.0</ele>
    </trkpt>
    <trkpt lat="45.82997" lon="9.35451">
        <ele>0.0</ele>
    </trkpt>
    <trkpt lat="45.82968" lon="9.35396">
        <ele>0.0</ele>
    </trkpt>
    <trkpt lat="45.82965" lon="9.35392">
        <ele>0.0</ele>
    </trkpt>
    <trkpt lat="45.82957" lon="9.35378">
        <ele>0.0</ele>
    </trkpt>
    <trkpt lat="45.82927" lon="9.35332">
        <ele>0.0</ele>
    </trkpt>
    <trkpt lat="45.82894" lon="9.35287">
        <ele>0.0</ele>
    </trkpt>
    <trkpt lat="45.82864" lon="9.3525">
        <ele>0.0</ele>
    </trkpt>
    <trkpt lat="45.82804" lon="9.35184">
        <ele>0.0</ele>
    </trkpt>
    <trkpt lat="45.82757" lon="9.35139">
        <ele>0.0</ele>
    </trkpt>
    <trkpt lat="45.82715" lon="9.35103">
        <ele>0.0</ele>
    </trkpt>
    <trkpt lat="45.82713" lon="9.35102">
        <ele>0.0</ele>
    </trkpt>
    <trkpt lat="45.82581" lon="9.34992">
        <ele>0.0</ele>
    </trkpt>
    <trkpt lat="45.82554" lon="9.34965">
        <ele>0.0</ele>
    </trkpt>
    <trkpt lat="45.82515" lon="9.34916">
        <ele>0.0</ele>
    </trkpt>
    <trkpt lat="45.82502" lon="9.34896">
        <ele>0.0</ele>
    </trkpt>
    <trkpt lat="45.82491" lon="9.34877">
        <ele>0.0</ele>
    </trkpt>
    <trkpt lat="45.82474" lon="9.34841">
        <ele>0.0</ele>
    </trkpt>
    <trkpt lat="45.82468" lon="9.34825">
        <ele>0.0</ele>
    </trkpt>
    <trkpt lat="45.82467" lon="9.34821">
        <ele>0.0</ele>
    </trkpt>
    <trkpt lat="45.82459" lon="9.348">
        <ele>0.0</ele>
    </trkpt>
    <trkpt lat="45.82446" lon="9.34747">
        <ele>0.0</ele>
    </trkpt>
    <trkpt lat="45.8244" lon="9.34708">
        <ele>0.0</ele>
    </trkpt>
    <trkpt lat="45.82435" lon="9.34641">
        <ele>0.0</ele>
    </trkpt>
    <trkpt lat="45.82435" lon="9.34591">
        <ele>0.0</ele>
    </trkpt>
    <trkpt lat="45.82462" lon="9.34128">
        <ele>0.0</ele>
    </trkpt>
    <trkpt lat="45.82463" lon="9.34121">
        <ele>0.0</ele>
    </trkpt>
    <trkpt lat="45.82474" lon="9.33924">
        <ele>0.0</ele>
    </trkpt>
    <trkpt lat="45.82474" lon="9.339">
        <ele>0.0</ele>
    </trkpt>
    <trkpt lat="45.82463" lon="9.33671">
        <ele>0.0</ele>
    </trkpt>
    <trkpt lat="45.82461" lon="9.33589">
        <ele>0.0</ele>
    </trkpt>
    <trkpt lat="45.82461" lon="9.33434">
        <ele>0.0</ele>
    </trkpt>
    <trkpt lat="45.8246" lon="9.33432">
        <ele>0.0</ele>
    </trkpt>
    <trkpt lat="45.82458" lon="9.33307">
        <ele>0.0</ele>
    </trkpt>
    <trkpt lat="45.82439" lon="9.33061">
        <ele>0.0</ele>
    </trkpt>
    <trkpt lat="45.82433" lon="9.33007">
        <ele>0.0</ele>
    </trkpt>
    <trkpt lat="45.82429" lon="9.32948">
        <ele>0.0</ele>
    </trkpt>
    <trkpt lat="45.82416" lon="9.3281">
        <ele>0.0</ele>
    </trkpt>
    <trkpt lat="45.82416" lon="9.32803">
        <ele>0.0</ele>
    </trkpt>
    <trkpt lat="45.82413" lon="9.32778">
        <ele>0.0</ele>
    </trkpt>
    <trkpt lat="45.82406" lon="9.32738">
        <ele>0.0</ele>
    </trkpt>
    <trkpt lat="45.8239" lon="9.32675">
        <ele>0.0</ele>
    </trkpt>
    <trkpt lat="45.8239" lon="9.32673">
        <ele>0.0</ele>
    </trkpt>
    <trkpt lat="45.82377" lon="9.32633">
        <ele>0.0</ele>
    </trkpt>
    <trkpt lat="45.82362" lon="9.32598">
        <ele>0.0</ele>
    </trkpt>
    <trkpt lat="45.82342" lon="9.3256">
        <ele>0.0</ele>
    </trkpt>
    <trkpt lat="45.82325" lon="9.32531">
        <ele>0.0</ele>
    </trkpt>
    <trkpt lat="45.82311" lon="9.3251">
        <ele>0.0</ele>
    </trkpt>
    <trkpt lat="45.82307" lon="9.32505">
        <ele>0.0</ele>
    </trkpt>
    <trkpt lat="45.82302" lon="9.32497">
        <ele>0.0</ele>
    </trkpt>
    <trkpt lat="45.82294" lon="9.32487">
        <ele>0.0</ele>
    </trkpt>
    <trkpt lat="45.82265" lon="9.32455">
        <ele>0.0</ele>
    </trkpt>
    <trkpt lat="45.82241" lon="9.32433">
        <ele>0.0</ele>
    </trkpt>
    <trkpt lat="45.82226" lon="9.32422">
        <ele>0.0</ele>
    </trkpt>
    <trkpt lat="45.82181" lon="9.32393">
        <ele>0.0</ele>
    </trkpt>
    <trkpt lat="45.82078" lon="9.32337">
        <ele>0.0</ele>
    </trkpt>
    <trkpt lat="45.82071" lon="9.32334">
        <ele>0.0</ele>
    </trkpt>
    <trkpt lat="45.8202" lon="9.32306">
        <ele>0.0</ele>
    </trkpt>
    <trkpt lat="45.82019" lon="9.32305">
        <ele>0.0</ele>
    </trkpt>
    <trkpt lat="45.81532" lon="9.32041">
        <ele>0.0</ele>
    </trkpt>
    <trkpt lat="45.81525" lon="9.32036">
        <ele>0.0</ele>
    </trkpt>
    <trkpt lat="45.81499" lon="9.32021">
        <ele>0.0</ele>
    </trkpt>
    <trkpt lat="45.81449" lon="9.31987">
        <ele>0.0</ele>
    </trkpt>
    <trkpt lat="45.81398" lon="9.31948">
        <ele>0.0</ele>
    </trkpt>
    <trkpt lat="45.81387" lon="9.31938">
        <ele>0.0</ele>
    </trkpt>
    <trkpt lat="45.81384" lon="9.31936">
        <ele>0.0</ele>
    </trkpt>
    <trkpt lat="45.81348" lon="9.31906">
        <ele>0.0</ele>
    </trkpt>
    <trkpt lat="45.81348" lon="9.31905">
        <ele>0.0</ele>
    </trkpt>
    <trkpt lat="45.81324" lon="9.31884">
        <ele>0.0</ele>
    </trkpt>
    <trkpt lat="45.81316" lon="9.31878">
        <ele>0.0</ele>
    </trkpt>
    <trkpt lat="45.81109" lon="9.31696">
        <ele>0.0</ele>
    </trkpt>
    <trkpt lat="45.81103" lon="9.31692">
        <ele>0.0</ele>
    </trkpt>
    <trkpt lat="45.81101" lon="9.31689">
        <ele>0.0</ele>
    </trkpt>
    <trkpt lat="45.80835" lon="9.31458">
        <ele>0.0</ele>
    </trkpt>
    <trkpt lat="45.80829" lon="9.31452">
        <ele>0.0</ele>
    </trkpt>
    <trkpt lat="45.80828" lon="9.31452">
        <ele>0.0</ele>
    </trkpt>
    <trkpt lat="45.80825" lon="9.31449">
        <ele>0.0</ele>
    </trkpt>
    <trkpt lat="45.80823" lon="9.31448">
        <ele>0.0</ele>
    </trkpt>
    <trkpt lat="45.80766" lon="9.31397">
        <ele>0.0</ele>
    </trkpt>
    <trkpt lat="45.80743" lon="9.31378">
        <ele>0.0</ele>
    </trkpt>
    <trkpt lat="45.8058" lon="9.31229">
        <ele>0.0</ele>
    </trkpt>
    <trkpt lat="45.80553" lon="9.31202">
        <ele>0.0</ele>
    </trkpt>
    <trkpt lat="45.80549" lon="9.31199">
        <ele>0.0</ele>
    </trkpt>
    <trkpt lat="45.80324" lon="9.30985">
        <ele>0.0</ele>
    </trkpt>
    <trkpt lat="45.80266" lon="9.30925">
        <ele>0.0</ele>
    </trkpt>
    <trkpt lat="45.80094" lon="9.30759">
        <ele>0.0</ele>
    </trkpt>
    <trkpt lat="45.80088" lon="9.30754">
        <ele>0.0</ele>
    </trkpt>
    <trkpt lat="45.79992" lon="9.30663">
        <ele>0.0</ele>
    </trkpt>
    <trkpt lat="45.79911" lon="9.3059">
        <ele>0.0</ele>
    </trkpt>
    <trkpt lat="45.79746" lon="9.30432">
        <ele>0.0</ele>
    </trkpt>
    <trkpt lat="45.7974" lon="9.30427">
        <ele>0.0</ele>
    </trkpt>
    <trkpt lat="45.79405" lon="9.30106">
        <ele>0.0</ele>
    </trkpt>
    <trkpt lat="45.79377" lon="9.30081">
        <ele>0.0</ele>
    </trkpt>
    <trkpt lat="45.79373" lon="9.30078">
        <ele>0.0</ele>
    </trkpt>
    <trkpt lat="45.79327" lon="9.30036">
        <ele>0.0</ele>
    </trkpt>
    <trkpt lat="45.79268" lon="9.29988">
        <ele>0.0</ele>
    </trkpt>
    <trkpt lat="45.79241" lon="9.2997">
        <ele>0.0</ele>
    </trkpt>
    <trkpt lat="45.79236" lon="9.29966">
        <ele>0.0</ele>
    </trkpt>
    <trkpt lat="45.78658" lon="9.2958">
        <ele>0.0</ele>
    </trkpt>
    <trkpt lat="45.7853" lon="9.29498">
        <ele>0.0</ele>
    </trkpt>
    <trkpt lat="45.78528" lon="9.29496">
        <ele>0.0</ele>
    </trkpt>
    <trkpt lat="45.78459" lon="9.29452">
        <ele>0.0</ele>
    </trkpt>
    <trkpt lat="45.78397" lon="9.29403">
        <ele>0.0</ele>
    </trkpt>
    <trkpt lat="45.7836" lon="9.29379">
        <ele>0.0</ele>
    </trkpt>
    <trkpt lat="45.78352" lon="9.29373">
        <ele>0.0</ele>
    </trkpt>
    <trkpt lat="45.78311" lon="9.29347">
        <ele>0.0</ele>
    </trkpt>
    <trkpt lat="45.78308" lon="9.29344">
        <ele>0.0</ele>
    </trkpt>
    <trkpt lat="45.78279" lon="9.29325">
        <ele>0.0</ele>
    </trkpt>
    <trkpt lat="45.78278" lon="9.29324">
        <ele>0.0</ele>
    </trkpt>
    <trkpt lat="45.78209" lon="9.29279">
        <ele>0.0</ele>
    </trkpt>
    <trkpt lat="45.782" lon="9.29272">
        <ele>0.0</ele>
    </trkpt>
    <trkpt lat="45.78106" lon="9.2921">
        <ele>0.0</ele>
    </trkpt>
    <trkpt lat="45.78102" lon="9.29208">
        <ele>0.0</ele>
    </trkpt>
    <trkpt lat="45.78086" lon="9.29197">
        <ele>0.0</ele>
    </trkpt>
    <trkpt lat="45.78077" lon="9.29192">
        <ele>0.0</ele>
    </trkpt>
    <trkpt lat="45.78" lon="9.29141">
        <ele>0.0</ele>
    </trkpt>
    <trkpt lat="45.77992" lon="9.29135">
        <ele>0.0</ele>
    </trkpt>
    <trkpt lat="45.7798" lon="9.29128">
        <ele>0.0</ele>
    </trkpt>
    <trkpt lat="45.77864" lon="9.2905">
        <ele>0.0</ele>
    </trkpt>
    <trkpt lat="45.77858" lon="9.29045">
        <ele>0.0</ele>
    </trkpt>
    <trkpt lat="45.77857" lon="9.29045">
        <ele>0.0</ele>
    </trkpt>
    <trkpt lat="45.7773" lon="9.28961">
        <ele>0.0</ele>
    </trkpt>
    <trkpt lat="45.77721" lon="9.28954">
        <ele>0.0</ele>
    </trkpt>
    <trkpt lat="45.7771" lon="9.28947">
        <ele>0.0</ele>
    </trkpt>
    <trkpt lat="45.77709" lon="9.28947">
        <ele>0.0</ele>
    </trkpt>
    <trkpt lat="45.77632" lon="9.28896">
        <ele>0.0</ele>
    </trkpt>
    <trkpt lat="45.77584" lon="9.28871">
        <ele>0.0</ele>
    </trkpt>
    <trkpt lat="45.77528" lon="9.28849">
        <ele>0.0</ele>
    </trkpt>
    <trkpt lat="45.77499" lon="9.28841">
        <ele>0.0</ele>
    </trkpt>
    <trkpt lat="45.77464" lon="9.28834">
        <ele>0.0</ele>
    </trkpt>
    <trkpt lat="45.77423" lon="9.28829">
        <ele>0.0</ele>
    </trkpt>
    <trkpt lat="45.77414" lon="9.28829">
        <ele>0.0</ele>
    </trkpt>
    <trkpt lat="45.7727" lon="9.28819">
        <ele>0.0</ele>
    </trkpt>
    <trkpt lat="45.77263" lon="9.28819">
        <ele>0.0</ele>
    </trkpt>
    <trkpt lat="45.77064" lon="9.28806">
        <ele>0.0</ele>
    </trkpt>
    <trkpt lat="45.77057" lon="9.28805">
        <ele>0.0</ele>
    </trkpt>
    <trkpt lat="45.77042" lon="9.28805">
        <ele>0.0</ele>
    </trkpt>
    <trkpt lat="45.76969" lon="9.288">
        <ele>0.0</ele>
    </trkpt>
    <trkpt lat="45.76966" lon="9.28799">
        <ele>0.0</ele>
    </trkpt>
    <trkpt lat="45.76949" lon="9.28799">
        <ele>0.0</ele>
    </trkpt>
    <trkpt lat="45.76883" lon="9.28795">
        <ele>0.0</ele>
    </trkpt>
    <trkpt lat="45.76865" lon="9.28793">
        <ele>0.0</ele>
    </trkpt>
    <trkpt lat="45.76595" lon="9.28776">
        <ele>0.0</ele>
    </trkpt>
    <trkpt lat="45.76578" lon="9.28776">
        <ele>0.0</ele>
    </trkpt>
    <trkpt lat="45.76524" lon="9.28771">
        <ele>0.0</ele>
    </trkpt>
    <trkpt lat="45.76503" lon="9.28767">
        <ele>0.0</ele>
    </trkpt>
    <trkpt lat="45.76484" lon="9.28762">
        <ele>0.0</ele>
    </trkpt>
    <trkpt lat="45.76431" lon="9.28741">
        <ele>0.0</ele>
    </trkpt>
    <trkpt lat="45.76412" lon="9.28732">
        <ele>0.0</ele>
    </trkpt>
    <trkpt lat="45.76393" lon="9.28721">
        <ele>0.0</ele>
    </trkpt>
    <trkpt lat="45.76379" lon="9.28711">
        <ele>0.0</ele>
    </trkpt>
    <trkpt lat="45.76377" lon="9.2871">
        <ele>0.0</ele>
    </trkpt>
    <trkpt lat="45.76352" lon="9.28691">
        <ele>0.0</ele>
    </trkpt>
    <trkpt lat="45.76345" lon="9.28684">
        <ele>0.0</ele>
    </trkpt>
    <trkpt lat="45.76332" lon="9.28673">
        <ele>0.0</ele>
    </trkpt>
    <trkpt lat="45.76296" lon="9.28635">
        <ele>0.0</ele>
    </trkpt>
    <trkpt lat="45.76261" lon="9.28591">
        <ele>0.0</ele>
    </trkpt>
    <trkpt lat="45.76248" lon="9.28572">
        <ele>0.0</ele>
    </trkpt>
    <trkpt lat="45.76219" lon="9.28522">
        <ele>0.0</ele>
    </trkpt>
    <trkpt lat="45.76202" lon="9.28488">
        <ele>0.0</ele>
    </trkpt>
    <trkpt lat="45.76008" lon="9.28024">
        <ele>0.0</ele>
    </trkpt>
    <trkpt lat="45.76007" lon="9.2802">
        <ele>0.0</ele>
    </trkpt>
    <trkpt lat="45.76006" lon="9.28018">
        <ele>0.0</ele>
    </trkpt>
    <trkpt lat="45.76004" lon="9.28016">
        <ele>0.0</ele>
    </trkpt>
    <trkpt lat="45.75999" lon="9.28001">
        <ele>0.0</ele>
    </trkpt>
    <trkpt lat="45.75996" lon="9.27995">
        <ele>0.0</ele>
    </trkpt>
    <trkpt lat="45.75936" lon="9.27852">
        <ele>0.0</ele>
    </trkpt>
    <trkpt lat="45.75935" lon="9.27848">
        <ele>0.0</ele>
    </trkpt>
    <trkpt lat="45.75882" lon="9.27726">
        <ele>0.0</ele>
    </trkpt>
    <trkpt lat="45.75879" lon="9.27717">
        <ele>0.0</ele>
    </trkpt>
    <trkpt lat="45.75875" lon="9.27708">
        <ele>0.0</ele>
    </trkpt>
    <trkpt lat="45.75851" lon="9.27664">
        <ele>0.0</ele>
    </trkpt>
    <trkpt lat="45.75823" lon="9.27617">
        <ele>0.0</ele>
    </trkpt>
    <trkpt lat="45.75781" lon="9.27554">
        <ele>0.0</ele>
    </trkpt>
    <trkpt lat="45.75697" lon="9.27412">
        <ele>0.0</ele>
    </trkpt>
    <trkpt lat="45.75615" lon="9.27291">
        <ele>0.0</ele>
    </trkpt>
    <trkpt lat="45.75604" lon="9.27272">
        <ele>0.0</ele>
    </trkpt>
    <trkpt lat="45.75594" lon="9.27257">
        <ele>0.0</ele>
    </trkpt>
    <trkpt lat="45.75589" lon="9.27251">
        <ele>0.0</ele>
    </trkpt>
    <trkpt lat="45.75585" lon="9.27244">
        <ele>0.0</ele>
    </trkpt>
    <trkpt lat="45.75565" lon="9.27215">
        <ele>0.0</ele>
    </trkpt>
    <trkpt lat="45.75557" lon="9.27205">
        <ele>0.0</ele>
    </trkpt>
    <trkpt lat="45.75553" lon="9.27198">
        <ele>0.0</ele>
    </trkpt>
    <trkpt lat="45.75551" lon="9.27196">
        <ele>0.0</ele>
    </trkpt>
    <trkpt lat="45.75504" lon="9.27134">
        <ele>0.0</ele>
    </trkpt>
    <trkpt lat="45.75491" lon="9.27115">
        <ele>0.0</ele>
    </trkpt>
    <trkpt lat="45.75471" lon="9.27089">
        <ele>0.0</ele>
    </trkpt>
    <trkpt lat="45.7531" lon="9.26844">
        <ele>0.0</ele>
    </trkpt>
    <trkpt lat="45.75207" lon="9.26693">
        <ele>0.0</ele>
    </trkpt>
    <trkpt lat="45.75189" lon="9.26669">
        <ele>0.0</ele>
    </trkpt>
    <trkpt lat="45.75186" lon="9.26664">
        <ele>0.0</ele>
    </trkpt>
    <trkpt lat="45.75098" lon="9.26557">
        <ele>0.0</ele>
    </trkpt>
    <trkpt lat="45.75081" lon="9.26539">
        <ele>0.0</ele>
    </trkpt>
    <trkpt lat="45.75071" lon="9.26527">
        <ele>0.0</ele>
    </trkpt>
    <trkpt lat="45.75044" lon="9.26499">
        <ele>0.0</ele>
    </trkpt>
    <trkpt lat="45.74414" lon="9.25796">
        <ele>0.0</ele>
    </trkpt>
    <trkpt lat="45.74414" lon="9.25795">
        <ele>0.0</ele>
    </trkpt>
    <trkpt lat="45.74361" lon="9.25736">
        <ele>0.0</ele>
    </trkpt>
    <trkpt lat="45.74359" lon="9.25733">
        <ele>0.0</ele>
    </trkpt>
    <trkpt lat="45.74326" lon="9.25698">
        <ele>0.0</ele>
    </trkpt>
    <trkpt lat="45.74314" lon="9.25683">
        <ele>0.0</ele>
    </trkpt>
    <trkpt lat="45.7409" lon="9.25433">
        <ele>0.0</ele>
    </trkpt>
    <trkpt lat="45.74066" lon="9.25408">
        <ele>0.0</ele>
    </trkpt>
    <trkpt lat="45.73789" lon="9.25098">
        <ele>0.0</ele>
    </trkpt>
    <trkpt lat="45.73789" lon="9.25097">
        <ele>0.0</ele>
    </trkpt>
    <trkpt lat="45.73786" lon="9.25095">
        <ele>0.0</ele>
    </trkpt>
    <trkpt lat="45.73779" lon="9.25086">
        <ele>0.0</ele>
    </trkpt>
    <trkpt lat="45.73757" lon="9.25063">
        <ele>0.0</ele>
    </trkpt>
    <trkpt lat="45.73753" lon="9.25058">
        <ele>0.0</ele>
    </trkpt>
    <trkpt lat="45.73751" lon="9.25057">
        <ele>0.0</ele>
    </trkpt>
    <trkpt lat="45.73737" lon="9.25041">
        <ele>0.0</ele>
    </trkpt>
    <trkpt lat="45.73702" lon="9.25011">
        <ele>0.0</ele>
    </trkpt>
    <trkpt lat="45.73701" lon="9.25009">
        <ele>0.0</ele>
    </trkpt>
    <trkpt lat="45.73696" lon="9.25006">
        <ele>0.0</ele>
    </trkpt>
    <trkpt lat="45.73679" lon="9.24993">
        <ele>0.0</ele>
    </trkpt>
    <trkpt lat="45.73664" lon="9.24984">
        <ele>0.0</ele>
    </trkpt>
    <trkpt lat="45.73613" lon="9.24959">
        <ele>0.0</ele>
    </trkpt>
    <trkpt lat="45.73589" lon="9.24953">
        <ele>0.0</ele>
    </trkpt>
    <trkpt lat="45.73582" lon="9.2495">
        <ele>0.0</ele>
    </trkpt>
    <trkpt lat="45.73573" lon="9.24947">
        <ele>0.0</ele>
    </trkpt>
    <trkpt lat="45.7356" lon="9.24944">
        <ele>0.0</ele>
    </trkpt>
    <trkpt lat="45.73544" lon="9.24944">
        <ele>0.0</ele>
    </trkpt>
    <trkpt lat="45.73332" lon="9.24913">
        <ele>0.0</ele>
    </trkpt>
    <trkpt lat="45.73319" lon="9.24912">
        <ele>0.0</ele>
    </trkpt>
    <trkpt lat="45.73045" lon="9.24873">
        <ele>0.0</ele>
    </trkpt>
    <trkpt lat="45.72993" lon="9.24864">
        <ele>0.0</ele>
    </trkpt>
    <trkpt lat="45.72977" lon="9.2486">
        <ele>0.0</ele>
    </trkpt>
    <trkpt lat="45.72943" lon="9.24847">
        <ele>0.0</ele>
    </trkpt>
    <trkpt lat="45.72921" lon="9.24836">
        <ele>0.0</ele>
    </trkpt>
    <trkpt lat="45.72897" lon="9.24821">
        <ele>0.0</ele>
    </trkpt>
    <trkpt lat="45.72883" lon="9.2481">
        <ele>0.0</ele>
    </trkpt>
    <trkpt lat="45.72878" lon="9.24805">
        <ele>0.0</ele>
    </trkpt>
    <trkpt lat="45.72849" lon="9.2478">
        <ele>0.0</ele>
    </trkpt>
    <trkpt lat="45.72814" lon="9.24744">
        <ele>0.0</ele>
    </trkpt>
    <trkpt lat="45.72759" lon="9.24691">
        <ele>0.0</ele>
    </trkpt>
    <trkpt lat="45.72753" lon="9.24684">
        <ele>0.0</ele>
    </trkpt>
    <trkpt lat="45.72649" lon="9.24581">
        <ele>0.0</ele>
    </trkpt>
    <trkpt lat="45.72645" lon="9.24578">
        <ele>0.0</ele>
    </trkpt>
    <trkpt lat="45.7261" lon="9.24543">
        <ele>0.0</ele>
    </trkpt>
    <trkpt lat="45.72609" lon="9.24543">
        <ele>0.0</ele>
    </trkpt>
    <trkpt lat="45.72406" lon="9.24339">
        <ele>0.0</ele>
    </trkpt>
    <trkpt lat="45.7239" lon="9.24321">
        <ele>0.0</ele>
    </trkpt>
    <trkpt lat="45.72368" lon="9.24292">
        <ele>0.0</ele>
    </trkpt>
    <trkpt lat="45.72332" lon="9.24236">
        <ele>0.0</ele>
    </trkpt>
    <trkpt lat="45.72274" lon="9.24127">
        <ele>0.0</ele>
    </trkpt>
    <trkpt lat="45.72273" lon="9.24126">
        <ele>0.0</ele>
    </trkpt>
    <trkpt lat="45.72065" lon="9.23735">
        <ele>0.0</ele>
    </trkpt>
    <trkpt lat="45.72062" lon="9.23731">
        <ele>0.0</ele>
    </trkpt>
    <trkpt lat="45.72058" lon="9.23722">
        <ele>0.0</ele>
    </trkpt>
    <trkpt lat="45.71956" lon="9.23531">
        <ele>0.0</ele>
    </trkpt>
    <trkpt lat="45.71951" lon="9.23523">
        <ele>0.0</ele>
    </trkpt>
    <trkpt lat="45.71773" lon="9.23191">
        <ele>0.0</ele>
    </trkpt>
    <trkpt lat="45.71772" lon="9.23188">
        <ele>0.0</ele>
    </trkpt>
    <trkpt lat="45.71761" lon="9.23168">
        <ele>0.0</ele>
    </trkpt>
    <trkpt lat="45.7176" lon="9.23165">
        <ele>0.0</ele>
    </trkpt>
    <trkpt lat="45.71589" lon="9.22845">
        <ele>0.0</ele>
    </trkpt>
    <trkpt lat="45.71585" lon="9.2284">
        <ele>0.0</ele>
    </trkpt>
    <trkpt lat="45.71572" lon="9.2282">
        <ele>0.0</ele>
    </trkpt>
    <trkpt lat="45.71546" lon="9.22789">
        <ele>0.0</ele>
    </trkpt>
    <trkpt lat="45.71533" lon="9.22776">
        <ele>0.0</ele>
    </trkpt>
    <trkpt lat="45.71496" lon="9.22749">
        <ele>0.0</ele>
    </trkpt>
    <trkpt lat="45.71479" lon="9.2274">
        <ele>0.0</ele>
    </trkpt>
    <trkpt lat="45.71471" lon="9.22737">
        <ele>0.0</ele>
    </trkpt>
    <trkpt lat="45.7147" lon="9.22736">
        <ele>0.0</ele>
    </trkpt>
    <trkpt lat="45.71454" lon="9.2273">
        <ele>0.0</ele>
    </trkpt>
    <trkpt lat="45.71436" lon="9.22725">
        <ele>0.0</ele>
    </trkpt>
    <trkpt lat="45.71435" lon="9.22725">
        <ele>0.0</ele>
    </trkpt>
    <trkpt lat="45.71424" lon="9.22723">
        <ele>0.0</ele>
    </trkpt>
    <trkpt lat="45.71402" lon="9.22721">
        <ele>0.0</ele>
    </trkpt>
    <trkpt lat="45.71384" lon="9.22721">
        <ele>0.0</ele>
    </trkpt>
    <trkpt lat="45.7113" lon="9.22754">
        <ele>0.0</ele>
    </trkpt>
    <trkpt lat="45.71128" lon="9.22754">
        <ele>0.0</ele>
    </trkpt>
    <trkpt lat="45.70755" lon="9.22803">
        <ele>0.0</ele>
    </trkpt>
    <trkpt lat="45.70742" lon="9.22807">
        <ele>0.0</ele>
    </trkpt>
    <trkpt lat="45.70724" lon="9.22811">
        <ele>0.0</ele>
    </trkpt>
    <trkpt lat="45.70707" lon="9.22816">
        <ele>0.0</ele>
    </trkpt>
    <trkpt lat="45.70689" lon="9.22823">
        <ele>0.0</ele>
    </trkpt>
    <trkpt lat="45.70682" lon="9.22825">
        <ele>0.0</ele>
    </trkpt>
    <trkpt lat="45.70663" lon="9.22834">
        <ele>0.0</ele>
    </trkpt>
    <trkpt lat="45.70655" lon="9.22837">
        <ele>0.0</ele>
    </trkpt>
    <trkpt lat="45.70642" lon="9.22844">
        <ele>0.0</ele>
    </trkpt>
    <trkpt lat="45.70613" lon="9.22863">
        <ele>0.0</ele>
    </trkpt>
    <trkpt lat="45.70575" lon="9.22893">
        <ele>0.0</ele>
    </trkpt>
    <trkpt lat="45.70559" lon="9.22908">
        <ele>0.0</ele>
    </trkpt>
    <trkpt lat="45.70527" lon="9.22941">
        <ele>0.0</ele>
    </trkpt>
    <trkpt lat="45.70511" lon="9.2296">
        <ele>0.0</ele>
    </trkpt>
    <trkpt lat="45.70431" lon="9.23063">
        <ele>0.0</ele>
    </trkpt>
    <trkpt lat="45.70426" lon="9.23068">
        <ele>0.0</ele>
    </trkpt>
    <trkpt lat="45.70425" lon="9.2307">
        <ele>0.0</ele>
    </trkpt>
    <trkpt lat="45.70421" lon="9.23075">
        <ele>0.0</ele>
    </trkpt>
    <trkpt lat="45.70415" lon="9.23081">
        <ele>0.0</ele>
    </trkpt>
    <trkpt lat="45.7041" lon="9.23087">
        <ele>0.0</ele>
    </trkpt>
    <trkpt lat="45.70395" lon="9.23102">
        <ele>0.0</ele>
    </trkpt>
    <trkpt lat="45.70369" lon="9.23122">
        <ele>0.0</ele>
    </trkpt>
    <trkpt lat="45.70348" lon="9.23135">
        <ele>0.0</ele>
    </trkpt>
    <trkpt lat="45.7033" lon="9.23143">
        <ele>0.0</ele>
    </trkpt>
    <trkpt lat="45.7031" lon="9.2315">
        <ele>0.0</ele>
    </trkpt>
    <trkpt lat="45.70292" lon="9.23155">
        <ele>0.0</ele>
    </trkpt>
    <trkpt lat="45.70266" lon="9.23158">
        <ele>0.0</ele>
    </trkpt>
    <trkpt lat="45.7025" lon="9.23158">
        <ele>0.0</ele>
    </trkpt>
    <trkpt lat="45.70225" lon="9.23156">
        <ele>0.0</ele>
    </trkpt>
    <trkpt lat="45.70211" lon="9.23153">
        <ele>0.0</ele>
    </trkpt>
    <trkpt lat="45.70186" lon="9.23145">
        <ele>0.0</ele>
    </trkpt>
    <trkpt lat="45.70168" lon="9.23137">
        <ele>0.0</ele>
    </trkpt>
    <trkpt lat="45.70155" lon="9.2313">
        <ele>0.0</ele>
    </trkpt>
    <trkpt lat="45.70138" lon="9.23119">
        <ele>0.0</ele>
    </trkpt>
    <trkpt lat="45.70126" lon="9.2311">
        <ele>0.0</ele>
    </trkpt>
    <trkpt lat="45.70094" lon="9.23081">
        <ele>0.0</ele>
    </trkpt>
    <trkpt lat="45.70088" lon="9.23074">
        <ele>0.0</ele>
    </trkpt>
    <trkpt lat="45.69698" lon="9.22716">
        <ele>0.0</ele>
    </trkpt>
    <trkpt lat="45.69691" lon="9.22708">
        <ele>0.0</ele>
    </trkpt>
    <trkpt lat="45.69438" lon="9.22475">
        <ele>0.0</ele>
    </trkpt>
    <trkpt lat="45.69435" lon="9.22471">
        <ele>0.0</ele>
    </trkpt>
    <trkpt lat="45.69434" lon="9.22471">
        <ele>0.0</ele>
    </trkpt>
    <trkpt lat="45.69312" lon="9.22358">
        <ele>0.0</ele>
    </trkpt>
    <trkpt lat="45.69296" lon="9.22341">
        <ele>0.0</ele>
    </trkpt>
    <trkpt lat="45.69293" lon="9.22339">
        <ele>0.0</ele>
    </trkpt>
    <trkpt lat="45.69218" lon="9.22259">
        <ele>0.0</ele>
    </trkpt>
    <trkpt lat="45.69163" lon="9.22197">
        <ele>0.0</ele>
    </trkpt>
    <trkpt lat="45.6902" lon="9.22049">
        <ele>0.0</ele>
    </trkpt>
    <trkpt lat="45.68989" lon="9.22019">
        <ele>0.0</ele>
    </trkpt>
    <trkpt lat="45.68944" lon="9.21972">
        <ele>0.0</ele>
    </trkpt>
    <trkpt lat="45.68942" lon="9.21969">
        <ele>0.0</ele>
    </trkpt>
    <trkpt lat="45.68667" lon="9.21677">
        <ele>0.0</ele>
    </trkpt>
    <trkpt lat="45.68647" lon="9.21659">
        <ele>0.0</ele>
    </trkpt>
    <trkpt lat="45.68615" lon="9.21635">
        <ele>0.0</ele>
    </trkpt>
    <trkpt lat="45.68605" lon="9.21629">
        <ele>0.0</ele>
    </trkpt>
    <trkpt lat="45.68564" lon="9.21609">
        <ele>0.0</ele>
    </trkpt>
    <trkpt lat="45.68536" lon="9.216">
        <ele>0.0</ele>
    </trkpt>
    <trkpt lat="45.68509" lon="9.21594">
        <ele>0.0</ele>
    </trkpt>
    <trkpt lat="45.68502" lon="9.21593">
        <ele>0.0</ele>
    </trkpt>
    <trkpt lat="45.68473" lon="9.21591">
        <ele>0.0</ele>
    </trkpt>
    <trkpt lat="45.68462" lon="9.21591">
        <ele>0.0</ele>
    </trkpt>
    <trkpt lat="45.68457" lon="9.21592">
        <ele>0.0</ele>
    </trkpt>
    <trkpt lat="45.68422" lon="9.21596">
        <ele>0.0</ele>
    </trkpt>
    <trkpt lat="45.6841" lon="9.21599">
        <ele>0.0</ele>
    </trkpt>
    <trkpt lat="45.68391" lon="9.21605">
        <ele>0.0</ele>
    </trkpt>
    <trkpt lat="45.68374" lon="9.21612">
        <ele>0.0</ele>
    </trkpt>
    <trkpt lat="45.68371" lon="9.21612">
        <ele>0.0</ele>
    </trkpt>
    <trkpt lat="45.68184" lon="9.21678">
        <ele>0.0</ele>
    </trkpt>
    <trkpt lat="45.68175" lon="9.2168">
        <ele>0.0</ele>
    </trkpt>
    <trkpt lat="45.68156" lon="9.21687">
        <ele>0.0</ele>
    </trkpt>
    <trkpt lat="45.6814" lon="9.21691">
        <ele>0.0</ele>
    </trkpt>
    <trkpt lat="45.67957" lon="9.21757">
        <ele>0.0</ele>
    </trkpt>
    <trkpt lat="45.6794" lon="9.21762">
        <ele>0.0</ele>
    </trkpt>
    <trkpt lat="45.67651" lon="9.21863">
        <ele>0.0</ele>
    </trkpt>
    <trkpt lat="45.67584" lon="9.2189">
        <ele>0.0</ele>
    </trkpt>
    <trkpt lat="45.67577" lon="9.21892">
        <ele>0.0</ele>
    </trkpt>
    <trkpt lat="45.67509" lon="9.21917">
        <ele>0.0</ele>
    </trkpt>
    <trkpt lat="45.67496" lon="9.21921">
        <ele>0.0</ele>
    </trkpt>
    <trkpt lat="45.67487" lon="9.21925">
        <ele>0.0</ele>
    </trkpt>
    <trkpt lat="45.67272" lon="9.22">
        <ele>0.0</ele>
    </trkpt>
    <trkpt lat="45.67244" lon="9.22011">
        <ele>0.0</ele>
    </trkpt>
    <trkpt lat="45.67243" lon="9.22011">
        <ele>0.0</ele>
    </trkpt>
    <trkpt lat="45.67083" lon="9.22068">
        <ele>0.0</ele>
    </trkpt>
    <trkpt lat="45.67079" lon="9.22069">
        <ele>0.0</ele>
    </trkpt>
    <trkpt lat="45.67042" lon="9.22082">
        <ele>0.0</ele>
    </trkpt>
    <trkpt lat="45.67031" lon="9.22087">
        <ele>0.0</ele>
    </trkpt>
    <trkpt lat="45.67016" lon="9.22091">
        <ele>0.0</ele>
    </trkpt>
    <trkpt lat="45.66657" lon="9.22219">
        <ele>0.0</ele>
    </trkpt>
    <trkpt lat="45.66645" lon="9.22224">
        <ele>0.0</ele>
    </trkpt>
    <trkpt lat="45.66492" lon="9.22279">
        <ele>0.0</ele>
    </trkpt>
    <trkpt lat="45.66475" lon="9.22284">
        <ele>0.0</ele>
    </trkpt>
    <trkpt lat="45.6612" lon="9.22412">
        <ele>0.0</ele>
    </trkpt>
    <trkpt lat="45.66094" lon="9.2242">
        <ele>0.0</ele>
    </trkpt>
    <trkpt lat="45.65776" lon="9.2253">
        <ele>0.0</ele>
    </trkpt>
    <trkpt lat="45.65707" lon="9.22556">
        <ele>0.0</ele>
    </trkpt>
    <trkpt lat="45.657" lon="9.22558">
        <ele>0.0</ele>
    </trkpt>
    <trkpt lat="45.65676" lon="9.22567">
        <ele>0.0</ele>
    </trkpt>
    <trkpt lat="45.6563" lon="9.22581">
        <ele>0.0</ele>
    </trkpt>
    <trkpt lat="45.65612" lon="9.22585">
        <ele>0.0</ele>
    </trkpt>
    <trkpt lat="45.65609" lon="9.22586">
        <ele>0.0</ele>
    </trkpt>
    <trkpt lat="45.65566" lon="9.22591">
        <ele>0.0</ele>
    </trkpt>
    <trkpt lat="45.65532" lon="9.22592">
        <ele>0.0</ele>
    </trkpt>
    <trkpt lat="45.65344" lon="9.22581">
        <ele>0.0</ele>
    </trkpt>
    <trkpt lat="45.65332" lon="9.22581">
        <ele>0.0</ele>
    </trkpt>
    <trkpt lat="45.65327" lon="9.2258">
        <ele>0.0</ele>
    </trkpt>
    <trkpt lat="45.65279" lon="9.22578">
        <ele>0.0</ele>
    </trkpt>
    <trkpt lat="45.65258" lon="9.22576">
        <ele>0.0</ele>
    </trkpt>
    <trkpt lat="45.65111" lon="9.22569">
        <ele>0.0</ele>
    </trkpt>
    <trkpt lat="45.65104" lon="9.22568">
        <ele>0.0</ele>
    </trkpt>
    <trkpt lat="45.63447" lon="9.22484">
        <ele>0.0</ele>
    </trkpt>
    <trkpt lat="45.6341" lon="9.22481">
        <ele>0.0</ele>
    </trkpt>
    <trkpt lat="45.63238" lon="9.22474">
        <ele>0.0</ele>
    </trkpt>
    <trkpt lat="45.63208" lon="9.22471">
        <ele>0.0</ele>
    </trkpt>
    <trkpt lat="45.6298" lon="9.22459">
        <ele>0.0</ele>
    </trkpt>
    <trkpt lat="45.6297" lon="9.2246">
        <ele>0.0</ele>
    </trkpt>
    <trkpt lat="45.62749" lon="9.2245">
        <ele>0.0</ele>
    </trkpt>
    <trkpt lat="45.62719" lon="9.22447">
        <ele>0.0</ele>
    </trkpt>
    <trkpt lat="45.62709" lon="9.22445">
        <ele>0.0</ele>
    </trkpt>
    <trkpt lat="45.62661" lon="9.22441">
        <ele>0.0</ele>
    </trkpt>
    <trkpt lat="45.62647" lon="9.22441">
        <ele>0.0</ele>
    </trkpt>
    <trkpt lat="45.62621" lon="9.22439">
        <ele>0.0</ele>
    </trkpt>
    <trkpt lat="45.62581" lon="9.22439">
        <ele>0.0</ele>
    </trkpt>
    <trkpt lat="45.61981" lon="9.22408">
        <ele>0.0</ele>
    </trkpt>
    <trkpt lat="45.61973" lon="9.22409">
        <ele>0.0</ele>
    </trkpt>
    <trkpt lat="45.61734" lon="9.22397">
        <ele>0.0</ele>
    </trkpt>
    <trkpt lat="45.61698" lon="9.22394">
        <ele>0.0</ele>
    </trkpt>
    <trkpt lat="45.61667" lon="9.22393">
        <ele>0.0</ele>
    </trkpt>
    <trkpt lat="45.61646" lon="9.22391">
        <ele>0.0</ele>
    </trkpt>
    <trkpt lat="45.61554" lon="9.22387">
        <ele>0.0</ele>
    </trkpt>
    <trkpt lat="45.61513" lon="9.22387">
        <ele>0.0</ele>
    </trkpt>
    <trkpt lat="45.6148" lon="9.22384">
        <ele>0.0</ele>
    </trkpt>
    <trkpt lat="45.61441" lon="9.22383">
        <ele>0.0</ele>
    </trkpt>
    <trkpt lat="45.61402" lon="9.22378">
        <ele>0.0</ele>
    </trkpt>
    <trkpt lat="45.61324" lon="9.22376">
        <ele>0.0</ele>
    </trkpt>
    <trkpt lat="45.61316" lon="9.22375">
        <ele>0.0</ele>
    </trkpt>
    <trkpt lat="45.61306" lon="9.22375">
        <ele>0.0</ele>
    </trkpt>
    <trkpt lat="45.61088" lon="9.22363">
        <ele>0.0</ele>
    </trkpt>
    <trkpt lat="45.61054" lon="9.22359">
        <ele>0.0</ele>
    </trkpt>
    <trkpt lat="45.6101" lon="9.22357">
        <ele>0.0</ele>
    </trkpt>
    <trkpt lat="45.60988" lon="9.22357">
        <ele>0.0</ele>
    </trkpt>
    <trkpt lat="45.60962" lon="9.2236">
        <ele>0.0</ele>
    </trkpt>
    <trkpt lat="45.60928" lon="9.22367">
        <ele>0.0</ele>
    </trkpt>
    <trkpt lat="45.60894" lon="9.2238">
        <ele>0.0</ele>
    </trkpt>
    <trkpt lat="45.60874" lon="9.2239">
        <ele>0.0</ele>
    </trkpt>
    <trkpt lat="45.60842" lon="9.22411">
        <ele>0.0</ele>
    </trkpt>
    <trkpt lat="45.60822" lon="9.22427">
        <ele>0.0</ele>
    </trkpt>
    <trkpt lat="45.60801" lon="9.22446">
        <ele>0.0</ele>
    </trkpt>
    <trkpt lat="45.60759" lon="9.22496">
        <ele>0.0</ele>
    </trkpt>
    <trkpt lat="45.60213" lon="9.23106">
        <ele>0.0</ele>
    </trkpt>
    <trkpt lat="45.60135" lon="9.2319">
        <ele>0.0</ele>
    </trkpt>
    <trkpt lat="45.601" lon="9.23234">
        <ele>0.0</ele>
    </trkpt>
    <trkpt lat="45.60069" lon="9.23281">
        <ele>0.0</ele>
    </trkpt>
    <trkpt lat="45.60046" lon="9.23325">
        <ele>0.0</ele>
    </trkpt>
    <trkpt lat="45.60018" lon="9.23388">
        <ele>0.0</ele>
    </trkpt>
    <trkpt lat="45.60008" lon="9.23417">
        <ele>0.0</ele>
    </trkpt>
    <trkpt lat="45.59996" lon="9.23457">
        <ele>0.0</ele>
    </trkpt>
    <trkpt lat="45.59995" lon="9.23457">
        <ele>0.0</ele>
    </trkpt>
    <trkpt lat="45.59933" lon="9.23687">
        <ele>0.0</ele>
    </trkpt>
    <trkpt lat="45.59882" lon="9.2386">
        <ele>0.0</ele>
    </trkpt>
    <trkpt lat="45.59818" lon="9.24058">
        <ele>0.0</ele>
    </trkpt>
    <trkpt lat="45.5981" lon="9.24079">
        <ele>0.0</ele>
    </trkpt>
    <trkpt lat="45.59802" lon="9.24096">
        <ele>0.0</ele>
    </trkpt>
    <trkpt lat="45.59796" lon="9.24111">
        <ele>0.0</ele>
    </trkpt>
    <trkpt lat="45.59767" lon="9.24162">
        <ele>0.0</ele>
    </trkpt>
    <trkpt lat="45.59741" lon="9.24199">
        <ele>0.0</ele>
    </trkpt>
    <trkpt lat="45.59717" lon="9.24226">
        <ele>0.0</ele>
    </trkpt>
    <trkpt lat="45.59697" lon="9.24245">
        <ele>0.0</ele>
    </trkpt>
    <trkpt lat="45.59697" lon="9.24246">
        <ele>0.0</ele>
    </trkpt>
    <trkpt lat="45.59665" lon="9.24271">
        <ele>0.0</ele>
    </trkpt>
    <trkpt lat="45.59611" lon="9.24305">
        <ele>0.0</ele>
    </trkpt>
    <trkpt lat="45.59563" lon="9.24331">
        <ele>0.0</ele>
    </trkpt>
    <trkpt lat="45.5951" lon="9.24363">
        <ele>0.0</ele>
    </trkpt>
    <trkpt lat="45.59419" lon="9.24413">
        <ele>0.0</ele>
    </trkpt>
    <trkpt lat="45.59158" lon="9.24566">
        <ele>0.0</ele>
    </trkpt>
    <trkpt lat="45.59157" lon="9.24566">
        <ele>0.0</ele>
    </trkpt>
    <trkpt lat="45.5914" lon="9.24577">
        <ele>0.0</ele>
    </trkpt>
    <trkpt lat="45.59121" lon="9.24587">
        <ele>0.0</ele>
    </trkpt>
    <trkpt lat="45.59038" lon="9.24638">
        <ele>0.0</ele>
    </trkpt>
    <trkpt lat="45.59001" lon="9.24664">
        <ele>0.0</ele>
    </trkpt>
    <trkpt lat="45.58964" lon="9.24692">
        <ele>0.0</ele>
    </trkpt>
    <trkpt lat="45.58962" lon="9.24694">
        <ele>0.0</ele>
    </trkpt>
    <trkpt lat="45.58902" lon="9.24741">
        <ele>0.0</ele>
    </trkpt>
    <trkpt lat="45.58873" lon="9.24766">
        <ele>0.0</ele>
    </trkpt>
    <trkpt lat="45.58871" lon="9.24767">
        <ele>0.0</ele>
    </trkpt>
    <trkpt lat="45.58736" lon="9.24879">
        <ele>0.0</ele>
    </trkpt>
    <trkpt lat="45.58723" lon="9.24891">
        <ele>0.0</ele>
    </trkpt>
    <trkpt lat="45.58704" lon="9.24906">
        <ele>0.0</ele>
    </trkpt>
    <trkpt lat="45.58693" lon="9.24916">
        <ele>0.0</ele>
    </trkpt>
    <trkpt lat="45.58649" lon="9.2495">
        <ele>0.0</ele>
    </trkpt>
    <trkpt lat="45.58645" lon="9.24954">
        <ele>0.0</ele>
    </trkpt>
    <trkpt lat="45.58607" lon="9.24986">
        <ele>0.0</ele>
    </trkpt>
    <trkpt lat="45.5856" lon="9.25019">
        <ele>0.0</ele>
    </trkpt>
    <trkpt lat="45.58559" lon="9.2502">
        <ele>0.0</ele>
    </trkpt>
    <trkpt lat="45.58541" lon="9.25031">
        <ele>0.0</ele>
    </trkpt>
    <trkpt lat="45.58539" lon="9.25033">
        <ele>0.0</ele>
    </trkpt>
    <trkpt lat="45.58511" lon="9.25048">
        <ele>0.0</ele>
    </trkpt>
    <trkpt lat="45.58488" lon="9.25058">
        <ele>0.0</ele>
    </trkpt>
    <trkpt lat="45.58478" lon="9.25061">
        <ele>0.0</ele>
    </trkpt>
    <trkpt lat="45.58478" lon="9.25062">
        <ele>0.0</ele>
    </trkpt>
    <trkpt lat="45.58453" lon="9.25067">
        <ele>0.0</ele>
    </trkpt>
    <trkpt lat="45.58418" lon="9.25076">
        <ele>0.0</ele>
    </trkpt>
    <trkpt lat="45.58391" lon="9.25076">
        <ele>0.0</ele>
    </trkpt>
    <trkpt lat="45.58343" lon="9.25069">
        <ele>0.0</ele>
    </trkpt>
    <trkpt lat="45.5833" lon="9.25064">
        <ele>0.0</ele>
    </trkpt>
    <trkpt lat="45.58313" lon="9.25059">
        <ele>0.0</ele>
    </trkpt>
    <trkpt lat="45.58311" lon="9.25058">
        <ele>0.0</ele>
    </trkpt>
    <trkpt lat="45.58269" lon="9.25044">
        <ele>0.0</ele>
    </trkpt>
    <trkpt lat="45.58159" lon="9.25">
        <ele>0.0</ele>
    </trkpt>
    <trkpt lat="45.58157" lon="9.25">
        <ele>0.0</ele>
    </trkpt>
    <trkpt lat="45.58156" lon="9.24999">
        <ele>0.0</ele>
    </trkpt>
    <trkpt lat="45.58141" lon="9.24993">
        <ele>0.0</ele>
    </trkpt>
    <trkpt lat="45.5814" lon="9.24993">
        <ele>0.0</ele>
    </trkpt>
    <trkpt lat="45.58139" lon="9.24992">
        <ele>0.0</ele>
    </trkpt>
    <trkpt lat="45.57603" lon="9.24771">
        <ele>0.0</ele>
    </trkpt>
    <trkpt lat="45.57437" lon="9.24711">
        <ele>0.0</ele>
    </trkpt>
    <trkpt lat="45.57324" lon="9.24677">
        <ele>0.0</ele>
    </trkpt>
    <trkpt lat="45.57323" lon="9.24677">
        <ele>0.0</ele>
    </trkpt>
    <trkpt lat="45.57295" lon="9.24669">
        <ele>0.0</ele>
    </trkpt>
    <trkpt lat="45.57264" lon="9.24658">
        <ele>0.0</ele>
    </trkpt>
    <trkpt lat="45.57234" lon="9.24652">
        <ele>0.0</ele>
    </trkpt>
    <trkpt lat="45.57189" lon="9.2464">
        <ele>0.0</ele>
    </trkpt>
    <trkpt lat="45.57141" lon="9.24623">
        <ele>0.0</ele>
    </trkpt>
    <trkpt lat="45.57077" lon="9.24598">
        <ele>0.0</ele>
    </trkpt>
    <trkpt lat="45.57026" lon="9.24576">
        <ele>0.0</ele>
    </trkpt>
    <trkpt lat="45.56868" lon="9.24499">
        <ele>0.0</ele>
    </trkpt>
    <trkpt lat="45.56788" lon="9.24467">
        <ele>0.0</ele>
    </trkpt>
    <trkpt lat="45.56784" lon="9.24465">
        <ele>0.0</ele>
    </trkpt>
    <trkpt lat="45.56752" lon="9.24454">
        <ele>0.0</ele>
    </trkpt>
    <trkpt lat="45.56746" lon="9.24451">
        <ele>0.0</ele>
    </trkpt>
    <trkpt lat="45.56719" lon="9.2444">
        <ele>0.0</ele>
    </trkpt>
    <trkpt lat="45.56715" lon="9.24439">
        <ele>0.0</ele>
    </trkpt>
    <trkpt lat="45.56659" lon="9.24416">
        <ele>0.0</ele>
    </trkpt>
    <trkpt lat="45.56649" lon="9.24413">
        <ele>0.0</ele>
    </trkpt>
    <trkpt lat="45.56627" lon="9.24404">
        <ele>0.0</ele>
    </trkpt>
    <trkpt lat="45.56619" lon="9.244">
        <ele>0.0</ele>
    </trkpt>
    <trkpt lat="45.56483" lon="9.24348">
        <ele>0.0</ele>
    </trkpt>
    <trkpt lat="45.56438" lon="9.24328">
        <ele>0.0</ele>
    </trkpt>
    <trkpt lat="45.56176" lon="9.24225">
        <ele>0.0</ele>
    </trkpt>
    <trkpt lat="45.56169" lon="9.24223">
        <ele>0.0</ele>
    </trkpt>
    <trkpt lat="45.56162" lon="9.2422">
        <ele>0.0</ele>
    </trkpt>
    <trkpt lat="45.5616" lon="9.2422">
        <ele>0.0</ele>
    </trkpt>
    <trkpt lat="45.56084" lon="9.24186">
        <ele>0.0</ele>
    </trkpt>
    <trkpt lat="45.56048" lon="9.24172">
        <ele>0.0</ele>
    </trkpt>
    <trkpt lat="45.5603" lon="9.24164">
        <ele>0.0</ele>
    </trkpt>
    <trkpt lat="45.56029" lon="9.24164">
        <ele>0.0</ele>
    </trkpt>
    <trkpt lat="45.55999" lon="9.24151">
        <ele>0.0</ele>
    </trkpt>
    <trkpt lat="45.5596" lon="9.24136">
        <ele>0.0</ele>
    </trkpt>
    <trkpt lat="45.55855" lon="9.24091">
        <ele>0.0</ele>
    </trkpt>
    <trkpt lat="45.55843" lon="9.24087">
        <ele>0.0</ele>
    </trkpt>
    <trkpt lat="45.55699" lon="9.24028">
        <ele>0.0</ele>
    </trkpt>
    <trkpt lat="45.55692" lon="9.24026">
        <ele>0.0</ele>
    </trkpt>
    <trkpt lat="45.55683" lon="9.2401">
        <ele>0.0</ele>
    </trkpt>
    <trkpt lat="45.55683" lon="9.24009">
        <ele>0.0</ele>
    </trkpt>
    <trkpt lat="45.55673" lon="9.24004">
        <ele>0.0</ele>
    </trkpt>
    <trkpt lat="45.5567" lon="9.24001">
        <ele>0.0</ele>
    </trkpt>
    <trkpt lat="45.55667" lon="9.23999">
        <ele>0.0</ele>
    </trkpt>
    <trkpt lat="45.55667" lon="9.23998">
        <ele>0.0</ele>
    </trkpt>
    <trkpt lat="45.55665" lon="9.23996">
        <ele>0.0</ele>
    </trkpt>
    <trkpt lat="45.55661" lon="9.2399">
        <ele>0.0</ele>
    </trkpt>
    <trkpt lat="45.55656" lon="9.23976">
        <ele>0.0</ele>
    </trkpt>
    <trkpt lat="45.55655" lon="9.23972">
        <ele>0.0</ele>
    </trkpt>
    <trkpt lat="45.55653" lon="9.23967">
        <ele>0.0</ele>
    </trkpt>
    <trkpt lat="45.55653" lon="9.23963">
        <ele>0.0</ele>
    </trkpt>
    <trkpt lat="45.55652" lon="9.2396">
        <ele>0.0</ele>
    </trkpt>
    <trkpt lat="45.55651" lon="9.2392">
        <ele>0.0</ele>
    </trkpt>
    <trkpt lat="45.55648" lon="9.23895">
        <ele>0.0</ele>
    </trkpt>
    <trkpt lat="45.55646" lon="9.23884">
        <ele>0.0</ele>
    </trkpt>
    <trkpt lat="45.5564" lon="9.23867">
        <ele>0.0</ele>
    </trkpt>
    <trkpt lat="45.55637" lon="9.23861">
        <ele>0.0</ele>
    </trkpt>
    <trkpt lat="45.55631" lon="9.23853">
        <ele>0.0</ele>
    </trkpt>
    <trkpt lat="45.5563" lon="9.23851">
        <ele>0.0</ele>
    </trkpt>
    <trkpt lat="45.55627" lon="9.23847">
        <ele>0.0</ele>
    </trkpt>
    <trkpt lat="45.55624" lon="9.23845">
        <ele>0.0</ele>
    </trkpt>
    <trkpt lat="45.55622" lon="9.23843">
        <ele>0.0</ele>
    </trkpt>
    <trkpt lat="45.55618" lon="9.23841">
        <ele>0.0</ele>
    </trkpt>
    <trkpt lat="45.55615" lon="9.23838">
        <ele>0.0</ele>
    </trkpt>
    <trkpt lat="45.55613" lon="9.23837">
        <ele>0.0</ele>
    </trkpt>
    <trkpt lat="45.55603" lon="9.23834">
        <ele>0.0</ele>
    </trkpt>
    <trkpt lat="45.5559" lon="9.23834">
        <ele>0.0</ele>
    </trkpt>
    <trkpt lat="45.55585" lon="9.23836">
        <ele>0.0</ele>
    </trkpt>
    <trkpt lat="45.55581" lon="9.23837">
        <ele>0.0</ele>
    </trkpt>
    <trkpt lat="45.55573" lon="9.23842">
        <ele>0.0</ele>
    </trkpt>
    <trkpt lat="45.55565" lon="9.2385">
        <ele>0.0</ele>
    </trkpt>
    <trkpt lat="45.55557" lon="9.23862">
        <ele>0.0</ele>
    </trkpt>
    <trkpt lat="45.55552" lon="9.23871">
        <ele>0.0</ele>
    </trkpt>
    <trkpt lat="45.55546" lon="9.23888">
        <ele>0.0</ele>
    </trkpt>
    <trkpt lat="45.55538" lon="9.2393">
        <ele>0.0</ele>
    </trkpt>
    <trkpt lat="45.55535" lon="9.23941">
        <ele>0.0</ele>
    </trkpt>
    <trkpt lat="45.55492" lon="9.24158">
        <ele>0.0</ele>
    </trkpt>
    <trkpt lat="45.55492" lon="9.24159">
        <ele>0.0</ele>
    </trkpt>
    <trkpt lat="45.55479" lon="9.24222">
        <ele>0.0</ele>
    </trkpt>
    <trkpt lat="45.55476" lon="9.24231">
        <ele>0.0</ele>
    </trkpt>
    <trkpt lat="45.5546" lon="9.24304">
        <ele>0.0</ele>
    </trkpt>
    <trkpt lat="45.5546" lon="9.24305">
        <ele>0.0</ele>
    </trkpt>
    <trkpt lat="45.55457" lon="9.24317">
        <ele>0.0</ele>
    </trkpt>
    <trkpt lat="45.55432" lon="9.24378">
        <ele>0.0</ele>
    </trkpt>
    <trkpt lat="45.5542" lon="9.244">
        <ele>0.0</ele>
    </trkpt>
    <trkpt lat="45.55416" lon="9.24405">
        <ele>0.0</ele>
    </trkpt>
    <trkpt lat="45.55412" lon="9.24413">
        <ele>0.0</ele>
    </trkpt>
    <trkpt lat="45.55407" lon="9.24421">
        <ele>0.0</ele>
    </trkpt>
    <trkpt lat="45.55394" lon="9.24439">
        <ele>0.0</ele>
    </trkpt>
    <trkpt lat="45.55377" lon="9.24459">
        <ele>0.0</ele>
    </trkpt>
    <trkpt lat="45.55373" lon="9.2446">
        <ele>0.0</ele>
    </trkpt>
    <trkpt lat="45.55372" lon="9.2446">
        <ele>0.0</ele>
    </trkpt>
    <trkpt lat="45.55354" lon="9.24477">
        <ele>0.0</ele>
    </trkpt>
    <trkpt lat="45.55346" lon="9.24483">
        <ele>0.0</ele>
    </trkpt>
    <trkpt lat="45.5534" lon="9.24486">
        <ele>0.0</ele>
    </trkpt>
    <trkpt lat="45.55337" lon="9.24489">
        <ele>0.0</ele>
    </trkpt>
    <trkpt lat="45.55329" lon="9.24493">
        <ele>0.0</ele>
    </trkpt>
    <trkpt lat="45.55326" lon="9.24494">
        <ele>0.0</ele>
    </trkpt>
    <trkpt lat="45.55321" lon="9.24495">
        <ele>0.0</ele>
    </trkpt>
    <trkpt lat="45.55316" lon="9.24495">
        <ele>0.0</ele>
    </trkpt>
    <trkpt lat="45.55313" lon="9.24496">
        <ele>0.0</ele>
    </trkpt>
    <trkpt lat="45.55307" lon="9.24496">
        <ele>0.0</ele>
    </trkpt>
    <trkpt lat="45.55303" lon="9.24495">
        <ele>0.0</ele>
    </trkpt>
    <trkpt lat="45.55292" lon="9.24491">
        <ele>0.0</ele>
    </trkpt>
    <trkpt lat="45.55288" lon="9.24489">
        <ele>0.0</ele>
    </trkpt>
    <trkpt lat="45.55277" lon="9.24479">
        <ele>0.0</ele>
    </trkpt>
    <trkpt lat="45.55275" lon="9.24476">
        <ele>0.0</ele>
    </trkpt>
    <trkpt lat="45.55272" lon="9.24473">
        <ele>0.0</ele>
    </trkpt>
    <trkpt lat="45.55269" lon="9.24467">
        <ele>0.0</ele>
    </trkpt>
    <trkpt lat="45.55269" lon="9.24466">
        <ele>0.0</ele>
    </trkpt>
    <trkpt lat="45.55266" lon="9.2446">
        <ele>0.0</ele>
    </trkpt>
    <trkpt lat="45.55265" lon="9.24453">
        <ele>0.0</ele>
    </trkpt>
    <trkpt lat="45.55261" lon="9.24437">
        <ele>0.0</ele>
    </trkpt>
    <trkpt lat="45.55261" lon="9.24434">
        <ele>0.0</ele>
    </trkpt>
    <trkpt lat="45.55257" lon="9.24414">
        <ele>0.0</ele>
    </trkpt>
    <trkpt lat="45.55232" lon="9.24247">
        <ele>0.0</ele>
    </trkpt>
    <trkpt lat="45.55228" lon="9.24226">
        <ele>0.0</ele>
    </trkpt>
    <trkpt lat="45.55189" lon="9.23964">
        <ele>0.0</ele>
    </trkpt>
    <trkpt lat="45.55189" lon="9.23961">
        <ele>0.0</ele>
    </trkpt>
    <trkpt lat="45.55184" lon="9.23923">
        <ele>0.0</ele>
    </trkpt>
    <trkpt lat="45.55178" lon="9.2386">
        <ele>0.0</ele>
    </trkpt>
    <trkpt lat="45.55177" lon="9.23859">
        <ele>0.0</ele>
    </trkpt>
    <trkpt lat="45.55172" lon="9.23821">
        <ele>0.0</ele>
    </trkpt>
    <trkpt lat="45.55152" lon="9.23708">
        <ele>0.0</ele>
    </trkpt>
    <trkpt lat="45.55152" lon="9.23707">
        <ele>0.0</ele>
    </trkpt>
    <trkpt lat="45.55148" lon="9.23688">
        <ele>0.0</ele>
    </trkpt>
    <trkpt lat="45.5513" lon="9.23576">
        <ele>0.0</ele>
    </trkpt>
    <trkpt lat="45.55126" lon="9.23565">
        <ele>0.0</ele>
    </trkpt>
    <trkpt lat="45.55122" lon="9.23559">
        <ele>0.0</ele>
    </trkpt>
    <trkpt lat="45.55093" lon="9.23319">
        <ele>0.0</ele>
    </trkpt>
    <trkpt lat="45.55088" lon="9.23288">
        <ele>0.0</ele>
    </trkpt>
    <trkpt lat="45.55087" lon="9.23276">
        <ele>0.0</ele>
    </trkpt>
    <trkpt lat="45.55073" lon="9.23173">
        <ele>0.0</ele>
    </trkpt>
    <trkpt lat="45.55036" lon="9.22937">
        <ele>0.0</ele>
    </trkpt>
    <trkpt lat="45.55036" lon="9.22933">
        <ele>0.0</ele>
    </trkpt>
    <trkpt lat="45.54973" lon="9.22546">
        <ele>0.0</ele>
    </trkpt>
    <trkpt lat="45.54973" lon="9.22539">
        <ele>0.0</ele>
    </trkpt>
    <trkpt lat="45.54955" lon="9.22426">
        <ele>0.0</ele>
    </trkpt>
    <trkpt lat="45.54953" lon="9.22417">
        <ele>0.0</ele>
    </trkpt>
    <trkpt lat="45.54909" lon="9.22123">
        <ele>0.0</ele>
    </trkpt>
    <trkpt lat="45.54904" lon="9.2208">
        <ele>0.0</ele>
    </trkpt>
    <trkpt lat="45.54901" lon="9.22063">
        <ele>0.0</ele>
    </trkpt>
    <trkpt lat="45.54893" lon="9.21985">
        <ele>0.0</ele>
    </trkpt>
    <trkpt lat="45.54892" lon="9.21981">
        <ele>0.0</ele>
    </trkpt>
    <trkpt lat="45.54879" lon="9.21788">
        <ele>0.0</ele>
    </trkpt>
    <trkpt lat="45.54869" lon="9.21451">
        <ele>0.0</ele>
    </trkpt>
    <trkpt lat="45.54868" lon="9.21439">
        <ele>0.0</ele>
    </trkpt>
    <trkpt lat="45.54845" lon="9.20696">
        <ele>0.0</ele>
    </trkpt>
    <trkpt lat="45.54845" lon="9.2056">
        <ele>0.0</ele>
    </trkpt>
    <trkpt lat="45.54836" lon="9.20317">
        <ele>0.0</ele>
    </trkpt>
    <trkpt lat="45.54817" lon="9.20142">
        <ele>0.0</ele>
    </trkpt>
    <trkpt lat="45.54796" lon="9.20025">
        <ele>0.0</ele>
    </trkpt>
    <trkpt lat="45.5476" lon="9.19857">
        <ele>0.0</ele>
    </trkpt>
    <trkpt lat="45.54521" lon="9.18942">
        <ele>0.0</ele>
    </trkpt>
    <trkpt lat="45.54514" lon="9.18919">
        <ele>0.0</ele>
    </trkpt>
    <trkpt lat="45.54401" lon="9.18478">
        <ele>0.0</ele>
    </trkpt>
    <trkpt lat="45.544" lon="9.18472">
        <ele>0.0</ele>
    </trkpt>
    <trkpt lat="45.54274" lon="9.17994">
        <ele>0.0</ele>
    </trkpt>
    <trkpt lat="45.54123" lon="9.17465">
        <ele>0.0</ele>
    </trkpt>
    <trkpt lat="45.5409" lon="9.17357">
        <ele>0.0</ele>
    </trkpt>
    <trkpt lat="45.54038" lon="9.17206">
        <ele>0.0</ele>
    </trkpt>
    <trkpt lat="45.53962" lon="9.17004">
        <ele>0.0</ele>
    </trkpt>
    <trkpt lat="45.53929" lon="9.16926">
        <ele>0.0</ele>
    </trkpt>
    <trkpt lat="45.53913" lon="9.16884">
        <ele>0.0</ele>
    </trkpt>
    <trkpt lat="45.53873" lon="9.16792">
        <ele>0.0</ele>
    </trkpt>
    <trkpt lat="45.53721" lon="9.16471">
        <ele>0.0</ele>
    </trkpt>
    <trkpt lat="45.53714" lon="9.16459">
        <ele>0.0</ele>
    </trkpt>
    <trkpt lat="45.53681" lon="9.16393">
        <ele>0.0</ele>
    </trkpt>
    <trkpt lat="45.53623" lon="9.16265">
        <ele>0.0</ele>
    </trkpt>
    <trkpt lat="45.53539" lon="9.16094">
        <ele>0.0</ele>
    </trkpt>
    <trkpt lat="45.53532" lon="9.16078">
        <ele>0.0</ele>
    </trkpt>
    <trkpt lat="45.53445" lon="9.159">
        <ele>0.0</ele>
    </trkpt>
    <trkpt lat="45.53434" lon="9.15873">
        <ele>0.0</ele>
    </trkpt>
    <trkpt lat="45.53285" lon="9.15566">
        <ele>0.0</ele>
    </trkpt>
    <trkpt lat="45.53285" lon="9.15565">
        <ele>0.0</ele>
    </trkpt>
    <trkpt lat="45.53192" lon="9.15371">
        <ele>0.0</ele>
    </trkpt>
    <trkpt lat="45.53174" lon="9.1533">
        <ele>0.0</ele>
    </trkpt>
    <trkpt lat="45.53072" lon="9.1512">
        <ele>0.0</ele>
    </trkpt>
    <trkpt lat="45.53065" lon="9.15108">
        <ele>0.0</ele>
    </trkpt>
    <trkpt lat="45.52903" lon="9.14781">
        <ele>0.0</ele>
    </trkpt>
    <trkpt lat="45.52327" lon="9.13579">
        <ele>0.0</ele>
    </trkpt>
    <trkpt lat="45.52319" lon="9.13564">
        <ele>0.0</ele>
    </trkpt>
    <trkpt lat="45.52242" lon="9.134">
        <ele>0.0</ele>
    </trkpt>
    <trkpt lat="45.52158" lon="9.13229">
        <ele>0.0</ele>
    </trkpt>
    <trkpt lat="45.52142" lon="9.13199">
        <ele>0.0</ele>
    </trkpt>
    <trkpt lat="45.51936" lon="9.12768">
        <ele>0.0</ele>
    </trkpt>
    <trkpt lat="45.51849" lon="9.12606">
        <ele>0.0</ele>
    </trkpt>
    <trkpt lat="45.51816" lon="9.12555">
        <ele>0.0</ele>
    </trkpt>
    <trkpt lat="45.51781" lon="9.12506">
        <ele>0.0</ele>
    </trkpt>
    <trkpt lat="45.5176" lon="9.12473">
        <ele>0.0</ele>
    </trkpt>
    <trkpt lat="45.51757" lon="9.12462">
        <ele>0.0</ele>
    </trkpt>
    <trkpt lat="45.51753" lon="9.12454">
        <ele>0.0</ele>
    </trkpt>
    <trkpt lat="45.51732" lon="9.12421">
        <ele>0.0</ele>
    </trkpt>
    <trkpt lat="45.5172" lon="9.12404">
        <ele>0.0</ele>
    </trkpt>
    <trkpt lat="45.51682" lon="9.12341">
        <ele>0.0</ele>
    </trkpt>
    <trkpt lat="45.5165" lon="9.12281">
        <ele>0.0</ele>
    </trkpt>
    <trkpt lat="45.51639" lon="9.12254">
        <ele>0.0</ele>
    </trkpt>
    <trkpt lat="45.51639" lon="9.12253">
        <ele>0.0</ele>
    </trkpt>
    <trkpt lat="45.51633" lon="9.12237">
        <ele>0.0</ele>
    </trkpt>
    <trkpt lat="45.51627" lon="9.12214">
        <ele>0.0</ele>
    </trkpt>
    <trkpt lat="45.5162" lon="9.12177">
        <ele>0.0</ele>
    </trkpt>
    <trkpt lat="45.5162" lon="9.1217">
        <ele>0.0</ele>
    </trkpt>
    <trkpt lat="45.51619" lon="9.12163">
        <ele>0.0</ele>
    </trkpt>
    <trkpt lat="45.51619" lon="9.12112">
        <ele>0.0</ele>
    </trkpt>
    <trkpt lat="45.5162" lon="9.12108">
        <ele>0.0</ele>
    </trkpt>
    <trkpt lat="45.5162" lon="9.12104">
        <ele>0.0</ele>
    </trkpt>
    <trkpt lat="45.51621" lon="9.12101">
        <ele>0.0</ele>
    </trkpt>
    <trkpt lat="45.51623" lon="9.12084">
        <ele>0.0</ele>
    </trkpt>
    <trkpt lat="45.51633" lon="9.12041">
        <ele>0.0</ele>
    </trkpt>
    <trkpt lat="45.51634" lon="9.12039">
        <ele>0.0</ele>
    </trkpt>
    <trkpt lat="45.51644" lon="9.1201">
        <ele>0.0</ele>
    </trkpt>
    <trkpt lat="45.51683" lon="9.11917">
        <ele>0.0</ele>
    </trkpt>
    <trkpt lat="45.51687" lon="9.11909">
        <ele>0.0</ele>
    </trkpt>
    <trkpt lat="45.5169" lon="9.119">
        <ele>0.0</ele>
    </trkpt>
    <trkpt lat="45.51694" lon="9.11892">
        <ele>0.0</ele>
    </trkpt>
    <trkpt lat="45.51779" lon="9.11691">
        <ele>0.0</ele>
    </trkpt>
    <trkpt lat="45.51783" lon="9.11684">
        <ele>0.0</ele>
    </trkpt>
    <trkpt lat="45.51791" lon="9.11664">
        <ele>0.0</ele>
    </trkpt>
    <trkpt lat="45.51796" lon="9.11654">
        <ele>0.0</ele>
    </trkpt>
    <trkpt lat="45.5182" lon="9.11598">
        <ele>0.0</ele>
    </trkpt>
    <trkpt lat="45.51836" lon="9.11567">
        <ele>0.0</ele>
    </trkpt>
    <trkpt lat="45.51841" lon="9.11554">
        <ele>0.0</ele>
    </trkpt>
    <trkpt lat="45.51848" lon="9.11524">
        <ele>0.0</ele>
    </trkpt>
    <trkpt lat="45.51887" lon="9.1146">
        <ele>0.0</ele>
    </trkpt>
    <trkpt lat="45.52314" lon="9.10687">
        <ele>0.0</ele>
    </trkpt>
    <trkpt lat="45.52335" lon="9.10652">
        <ele>0.0</ele>
    </trkpt>
    <trkpt lat="45.52591" lon="9.10188">
        <ele>0.0</ele>
    </trkpt>
    <trkpt lat="45.52591" lon="9.10186">
        <ele>0.0</ele>
    </trkpt>
    <trkpt lat="45.52981" lon="9.09462">
        <ele>0.0</ele>
    </trkpt>
    <trkpt lat="45.52984" lon="9.09455">
        <ele>0.0</ele>
    </trkpt>
    <trkpt lat="45.54" lon="9.07562">
        <ele>0.0</ele>
    </trkpt>
    <trkpt lat="45.5403" lon="9.07503">
        <ele>0.0</ele>
    </trkpt>
    <trkpt lat="45.54127" lon="9.07323">
        <ele>0.0</ele>
    </trkpt>
    <trkpt lat="45.54128" lon="9.07323">
        <ele>0.0</ele>
    </trkpt>
    <trkpt lat="45.54129" lon="9.07319">
        <ele>0.0</ele>
    </trkpt>
    <trkpt lat="45.5413" lon="9.07319">
        <ele>0.0</ele>
    </trkpt>
    <trkpt lat="45.54138" lon="9.07303">
        <ele>0.0</ele>
    </trkpt>
    <trkpt lat="45.54138" lon="9.07302">
        <ele>0.0</ele>
    </trkpt>
    <trkpt lat="45.5414" lon="9.07299">
        <ele>0.0</ele>
    </trkpt>
    <trkpt lat="45.54392" lon="9.06826">
        <ele>0.0</ele>
    </trkpt>
    <trkpt lat="45.54394" lon="9.06824">
        <ele>0.0</ele>
    </trkpt>
    <trkpt lat="45.54453" lon="9.06715">
        <ele>0.0</ele>
    </trkpt>
    <trkpt lat="45.5447" lon="9.0668">
        <ele>0.0</ele>
    </trkpt>
    <trkpt lat="45.5455" lon="9.06532">
        <ele>0.0</ele>
    </trkpt>
    <trkpt lat="45.54554" lon="9.06523">
        <ele>0.0</ele>
    </trkpt>
    <trkpt lat="45.54678" lon="9.06293">
        <ele>0.0</ele>
    </trkpt>
    <trkpt lat="45.54701" lon="9.06256">
        <ele>0.0</ele>
    </trkpt>
    <trkpt lat="45.5474" lon="9.06184">
        <ele>0.0</ele>
    </trkpt>
    <trkpt lat="45.54742" lon="9.06172">
        <ele>0.0</ele>
    </trkpt>
    <trkpt lat="45.54751" lon="9.06155">
        <ele>0.0</ele>
    </trkpt>
    <trkpt lat="45.5484" lon="9.0601">
        <ele>0.0</ele>
    </trkpt>
    <trkpt lat="45.54841" lon="9.06007">
        <ele>0.0</ele>
    </trkpt>
    <trkpt lat="45.54855" lon="9.05981">
        <ele>0.0</ele>
    </trkpt>
    <trkpt lat="45.54857" lon="9.05979">
        <ele>0.0</ele>
    </trkpt>
    <trkpt lat="45.55048" lon="9.05625">
        <ele>0.0</ele>
    </trkpt>
    <trkpt lat="45.55058" lon="9.05615">
        <ele>0.0</ele>
    </trkpt>
    <trkpt lat="45.55237" lon="9.05279">
        <ele>0.0</ele>
    </trkpt>
    <trkpt lat="45.5564" lon="9.04501">
        <ele>0.0</ele>
    </trkpt>
    <trkpt lat="45.55666" lon="9.04455">
        <ele>0.0</ele>
    </trkpt>
    <trkpt lat="45.56022" lon="9.03782">
        <ele>0.0</ele>
    </trkpt>
    <trkpt lat="45.56035" lon="9.03755">
        <ele>0.0</ele>
    </trkpt>
    <trkpt lat="45.56234" lon="9.03384">
        <ele>0.0</ele>
    </trkpt>
    <trkpt lat="45.56238" lon="9.03375">
        <ele>0.0</ele>
    </trkpt>
    <trkpt lat="45.56345" lon="9.03174">
        <ele>0.0</ele>
    </trkpt>
    <trkpt lat="45.56369" lon="9.03126">
        <ele>0.0</ele>
    </trkpt>
    <trkpt lat="45.56418" lon="9.0304">
        <ele>0.0</ele>
    </trkpt>
    <trkpt lat="45.56428" lon="9.0302">
        <ele>0.0</ele>
    </trkpt>
    <trkpt lat="45.56465" lon="9.02953">
        <ele>0.0</ele>
    </trkpt>
    <trkpt lat="45.56485" lon="9.02911">
        <ele>0.0</ele>
    </trkpt>
    <trkpt lat="45.56788" lon="9.02342">
        <ele>0.0</ele>
    </trkpt>
    <trkpt lat="45.56812" lon="9.02301">
        <ele>0.0</ele>
    </trkpt>
    <trkpt lat="45.56873" lon="9.02185">
        <ele>0.0</ele>
    </trkpt>
    <trkpt lat="45.56968" lon="9.02013">
        <ele>0.0</ele>
    </trkpt>
    <trkpt lat="45.5706" lon="9.01836">
        <ele>0.0</ele>
    </trkpt>
    <trkpt lat="45.57081" lon="9.01799">
        <ele>0.0</ele>
    </trkpt>
    <trkpt lat="45.57128" lon="9.01708">
        <ele>0.0</ele>
    </trkpt>
    <trkpt lat="45.57219" lon="9.01542">
        <ele>0.0</ele>
    </trkpt>
    <trkpt lat="45.57266" lon="9.01449">
        <ele>0.0</ele>
    </trkpt>
    <trkpt lat="45.57317" lon="9.01358">
        <ele>0.0</ele>
    </trkpt>
    <trkpt lat="45.57336" lon="9.01321">
        <ele>0.0</ele>
    </trkpt>
    <trkpt lat="45.57406" lon="9.01212">
        <ele>0.0</ele>
    </trkpt>
    <trkpt lat="45.5747" lon="9.011">
        <ele>0.0</ele>
    </trkpt>
    <trkpt lat="45.57576" lon="9.00903">
        <ele>0.0</ele>
    </trkpt>
    <trkpt lat="45.57612" lon="9.0084">
        <ele>0.0</ele>
    </trkpt>
    <trkpt lat="45.57771" lon="9.00536">
        <ele>0.0</ele>
    </trkpt>
    <trkpt lat="45.57841" lon="9.00387">
        <ele>0.0</ele>
    </trkpt>
    <trkpt lat="45.57897" lon="9.0026">
        <ele>0.0</ele>
    </trkpt>
    <trkpt lat="45.57919" lon="9.00206">
        <ele>0.0</ele>
    </trkpt>
    <trkpt lat="45.57961" lon="9.00112">
        <ele>0.0</ele>
    </trkpt>
    <trkpt lat="45.58137" lon="8.99694">
        <ele>0.0</ele>
    </trkpt>
    <trkpt lat="45.58139" lon="8.99688">
        <ele>0.0</ele>
    </trkpt>
    <trkpt lat="45.58144" lon="8.99678">
        <ele>0.0</ele>
    </trkpt>
    <trkpt lat="45.58149" lon="8.99664">
        <ele>0.0</ele>
    </trkpt>
    <trkpt lat="45.58259" lon="8.99405">
        <ele>0.0</ele>
    </trkpt>
    <trkpt lat="45.58262" lon="8.99396">
        <ele>0.0</ele>
    </trkpt>
    <trkpt lat="45.58986" lon="8.97674">
        <ele>0.0</ele>
    </trkpt>
    <trkpt lat="45.58987" lon="8.97673">
        <ele>0.0</ele>
    </trkpt>
    <trkpt lat="45.60194" lon="8.94797">
        <ele>0.0</ele>
    </trkpt>
    <trkpt lat="45.60278" lon="8.94607">
        <ele>0.0</ele>
    </trkpt>
    <trkpt lat="45.60449" lon="8.94195">
        <ele>0.0</ele>
    </trkpt>
    <trkpt lat="45.6046" lon="8.94172">
        <ele>0.0</ele>
    </trkpt>
    <trkpt lat="45.60693" lon="8.93612">
        <ele>0.0</ele>
    </trkpt>
    <trkpt lat="45.60697" lon="8.93604">
        <ele>0.0</ele>
    </trkpt>
    <trkpt lat="45.60892" lon="8.93139">
        <ele>0.0</ele>
    </trkpt>
    <trkpt lat="45.60909" lon="8.93106">
        <ele>0.0</ele>
    </trkpt>
    <trkpt lat="45.60965" lon="8.9297">
        <ele>0.0</ele>
    </trkpt>
    <trkpt lat="45.60965" lon="8.92969">
        <ele>0.0</ele>
    </trkpt>
    <trkpt lat="45.60975" lon="8.92946">
        <ele>0.0</ele>
    </trkpt>
    <trkpt lat="45.60978" lon="8.92937">
        <ele>0.0</ele>
    </trkpt>
    <trkpt lat="45.6098" lon="8.92934">
        <ele>0.0</ele>
    </trkpt>
    <trkpt lat="45.60985" lon="8.92921">
        <ele>0.0</ele>
    </trkpt>
    <trkpt lat="45.60988" lon="8.92916">
        <ele>0.0</ele>
    </trkpt>
    <trkpt lat="45.60988" lon="8.92915">
        <ele>0.0</ele>
    </trkpt>
    <trkpt lat="45.61004" lon="8.92877">
        <ele>0.0</ele>
    </trkpt>
    <trkpt lat="45.61006" lon="8.92871">
        <ele>0.0</ele>
    </trkpt>
    <trkpt lat="45.61009" lon="8.92865">
        <ele>0.0</ele>
    </trkpt>
    <trkpt lat="45.61042" lon="8.92778">
        <ele>0.0</ele>
    </trkpt>
    <trkpt lat="45.61069" lon="8.92715">
        <ele>0.0</ele>
    </trkpt>
    <trkpt lat="45.61073" lon="8.92704">
        <ele>0.0</ele>
    </trkpt>
    <trkpt lat="45.61139" lon="8.92548">
        <ele>0.0</ele>
    </trkpt>
    <trkpt lat="45.61158" lon="8.9251">
        <ele>0.0</ele>
    </trkpt>
    <trkpt lat="45.61315" lon="8.92131">
        <ele>0.0</ele>
    </trkpt>
    <trkpt lat="45.61425" lon="8.91875">
        <ele>0.0</ele>
    </trkpt>
    <trkpt lat="45.6145" lon="8.91812">
        <ele>0.0</ele>
    </trkpt>
    <trkpt lat="45.61677" lon="8.91275">
        <ele>0.0</ele>
    </trkpt>
    <trkpt lat="45.61686" lon="8.9125">
        <ele>0.0</ele>
    </trkpt>
    <trkpt lat="45.61733" lon="8.9114">
        <ele>0.0</ele>
    </trkpt>
    <trkpt lat="45.61733" lon="8.91138">
        <ele>0.0</ele>
    </trkpt>
    <trkpt lat="45.62276" lon="8.89848">
        <ele>0.0</ele>
    </trkpt>
    <trkpt lat="45.62284" lon="8.89831">
        <ele>0.0</ele>
    </trkpt>
    <trkpt lat="45.62364" lon="8.89641">
        <ele>0.0</ele>
    </trkpt>
    <trkpt lat="45.6237" lon="8.89624">
        <ele>0.0</ele>
    </trkpt>
    <trkpt lat="45.62725" lon="8.88774">
        <ele>0.0</ele>
    </trkpt>
    <trkpt lat="45.62772" lon="8.8867">
        <ele>0.0</ele>
    </trkpt>
    <trkpt lat="45.62844" lon="8.88496">
        <ele>0.0</ele>
    </trkpt>
    <trkpt lat="45.6285" lon="8.88479">
        <ele>0.0</ele>
    </trkpt>
    <trkpt lat="45.63122" lon="8.8783">
        <ele>0.0</ele>
    </trkpt>
    <trkpt lat="45.63127" lon="8.8782">
        <ele>0.0</ele>
    </trkpt>
    <trkpt lat="45.63623" lon="8.86641">
        <ele>0.0</ele>
    </trkpt>
    <trkpt lat="45.63635" lon="8.86615">
        <ele>0.0</ele>
    </trkpt>
    <trkpt lat="45.63893" lon="8.86003">
        <ele>0.0</ele>
    </trkpt>
    <trkpt lat="45.63897" lon="8.85995">
        <ele>0.0</ele>
    </trkpt>
    <trkpt lat="45.63897" lon="8.85994">
        <ele>0.0</ele>
    </trkpt>
    <trkpt lat="45.64421" lon="8.84743">
        <ele>0.0</ele>
    </trkpt>
    <trkpt lat="45.64422" lon="8.84738">
        <ele>0.0</ele>
    </trkpt>
    <trkpt lat="45.6473" lon="8.84005">
        <ele>0.0</ele>
    </trkpt>
    <trkpt lat="45.64736" lon="8.83988">
        <ele>0.0</ele>
    </trkpt>
    <trkpt lat="45.65334" lon="8.8256">
        <ele>0.0</ele>
    </trkpt>
    <trkpt lat="45.65337" lon="8.82551">
        <ele>0.0</ele>
    </trkpt>
    <trkpt lat="45.65629" lon="8.81857">
        <ele>0.0</ele>
    </trkpt>
    <trkpt lat="45.65629" lon="8.81855">
        <ele>0.0</ele>
    </trkpt>
    <trkpt lat="45.66064" lon="8.80816">
        <ele>0.0</ele>
    </trkpt>
    <trkpt lat="45.66064" lon="8.80815">
        <ele>0.0</ele>
    </trkpt>
    <trkpt lat="45.66235" lon="8.80387">
        <ele>0.0</ele>
    </trkpt>
    <trkpt lat="45.66252" lon="8.80348">
        <ele>0.0</ele>
    </trkpt>
    <trkpt lat="45.66259" lon="8.80335">
        <ele>0.0</ele>
    </trkpt>
    <trkpt lat="45.66276" lon="8.80298">
        <ele>0.0</ele>
    </trkpt>
    <trkpt lat="45.66324" lon="8.80211">
        <ele>0.0</ele>
    </trkpt>
    <trkpt lat="45.66348" lon="8.80173">
        <ele>0.0</ele>
    </trkpt>
    <trkpt lat="45.66368" lon="8.80144">
        <ele>0.0</ele>
    </trkpt>
    <trkpt lat="45.66386" lon="8.80122">
        <ele>0.0</ele>
    </trkpt>
    <trkpt lat="45.66388" lon="8.80118">
        <ele>0.0</ele>
    </trkpt>
    <trkpt lat="45.66403" lon="8.801">
        <ele>0.0</ele>
    </trkpt>
    <trkpt lat="45.66417" lon="8.80081">
        <ele>0.0</ele>
    </trkpt>
    <trkpt lat="45.66445" lon="8.80048">
        <ele>0.0</ele>
    </trkpt>
    <trkpt lat="45.66478" lon="8.80015">
        <ele>0.0</ele>
    </trkpt>
    <trkpt lat="45.66491" lon="8.80005">
        <ele>0.0</ele>
    </trkpt>
    <trkpt lat="45.66494" lon="8.80002">
        <ele>0.0</ele>
    </trkpt>
    <trkpt lat="45.66507" lon="8.79993">
        <ele>0.0</ele>
    </trkpt>
    <trkpt lat="45.66509" lon="8.79991">
        <ele>0.0</ele>
    </trkpt>
    <trkpt lat="45.66527" lon="8.79978">
        <ele>0.0</ele>
    </trkpt>
    <trkpt lat="45.66559" lon="8.7996">
        <ele>0.0</ele>
    </trkpt>
    <trkpt lat="45.66571" lon="8.79955">
        <ele>0.0</ele>
    </trkpt>
    <trkpt lat="45.6658" lon="8.79961">
        <ele>0.0</ele>
    </trkpt>
    <trkpt lat="45.66594" lon="8.79961">
        <ele>0.0</ele>
    </trkpt>
    <trkpt lat="45.66599" lon="8.79963">
        <ele>0.0</ele>
    </trkpt>
    <trkpt lat="45.66601" lon="8.79963">
        <ele>0.0</ele>
    </trkpt>
    <trkpt lat="45.66601" lon="8.79964">
        <ele>0.0</ele>
    </trkpt>
    <trkpt lat="45.66605" lon="8.79966">
        <ele>0.0</ele>
    </trkpt>
    <trkpt lat="45.66615" lon="8.79973">
        <ele>0.0</ele>
    </trkpt>
    <trkpt lat="45.66635" lon="8.8">
        <ele>0.0</ele>
    </trkpt>
    <trkpt lat="45.66648" lon="8.80015">
        <ele>0.0</ele>
    </trkpt>
    <trkpt lat="45.66654" lon="8.80019">
        <ele>0.0</ele>
    </trkpt>
    <trkpt lat="45.66662" lon="8.80022">
        <ele>0.0</ele>
    </trkpt>
    <trkpt lat="45.66665" lon="8.80021">
        <ele>0.0</ele>
    </trkpt>
    <trkpt lat="45.66669" lon="8.80021">
        <ele>0.0</ele>
    </trkpt>
    <trkpt lat="45.66681" lon="8.80013">
        <ele>0.0</ele>
    </trkpt>
    <trkpt lat="45.66686" lon="8.80006">
        <ele>0.0</ele>
    </trkpt>
    <trkpt lat="45.66688" lon="8.80002">
        <ele>0.0</ele>
    </trkpt>
    <trkpt lat="45.66692" lon="8.79991">
        <ele>0.0</ele>
    </trkpt>
    <trkpt lat="45.66693" lon="8.79985">
        <ele>0.0</ele>
    </trkpt>
    <trkpt lat="45.66693" lon="8.79968">
        <ele>0.0</ele>
    </trkpt>
    <trkpt lat="45.66681" lon="8.7979">
        <ele>0.0</ele>
    </trkpt>
    <trkpt lat="45.66675" lon="8.79766">
        <ele>0.0</ele>
    </trkpt>
    <trkpt lat="45.66666" lon="8.79743">
        <ele>0.0</ele>
    </trkpt>
    <trkpt lat="45.66666" lon="8.79742">
        <ele>0.0</ele>
    </trkpt>
    <trkpt lat="45.66654" lon="8.79717">
        <ele>0.0</ele>
    </trkpt>
    <trkpt lat="45.66645" lon="8.79701">
        <ele>0.0</ele>
    </trkpt>
    <trkpt lat="45.66635" lon="8.7968">
        <ele>0.0</ele>
    </trkpt>
    <trkpt lat="45.66628" lon="8.79663">
        <ele>0.0</ele>
    </trkpt>
    <trkpt lat="45.66628" lon="8.79657">
        <ele>0.0</ele>
    </trkpt>
    <trkpt lat="45.66627" lon="8.79656">
        <ele>0.0</ele>
    </trkpt>
    <trkpt lat="45.66627" lon="8.7965">
        <ele>0.0</ele>
    </trkpt>
    <trkpt lat="45.66626" lon="8.79648">
        <ele>0.0</ele>
    </trkpt>
    <trkpt lat="45.66626" lon="8.79646">
        <ele>0.0</ele>
    </trkpt>
    <trkpt lat="45.66625" lon="8.79644">
        <ele>0.0</ele>
    </trkpt>
    <trkpt lat="45.66625" lon="8.79643">
        <ele>0.0</ele>
    </trkpt>
    <trkpt lat="45.66624" lon="8.79641">
        <ele>0.0</ele>
    </trkpt>
    <trkpt lat="45.66624" lon="8.79639">
        <ele>0.0</ele>
    </trkpt>
    <trkpt lat="45.66623" lon="8.79638">
        <ele>0.0</ele>
    </trkpt>
    <trkpt lat="45.66622" lon="8.79636">
        <ele>0.0</ele>
    </trkpt>
    <trkpt lat="45.66615" lon="8.79629">
        <ele>0.0</ele>
    </trkpt>
    <trkpt lat="45.66614" lon="8.79629">
        <ele>0.0</ele>
    </trkpt>
    <trkpt lat="45.66612" lon="8.79628">
        <ele>0.0</ele>
    </trkpt>
    <trkpt lat="45.66601" lon="8.79628">
        <ele>0.0</ele>
    </trkpt>
    <trkpt lat="45.666" lon="8.79629">
        <ele>0.0</ele>
    </trkpt>
    <trkpt lat="45.66598" lon="8.79629">
        <ele>0.0</ele>
    </trkpt>
    <trkpt lat="45.66596" lon="8.7963">
        <ele>0.0</ele>
    </trkpt>
    <trkpt lat="45.66596" lon="8.79631">
        <ele>0.0</ele>
    </trkpt>
    <trkpt lat="45.66595" lon="8.79633">
        <ele>0.0</ele>
    </trkpt>
    <trkpt lat="45.66594" lon="8.79634">
        <ele>0.0</ele>
    </trkpt>
    <trkpt lat="45.66594" lon="8.79636">
        <ele>0.0</ele>
    </trkpt>
    <trkpt lat="45.66593" lon="8.79637">
        <ele>0.0</ele>
    </trkpt>
    <trkpt lat="45.66593" lon="8.79643">
        <ele>0.0</ele>
    </trkpt>
    <trkpt lat="45.66592" lon="8.79645">
        <ele>0.0</ele>
    </trkpt>
    <trkpt lat="45.66592" lon="8.79647">
        <ele>0.0</ele>
    </trkpt>
    <trkpt lat="45.66593" lon="8.79648">
        <ele>0.0</ele>
    </trkpt>
    <trkpt lat="45.66593" lon="8.79659">
        <ele>0.0</ele>
    </trkpt>
    <trkpt lat="45.66594" lon="8.79661">
        <ele>0.0</ele>
    </trkpt>
    <trkpt lat="45.66594" lon="8.79665">
        <ele>0.0</ele>
    </trkpt>
    <trkpt lat="45.66595" lon="8.79666">
        <ele>0.0</ele>
    </trkpt>
    <trkpt lat="45.66589" lon="8.79677">
        <ele>0.0</ele>
    </trkpt>
    <trkpt lat="45.66578" lon="8.79691">
        <ele>0.0</ele>
    </trkpt>
    <trkpt lat="45.66574" lon="8.79697">
        <ele>0.0</ele>
    </trkpt>
    <trkpt lat="45.66515" lon="8.79635">
        <ele>0.0</ele>
    </trkpt>
    <trkpt lat="45.66502" lon="8.7962">
        <ele>0.0</ele>
    </trkpt>
    <trkpt lat="45.6645" lon="8.79565">
        <ele>0.0</ele>
    </trkpt>
    <trkpt lat="45.6643" lon="8.79539">
        <ele>0.0</ele>
    </trkpt>
    <trkpt lat="45.66432" lon="8.79539">
        <ele>0.0</ele>
    </trkpt>
    <trkpt lat="45.66432" lon="8.79538">
        <ele>0.0</ele>
    </trkpt>
    <trkpt lat="45.66433" lon="8.79538">
        <ele>0.0</ele>
    </trkpt>
    <trkpt lat="45.66433" lon="8.79537">
        <ele>0.0</ele>
    </trkpt>
    <trkpt lat="45.66434" lon="8.79537">
        <ele>0.0</ele>
    </trkpt>
    <trkpt lat="45.66434" lon="8.79534">
        <ele>0.0</ele>
    </trkpt>
    <trkpt lat="45.66435" lon="8.79534">
        <ele>0.0</ele>
    </trkpt>
    <trkpt lat="45.66435" lon="8.79529">
        <ele>0.0</ele>
    </trkpt>
    <trkpt lat="45.66433" lon="8.79525">
        <ele>0.0</ele>
    </trkpt>
    <trkpt lat="45.6643" lon="8.79522">
        <ele>0.0</ele>
    </trkpt>
    <trkpt lat="45.66426" lon="8.79522">
        <ele>0.0</ele>
    </trkpt>
    <trkpt lat="45.66425" lon="8.79523">
        <ele>0.0</ele>
    </trkpt>
    <trkpt lat="45.66424" lon="8.79523">
        <ele>0.0</ele>
    </trkpt>
    <trkpt lat="45.66424" lon="8.79524">
        <ele>0.0</ele>
    </trkpt>
    <trkpt lat="45.66423" lon="8.79525">
        <ele>0.0</ele>
    </trkpt>
    <trkpt lat="45.6641" lon="8.79493">
        <ele>0.0</ele>
    </trkpt>
    <trkpt lat="45.66396" lon="8.79442">
        <ele>0.0</ele>
    </trkpt>
    <trkpt lat="45.66394" lon="8.79438">
        <ele>0.0</ele>
    </trkpt>
    <trkpt lat="45.66385" lon="8.79427">
        <ele>0.0</ele>
    </trkpt>
    <trkpt lat="45.66386" lon="8.79426">
        <ele>0.0</ele>
    </trkpt>
    <trkpt lat="45.66386" lon="8.79425">
        <ele>0.0</ele>
    </trkpt>
    <trkpt lat="45.66387" lon="8.79425">
        <ele>0.0</ele>
    </trkpt>
    <trkpt lat="45.66387" lon="8.79423">
        <ele>0.0</ele>
    </trkpt>
    <trkpt lat="45.66388" lon="8.79423">
        <ele>0.0</ele>
    </trkpt>
    <trkpt lat="45.66388" lon="8.79419">
        <ele>0.0</ele>
    </trkpt>
    <trkpt lat="45.66389" lon="8.79419">
        <ele>0.0</ele>
    </trkpt>
    <trkpt lat="45.66389" lon="8.79416">
        <ele>0.0</ele>
    </trkpt>
    <trkpt lat="45.66388" lon="8.79416">
        <ele>0.0</ele>
    </trkpt>
    <trkpt lat="45.66388" lon="8.79412">
        <ele>0.0</ele>
    </trkpt>
    <trkpt lat="45.66387" lon="8.79412">
        <ele>0.0</ele>
    </trkpt>
    <trkpt lat="45.66387" lon="8.7941">
        <ele>0.0</ele>
    </trkpt>
    <trkpt lat="45.66386" lon="8.7941">
        <ele>0.0</ele>
    </trkpt>
    <trkpt lat="45.66386" lon="8.79409">
        <ele>0.0</ele>
    </trkpt>
    <trkpt lat="45.66385" lon="8.79409">
        <ele>0.0</ele>
    </trkpt>
    <trkpt lat="45.66385" lon="8.79408">
        <ele>0.0</ele>
    </trkpt>
    <trkpt lat="45.66384" lon="8.79408">
        <ele>0.0</ele>
    </trkpt>
    <trkpt lat="45.66384" lon="8.79407">
        <ele>0.0</ele>
    </trkpt>
    <trkpt lat="45.6638" lon="8.79407">
        <ele>0.0</ele>
    </trkpt>
    <trkpt lat="45.66377" lon="8.79392">
        <ele>0.0</ele>
    </trkpt>
    <trkpt lat="45.66376" lon="8.79389">
        <ele>0.0</ele>
    </trkpt>
    <trkpt lat="45.6637" lon="8.79377">
        <ele>0.0</ele>
    </trkpt>
    <trkpt lat="45.66347" lon="8.7935">
        <ele>0.0</ele>
    </trkpt>
    <trkpt lat="45.66283" lon="8.79299">
        <ele>0.0</ele>
    </trkpt>
    <trkpt lat="45.66276" lon="8.79258">
        <ele>0.0</ele>
    </trkpt>
    <trkpt lat="45.66273" lon="8.79246">
        <ele>0.0</ele>
    </trkpt>
    <trkpt lat="45.66273" lon="8.79237">
        <ele>0.0</ele>
    </trkpt>
    <trkpt lat="45.66275" lon="8.79235">
        <ele>0.0</ele>
    </trkpt>
    <trkpt lat="45.66275" lon="8.79233">
        <ele>0.0</ele>
    </trkpt>
    <trkpt lat="45.66276" lon="8.79232">
        <ele>0.0</ele>
    </trkpt>
    <trkpt lat="45.66276" lon="8.79231">
        <ele>0.0</ele>
    </trkpt>
    <trkpt lat="45.66277" lon="8.79229">
        <ele>0.0</ele>
    </trkpt>
    <trkpt lat="45.66277" lon="8.79228">
        <ele>0.0</ele>
    </trkpt>
    <trkpt lat="45.66278" lon="8.79227">
        <ele>0.0</ele>
    </trkpt>
    <trkpt lat="45.66278" lon="8.79225">
        <ele>0.0</ele>
    </trkpt>
    <trkpt lat="45.66279" lon="8.79224">
        <ele>0.0</ele>
    </trkpt>
    <trkpt lat="45.66279" lon="8.79219">
        <ele>0.0</ele>
    </trkpt>
    <trkpt lat="45.6628" lon="8.79217">
        <ele>0.0</ele>
    </trkpt>
    <trkpt lat="45.6628" lon="8.79208">
        <ele>0.0</ele>
    </trkpt>
    <trkpt lat="45.66279" lon="8.79206">
        <ele>0.0</ele>
    </trkpt>
    <trkpt lat="45.66279" lon="8.79203">
        <ele>0.0</ele>
    </trkpt>
    <trkpt lat="45.66278" lon="8.79202">
        <ele>0.0</ele>
    </trkpt>
    <trkpt lat="45.66278" lon="8.79201">
        <ele>0.0</ele>
    </trkpt>
    <trkpt lat="45.66277" lon="8.792">
        <ele>0.0</ele>
    </trkpt>
    <trkpt lat="45.66277" lon="8.79199">
        <ele>0.0</ele>
    </trkpt>
    <trkpt lat="45.66276" lon="8.79198">
        <ele>0.0</ele>
    </trkpt>
    <trkpt lat="45.66276" lon="8.79197">
        <ele>0.0</ele>
    </trkpt>
    <trkpt lat="45.66275" lon="8.79196">
        <ele>0.0</ele>
    </trkpt>
    <trkpt lat="45.66275" lon="8.79195">
        <ele>0.0</ele>
    </trkpt>
    <trkpt lat="45.66274" lon="8.79194">
        <ele>0.0</ele>
    </trkpt>
    <trkpt lat="45.66274" lon="8.79193">
        <ele>0.0</ele>
    </trkpt>
    <trkpt lat="45.66273" lon="8.79192">
        <ele>0.0</ele>
    </trkpt>
    <trkpt lat="45.66272" lon="8.79192">
        <ele>0.0</ele>
    </trkpt>
    <trkpt lat="45.66272" lon="8.79191">
        <ele>0.0</ele>
    </trkpt>
    <trkpt lat="45.66271" lon="8.7919">
        <ele>0.0</ele>
    </trkpt>
    <trkpt lat="45.6627" lon="8.7919">
        <ele>0.0</ele>
    </trkpt>
    <trkpt lat="45.6627" lon="8.79189">
        <ele>0.0</ele>
    </trkpt>
    <trkpt lat="45.66269" lon="8.79189">
        <ele>0.0</ele>
    </trkpt>
    <trkpt lat="45.66267" lon="8.79187">
        <ele>0.0</ele>
    </trkpt>
    <trkpt lat="45.66262" lon="8.79185">
        <ele>0.0</ele>
    </trkpt>
    <trkpt lat="45.66254" lon="8.79185">
        <ele>0.0</ele>
    </trkpt>
    <trkpt lat="45.66249" lon="8.79187">
        <ele>0.0</ele>
    </trkpt>
    <trkpt lat="45.66241" lon="8.79195">
        <ele>0.0</ele>
    </trkpt>
    <trkpt lat="45.66239" lon="8.79198">
        <ele>0.0</ele>
    </trkpt>
    <trkpt lat="45.66238" lon="8.79201">
        <ele>0.0</ele>
    </trkpt>
    <trkpt lat="45.66237" lon="8.79202">
        <ele>0.0</ele>
    </trkpt>
    <trkpt lat="45.66237" lon="8.79204">
        <ele>0.0</ele>
    </trkpt>
    <trkpt lat="45.66236" lon="8.79206">
        <ele>0.0</ele>
    </trkpt>
    <trkpt lat="45.66236" lon="8.79208">
        <ele>0.0</ele>
    </trkpt>
    <trkpt lat="45.66235" lon="8.7921">
        <ele>0.0</ele>
    </trkpt>
    <trkpt lat="45.66235" lon="8.79214">
        <ele>0.0</ele>
    </trkpt>
  </trkseg>
</trk>
</gpx>
